34.984000 0.000000 0.000000 0.000000 0.000000 0.000000 0.000000 1.000000
35.048000 0.000000 0.000000 0.000000 0.000000 0.000000 0.000000 1.000000
35.116000 0.000000 0.000000 0.000000 0.000000 0.000000 0.000000 1.000000
35.180000 0.577350 -0.577350 0.000000 0.000000 0.000000 -0.000000 1.000000
35.248000 1.154701 -1.154701 0.000000 0.000000 0.000000 -0.000000 1.000000
35.312000 1.154701 -1.154701 0.000000 0.000000 0.000000 -0.000000 1.000000
35.380000 1.154701 -1.154701 0.000000 0.000000 0.000000 -0.000000 1.000000
35.444000 1.154701 -1.154701 0.000000 0.000000 0.000000 -0.000000 1.000000
35.512000 1.154701 -1.154701 0.000000 0.000000 0.000000 -0.000000 1.000000
35.576000 1.732051 -1.732051 0.000000 0.000000 0.000000 -0.000000 1.000000
35.644000 2.309401 -2.309401 0.000000 0.000000 0.000000 0.000000 1.000000
35.708000 2.886751 -2.886751 0.000000 0.000000 0.000000 0.000000 1.000000
35.776000 2.309401 -2.309401 0.000000 0.000000 0.000000 0.000000 1.000000
35.840000 2.309401 -2.309401 0.000000 0.000000 0.000000 0.000000 1.000000
35.908000 2.309401 -2.309401 0.000000 0.000000 0.000000 0.000000 1.000000
35.972000 2.886751 -2.886751 0.000000 0.000000 0.000000 0.000000 1.000000
36.040000 2.309401 -2.309401 0.000000 0.000000 0.000000 0.000000 1.000000
36.104000 2.309401 -2.309401 0.000000 0.000000 0.000000 0.000000 1.000000
36.172000 2.309401 -2.309401 0.000000 0.000000 0.000000 0.000000 1.000000
36.236000 2.886751 -2.886751 0.000000 0.000000 0.000000 0.000000 1.000000
36.304000 2.309401 -2.309401 0.000000 0.000000 0.000000 0.000000 1.000000
36.368000 2.886751 -2.886751 0.000000 0.000000 0.000000 0.000000 1.000000
36.436000 2.886751 -2.886751 0.000000 0.000000 0.000000 0.000000 1.000000
36.500000 3.464102 -3.464102 0.000000 0.000000 0.000000 0.000000 1.000000
36.568000 2.886751 -2.886751 0.000000 0.000000 0.000000 0.000000 1.000000
36.632000 2.886751 -2.886751 0.000000 0.000000 0.000000 0.000000 1.000000
36.700000 3.464102 -3.464102 0.000000 0.000000 0.000000 0.000000 1.000000
36.764000 4.041452 -4.041452 0.000000 0.000000 0.000000 0.000000 1.000000
36.832000 3.464102 -3.464102 0.000000 0.000000 0.000000 0.000000 1.000000
36.896000 4.041452 -4.041452 0.000000 0.000000 0.000000 0.000000 1.000000
36.964000 4.041452 -4.041452 0.000000 0.000000 0.000000 0.000000 1.000000
37.028000 4.041452 -4.041452 0.000000 0.000000 0.000000 0.000000 1.000000
37.096000 3.464102 -3.464102 0.000000 0.000000 0.000000 0.000000 1.000000
37.160000 4.041452 -4.041452 0.000000 0.000000 0.000000 0.000000 1.000000
37.228000 4.618802 -4.618802 0.000000 0.000000 0.000000 0.000000 1.000000
37.292000 4.041452 -4.041452 0.000000 0.000000 0.000000 0.000000 1.000000
37.360000 4.977139 -3.700345 0.000000 0.000000 0.000000 0.000000 1.000000
37.424000 5.554490 -4.277696 0.000000 0.000000 0.000000 0.000000 1.000000
37.492000 4.977139 -3.700345 0.000000 0.000000 0.000000 0.000000 1.000000
37.556000 5.554490 -4.277696 0.000000 0.000000 0.000000 0.000000 1.000000
37.624000 4.977139 -3.700345 0.000000 0.000000 0.000000 0.000000 1.000000
37.688000 4.977139 -3.700345 0.000000 0.000000 0.000000 0.000000 1.000000
37.756000 5.554490 -4.277696 0.000000 0.000000 0.000000 0.000000 1.000000
37.820000 6.131840 -4.855046 0.000000 0.000000 0.000000 0.000000 1.000000
37.888000 5.350348 -5.377231 0.000000 0.000000 0.000000 0.000000 1.000000
37.952000 5.927698 -5.954581 0.000000 0.000000 0.000000 0.000000 1.000000
38.020000 5.927698 -5.954581 0.000000 0.000000 0.000000 0.000000 1.000000
38.084000 5.350348 -5.377231 0.000000 0.000000 0.000000 0.000000 1.000000
38.152000 4.772998 -4.799880 0.000000 0.000000 0.000000 0.000000 1.000000
38.216000 4.195648 -4.222530 0.000000 0.000000 0.000000 0.000000 1.000000
38.284000 5.077418 -4.533753 0.000000 0.000000 0.000000 0.000000 1.000000
38.348000 5.077418 -4.533753 0.000000 0.000000 0.000000 0.000000 1.000000
38.416000 5.077418 -4.533753 0.000000 0.000000 0.000000 0.000000 1.000000
38.480000 4.500067 -3.956402 0.000000 0.000000 0.000000 0.000000 1.000000
38.548000 3.922717 -3.379052 0.000000 0.000000 0.000000 0.000000 1.000000
38.612000 3.922717 -3.379052 0.000000 0.000000 0.000000 0.000000 1.000000
38.680000 3.922717 -3.379052 0.000000 0.000000 0.000000 0.000000 1.000000
38.744000 3.922717 -3.379052 0.000000 0.000000 0.000000 0.000000 1.000000
38.812000 4.500067 -3.956402 0.000000 0.000000 0.000000 0.000000 1.000000
38.876000 4.500067 -3.956402 0.000000 0.000000 0.000000 0.000000 1.000000
38.944000 5.077418 -4.533753 0.000000 0.000000 0.000000 0.000000 1.000000
39.008000 4.500067 -3.956402 0.000000 0.000000 0.000000 0.000000 1.000000
39.076000 5.077418 -4.533753 0.000000 0.000000 0.000000 0.000000 1.000000
39.140000 5.077445 -3.826472 0.000000 0.000000 0.000000 0.000000 1.000000
39.208000 5.654795 -4.403823 0.000000 0.000000 0.000000 0.000000 1.000000
39.272000 5.077445 -3.826472 0.000000 0.000000 0.000000 0.000000 1.000000
39.340000 5.077445 -3.826472 0.000000 0.000000 0.000000 0.000000 1.000000
39.404000 5.654795 -4.403823 0.000000 0.000000 0.000000 0.000000 1.000000
39.472000 5.654795 -4.403823 0.000000 0.000000 0.000000 0.000000 1.000000
39.536000 6.379357 -3.761559 0.000000 0.000000 0.000000 -0.000000 1.000000
39.604000 6.379357 -3.761559 0.000000 0.000000 0.000000 -0.000000 1.000000
39.668000 5.802007 -3.184209 0.000000 0.000000 0.000000 -0.000000 1.000000
39.736000 5.802007 -3.184209 0.000000 0.000000 0.000000 -0.000000 1.000000
39.800000 5.802007 -3.184209 0.000000 0.000000 0.000000 -0.000000 1.000000
39.868000 6.379357 -3.761559 0.000000 0.000000 0.000000 -0.000000 1.000000
39.932000 6.338959 -2.869949 0.000000 0.000000 0.000000 -0.000000 1.000000
40.000000 5.761608 -2.292599 0.000000 0.000000 0.000000 -0.000000 1.000000
40.064000 5.184258 -1.715248 0.000000 0.000000 0.000000 -0.000000 1.000000
40.132000 4.606908 -1.137898 0.000000 0.000000 0.000000 -0.000000 1.000000
40.196000 4.606908 -1.137898 0.000000 0.000000 0.000000 -0.000000 1.000000
40.264000 5.184258 -1.715248 0.000000 0.000000 0.000000 -0.000000 1.000000
40.328000 5.761608 -2.292599 0.000000 0.000000 0.000000 -0.000000 1.000000
40.396000 5.761608 -2.292599 0.000000 0.000000 0.000000 -0.000000 1.000000
40.460000 5.761608 -2.292599 0.000000 0.000000 0.000000 -0.000000 1.000000
40.528000 5.761608 -2.292599 0.000000 0.000000 0.000000 -0.000000 1.000000
40.592000 5.761608 -2.292599 0.000000 0.000000 0.000000 -0.000000 1.000000
40.660000 5.761608 -2.292599 0.000000 0.000000 0.000000 -0.000000 1.000000
40.724000 5.761608 -2.292599 0.000000 0.000000 0.000000 -0.000000 1.000000
40.792000 5.184258 -1.715248 0.000000 0.000000 0.000000 -0.000000 1.000000
40.856000 5.184258 -1.715248 0.000000 0.000000 0.000000 -0.000000 1.000000
40.924000 5.761608 -2.292599 0.000000 0.000000 0.000000 -0.000000 1.000000
40.988000 6.656006 -2.409621 0.000000 0.000000 0.000000 -0.000000 1.000000
41.056000 6.078655 -1.832271 0.000000 0.000000 0.000000 -0.000000 1.000000
41.120000 5.501305 -1.254921 0.000000 0.000000 0.000000 -0.000000 1.000000
41.188000 4.923955 -0.677570 0.000000 0.000000 0.000000 -0.000000 1.000000
41.252000 5.501305 -1.254921 0.000000 0.000000 0.000000 -0.000000 1.000000
41.320000 4.923955 -0.677570 0.000000 0.000000 0.000000 -0.000000 1.000000
41.384000 4.471142 -1.550555 0.000000 0.000000 0.000000 -0.000000 1.000000
41.452000 5.048492 -2.127905 0.000000 0.000000 0.000000 -0.000000 1.000000
41.516000 5.930487 -2.045356 0.000000 0.000000 0.000000 -0.000000 1.000000
41.584000 5.930487 -2.045356 0.000000 0.000000 0.000000 -0.000000 1.000000
41.648000 6.507837 -2.622706 0.000000 0.000000 0.000000 -0.000000 1.000000
41.716000 6.507837 -2.622706 0.000000 0.000000 0.000000 -0.000000 1.000000
41.780000 5.930487 -2.045356 0.000000 0.000000 0.000000 -0.000000 1.000000
41.848000 6.507837 -2.622706 0.000000 0.000000 0.000000 -0.000000 1.000000
41.912000 6.507837 -2.622706 0.000000 0.000000 0.000000 -0.000000 1.000000
41.980000 5.930487 -2.045356 0.000000 0.000000 0.000000 -0.000000 1.000000
42.044000 6.507837 -2.622706 0.000000 0.000000 0.000000 -0.000000 1.000000
42.112000 6.507837 -2.622706 0.000000 0.000000 0.000000 -0.000000 1.000000
42.176000 7.085187 -3.200056 0.000000 0.000000 0.000000 -0.000000 1.000000
42.244000 6.507837 -2.622706 0.000000 0.000000 0.000000 -0.000000 1.000000
42.308000 7.085187 -3.200056 0.000000 0.000000 0.000000 -0.000000 1.000000
42.376000 7.658380 -2.989344 0.000000 0.000000 0.000000 -0.000000 1.000000
42.440000 8.235730 -3.566695 0.000000 0.000000 0.000000 -0.000000 1.000000
42.508000 8.813080 -4.144045 0.000000 0.000000 0.000000 -0.000000 1.000000
42.572000 8.813080 -4.144045 0.000000 0.000000 0.000000 -0.000000 1.000000
42.640000 8.813080 -4.144045 0.000000 0.000000 0.000000 -0.000000 1.000000
42.704000 8.235730 -3.566695 0.000000 0.000000 0.000000 -0.000000 1.000000
42.772000 8.813080 -4.144045 0.000000 0.000000 0.000000 -0.000000 1.000000
42.836000 8.410960 -4.168531 0.000000 0.000000 0.000000 -0.000000 1.000000
42.904000 9.119223 -4.352224 0.000000 0.000000 0.000000 -0.000000 1.000000
42.968000 9.119223 -4.352224 0.000000 0.000000 0.000000 -0.000000 1.000000
43.036000 9.336407 -5.290910 0.000000 0.000000 0.000000 -0.000000 1.000000
43.100000 8.759057 -4.713560 0.000000 0.000000 0.000000 -0.000000 1.000000
43.168000 9.336407 -5.290910 0.000000 0.000000 0.000000 -0.000000 1.000000
43.232000 10.187560 -4.891606 0.000000 0.000000 0.000000 -0.000000 1.000000
43.300000 10.967069 -4.327166 0.000000 0.000000 0.000000 -0.000000 1.000000
43.364000 10.967069 -4.327166 0.000000 0.000000 0.000000 -0.000000 1.000000
43.432000 10.967069 -4.327166 0.000000 0.000000 0.000000 -0.000000 1.000000
43.496000 10.967069 -4.327166 0.000000 0.000000 0.000000 -0.000000 1.000000
43.564000 10.967069 -4.327166 0.000000 0.000000 0.000000 -0.000000 1.000000
43.628000 11.865670 -4.038386 0.000000 0.000000 0.000000 -0.000000 1.000000
43.696000 11.865670 -4.038386 0.000000 0.000000 0.000000 -0.000000 1.000000
43.760000 11.865670 -4.038386 0.000000 0.000000 0.000000 -0.000000 1.000000
43.828000 12.443020 -4.615736 0.000000 0.000000 0.000000 -0.000000 1.000000
43.892000 13.020370 -5.193087 0.000000 0.000000 0.000000 -0.000000 1.000000
43.960000 13.597721 -5.770437 0.000000 0.000000 0.000000 -0.000000 1.000000
44.024000 14.175071 -6.347787 0.000000 0.000000 0.000000 -0.000000 1.000000
44.092000 13.597721 -5.770437 0.000000 0.000000 0.000000 -0.000000 1.000000
44.156000 13.597721 -5.770437 0.000000 0.000000 0.000000 -0.000000 1.000000
44.224000 13.597721 -5.770437 0.000000 0.000000 0.000000 -0.000000 1.000000
44.288000 13.020370 -5.193087 0.000000 0.000000 0.000000 -0.000000 1.000000
44.356000 13.020370 -5.193087 0.000000 0.000000 0.000000 -0.000000 1.000000
44.420000 13.597721 -5.770437 0.000000 0.000000 0.000000 -0.000000 1.000000
44.488000 13.597721 -5.770437 0.000000 0.000000 0.000000 -0.000000 1.000000
44.552000 14.175071 -6.347787 0.000000 0.000000 0.000000 -0.000000 1.000000
44.620000 14.175071 -6.347787 0.000000 0.000000 0.000000 -0.000000 1.000000
44.684000 14.175071 -6.347787 0.000000 0.000000 0.000000 -0.000000 1.000000
44.752000 14.175071 -6.347787 0.000000 0.000000 0.000000 -0.000000 1.000000
44.816000 14.175071 -6.347787 0.000000 0.000000 0.000000 -0.000000 1.000000
44.884000 14.175071 -6.347787 0.000000 0.000000 0.000000 -0.000000 1.000000
44.948000 14.175071 -6.347787 0.000000 0.000000 0.000000 -0.000000 1.000000
45.016000 14.175071 -6.347787 0.000000 0.000000 0.000000 -0.000000 1.000000
45.080000 14.752421 -6.925138 0.000000 0.000000 0.000000 -0.000000 1.000000
45.148000 14.752421 -6.925138 0.000000 0.000000 0.000000 -0.000000 1.000000
45.212000 14.175071 -6.347787 0.000000 0.000000 0.000000 -0.000000 1.000000
45.280000 14.752421 -6.925138 0.000000 0.000000 0.000000 -0.000000 1.000000
45.344000 14.752421 -6.925138 0.000000 0.000000 0.000000 -0.000000 1.000000
45.412000 14.752421 -6.925138 0.000000 0.000000 0.000000 -0.000000 1.000000
45.476000 14.752421 -6.925138 0.000000 0.000000 0.000000 -0.000000 1.000000
45.544000 15.329772 -7.502488 0.000000 0.000000 0.000000 -0.000000 1.000000
45.608000 15.329772 -7.502488 0.000000 0.000000 0.000000 -0.000000 1.000000
45.676000 15.907122 -8.079838 0.000000 0.000000 0.000000 -0.000000 1.000000
45.740000 16.484472 -8.657188 0.000000 0.000000 0.000000 -0.000000 1.000000
45.808000 15.907122 -8.079838 0.000000 0.000000 0.000000 -0.000000 1.000000
45.872000 15.907122 -8.079838 0.000000 0.000000 0.000000 -0.000000 1.000000
45.940000 15.907122 -8.079838 0.000000 0.000000 0.000000 -0.000000 1.000000
46.004000 16.484472 -8.657188 0.000000 0.000000 0.000000 -0.000000 1.000000
46.072000 16.484472 -8.657188 0.000000 0.000000 0.000000 -0.000000 1.000000
46.136000 16.484472 -8.657188 0.000000 0.000000 0.000000 -0.000000 1.000000
46.204000 16.484472 -8.657188 0.000000 0.000000 0.000000 -0.000000 1.000000
46.268000 17.061822 -9.234539 0.000000 0.000000 0.000000 -0.000000 1.000000
46.336000 16.484472 -8.657188 0.000000 0.000000 0.000000 -0.000000 1.000000
46.400000 16.484472 -8.657188 0.000000 0.000000 0.000000 -0.000000 1.000000
46.468000 16.484472 -8.657188 0.000000 0.000000 0.000000 -0.000000 1.000000
46.532000 16.484472 -8.657188 0.000000 0.000000 0.000000 -0.000000 1.000000
46.600000 16.484472 -8.657188 0.000000 0.000000 0.000000 -0.000000 1.000000
46.664000 15.907122 -8.079838 0.000000 0.000000 0.000000 -0.000000 1.000000
46.732000 15.907122 -8.079838 0.000000 0.000000 0.000000 -0.000000 1.000000
46.796000 16.484472 -8.657188 0.000000 0.000000 0.000000 -0.000000 1.000000
46.864000 17.061822 -9.234539 0.000000 0.000000 0.000000 -0.000000 1.000000
46.928000 16.484472 -8.657188 0.000000 0.000000 0.000000 -0.000000 1.000000
46.996000 17.061822 -9.234539 0.000000 0.000000 0.000000 -0.000000 1.000000
47.060000 17.639173 -9.811889 0.000000 0.000000 0.000000 -0.000000 1.000000
47.128000 17.639173 -9.811889 0.000000 0.000000 0.000000 -0.000000 1.000000
47.192000 17.061822 -9.234539 0.000000 0.000000 0.000000 -0.000000 1.000000
47.260000 17.639173 -9.811889 0.000000 0.000000 0.000000 -0.000000 1.000000
47.324000 18.216523 -10.389239 0.000000 0.000000 0.000000 -0.000000 1.000000
47.392000 18.216523 -10.389239 0.000000 0.000000 0.000000 -0.000000 1.000000
47.456000 18.216523 -10.389239 0.000000 0.000000 0.000000 -0.000000 1.000000
47.524000 18.216523 -10.389239 0.000000 0.000000 0.000000 -0.000000 1.000000
47.588000 17.639173 -9.811889 0.000000 0.000000 0.000000 -0.000000 1.000000
47.656000 17.639173 -9.811889 0.000000 0.000000 0.000000 -0.000000 1.000000
47.720000 17.639173 -9.811889 0.000000 0.000000 0.000000 -0.000000 1.000000
47.788000 17.639173 -9.811889 0.000000 0.000000 0.000000 -0.000000 1.000000
47.852000 17.639173 -9.811889 0.000000 0.000000 0.000000 -0.000000 1.000000
47.920000 18.216523 -10.389239 0.000000 0.000000 0.000000 -0.000000 1.000000
47.984000 18.216523 -10.389239 0.000000 0.000000 0.000000 -0.000000 1.000000
48.052000 18.793873 -10.966589 0.000000 0.000000 0.000000 -0.000000 1.000000
48.116000 18.793873 -10.966589 0.000000 0.000000 0.000000 -0.000000 1.000000
48.184000 19.371223 -11.543940 0.000000 0.000000 0.000000 -0.000000 1.000000
48.248000 19.371223 -11.543940 0.000000 0.000000 0.000000 -0.000000 1.000000
48.316000 19.371223 -11.543940 0.000000 0.000000 0.000000 -0.000000 1.000000
48.380000 18.793873 -10.966589 0.000000 0.000000 0.000000 -0.000000 1.000000
48.448000 18.216523 -10.389239 0.000000 0.000000 0.000000 -0.000000 1.000000
48.512000 18.793873 -10.966589 0.000000 0.000000 0.000000 -0.000000 1.000000
48.580000 19.371223 -11.543940 0.000000 0.000000 0.000000 -0.000000 1.000000
48.644000 19.948574 -12.121290 0.000000 0.000000 0.000000 -0.000000 1.000000
48.712000 20.525924 -12.698640 0.000000 0.000000 0.000000 -0.000000 1.000000
48.776000 20.525924 -12.698640 0.000000 0.000000 0.000000 -0.000000 1.000000
48.844000 19.948574 -12.121290 0.000000 0.000000 0.000000 -0.000000 1.000000
48.908000 19.371223 -11.543940 0.000000 0.000000 0.000000 -0.000000 1.000000
48.976000 19.371223 -11.543940 0.000000 0.000000 0.000000 -0.000000 1.000000
49.040000 19.371223 -11.543940 0.000000 0.000000 0.000000 -0.000000 1.000000
49.108000 19.371223 -11.543940 0.000000 0.000000 0.000000 -0.000000 1.000000
49.172000 18.793873 -10.966589 0.000000 0.000000 0.000000 -0.000000 1.000000
49.240000 18.793873 -10.966589 0.000000 0.000000 0.000000 -0.000000 1.000000
49.304000 18.793873 -10.966589 0.000000 0.000000 0.000000 -0.000000 1.000000
49.372000 19.371223 -11.543940 0.000000 0.000000 0.000000 -0.000000 1.000000
49.436000 19.371223 -11.543940 0.000000 0.000000 0.000000 -0.000000 1.000000
49.504000 19.371223 -11.543940 0.000000 0.000000 0.000000 -0.000000 1.000000
49.568000 19.948574 -12.121290 0.000000 0.000000 0.000000 -0.000000 1.000000
49.636000 19.371223 -11.543940 0.000000 0.000000 0.000000 -0.000000 1.000000
49.700000 19.371223 -11.543940 0.000000 0.000000 0.000000 -0.000000 1.000000
49.768000 18.793873 -10.966589 0.000000 0.000000 0.000000 -0.000000 1.000000
49.832000 19.371223 -11.543940 0.000000 0.000000 0.000000 -0.000000 1.000000
49.900000 19.371223 -11.543940 0.000000 0.000000 0.000000 -0.000000 1.000000
49.964000 19.371223 -11.543940 0.000000 0.000000 0.000000 -0.000000 1.000000
50.032000 19.371223 -11.543940 0.000000 0.000000 0.000000 -0.000000 1.000000
50.096000 19.948574 -12.121290 0.000000 0.000000 0.000000 -0.000000 1.000000
50.164000 19.948574 -12.121290 0.000000 0.000000 0.000000 -0.000000 1.000000
50.228000 19.948574 -12.121290 0.000000 0.000000 0.000000 -0.000000 1.000000
50.296000 20.525924 -12.698640 0.000000 0.000000 0.000000 -0.000000 1.000000
50.360000 19.948574 -12.121290 0.000000 0.000000 0.000000 -0.000000 1.000000
50.428000 19.948574 -12.121290 0.000000 0.000000 0.000000 -0.000000 1.000000
50.492000 20.525924 -12.698640 0.000000 0.000000 0.000000 -0.000000 1.000000
50.560000 21.103274 -13.275990 0.000000 0.000000 0.000000 -0.000000 1.000000
50.624000 21.680625 -13.853341 0.000000 0.000000 0.000000 -0.000000 1.000000
50.692000 21.680625 -13.853341 0.000000 0.000000 0.000000 -0.000000 1.000000
50.756000 21.680625 -13.853341 0.000000 0.000000 0.000000 -0.000000 1.000000
50.824000 21.680625 -13.853341 0.000000 0.000000 0.000000 -0.000000 1.000000
50.888000 22.591673 -14.069081 0.000000 0.000000 0.000000 -0.000000 1.000000
50.956000 22.591673 -14.069081 0.000000 0.000000 0.000000 -0.000000 1.000000
51.020000 22.591673 -14.069081 0.000000 0.000000 0.000000 -0.000000 1.000000
51.088000 23.169023 -14.646432 0.000000 0.000000 0.000000 -0.000000 1.000000
51.152000 23.169023 -14.646432 0.000000 0.000000 0.000000 -0.000000 1.000000
51.220000 23.169023 -14.646432 0.000000 0.000000 0.000000 -0.000000 1.000000
51.284000 23.746374 -15.223782 0.000000 0.000000 0.000000 -0.000000 1.000000
51.352000 23.169023 -14.646432 0.000000 0.000000 0.000000 -0.000000 1.000000
51.416000 23.919568 -13.985874 0.000000 0.000000 0.000000 -0.000000 1.000000
51.484000 23.919568 -13.985874 0.000000 0.000000 0.000000 -0.000000 1.000000
51.548000 23.919568 -13.985874 0.000000 0.000000 0.000000 -0.000000 1.000000
51.616000 23.919568 -13.985874 0.000000 0.000000 0.000000 -0.000000 1.000000
51.680000 23.919568 -13.985874 0.000000 0.000000 0.000000 -0.000000 1.000000
51.748000 23.919568 -13.985874 0.000000 0.000000 0.000000 -0.000000 1.000000
51.812000 24.460316 -13.402766 0.000000 0.000000 0.000000 0.000000 1.000000
51.880000 23.882966 -12.825415 0.000000 0.000000 0.000000 0.000000 1.000000
51.944000 23.305616 -12.248065 0.000000 0.000000 0.000000 0.000000 1.000000
52.012000 23.770646 -13.121708 0.000000 0.000000 0.000000 0.000000 1.000000
52.076000 24.506722 -12.478751 0.000000 0.000000 0.000000 0.000000 1.000000
52.144000 24.506722 -12.478751 0.000000 0.000000 0.000000 0.000000 1.000000
52.208000 23.929371 -11.901401 0.000000 0.000000 0.000000 0.000000 1.000000
52.276000 23.929371 -11.901401 0.000000 0.000000 0.000000 0.000000 1.000000
52.340000 24.506722 -12.478751 0.000000 0.000000 0.000000 0.000000 1.000000
52.408000 24.855587 -13.415884 0.000000 0.000000 0.000000 0.000000 1.000000
52.472000 24.855587 -13.415884 0.000000 0.000000 0.000000 0.000000 1.000000
52.540000 24.278237 -12.838534 0.000000 0.000000 0.000000 0.000000 1.000000
52.604000 23.700886 -12.261184 0.000000 0.000000 0.000000 0.000000 1.000000
52.672000 23.123536 -11.683833 0.000000 0.000000 0.000000 0.000000 1.000000
52.736000 23.700886 -12.261184 0.000000 0.000000 0.000000 0.000000 1.000000
52.804000 24.278237 -12.838534 0.000000 0.000000 0.000000 0.000000 1.000000
52.868000 24.278237 -12.838534 0.000000 0.000000 0.000000 0.000000 1.000000
52.936000 24.278237 -12.838534 0.000000 0.000000 0.000000 0.000000 1.000000
53.000000 24.278237 -12.838534 0.000000 0.000000 0.000000 0.000000 1.000000
53.068000 24.855587 -13.415884 0.000000 0.000000 0.000000 0.000000 1.000000
53.132000 24.855587 -13.415884 0.000000 0.000000 0.000000 0.000000 1.000000
53.200000 24.855587 -13.415884 0.000000 0.000000 0.000000 0.000000 1.000000
53.264000 25.432937 -13.993235 0.000000 0.000000 0.000000 0.000000 1.000000
53.332000 24.855587 -13.415884 0.000000 0.000000 0.000000 0.000000 1.000000
53.396000 24.855587 -13.415884 0.000000 0.000000 0.000000 0.000000 1.000000
53.464000 24.278237 -12.838534 0.000000 0.000000 0.000000 0.000000 1.000000
53.528000 24.278237 -12.838534 0.000000 0.000000 0.000000 0.000000 1.000000
53.596000 24.855587 -13.415884 0.000000 0.000000 0.000000 0.000000 1.000000
53.660000 24.278237 -12.838534 0.000000 0.000000 0.000000 0.000000 1.000000
53.728000 24.278237 -12.838534 0.000000 0.000000 0.000000 0.000000 1.000000
53.792000 23.700886 -12.261184 0.000000 0.000000 0.000000 0.000000 1.000000
53.860000 23.700886 -12.261184 0.000000 0.000000 0.000000 0.000000 1.000000
53.924000 24.278237 -12.838534 0.000000 0.000000 0.000000 0.000000 1.000000
53.992000 23.700886 -12.261184 0.000000 0.000000 0.000000 0.000000 1.000000
54.056000 23.123536 -11.683833 0.000000 0.000000 0.000000 0.000000 1.000000
54.124000 23.123536 -11.683833 0.000000 0.000000 0.000000 0.000000 1.000000
54.188000 23.123536 -11.683833 0.000000 0.000000 0.000000 0.000000 1.000000
54.256000 23.123536 -11.683833 0.000000 0.000000 0.000000 0.000000 1.000000
54.320000 22.546186 -11.106483 0.000000 0.000000 0.000000 0.000000 1.000000
54.388000 21.968835 -10.529133 0.000000 0.000000 0.000000 0.000000 1.000000
54.452000 22.546186 -11.106483 0.000000 0.000000 0.000000 0.000000 1.000000
54.520000 22.553534 -11.821705 0.000000 0.000000 0.000000 0.000000 1.000000
54.584000 23.130884 -12.399056 0.000000 0.000000 0.000000 0.000000 1.000000
54.652000 23.130884 -12.399056 0.000000 0.000000 0.000000 0.000000 1.000000
54.716000 22.553534 -11.821705 0.000000 0.000000 0.000000 0.000000 1.000000
54.784000 22.553534 -11.821705 0.000000 0.000000 0.000000 0.000000 1.000000
54.848000 22.553534 -11.821705 0.000000 0.000000 0.000000 0.000000 1.000000
54.916000 21.976184 -11.244355 0.000000 0.000000 0.000000 0.000000 1.000000
54.980000 21.976184 -11.244355 0.000000 0.000000 0.000000 0.000000 1.000000
55.048000 22.553534 -11.821705 0.000000 0.000000 0.000000 0.000000 1.000000
55.112000 23.130884 -12.399056 0.000000 0.000000 0.000000 0.000000 1.000000
55.180000 23.130884 -12.399056 0.000000 0.000000 0.000000 0.000000 1.000000
55.244000 23.130884 -12.399056 0.000000 0.000000 0.000000 0.000000 1.000000
55.312000 23.130884 -12.399056 0.000000 0.000000 0.000000 0.000000 1.000000
55.376000 23.130884 -12.399056 0.000000 0.000000 0.000000 0.000000 1.000000
55.444000 23.708235 -12.976406 0.000000 0.000000 0.000000 0.000000 1.000000
55.508000 22.892657 -13.385774 0.000000 0.000000 0.000000 0.000000 1.000000
55.576000 22.315306 -12.808424 0.000000 0.000000 0.000000 0.000000 1.000000
55.640000 21.737956 -12.231073 0.000000 0.000000 0.000000 0.000000 1.000000
55.708000 21.160606 -11.653723 0.000000 0.000000 0.000000 0.000000 1.000000
55.772000 21.737956 -12.231073 0.000000 0.000000 0.000000 0.000000 1.000000
55.840000 21.737956 -12.231073 0.000000 0.000000 0.000000 0.000000 1.000000
55.904000 21.737956 -12.231073 0.000000 0.000000 0.000000 0.000000 1.000000
55.972000 22.315306 -12.808424 0.000000 0.000000 0.000000 0.000000 1.000000
56.036000 22.315306 -12.808424 0.000000 0.000000 0.000000 0.000000 1.000000
56.104000 22.315306 -12.808424 0.000000 0.000000 0.000000 0.000000 1.000000
56.168000 22.346218 -13.521957 0.000000 0.000000 0.000000 0.000000 1.000000
56.236000 22.346218 -13.521957 0.000000 0.000000 0.000000 0.000000 1.000000
56.300000 21.768868 -12.944607 0.000000 0.000000 0.000000 0.000000 1.000000
56.368000 21.191518 -12.367256 0.000000 0.000000 0.000000 0.000000 1.000000
56.432000 21.768868 -12.944607 0.000000 0.000000 0.000000 0.000000 1.000000
56.500000 21.768868 -12.944607 0.000000 0.000000 0.000000 0.000000 1.000000
56.564000 22.346218 -13.521957 0.000000 0.000000 0.000000 0.000000 1.000000
56.632000 22.923568 -14.099307 0.000000 0.000000 0.000000 0.000000 1.000000
56.696000 22.923568 -14.099307 0.000000 0.000000 0.000000 0.000000 1.000000
56.764000 22.923568 -14.099307 0.000000 0.000000 0.000000 0.000000 1.000000
56.828000 23.500919 -14.676657 0.000000 0.000000 0.000000 0.000000 1.000000
56.896000 23.500919 -14.676657 0.000000 0.000000 0.000000 0.000000 1.000000
56.960000 24.078269 -15.254008 0.000000 0.000000 0.000000 0.000000 1.000000
57.028000 24.655619 -15.831358 0.000000 0.000000 0.000000 0.000000 1.000000
57.092000 24.655619 -15.831358 0.000000 0.000000 0.000000 0.000000 1.000000
57.160000 25.232970 -16.408708 0.000000 0.000000 0.000000 0.000000 1.000000
57.224000 25.810320 -16.986058 0.000000 0.000000 0.000000 0.000000 1.000000
57.292000 25.810320 -16.986058 0.000000 0.000000 0.000000 0.000000 1.000000
57.356000 25.232970 -16.408708 0.000000 0.000000 0.000000 0.000000 1.000000
57.424000 26.166536 -16.168882 0.000000 0.000000 0.000000 0.000000 1.000000
57.488000 25.589186 -15.591532 0.000000 0.000000 0.000000 0.000000 1.000000
57.556000 25.011835 -15.014181 0.000000 0.000000 0.000000 0.000000 1.000000
57.620000 25.589186 -15.591532 0.000000 0.000000 0.000000 0.000000 1.000000
57.688000 25.589186 -15.591532 0.000000 0.000000 0.000000 0.000000 1.000000
57.752000 26.166536 -16.168882 0.000000 0.000000 0.000000 0.000000 1.000000
57.820000 26.743886 -16.746232 0.000000 0.000000 0.000000 0.000000 1.000000
57.884000 26.743886 -16.746232 0.000000 0.000000 0.000000 0.000000 1.000000
57.952000 27.321236 -17.323582 0.000000 0.000000 0.000000 0.000000 1.000000
58.016000 27.321236 -17.323582 0.000000 0.000000 0.000000 0.000000 1.000000
58.084000 27.321236 -17.323582 0.000000 0.000000 0.000000 0.000000 1.000000
58.148000 26.743886 -16.746232 0.000000 0.000000 0.000000 0.000000 1.000000
58.216000 26.743734 -16.039595 0.000000 0.000000 0.000000 0.000000 1.000000
58.280000 26.743734 -16.039595 0.000000 0.000000 0.000000 0.000000 1.000000
58.348000 27.321084 -16.616945 0.000000 0.000000 0.000000 0.000000 1.000000
58.412000 27.321084 -16.616945 0.000000 0.000000 0.000000 0.000000 1.000000
58.480000 27.321084 -16.616945 0.000000 0.000000 0.000000 0.000000 1.000000
58.544000 26.743734 -16.039595 0.000000 0.000000 0.000000 0.000000 1.000000
58.612000 26.166383 -15.462245 0.000000 0.000000 0.000000 0.000000 1.000000
58.676000 26.166383 -15.462245 0.000000 0.000000 0.000000 0.000000 1.000000
58.744000 26.743734 -16.039595 0.000000 0.000000 0.000000 0.000000 1.000000
58.808000 27.321084 -16.616945 0.000000 0.000000 0.000000 0.000000 1.000000
58.876000 27.898434 -17.194296 0.000000 0.000000 0.000000 0.000000 1.000000
58.940000 28.475784 -17.771646 0.000000 0.000000 0.000000 0.000000 1.000000
59.008000 28.475784 -17.771646 0.000000 0.000000 0.000000 0.000000 1.000000
59.072000 28.475784 -17.771646 0.000000 0.000000 0.000000 0.000000 1.000000
59.140000 28.475784 -17.771646 0.000000 0.000000 0.000000 0.000000 1.000000
59.204000 27.898434 -17.194296 0.000000 0.000000 0.000000 0.000000 1.000000
59.272000 27.898434 -17.194296 0.000000 0.000000 0.000000 0.000000 1.000000
59.336000 27.898434 -17.194296 0.000000 0.000000 0.000000 0.000000 1.000000
59.404000 27.321084 -16.616945 0.000000 0.000000 0.000000 0.000000 1.000000
59.468000 26.743734 -16.039595 0.000000 0.000000 0.000000 0.000000 1.000000
59.536000 26.166383 -15.462245 0.000000 0.000000 0.000000 0.000000 1.000000
59.600000 25.589033 -14.884895 0.000000 0.000000 0.000000 0.000000 1.000000
59.668000 26.166383 -15.462245 0.000000 0.000000 0.000000 0.000000 1.000000
59.732000 26.166383 -15.462245 0.000000 0.000000 0.000000 0.000000 1.000000
59.800000 25.589033 -14.884895 0.000000 0.000000 0.000000 0.000000 1.000000
59.864000 25.589033 -14.884895 0.000000 0.000000 0.000000 0.000000 1.000000
59.932000 25.011683 -14.307544 0.000000 0.000000 0.000000 0.000000 1.000000
59.996000 24.434333 -13.730194 0.000000 0.000000 0.000000 0.000000 1.000000
60.064000 24.434333 -13.730194 0.000000 0.000000 0.000000 0.000000 1.000000
60.128000 23.856982 -13.152844 0.000000 0.000000 0.000000 0.000000 1.000000
60.196000 23.856982 -13.152844 0.000000 0.000000 0.000000 0.000000 1.000000
60.260000 23.856982 -13.152844 0.000000 0.000000 0.000000 0.000000 1.000000
60.328000 24.434333 -13.730194 0.000000 0.000000 0.000000 0.000000 1.000000
60.392000 23.856982 -13.152844 0.000000 0.000000 0.000000 0.000000 1.000000
60.460000 24.434333 -13.730194 0.000000 0.000000 0.000000 0.000000 1.000000
60.524000 25.011683 -14.307544 0.000000 0.000000 0.000000 0.000000 1.000000
60.592000 25.011683 -14.307544 0.000000 0.000000 0.000000 0.000000 1.000000
60.656000 25.589033 -14.884895 0.000000 0.000000 0.000000 0.000000 1.000000
60.724000 26.166383 -15.462245 0.000000 0.000000 0.000000 0.000000 1.000000
60.788000 27.079447 -15.719864 0.000000 0.000000 0.000000 0.000000 1.000000
60.856000 27.079447 -15.719864 0.000000 0.000000 0.000000 0.000000 1.000000
60.920000 27.079447 -15.719864 0.000000 0.000000 0.000000 0.000000 1.000000
60.988000 27.079447 -15.719864 0.000000 0.000000 0.000000 0.000000 1.000000
61.052000 27.079447 -15.719864 0.000000 0.000000 0.000000 0.000000 1.000000
61.120000 27.079447 -15.719864 0.000000 0.000000 0.000000 0.000000 1.000000
61.184000 27.656797 -16.297214 0.000000 0.000000 0.000000 0.000000 1.000000
61.252000 27.656797 -16.297214 0.000000 0.000000 0.000000 0.000000 1.000000
61.316000 27.656797 -16.297214 0.000000 0.000000 0.000000 0.000000 1.000000
61.384000 27.656797 -16.297214 0.000000 0.000000 0.000000 0.000000 1.000000
61.448000 27.656797 -16.297214 0.000000 0.000000 0.000000 0.000000 1.000000
61.516000 27.656797 -16.297214 0.000000 0.000000 0.000000 0.000000 1.000000
61.580000 27.079447 -15.719864 0.000000 0.000000 0.000000 0.000000 1.000000
61.648000 27.079447 -15.719864 0.000000 0.000000 0.000000 0.000000 1.000000
61.712000 27.656797 -16.297214 0.000000 0.000000 0.000000 0.000000 1.000000
61.780000 28.234148 -16.874564 0.000000 0.000000 0.000000 0.000000 1.000000
61.844000 27.656797 -16.297214 0.000000 0.000000 0.000000 0.000000 1.000000
61.912000 27.656797 -16.297214 0.000000 0.000000 0.000000 0.000000 1.000000
61.976000 27.079447 -15.719864 0.000000 0.000000 0.000000 0.000000 1.000000
62.044000 26.502097 -15.142514 0.000000 0.000000 0.000000 0.000000 1.000000
62.108000 26.502097 -15.142514 0.000000 0.000000 0.000000 0.000000 1.000000
62.176000 27.079447 -15.719864 0.000000 0.000000 0.000000 0.000000 1.000000
62.240000 27.079447 -15.719864 0.000000 0.000000 0.000000 0.000000 1.000000
62.308000 27.079447 -15.719864 0.000000 0.000000 0.000000 0.000000 1.000000
62.372000 26.502097 -15.142514 0.000000 0.000000 0.000000 0.000000 1.000000
62.440000 26.502097 -15.142514 0.000000 0.000000 0.000000 0.000000 1.000000
62.504000 26.502097 -15.142514 0.000000 0.000000 0.000000 0.000000 1.000000
62.572000 26.502097 -15.142514 0.000000 0.000000 0.000000 0.000000 1.000000
62.636000 26.502097 -15.142514 0.000000 0.000000 0.000000 0.000000 1.000000
62.704000 27.079447 -15.719864 0.000000 0.000000 0.000000 0.000000 1.000000
62.768000 27.079447 -15.719864 0.000000 0.000000 0.000000 0.000000 1.000000
62.836000 26.502097 -15.142514 0.000000 0.000000 0.000000 0.000000 1.000000
62.900000 26.502097 -15.142514 0.000000 0.000000 0.000000 0.000000 1.000000
62.968000 26.502097 -15.142514 0.000000 0.000000 0.000000 0.000000 1.000000
63.032000 27.079447 -15.719864 0.000000 0.000000 0.000000 0.000000 1.000000
63.100000 26.502097 -15.142514 0.000000 0.000000 0.000000 0.000000 1.000000
63.164000 25.924747 -14.565163 0.000000 0.000000 0.000000 0.000000 1.000000
63.232000 25.347396 -13.987813 0.000000 0.000000 0.000000 0.000000 1.000000
63.296000 24.770046 -13.410463 0.000000 0.000000 0.000000 0.000000 1.000000
63.364000 24.192696 -12.833113 0.000000 0.000000 0.000000 0.000000 1.000000
63.428000 24.770046 -13.410463 0.000000 0.000000 0.000000 0.000000 1.000000
63.496000 25.347396 -13.987813 0.000000 0.000000 0.000000 0.000000 1.000000
63.560000 25.347396 -13.987813 0.000000 0.000000 0.000000 0.000000 1.000000
63.628000 25.347396 -13.987813 0.000000 0.000000 0.000000 0.000000 1.000000
63.692000 25.347396 -13.987813 0.000000 0.000000 0.000000 0.000000 1.000000
63.760000 24.770046 -13.410463 0.000000 0.000000 0.000000 0.000000 1.000000
63.824000 24.770046 -13.410463 0.000000 0.000000 0.000000 0.000000 1.000000
63.892000 25.347396 -13.987813 0.000000 0.000000 0.000000 0.000000 1.000000
63.956000 24.770046 -13.410463 0.000000 0.000000 0.000000 0.000000 1.000000
64.024000 24.770046 -13.410463 0.000000 0.000000 0.000000 0.000000 1.000000
64.088000 24.770046 -13.410463 0.000000 0.000000 0.000000 0.000000 1.000000
64.156000 24.770046 -13.410463 0.000000 0.000000 0.000000 0.000000 1.000000
64.220000 24.192696 -12.833113 0.000000 0.000000 0.000000 0.000000 1.000000
64.288000 23.615346 -12.255762 0.000000 0.000000 0.000000 0.000000 1.000000
64.352000 23.615346 -12.255762 0.000000 0.000000 0.000000 0.000000 1.000000
64.420000 24.192696 -12.833113 0.000000 0.000000 0.000000 0.000000 1.000000
64.484000 24.770046 -13.410463 0.000000 0.000000 0.000000 0.000000 1.000000
64.552000 24.770046 -13.410463 0.000000 0.000000 0.000000 0.000000 1.000000
64.616000 24.192696 -12.833113 0.000000 0.000000 0.000000 0.000000 1.000000
64.684000 24.192696 -12.833113 0.000000 0.000000 0.000000 0.000000 1.000000
64.748000 24.770046 -13.410463 0.000000 0.000000 0.000000 0.000000 1.000000
64.816000 25.347396 -13.987813 0.000000 0.000000 0.000000 0.000000 1.000000
64.880000 25.347396 -13.987813 0.000000 0.000000 0.000000 0.000000 1.000000
64.948000 24.770046 -13.410463 0.000000 0.000000 0.000000 0.000000 1.000000
65.012000 23.917575 -13.593028 0.000000 0.000000 0.000000 0.000000 1.000000
65.080000 24.494925 -14.170378 0.000000 0.000000 0.000000 0.000000 1.000000
65.144000 25.072276 -14.747728 0.000000 0.000000 0.000000 0.000000 1.000000
65.212000 25.072276 -14.747728 0.000000 0.000000 0.000000 0.000000 1.000000
65.276000 25.072276 -14.747728 0.000000 0.000000 0.000000 0.000000 1.000000
65.344000 25.072276 -14.747728 0.000000 0.000000 0.000000 0.000000 1.000000
65.408000 25.649626 -15.325079 0.000000 0.000000 0.000000 0.000000 1.000000
65.476000 25.649626 -15.325079 0.000000 0.000000 0.000000 0.000000 1.000000
65.540000 25.072276 -14.747728 0.000000 0.000000 0.000000 0.000000 1.000000
65.608000 25.649626 -15.325079 0.000000 0.000000 0.000000 0.000000 1.000000
65.672000 26.226976 -15.902429 0.000000 0.000000 0.000000 0.000000 1.000000
65.740000 26.804327 -16.479779 0.000000 0.000000 0.000000 0.000000 1.000000
65.804000 26.330360 -15.740811 0.000000 0.000000 0.000000 0.000000 1.000000
65.872000 26.330360 -15.740811 0.000000 0.000000 0.000000 0.000000 1.000000
65.936000 26.330360 -15.740811 0.000000 0.000000 0.000000 0.000000 1.000000
66.004000 26.330360 -15.740811 0.000000 0.000000 0.000000 0.000000 1.000000
66.068000 26.330360 -15.740811 0.000000 0.000000 0.000000 0.000000 1.000000
66.136000 26.330360 -15.740811 0.000000 0.000000 0.000000 0.000000 1.000000
66.200000 26.907710 -16.318161 0.000000 0.000000 0.000000 0.000000 1.000000
66.268000 27.485060 -16.895511 0.000000 0.000000 0.000000 0.000000 1.000000
66.332000 28.062411 -17.472862 0.000000 0.000000 0.000000 0.000000 1.000000
66.400000 28.062411 -17.472862 0.000000 0.000000 0.000000 0.000000 1.000000
66.464000 28.062411 -17.472862 0.000000 0.000000 0.000000 0.000000 1.000000
66.532000 28.062411 -17.472862 0.000000 0.000000 0.000000 0.000000 1.000000
66.596000 28.062411 -17.472862 0.000000 0.000000 0.000000 0.000000 1.000000
66.664000 28.062411 -17.472862 0.000000 0.000000 0.000000 0.000000 1.000000
66.728000 28.062411 -17.472862 0.000000 0.000000 0.000000 0.000000 1.000000
66.796000 28.062411 -17.472862 0.000000 0.000000 0.000000 0.000000 1.000000
66.860000 28.062411 -17.472862 0.000000 0.000000 0.000000 0.000000 1.000000
66.928000 28.062411 -17.472862 0.000000 0.000000 0.000000 0.000000 1.000000
66.992000 28.639761 -18.050212 0.000000 0.000000 0.000000 0.000000 1.000000
67.060000 28.639761 -18.050212 0.000000 0.000000 0.000000 0.000000 1.000000
67.124000 28.639761 -18.050212 0.000000 0.000000 0.000000 0.000000 1.000000
67.192000 28.639761 -18.050212 0.000000 0.000000 0.000000 0.000000 1.000000
67.256000 28.639761 -18.050212 0.000000 0.000000 0.000000 0.000000 1.000000
67.324000 29.217111 -18.627562 0.000000 0.000000 0.000000 0.000000 1.000000
67.388000 29.217111 -18.627562 0.000000 0.000000 0.000000 0.000000 1.000000
67.456000 29.794462 -19.204913 0.000000 0.000000 0.000000 0.000000 1.000000
67.520000 29.217111 -18.627562 0.000000 0.000000 0.000000 0.000000 1.000000
67.588000 29.217111 -18.627562 0.000000 0.000000 0.000000 0.000000 1.000000
67.652000 29.794462 -19.204913 0.000000 0.000000 0.000000 0.000000 1.000000
67.720000 29.794462 -19.204913 0.000000 0.000000 0.000000 0.000000 1.000000
67.784000 29.217111 -18.627562 0.000000 0.000000 0.000000 0.000000 1.000000
67.852000 28.639761 -18.050212 0.000000 0.000000 0.000000 0.000000 1.000000
67.916000 29.217111 -18.627562 0.000000 0.000000 0.000000 0.000000 1.000000
67.984000 29.217111 -18.627562 0.000000 0.000000 0.000000 0.000000 1.000000
68.048000 29.217111 -18.627562 0.000000 0.000000 0.000000 0.000000 1.000000
68.116000 29.217111 -18.627562 0.000000 0.000000 0.000000 0.000000 1.000000
68.180000 29.794462 -19.204913 0.000000 0.000000 0.000000 0.000000 1.000000
68.248000 30.371812 -19.782263 0.000000 0.000000 0.000000 0.000000 1.000000
68.312000 30.371812 -19.782263 0.000000 0.000000 0.000000 0.000000 1.000000
68.380000 30.371812 -19.782263 0.000000 0.000000 0.000000 0.000000 1.000000
68.444000 30.949162 -20.359613 0.000000 0.000000 0.000000 0.000000 1.000000
68.512000 31.526512 -20.936963 0.000000 0.000000 0.000000 0.000000 1.000000
68.576000 32.103863 -21.514314 0.000000 0.000000 0.000000 0.000000 1.000000
68.644000 31.526512 -20.936963 0.000000 0.000000 0.000000 0.000000 1.000000
68.708000 31.526512 -20.936963 0.000000 0.000000 0.000000 0.000000 1.000000
68.776000 31.526512 -20.936963 0.000000 0.000000 0.000000 0.000000 1.000000
68.840000 31.526512 -20.936963 0.000000 0.000000 0.000000 0.000000 1.000000
68.908000 32.103863 -21.514314 0.000000 0.000000 0.000000 0.000000 1.000000
68.972000 31.526512 -20.936963 0.000000 0.000000 0.000000 0.000000 1.000000
69.040000 32.103863 -21.514314 0.000000 0.000000 0.000000 0.000000 1.000000
69.104000 31.526512 -20.936963 0.000000 0.000000 0.000000 0.000000 1.000000
69.172000 31.526512 -20.936963 0.000000 0.000000 0.000000 0.000000 1.000000
69.236000 31.526512 -20.936963 0.000000 0.000000 0.000000 0.000000 1.000000
69.304000 31.526512 -20.936963 0.000000 0.000000 0.000000 0.000000 1.000000
69.368000 30.949162 -20.359613 0.000000 0.000000 0.000000 0.000000 1.000000
69.436000 30.949162 -20.359613 0.000000 0.000000 0.000000 0.000000 1.000000
69.500000 30.949162 -20.359613 0.000000 0.000000 0.000000 0.000000 1.000000
69.568000 30.371812 -19.782263 0.000000 0.000000 0.000000 0.000000 1.000000
69.632000 29.794462 -19.204913 0.000000 0.000000 0.000000 0.000000 1.000000
69.700000 29.794462 -19.204913 0.000000 0.000000 0.000000 0.000000 1.000000
69.764000 29.794462 -19.204913 0.000000 0.000000 0.000000 0.000000 1.000000
69.832000 29.794462 -19.204913 0.000000 0.000000 0.000000 0.000000 1.000000
69.896000 29.217111 -18.627562 0.000000 0.000000 0.000000 0.000000 1.000000
69.964000 29.217111 -18.627562 0.000000 0.000000 0.000000 0.000000 1.000000
70.028000 29.794462 -19.204913 0.000000 0.000000 0.000000 0.000000 1.000000
70.096000 29.794462 -19.204913 0.000000 0.000000 0.000000 0.000000 1.000000
70.160000 29.217111 -18.627562 0.000000 0.000000 0.000000 0.000000 1.000000
70.228000 29.322353 -19.374946 0.000000 0.000000 0.000000 0.000000 1.000000
70.292000 29.322353 -19.374946 0.000000 0.000000 0.000000 0.000000 1.000000
70.360000 29.322353 -19.374946 0.000000 0.000000 0.000000 0.000000 1.000000
70.424000 29.899704 -19.952297 0.000000 0.000000 0.000000 0.000000 1.000000
70.492000 29.899704 -19.952297 0.000000 0.000000 0.000000 0.000000 1.000000
70.556000 29.899704 -19.952297 0.000000 0.000000 0.000000 0.000000 1.000000
70.624000 29.899704 -19.952297 0.000000 0.000000 0.000000 0.000000 1.000000
70.688000 29.899704 -19.952297 0.000000 0.000000 0.000000 0.000000 1.000000
70.756000 29.322353 -19.374946 0.000000 0.000000 0.000000 0.000000 1.000000
70.820000 29.322353 -19.374946 0.000000 0.000000 0.000000 0.000000 1.000000
70.888000 29.322353 -19.374946 0.000000 0.000000 0.000000 0.000000 1.000000
70.952000 28.745003 -18.797596 0.000000 0.000000 0.000000 0.000000 1.000000
71.020000 29.322353 -19.374946 0.000000 0.000000 0.000000 0.000000 1.000000
71.084000 29.322353 -19.374946 0.000000 0.000000 0.000000 0.000000 1.000000
71.152000 29.322353 -19.374946 0.000000 0.000000 0.000000 0.000000 1.000000
71.216000 29.322353 -19.374946 0.000000 0.000000 0.000000 0.000000 1.000000
71.284000 29.926466 -18.960173 0.000000 0.000000 0.000000 0.000000 1.000000
71.348000 30.503816 -19.537524 0.000000 0.000000 0.000000 0.000000 1.000000
71.416000 30.503816 -19.537524 0.000000 0.000000 0.000000 0.000000 1.000000
71.480000 31.081166 -20.114874 0.000000 0.000000 0.000000 0.000000 1.000000
71.548000 31.081166 -20.114874 0.000000 0.000000 0.000000 0.000000 1.000000
71.612000 31.658516 -20.692224 0.000000 0.000000 0.000000 0.000000 1.000000
71.680000 32.235867 -21.269574 0.000000 0.000000 0.000000 0.000000 1.000000
71.744000 32.813217 -21.846925 0.000000 0.000000 0.000000 0.000000 1.000000
71.812000 32.235867 -21.269574 0.000000 0.000000 0.000000 0.000000 1.000000
71.876000 32.235867 -21.269574 0.000000 0.000000 0.000000 0.000000 1.000000
71.944000 32.813217 -21.846925 0.000000 0.000000 0.000000 0.000000 1.000000
72.008000 33.390567 -22.424275 0.000000 0.000000 0.000000 0.000000 1.000000
72.076000 33.390567 -22.424275 0.000000 0.000000 0.000000 0.000000 1.000000
72.140000 33.967918 -23.001625 0.000000 0.000000 0.000000 0.000000 1.000000
137.612000 33.967918 -23.001625 0.000000 0.000000 0.000000 0.000000 1.000000
137.680000 33.967918 -23.001625 0.000000 0.000000 0.000000 0.000000 1.000000
137.744000 33.967918 -23.001625 0.000000 0.000000 0.000000 0.000000 1.000000
137.812000 33.390567 -22.424275 0.000000 0.000000 0.000000 0.000000 1.000000
137.876000 33.967918 -23.001625 0.000000 0.000000 0.000000 0.000000 1.000000
137.944000 33.967918 -23.001625 0.000000 0.000000 0.000000 0.000000 1.000000
138.008000 33.756992 -23.702507 0.000000 0.000000 0.000000 0.000000 1.000000
138.076000 34.334342 -24.279857 0.000000 0.000000 0.000000 0.000000 1.000000
138.140000 33.756992 -23.702507 0.000000 0.000000 0.000000 0.000000 1.000000
138.208000 33.179642 -23.125156 0.000000 0.000000 0.000000 0.000000 1.000000
138.272000 32.602292 -22.547806 0.000000 0.000000 0.000000 0.000000 1.000000
138.340000 32.024941 -21.970456 0.000000 0.000000 0.000000 0.000000 1.000000
138.404000 32.024941 -21.970456 0.000000 0.000000 0.000000 0.000000 1.000000
138.472000 32.482715 -22.765621 0.000000 0.000000 0.000000 0.000000 1.000000
138.536000 33.060065 -23.342971 0.000000 0.000000 0.000000 0.000000 1.000000
138.604000 33.637415 -23.920322 0.000000 0.000000 0.000000 0.000000 1.000000
138.668000 33.060065 -23.342971 0.000000 0.000000 0.000000 0.000000 1.000000
138.736000 33.060065 -23.342971 0.000000 0.000000 0.000000 0.000000 1.000000
138.800000 33.637415 -23.920322 0.000000 0.000000 0.000000 0.000000 1.000000
138.868000 33.637415 -23.920322 0.000000 0.000000 0.000000 0.000000 1.000000
138.932000 33.060065 -23.342971 0.000000 0.000000 0.000000 0.000000 1.000000
139.000000 33.060065 -23.342971 0.000000 0.000000 0.000000 0.000000 1.000000
139.064000 33.060065 -23.342971 0.000000 0.000000 0.000000 0.000000 1.000000
139.132000 33.637415 -23.920322 0.000000 0.000000 0.000000 0.000000 1.000000
139.196000 34.214765 -24.497672 0.000000 0.000000 0.000000 0.000000 1.000000
139.264000 34.214765 -24.497672 0.000000 0.000000 0.000000 0.000000 1.000000
139.328000 34.792116 -25.075022 0.000000 0.000000 0.000000 0.000000 1.000000
139.396000 34.792116 -25.075022 0.000000 0.000000 0.000000 0.000000 1.000000
139.460000 34.214765 -24.497672 0.000000 0.000000 0.000000 0.000000 1.000000
139.528000 34.792116 -25.075022 0.000000 0.000000 0.000000 0.000000 1.000000
139.592000 34.792116 -25.075022 0.000000 0.000000 0.000000 0.000000 1.000000
139.660000 34.792116 -25.075022 0.000000 0.000000 0.000000 0.000000 1.000000
139.724000 34.214765 -24.497672 0.000000 0.000000 0.000000 0.000000 1.000000
139.792000 34.214765 -24.497672 0.000000 0.000000 0.000000 0.000000 1.000000
139.856000 34.721580 -25.286715 0.000000 0.000000 0.000000 0.000000 1.000000
139.924000 34.144230 -24.709365 0.000000 0.000000 0.000000 0.000000 1.000000
139.988000 34.144230 -24.709365 0.000000 0.000000 0.000000 0.000000 1.000000
140.056000 34.144230 -24.709365 0.000000 0.000000 0.000000 0.000000 1.000000
140.120000 34.721580 -25.286715 0.000000 0.000000 0.000000 0.000000 1.000000
140.188000 34.144230 -24.709365 0.000000 0.000000 0.000000 0.000000 1.000000
140.252000 33.566880 -24.132014 0.000000 0.000000 0.000000 0.000000 1.000000
140.320000 33.566880 -24.132014 0.000000 0.000000 0.000000 0.000000 1.000000
140.384000 32.989529 -23.554664 0.000000 0.000000 0.000000 0.000000 1.000000
140.452000 33.566880 -24.132014 0.000000 0.000000 0.000000 0.000000 1.000000
140.516000 34.144230 -24.709365 0.000000 0.000000 0.000000 0.000000 1.000000
140.584000 34.721580 -25.286715 0.000000 0.000000 0.000000 0.000000 1.000000
140.648000 33.828424 -25.649339 0.000000 0.000000 0.000000 0.000000 1.000000
140.716000 34.405774 -26.226689 0.000000 0.000000 0.000000 0.000000 1.000000
140.780000 34.405774 -26.226689 0.000000 0.000000 0.000000 0.000000 1.000000
140.848000 34.405774 -26.226689 0.000000 0.000000 0.000000 0.000000 1.000000
140.912000 33.828424 -25.649339 0.000000 0.000000 0.000000 0.000000 1.000000
140.980000 33.251074 -25.071988 0.000000 0.000000 0.000000 0.000000 1.000000
141.044000 33.828424 -25.649339 0.000000 0.000000 0.000000 0.000000 1.000000
141.112000 33.251074 -25.071988 0.000000 0.000000 0.000000 0.000000 1.000000
141.176000 33.828424 -25.649339 0.000000 0.000000 0.000000 0.000000 1.000000
141.244000 34.405774 -26.226689 0.000000 0.000000 0.000000 0.000000 1.000000
141.308000 34.983124 -26.804039 0.000000 0.000000 0.000000 0.000000 1.000000
141.376000 35.560475 -27.381390 0.000000 0.000000 0.000000 0.000000 1.000000
141.440000 35.235301 -26.495177 0.000000 0.000000 0.000000 0.000000 1.000000
141.508000 35.812651 -27.072528 0.000000 0.000000 0.000000 0.000000 1.000000
141.572000 35.812651 -27.072528 0.000000 0.000000 0.000000 0.000000 1.000000
141.640000 35.235301 -26.495177 0.000000 0.000000 0.000000 0.000000 1.000000
141.704000 34.657951 -25.917827 0.000000 0.000000 0.000000 0.000000 1.000000
141.772000 34.657951 -25.917827 0.000000 0.000000 0.000000 0.000000 1.000000
141.836000 35.235301 -26.495177 0.000000 0.000000 0.000000 0.000000 1.000000
141.904000 35.812651 -27.072528 0.000000 0.000000 0.000000 0.000000 1.000000
141.968000 35.812651 -27.072528 0.000000 0.000000 0.000000 0.000000 1.000000
142.036000 36.390002 -27.649878 0.000000 0.000000 0.000000 0.000000 1.000000
142.100000 35.812651 -27.072528 0.000000 0.000000 0.000000 0.000000 1.000000
142.168000 35.235301 -26.495177 0.000000 0.000000 0.000000 0.000000 1.000000
142.232000 35.235301 -26.495177 0.000000 0.000000 0.000000 0.000000 1.000000
142.300000 35.812651 -27.072528 0.000000 0.000000 0.000000 0.000000 1.000000
142.364000 35.812651 -27.072528 0.000000 0.000000 0.000000 0.000000 1.000000
142.432000 35.812651 -27.072528 0.000000 0.000000 0.000000 0.000000 1.000000
142.496000 35.235301 -26.495177 0.000000 0.000000 0.000000 0.000000 1.000000
142.564000 35.235301 -26.495177 0.000000 0.000000 0.000000 0.000000 1.000000
142.628000 34.657951 -25.917827 0.000000 0.000000 0.000000 0.000000 1.000000
142.696000 34.657951 -25.917827 0.000000 0.000000 0.000000 0.000000 1.000000
142.760000 34.080601 -25.340477 0.000000 0.000000 0.000000 0.000000 1.000000
142.828000 33.503250 -24.763127 0.000000 0.000000 0.000000 0.000000 1.000000
142.892000 33.503250 -24.763127 0.000000 0.000000 0.000000 0.000000 1.000000
142.960000 32.925900 -24.185776 0.000000 0.000000 0.000000 0.000000 1.000000
143.024000 33.503250 -24.763127 0.000000 0.000000 0.000000 0.000000 1.000000
143.092000 32.925900 -24.185776 0.000000 0.000000 0.000000 0.000000 1.000000
143.156000 32.348550 -23.608426 0.000000 0.000000 0.000000 0.000000 1.000000
143.224000 32.348550 -23.608426 0.000000 0.000000 0.000000 0.000000 1.000000
143.288000 32.348550 -23.608426 0.000000 0.000000 0.000000 0.000000 1.000000
143.356000 32.925900 -24.185776 0.000000 0.000000 0.000000 0.000000 1.000000
143.420000 33.503250 -24.763127 0.000000 0.000000 0.000000 0.000000 1.000000
143.488000 33.503250 -24.763127 0.000000 0.000000 0.000000 0.000000 1.000000
143.552000 32.925900 -24.185776 0.000000 0.000000 0.000000 0.000000 1.000000
143.620000 33.503250 -24.763127 0.000000 0.000000 0.000000 0.000000 1.000000
143.684000 32.925900 -24.185776 0.000000 0.000000 0.000000 0.000000 1.000000
143.752000 32.348550 -23.608426 0.000000 0.000000 0.000000 0.000000 1.000000
143.816000 32.925900 -24.185776 0.000000 0.000000 0.000000 0.000000 1.000000
143.884000 32.289369 -24.411159 0.000000 0.000000 0.000000 0.000000 1.000000
143.948000 32.289369 -24.411159 0.000000 0.000000 0.000000 0.000000 1.000000
144.016000 31.712019 -23.833809 0.000000 0.000000 0.000000 0.000000 1.000000
144.080000 31.134669 -23.256458 0.000000 0.000000 0.000000 0.000000 1.000000
144.148000 31.134669 -23.256458 0.000000 0.000000 0.000000 0.000000 1.000000
144.212000 31.134669 -23.256458 0.000000 0.000000 0.000000 0.000000 1.000000
144.280000 31.134669 -23.256458 0.000000 0.000000 0.000000 0.000000 1.000000
144.344000 31.134669 -23.256458 0.000000 0.000000 0.000000 0.000000 1.000000
144.412000 31.712019 -23.833809 0.000000 0.000000 0.000000 0.000000 1.000000
144.476000 31.712019 -23.833809 0.000000 0.000000 0.000000 0.000000 1.000000
144.544000 31.134669 -23.256458 0.000000 0.000000 0.000000 0.000000 1.000000
144.608000 32.102317 -23.052200 0.000000 0.000000 0.000000 0.000000 1.000000
144.676000 32.102317 -23.052200 0.000000 0.000000 0.000000 0.000000 1.000000
144.740000 32.679667 -23.629550 0.000000 0.000000 0.000000 0.000000 1.000000
144.808000 33.257018 -24.206901 0.000000 0.000000 0.000000 0.000000 1.000000
144.872000 33.257018 -24.206901 0.000000 0.000000 0.000000 0.000000 1.000000
144.940000 32.679667 -23.629550 0.000000 0.000000 0.000000 0.000000 1.000000
145.004000 32.102317 -23.052200 0.000000 0.000000 0.000000 0.000000 1.000000
145.072000 31.524967 -22.474850 0.000000 0.000000 0.000000 0.000000 1.000000
145.136000 31.524967 -22.474850 0.000000 0.000000 0.000000 0.000000 1.000000
145.204000 31.524967 -22.474850 0.000000 0.000000 0.000000 0.000000 1.000000
145.268000 32.393166 -22.961422 0.000000 0.000000 0.000000 0.000000 1.000000
145.336000 32.970516 -23.538772 0.000000 0.000000 0.000000 0.000000 1.000000
145.400000 32.393166 -22.961422 0.000000 0.000000 0.000000 0.000000 1.000000
145.468000 32.970516 -23.538772 0.000000 0.000000 0.000000 0.000000 1.000000
145.532000 32.970516 -23.538772 0.000000 0.000000 0.000000 0.000000 1.000000
145.600000 33.547867 -24.116122 0.000000 0.000000 0.000000 0.000000 1.000000
145.664000 33.547867 -24.116122 0.000000 0.000000 0.000000 0.000000 1.000000
145.732000 33.547867 -24.116122 0.000000 0.000000 0.000000 0.000000 1.000000
145.796000 33.547867 -24.116122 0.000000 0.000000 0.000000 0.000000 1.000000
145.864000 33.547867 -24.116122 0.000000 0.000000 0.000000 0.000000 1.000000
145.928000 32.970516 -23.538772 0.000000 0.000000 0.000000 0.000000 1.000000
145.996000 33.547867 -24.116122 0.000000 0.000000 0.000000 0.000000 1.000000
146.060000 34.125217 -24.693472 0.000000 0.000000 0.000000 0.000000 1.000000
146.128000 33.748114 -24.482130 0.000000 0.000000 0.000000 0.000000 1.000000
146.192000 33.748114 -24.482130 0.000000 0.000000 0.000000 0.000000 1.000000
146.260000 33.170764 -23.904780 0.000000 0.000000 0.000000 0.000000 1.000000
146.324000 33.170764 -23.904780 0.000000 0.000000 0.000000 0.000000 1.000000
146.392000 32.593414 -23.327429 0.000000 0.000000 0.000000 0.000000 1.000000
146.456000 32.593414 -23.327429 0.000000 0.000000 0.000000 0.000000 1.000000
146.524000 32.593414 -23.327429 0.000000 0.000000 0.000000 0.000000 1.000000
146.588000 31.720359 -22.937342 0.000000 0.000000 0.000000 0.000000 1.000000
146.656000 32.297709 -23.514693 0.000000 0.000000 0.000000 0.000000 1.000000
146.720000 32.875059 -24.092043 0.000000 0.000000 0.000000 0.000000 1.000000
146.788000 32.875059 -24.092043 0.000000 0.000000 0.000000 0.000000 1.000000
146.852000 32.297709 -23.514693 0.000000 0.000000 0.000000 0.000000 1.000000
146.920000 33.223542 -23.889491 0.000000 0.000000 0.000000 0.000000 1.000000
146.984000 33.800892 -24.466842 0.000000 0.000000 0.000000 0.000000 1.000000
147.052000 34.378242 -25.044192 0.000000 0.000000 0.000000 0.000000 1.000000
147.116000 34.378242 -25.044192 0.000000 0.000000 0.000000 0.000000 1.000000
147.184000 33.800892 -24.466842 0.000000 0.000000 0.000000 0.000000 1.000000
147.248000 33.800892 -24.466842 0.000000 0.000000 0.000000 0.000000 1.000000
147.316000 34.794982 -24.388067 0.000000 0.000000 0.000000 0.000000 1.000000
147.380000 34.794982 -24.388067 0.000000 0.000000 0.000000 0.000000 1.000000
147.448000 35.372332 -24.965417 0.000000 0.000000 0.000000 0.000000 1.000000
147.512000 35.372332 -24.965417 0.000000 0.000000 0.000000 0.000000 1.000000
147.580000 36.119987 -24.730179 0.000000 0.000000 0.000000 0.000000 1.000000
147.644000 36.697337 -25.307530 0.000000 0.000000 0.000000 0.000000 1.000000
147.712000 36.119987 -24.730179 0.000000 0.000000 0.000000 0.000000 1.000000
147.776000 36.697337 -25.307530 0.000000 0.000000 0.000000 0.000000 1.000000
147.844000 36.119987 -24.730179 0.000000 0.000000 0.000000 0.000000 1.000000
147.908000 35.542637 -24.152829 0.000000 0.000000 0.000000 0.000000 1.000000
147.976000 35.542637 -24.152829 0.000000 0.000000 0.000000 0.000000 1.000000
148.040000 35.542637 -24.152829 0.000000 0.000000 0.000000 0.000000 1.000000
148.108000 35.542637 -24.152829 0.000000 0.000000 0.000000 0.000000 1.000000
148.172000 35.542637 -24.152829 0.000000 0.000000 0.000000 0.000000 1.000000
148.240000 34.965286 -23.575479 0.000000 0.000000 0.000000 0.000000 1.000000
148.304000 34.965286 -23.575479 0.000000 0.000000 0.000000 0.000000 1.000000
148.372000 35.542637 -24.152829 0.000000 0.000000 0.000000 0.000000 1.000000
148.436000 35.542637 -24.152829 0.000000 0.000000 0.000000 0.000000 1.000000
148.504000 34.965286 -23.575479 0.000000 0.000000 0.000000 0.000000 1.000000
148.568000 34.965286 -23.575479 0.000000 0.000000 0.000000 0.000000 1.000000
148.636000 34.965286 -23.575479 0.000000 0.000000 0.000000 0.000000 1.000000
148.700000 34.965286 -23.575479 0.000000 0.000000 0.000000 0.000000 1.000000
148.768000 34.965286 -23.575479 0.000000 0.000000 0.000000 0.000000 1.000000
148.832000 34.965286 -23.575479 0.000000 0.000000 0.000000 0.000000 1.000000
148.900000 34.965286 -23.575479 0.000000 0.000000 0.000000 0.000000 1.000000
148.964000 35.542637 -24.152829 0.000000 0.000000 0.000000 0.000000 1.000000
149.032000 34.965286 -23.575479 0.000000 0.000000 0.000000 0.000000 1.000000
149.096000 35.833486 -24.062051 0.000000 0.000000 0.000000 0.000000 1.000000
149.164000 35.833486 -24.062051 0.000000 0.000000 0.000000 0.000000 1.000000
149.228000 36.410836 -24.639401 0.000000 0.000000 0.000000 0.000000 1.000000
149.296000 36.410836 -24.639401 0.000000 0.000000 0.000000 0.000000 1.000000
149.360000 36.988186 -25.216751 0.000000 0.000000 0.000000 0.000000 1.000000
149.428000 36.988186 -25.216751 0.000000 0.000000 0.000000 0.000000 1.000000
149.492000 36.988186 -25.216751 0.000000 0.000000 0.000000 0.000000 1.000000
149.560000 37.565536 -25.794101 0.000000 0.000000 0.000000 0.000000 1.000000
149.624000 37.565536 -25.794101 0.000000 0.000000 0.000000 0.000000 1.000000
149.692000 36.641239 -26.076582 0.000000 0.000000 0.000000 0.000000 1.000000
149.756000 37.218590 -26.653932 0.000000 0.000000 0.000000 0.000000 1.000000
149.824000 36.641239 -26.076582 0.000000 0.000000 0.000000 0.000000 1.000000
149.888000 36.641239 -26.076582 0.000000 0.000000 0.000000 0.000000 1.000000
149.956000 37.218590 -26.653932 0.000000 0.000000 0.000000 0.000000 1.000000
150.020000 37.795940 -27.231282 0.000000 0.000000 0.000000 0.000000 1.000000
150.088000 37.218590 -26.653932 0.000000 0.000000 0.000000 0.000000 1.000000
150.152000 37.795940 -27.231282 0.000000 0.000000 0.000000 0.000000 1.000000
150.220000 37.795940 -27.231282 0.000000 0.000000 0.000000 0.000000 1.000000
150.284000 37.795940 -27.231282 0.000000 0.000000 0.000000 0.000000 1.000000
150.352000 37.795940 -27.231282 0.000000 0.000000 0.000000 0.000000 1.000000
150.416000 37.795940 -27.231282 0.000000 0.000000 0.000000 0.000000 1.000000
150.484000 38.373290 -27.808633 0.000000 0.000000 0.000000 0.000000 1.000000
150.548000 38.373290 -27.808633 0.000000 0.000000 0.000000 0.000000 1.000000
150.616000 38.950640 -28.385983 0.000000 0.000000 0.000000 0.000000 1.000000
150.680000 39.527991 -28.963333 0.000000 0.000000 0.000000 0.000000 1.000000
150.748000 40.105341 -29.540684 0.000000 0.000000 0.000000 0.000000 1.000000
150.812000 40.682691 -30.118034 0.000000 0.000000 0.000000 0.000000 1.000000
150.880000 40.682691 -30.118034 0.000000 0.000000 0.000000 0.000000 1.000000
150.944000 40.682691 -30.118034 0.000000 0.000000 0.000000 0.000000 1.000000
151.012000 40.682691 -30.118034 0.000000 0.000000 0.000000 0.000000 1.000000
151.076000 40.105341 -29.540684 0.000000 0.000000 0.000000 0.000000 1.000000
151.144000 40.682691 -30.118034 0.000000 0.000000 0.000000 0.000000 1.000000
151.208000 40.682691 -30.118034 0.000000 0.000000 0.000000 0.000000 1.000000
151.276000 40.779561 -31.113328 0.000000 0.000000 0.000000 0.000000 1.000000
151.340000 41.356911 -31.690678 0.000000 0.000000 0.000000 0.000000 1.000000
151.408000 41.356911 -31.690678 0.000000 0.000000 0.000000 0.000000 1.000000
151.472000 40.565886 -31.093660 0.000000 0.000000 0.000000 0.000000 1.000000
151.540000 41.365429 -31.637799 0.000000 0.000000 0.000000 0.000000 1.000000
151.604000 41.365429 -31.637799 0.000000 0.000000 0.000000 0.000000 1.000000
151.672000 41.942779 -32.215149 0.000000 0.000000 0.000000 0.000000 1.000000
151.736000 41.365429 -31.637799 0.000000 0.000000 0.000000 0.000000 1.000000
151.804000 40.788078 -31.060449 0.000000 0.000000 0.000000 0.000000 1.000000
151.868000 40.210728 -30.483098 0.000000 0.000000 0.000000 0.000000 1.000000
151.936000 40.210728 -30.483098 0.000000 0.000000 0.000000 0.000000 1.000000
152.000000 39.633378 -29.905748 0.000000 0.000000 0.000000 0.000000 1.000000
152.068000 39.633378 -29.905748 0.000000 0.000000 0.000000 0.000000 1.000000
152.132000 40.210728 -30.483098 0.000000 0.000000 0.000000 0.000000 1.000000
152.200000 40.210728 -30.483098 0.000000 0.000000 0.000000 0.000000 1.000000
152.264000 40.788078 -31.060449 0.000000 0.000000 0.000000 0.000000 1.000000
152.332000 40.788078 -31.060449 0.000000 0.000000 0.000000 0.000000 1.000000
152.396000 40.788078 -31.060449 0.000000 0.000000 0.000000 0.000000 1.000000
152.464000 41.365429 -31.637799 0.000000 0.000000 0.000000 0.000000 1.000000
152.528000 41.365429 -31.637799 0.000000 0.000000 0.000000 0.000000 1.000000
152.596000 41.942779 -32.215149 0.000000 0.000000 0.000000 0.000000 1.000000
152.660000 41.365429 -31.637799 0.000000 0.000000 0.000000 0.000000 1.000000
152.728000 41.365429 -31.637799 0.000000 0.000000 0.000000 0.000000 1.000000
152.792000 41.365429 -31.637799 0.000000 0.000000 0.000000 0.000000 1.000000
152.860000 41.942779 -32.215149 0.000000 0.000000 0.000000 0.000000 1.000000
152.924000 41.365429 -31.637799 0.000000 0.000000 0.000000 0.000000 1.000000
152.992000 41.942779 -32.215149 0.000000 0.000000 0.000000 0.000000 1.000000
153.056000 42.520129 -32.792500 0.000000 0.000000 0.000000 0.000000 1.000000
153.124000 43.097479 -33.369850 0.000000 0.000000 0.000000 0.000000 1.000000
153.188000 43.674830 -33.947200 0.000000 0.000000 0.000000 0.000000 1.000000
153.256000 43.097479 -33.369850 0.000000 0.000000 0.000000 0.000000 1.000000
153.320000 43.097479 -33.369850 0.000000 0.000000 0.000000 0.000000 1.000000
153.388000 43.674830 -33.947200 0.000000 0.000000 0.000000 0.000000 1.000000
153.452000 44.252180 -34.524550 0.000000 0.000000 0.000000 0.000000 1.000000
153.520000 43.674830 -33.947200 0.000000 0.000000 0.000000 0.000000 1.000000
153.584000 43.879530 -33.266704 0.000000 0.000000 0.000000 0.000000 1.000000
153.652000 43.069608 -32.712882 0.000000 0.000000 0.000000 0.000000 1.000000
153.716000 43.069608 -32.712882 0.000000 0.000000 0.000000 0.000000 1.000000
153.784000 43.069608 -32.712882 0.000000 0.000000 0.000000 0.000000 1.000000
153.848000 42.426971 -33.478887 0.000000 0.000000 0.000000 0.000000 1.000000
153.916000 42.426971 -33.478887 0.000000 0.000000 0.000000 0.000000 1.000000
153.980000 43.004322 -34.056237 0.000000 0.000000 0.000000 0.000000 1.000000
154.048000 42.426971 -33.478887 0.000000 0.000000 0.000000 0.000000 1.000000
154.112000 42.426971 -33.478887 0.000000 0.000000 0.000000 0.000000 1.000000
154.180000 43.004322 -34.056237 0.000000 0.000000 0.000000 0.000000 1.000000
154.244000 43.004322 -34.056237 0.000000 0.000000 0.000000 0.000000 1.000000
154.312000 43.872521 -34.542809 0.000000 0.000000 0.000000 0.000000 1.000000
154.376000 44.449871 -35.120159 0.000000 0.000000 0.000000 0.000000 1.000000
154.444000 44.449871 -35.120159 0.000000 0.000000 0.000000 0.000000 1.000000
154.508000 43.872521 -34.542809 0.000000 0.000000 0.000000 0.000000 1.000000
154.576000 43.295170 -33.965459 0.000000 0.000000 0.000000 0.000000 1.000000
154.640000 43.295170 -33.965459 0.000000 0.000000 0.000000 0.000000 1.000000
154.708000 43.295170 -33.965459 0.000000 0.000000 0.000000 0.000000 1.000000
154.772000 43.295170 -33.965459 0.000000 0.000000 0.000000 0.000000 1.000000
154.840000 43.295170 -33.965459 0.000000 0.000000 0.000000 0.000000 1.000000
154.904000 43.295170 -33.965459 0.000000 0.000000 0.000000 0.000000 1.000000
154.972000 43.872521 -34.542809 0.000000 0.000000 0.000000 0.000000 1.000000
155.036000 43.872521 -34.542809 0.000000 0.000000 0.000000 0.000000 1.000000
155.104000 43.295170 -33.965459 0.000000 0.000000 0.000000 0.000000 1.000000
155.168000 43.295170 -33.965459 0.000000 0.000000 0.000000 0.000000 1.000000
155.236000 42.717820 -33.388109 0.000000 0.000000 0.000000 0.000000 1.000000
155.300000 42.140470 -32.810758 0.000000 0.000000 0.000000 0.000000 1.000000
155.368000 42.140470 -32.810758 0.000000 0.000000 0.000000 0.000000 1.000000
155.432000 42.140470 -32.810758 0.000000 0.000000 0.000000 0.000000 1.000000
155.500000 42.140470 -32.810758 0.000000 0.000000 0.000000 0.000000 1.000000
155.564000 42.140470 -32.810758 0.000000 0.000000 0.000000 0.000000 1.000000
155.632000 42.140470 -32.810758 0.000000 0.000000 0.000000 0.000000 1.000000
155.696000 42.140470 -32.810758 0.000000 0.000000 0.000000 0.000000 1.000000
155.764000 41.813504 -32.859058 0.000000 0.000000 0.000000 0.000000 1.000000
155.828000 41.236154 -32.281708 0.000000 0.000000 0.000000 0.000000 1.000000
155.896000 41.813504 -32.859058 0.000000 0.000000 0.000000 0.000000 1.000000
155.960000 41.236154 -32.281708 0.000000 0.000000 0.000000 0.000000 1.000000
156.028000 41.244170 -32.996189 0.000000 0.000000 0.000000 0.000000 1.000000
156.092000 41.821520 -33.573540 0.000000 0.000000 0.000000 0.000000 1.000000
156.160000 41.821520 -33.573540 0.000000 0.000000 0.000000 0.000000 1.000000
156.224000 42.398871 -34.150890 0.000000 0.000000 0.000000 0.000000 1.000000
156.292000 42.976221 -34.728240 0.000000 0.000000 0.000000 0.000000 1.000000
156.356000 42.976221 -34.728240 0.000000 0.000000 0.000000 0.000000 1.000000
156.424000 42.976221 -34.728240 0.000000 0.000000 0.000000 0.000000 1.000000
156.488000 42.976221 -34.728240 0.000000 0.000000 0.000000 0.000000 1.000000
156.556000 42.976221 -34.728240 0.000000 0.000000 0.000000 0.000000 1.000000
156.620000 42.398871 -34.150890 0.000000 0.000000 0.000000 0.000000 1.000000
156.688000 41.821520 -33.573540 0.000000 0.000000 0.000000 0.000000 1.000000
156.752000 41.821520 -33.573540 0.000000 0.000000 0.000000 0.000000 1.000000
156.820000 42.398871 -34.150890 0.000000 0.000000 0.000000 0.000000 1.000000
156.884000 42.398871 -34.150890 0.000000 0.000000 0.000000 0.000000 1.000000
156.952000 41.821520 -33.573540 0.000000 0.000000 0.000000 0.000000 1.000000
157.016000 41.244170 -32.996189 0.000000 0.000000 0.000000 0.000000 1.000000
157.084000 41.821520 -33.573540 0.000000 0.000000 0.000000 0.000000 1.000000
157.148000 42.398871 -34.150890 0.000000 0.000000 0.000000 0.000000 1.000000
157.216000 42.976221 -34.728240 0.000000 0.000000 0.000000 0.000000 1.000000
157.280000 42.398871 -34.150890 0.000000 0.000000 0.000000 0.000000 1.000000
157.348000 41.821520 -33.573540 0.000000 0.000000 0.000000 0.000000 1.000000
157.412000 42.398871 -34.150890 0.000000 0.000000 0.000000 0.000000 1.000000
157.480000 42.976221 -34.728240 0.000000 0.000000 0.000000 0.000000 1.000000
157.544000 42.398871 -34.150890 0.000000 0.000000 0.000000 0.000000 1.000000
157.612000 42.398871 -34.150890 0.000000 0.000000 0.000000 0.000000 1.000000
157.676000 42.398871 -34.150890 0.000000 0.000000 0.000000 0.000000 1.000000
157.744000 42.398871 -34.150890 0.000000 0.000000 0.000000 0.000000 1.000000
157.808000 41.821520 -33.573540 0.000000 0.000000 0.000000 0.000000 1.000000
157.876000 41.244170 -32.996189 0.000000 0.000000 0.000000 0.000000 1.000000
157.940000 41.244170 -32.996189 0.000000 0.000000 0.000000 0.000000 1.000000
158.008000 41.244170 -32.996189 0.000000 0.000000 0.000000 0.000000 1.000000
158.072000 41.244170 -32.996189 0.000000 0.000000 0.000000 0.000000 1.000000
158.140000 41.821520 -33.573540 0.000000 0.000000 0.000000 0.000000 1.000000
158.204000 41.821520 -33.573540 0.000000 0.000000 0.000000 0.000000 1.000000
158.272000 41.821520 -33.573540 0.000000 0.000000 0.000000 0.000000 1.000000
158.336000 42.398871 -34.150890 0.000000 0.000000 0.000000 0.000000 1.000000
158.404000 42.976221 -34.728240 0.000000 0.000000 0.000000 0.000000 1.000000
158.468000 42.976221 -34.728240 0.000000 0.000000 0.000000 0.000000 1.000000
158.536000 43.553571 -35.305590 0.000000 0.000000 0.000000 0.000000 1.000000
158.600000 44.130921 -35.882941 0.000000 0.000000 0.000000 0.000000 1.000000
158.668000 43.553571 -35.305590 0.000000 0.000000 0.000000 0.000000 1.000000
158.732000 42.976221 -34.728240 0.000000 0.000000 0.000000 0.000000 1.000000
158.800000 42.976221 -34.728240 0.000000 0.000000 0.000000 0.000000 1.000000
158.864000 42.976221 -34.728240 0.000000 0.000000 0.000000 0.000000 1.000000
158.932000 42.976221 -34.728240 0.000000 0.000000 0.000000 0.000000 1.000000
158.996000 43.553571 -35.305590 0.000000 0.000000 0.000000 0.000000 1.000000
159.064000 44.130921 -35.882941 0.000000 0.000000 0.000000 0.000000 1.000000
159.128000 44.130921 -35.882941 0.000000 0.000000 0.000000 0.000000 1.000000
159.196000 44.130921 -35.882941 0.000000 0.000000 0.000000 0.000000 1.000000
159.260000 44.130921 -35.882941 0.000000 0.000000 0.000000 0.000000 1.000000
159.328000 44.130921 -35.882941 0.000000 0.000000 0.000000 0.000000 1.000000
159.392000 44.130921 -35.882941 0.000000 0.000000 0.000000 0.000000 1.000000
159.460000 44.708272 -36.460291 0.000000 0.000000 0.000000 0.000000 1.000000
159.524000 44.708272 -36.460291 0.000000 0.000000 0.000000 0.000000 1.000000
159.592000 44.130921 -35.882941 0.000000 0.000000 0.000000 0.000000 1.000000
159.656000 44.708272 -36.460291 0.000000 0.000000 0.000000 0.000000 1.000000
159.724000 44.708272 -36.460291 0.000000 0.000000 0.000000 0.000000 1.000000
159.788000 44.708272 -36.460291 0.000000 0.000000 0.000000 0.000000 1.000000
159.856000 44.708272 -36.460291 0.000000 0.000000 0.000000 0.000000 1.000000
159.920000 44.130921 -35.882941 0.000000 0.000000 0.000000 0.000000 1.000000
159.988000 43.553571 -35.305590 0.000000 0.000000 0.000000 0.000000 1.000000
160.052000 44.130921 -35.882941 0.000000 0.000000 0.000000 0.000000 1.000000
160.120000 44.130921 -35.882941 0.000000 0.000000 0.000000 0.000000 1.000000
160.184000 44.708272 -36.460291 0.000000 0.000000 0.000000 0.000000 1.000000
160.252000 45.285622 -37.037641 0.000000 0.000000 0.000000 0.000000 1.000000
160.316000 45.285622 -37.037641 0.000000 0.000000 0.000000 0.000000 1.000000
160.384000 45.862972 -37.614992 0.000000 0.000000 0.000000 0.000000 1.000000
160.448000 46.440322 -38.192342 0.000000 0.000000 0.000000 0.000000 1.000000
160.516000 45.862972 -37.614992 0.000000 0.000000 0.000000 0.000000 1.000000
160.580000 45.862972 -37.614992 0.000000 0.000000 0.000000 0.000000 1.000000
160.648000 46.440322 -38.192342 0.000000 0.000000 0.000000 0.000000 1.000000
160.712000 46.440322 -38.192342 0.000000 0.000000 0.000000 0.000000 1.000000
160.780000 47.017673 -38.769692 0.000000 0.000000 0.000000 0.000000 1.000000
160.844000 46.429117 -37.993752 0.000000 0.000000 0.000000 0.000000 1.000000
160.912000 47.006468 -38.571102 0.000000 0.000000 0.000000 0.000000 1.000000
160.976000 47.006468 -38.571102 0.000000 0.000000 0.000000 0.000000 1.000000
161.044000 47.006468 -38.571102 0.000000 0.000000 0.000000 0.000000 1.000000
161.108000 47.006468 -38.571102 0.000000 0.000000 0.000000 0.000000 1.000000
161.176000 47.006468 -38.571102 0.000000 0.000000 0.000000 0.000000 1.000000
161.240000 46.890055 -39.563527 0.000000 0.000000 0.000000 0.000000 1.000000
161.308000 46.312704 -38.986177 0.000000 0.000000 0.000000 0.000000 1.000000
161.372000 45.735354 -38.408826 0.000000 0.000000 0.000000 0.000000 1.000000
161.440000 46.312704 -38.986177 0.000000 0.000000 0.000000 0.000000 1.000000
161.504000 46.312704 -38.986177 0.000000 0.000000 0.000000 0.000000 1.000000
161.572000 45.735354 -38.408826 0.000000 0.000000 0.000000 0.000000 1.000000
161.636000 45.735354 -38.408826 0.000000 0.000000 0.000000 0.000000 1.000000
161.704000 45.735354 -38.408826 0.000000 0.000000 0.000000 0.000000 1.000000
161.768000 46.461536 -37.793263 0.000000 0.000000 0.000000 0.000000 1.000000
161.836000 46.461536 -37.793263 0.000000 0.000000 0.000000 0.000000 1.000000
161.900000 47.038886 -38.370614 0.000000 0.000000 0.000000 0.000000 1.000000
161.968000 47.616236 -38.947964 0.000000 0.000000 0.000000 0.000000 1.000000
162.032000 47.616236 -38.947964 0.000000 0.000000 0.000000 0.000000 1.000000
162.100000 47.616236 -38.947964 0.000000 0.000000 0.000000 0.000000 1.000000
162.164000 48.193587 -39.525314 0.000000 0.000000 0.000000 0.000000 1.000000
162.232000 48.193587 -39.525314 0.000000 0.000000 0.000000 0.000000 1.000000
162.296000 48.193587 -39.525314 0.000000 0.000000 0.000000 0.000000 1.000000
162.364000 48.193587 -39.525314 0.000000 0.000000 0.000000 0.000000 1.000000
162.428000 47.616236 -38.947964 0.000000 0.000000 0.000000 0.000000 1.000000
162.496000 48.193587 -39.525314 0.000000 0.000000 0.000000 0.000000 1.000000
162.560000 48.193587 -39.525314 0.000000 0.000000 0.000000 0.000000 1.000000
162.628000 48.193587 -39.525314 0.000000 0.000000 0.000000 0.000000 1.000000
162.692000 48.770937 -40.102664 0.000000 0.000000 0.000000 0.000000 1.000000
162.760000 49.554166 -39.525597 0.000000 0.000000 0.000000 0.000000 1.000000
162.824000 49.554166 -39.525597 0.000000 0.000000 0.000000 0.000000 1.000000
162.892000 48.657650 -39.511454 0.000000 0.000000 0.000000 0.000000 1.000000
162.956000 48.657650 -39.511454 0.000000 0.000000 0.000000 0.000000 1.000000
163.024000 49.235000 -40.088804 0.000000 0.000000 0.000000 0.000000 1.000000
163.088000 48.657650 -39.511454 0.000000 0.000000 0.000000 0.000000 1.000000
163.156000 48.657650 -39.511454 0.000000 0.000000 0.000000 0.000000 1.000000
163.220000 49.235000 -40.088804 0.000000 0.000000 0.000000 0.000000 1.000000
163.288000 49.812351 -40.666155 0.000000 0.000000 0.000000 0.000000 1.000000
163.352000 49.812351 -40.666155 0.000000 0.000000 0.000000 0.000000 1.000000
163.420000 50.389701 -41.243505 0.000000 0.000000 0.000000 0.000000 1.000000
163.484000 49.812351 -40.666155 0.000000 0.000000 0.000000 0.000000 1.000000
163.552000 50.389701 -41.243505 0.000000 0.000000 0.000000 0.000000 1.000000
163.616000 50.389701 -41.243505 0.000000 0.000000 0.000000 0.000000 1.000000
163.684000 50.967051 -41.820855 0.000000 0.000000 0.000000 0.000000 1.000000
163.748000 51.544401 -42.398205 0.000000 0.000000 0.000000 0.000000 1.000000
163.816000 50.550398 -42.388117 0.000000 0.000000 0.000000 0.000000 1.000000
163.880000 50.550398 -42.388117 0.000000 0.000000 0.000000 0.000000 1.000000
163.948000 51.127748 -42.965468 0.000000 0.000000 0.000000 0.000000 1.000000
164.012000 51.127748 -42.965468 0.000000 0.000000 0.000000 0.000000 1.000000
164.080000 51.127748 -42.965468 0.000000 0.000000 0.000000 0.000000 1.000000
164.144000 51.127748 -42.965468 0.000000 0.000000 0.000000 0.000000 1.000000
164.212000 51.705098 -43.542818 0.000000 0.000000 0.000000 0.000000 1.000000
164.276000 51.127748 -42.965468 0.000000 0.000000 0.000000 0.000000 1.000000
164.344000 50.550398 -42.388117 0.000000 0.000000 0.000000 0.000000 1.000000
164.408000 49.973047 -41.810767 0.000000 0.000000 0.000000 0.000000 1.000000
164.476000 49.973047 -41.810767 0.000000 0.000000 0.000000 0.000000 1.000000
164.540000 49.973047 -41.810767 0.000000 0.000000 0.000000 0.000000 1.000000
164.608000 49.973047 -41.810767 0.000000 0.000000 0.000000 0.000000 1.000000
164.672000 49.395697 -41.233417 0.000000 0.000000 0.000000 0.000000 1.000000
164.740000 49.395697 -41.233417 0.000000 0.000000 0.000000 0.000000 1.000000
164.804000 48.818347 -40.656067 0.000000 0.000000 0.000000 0.000000 1.000000
164.872000 48.818347 -40.656067 0.000000 0.000000 0.000000 0.000000 1.000000
164.936000 48.818347 -40.656067 0.000000 0.000000 0.000000 0.000000 1.000000
165.004000 48.156549 -40.370991 0.000000 0.000000 0.000000 0.000000 1.000000
165.068000 47.579199 -39.793641 0.000000 0.000000 0.000000 0.000000 1.000000
165.136000 47.579199 -39.793641 0.000000 0.000000 0.000000 0.000000 1.000000
165.200000 47.579199 -39.793641 0.000000 0.000000 0.000000 0.000000 1.000000
165.268000 47.579199 -39.793641 0.000000 0.000000 0.000000 0.000000 1.000000
165.332000 48.156549 -40.370991 0.000000 0.000000 0.000000 0.000000 1.000000
165.400000 48.733900 -40.948342 0.000000 0.000000 0.000000 0.000000 1.000000
165.464000 49.311250 -41.525692 0.000000 0.000000 0.000000 0.000000 1.000000
165.532000 49.311250 -41.525692 0.000000 0.000000 0.000000 0.000000 1.000000
165.596000 49.311250 -41.525692 0.000000 0.000000 0.000000 0.000000 1.000000
165.664000 49.311250 -41.525692 0.000000 0.000000 0.000000 0.000000 1.000000
165.728000 49.888600 -42.103042 0.000000 0.000000 0.000000 0.000000 1.000000
165.796000 49.888600 -42.103042 0.000000 0.000000 0.000000 0.000000 1.000000
165.860000 50.465951 -42.680392 0.000000 0.000000 0.000000 0.000000 1.000000
165.928000 51.043301 -43.257743 0.000000 0.000000 0.000000 0.000000 1.000000
165.992000 51.726299 -42.527519 0.000000 0.000000 0.000000 0.000000 1.000000
166.060000 51.726299 -42.527519 0.000000 0.000000 0.000000 0.000000 1.000000
166.124000 51.726299 -42.527519 0.000000 0.000000 0.000000 0.000000 1.000000
166.192000 52.303649 -43.104870 0.000000 0.000000 0.000000 0.000000 1.000000
166.256000 51.726299 -42.527519 0.000000 0.000000 0.000000 0.000000 1.000000
166.324000 52.303649 -43.104870 0.000000 0.000000 0.000000 0.000000 1.000000
166.388000 52.303649 -43.104870 0.000000 0.000000 0.000000 0.000000 1.000000
166.456000 52.303649 -43.104870 0.000000 0.000000 0.000000 0.000000 1.000000
166.520000 52.303649 -43.104870 0.000000 0.000000 0.000000 0.000000 1.000000
166.588000 52.303649 -43.104870 0.000000 0.000000 0.000000 0.000000 1.000000
166.652000 52.389806 -42.175683 0.000000 0.000000 0.000000 0.000000 1.000000
166.720000 52.389806 -42.175683 0.000000 0.000000 0.000000 0.000000 1.000000
166.784000 52.967156 -42.753033 0.000000 0.000000 0.000000 0.000000 1.000000
166.852000 53.896606 -42.592676 0.000000 0.000000 0.000000 0.000000 1.000000
166.916000 53.896606 -42.592676 0.000000 0.000000 0.000000 0.000000 1.000000
166.984000 54.473957 -43.170026 0.000000 0.000000 0.000000 0.000000 1.000000
167.048000 54.473957 -43.170026 0.000000 0.000000 0.000000 0.000000 1.000000
167.116000 54.473957 -43.170026 0.000000 0.000000 0.000000 0.000000 1.000000
167.180000 55.051307 -43.747376 0.000000 0.000000 0.000000 0.000000 1.000000
167.248000 55.051307 -43.747376 0.000000 0.000000 0.000000 0.000000 1.000000
167.312000 55.928541 -43.870243 0.000000 0.000000 0.000000 0.000000 1.000000
167.380000 55.928541 -43.870243 0.000000 0.000000 0.000000 0.000000 1.000000
167.444000 56.505892 -44.447594 0.000000 0.000000 0.000000 0.000000 1.000000
167.512000 57.083242 -45.024944 0.000000 0.000000 0.000000 0.000000 1.000000
167.576000 57.083242 -45.024944 0.000000 0.000000 0.000000 0.000000 1.000000
167.644000 58.047821 -44.761721 0.000000 0.000000 0.000000 0.000000 1.000000
167.708000 58.047821 -44.761721 0.000000 0.000000 0.000000 0.000000 1.000000
167.776000 58.625172 -45.339071 0.000000 0.000000 0.000000 0.000000 1.000000
167.840000 59.202522 -45.916421 0.000000 0.000000 0.000000 0.000000 1.000000
167.908000 59.779872 -46.493771 0.000000 0.000000 0.000000 0.000000 1.000000
167.972000 60.357222 -47.071122 0.000000 0.000000 0.000000 0.000000 1.000000
168.040000 60.357222 -47.071122 0.000000 0.000000 0.000000 0.000000 1.000000
168.104000 60.357222 -47.071122 0.000000 0.000000 0.000000 0.000000 1.000000
168.172000 59.779872 -46.493771 0.000000 0.000000 0.000000 0.000000 1.000000
168.236000 59.202522 -45.916421 0.000000 0.000000 0.000000 0.000000 1.000000
168.304000 59.202522 -45.916421 0.000000 0.000000 0.000000 0.000000 1.000000
168.368000 60.168168 -45.946883 0.000000 0.000000 0.000000 0.000000 1.000000
168.436000 60.168168 -45.946883 0.000000 0.000000 0.000000 0.000000 1.000000
168.500000 60.745518 -46.524233 0.000000 0.000000 0.000000 0.000000 1.000000
168.568000 60.542283 -47.500963 0.000000 0.000000 0.000000 0.000000 1.000000
168.632000 60.599454 -47.550954 0.000000 0.000000 0.000000 0.001821 0.999998
168.700000 60.708637 -47.574862 0.000000 0.000000 0.000000 0.003153 0.999995
168.764000 60.708637 -47.574862 0.000000 0.000000 0.000000 0.003153 0.999995
168.832000 60.708637 -47.574862 0.000000 0.000000 0.000000 0.003153 0.999995
168.896000 59.732499 -47.450111 0.000000 0.000000 0.000000 0.002711 0.999996
168.964000 58.762078 -47.608411 0.000000 0.000000 0.000000 0.003291 0.999995
169.028000 57.786878 -47.637645 0.000000 0.000000 0.000000 0.003594 0.999994
169.096000 56.828648 -47.782619 0.000000 0.000000 0.000000 0.004111 0.999992
169.160000 55.888518 -47.443338 0.000000 0.000000 0.000000 0.002928 0.999996
169.228000 54.908959 -47.318261 0.000000 0.000000 0.000000 0.002537 0.999997
169.292000 53.927794 -47.474621 0.000000 0.000000 0.000000 0.002919 0.999996
169.360000 52.977514 -47.781885 0.000000 0.000000 0.000000 0.003985 0.999992
169.424000 52.012450 -47.907177 0.000000 0.000000 0.000000 0.004655 0.999989
169.492000 51.045817 -48.083329 0.000000 0.000000 0.000000 0.005198 0.999986
169.556000 50.072342 -48.042005 0.000000 0.000000 0.000000 0.005165 0.999987
169.624000 49.125822 -47.817486 0.000000 0.000000 0.000000 0.004535 0.999990
169.688000 48.178467 -48.038490 0.000000 0.000000 0.000000 0.005232 0.999986
169.756000 47.288377 -48.433578 0.000000 0.000000 0.000000 0.007162 0.999974
169.820000 46.312885 -48.401552 0.000000 0.000000 0.000000 0.006650 0.999978
169.888000 45.329573 -48.400100 0.000000 0.000000 0.000000 0.006683 0.999978
169.952000 44.353250 -48.400490 0.000000 0.000000 0.000000 0.006683 0.999978
170.020000 44.179348 -48.683320 0.000000 0.000000 0.000000 0.013627 0.999907
170.084000 44.279457 -48.992273 0.000000 0.000000 0.000000 0.060468 0.998170
170.152000 43.280495 -49.032416 0.000000 0.000000 0.000000 0.086936 0.996214
170.216000 43.463101 -50.014719 0.000000 0.000000 0.000000 0.133519 0.991046
170.284000 43.796181 -50.957587 0.000000 0.000000 0.000000 0.190307 0.981725
170.348000 44.221498 -51.862284 0.000000 0.000000 0.000000 0.243642 0.969865
170.416000 44.694526 -52.743104 0.000000 0.000000 0.000000 0.302724 0.953078
170.480000 45.293250 -53.543909 0.000000 0.000000 0.000000 0.357425 0.933942
170.548000 45.989418 -54.261674 0.000000 0.000000 0.000000 0.409749 0.912198
170.612000 46.734086 -54.928433 0.000000 0.000000 0.000000 0.459854 0.887994
170.680000 47.562297 -55.488604 0.000000 0.000000 0.000000 0.507646 0.861566
170.744000 47.959289 -55.677867 0.000000 0.000000 0.000000 0.537497 0.843265
170.812000 48.062194 -55.572513 0.000000 0.000000 0.000000 0.540708 0.841211
170.876000 48.626131 -54.749901 0.000000 0.000000 0.000000 0.540370 0.841427
170.944000 47.991208 -55.492372 0.000000 0.000000 0.000000 0.539550 0.841954
171.008000 47.516294 -56.347484 0.000000 0.000000 0.000000 0.539498 0.841987
171.076000 48.125153 -55.581949 0.000000 0.000000 0.000000 0.538723 0.842483
171.140000 48.505797 -56.496013 0.000000 0.000000 0.000000 0.543205 0.839600
171.208000 48.033869 -57.352681 0.000000 0.000000 0.000000 0.542898 0.839799
171.272000 47.788937 -58.299149 0.000000 0.000000 0.000000 0.543367 0.839495
171.340000 47.371465 -59.182042 0.000000 0.000000 0.000000 0.542663 0.839950
171.404000 47.987055 -58.424285 0.000000 0.000000 0.000000 0.541902 0.840442
171.472000 47.532323 -59.285946 0.000000 0.000000 0.000000 0.541276 0.840845
171.536000 47.153019 -60.183228 0.000000 0.000000 0.000000 0.541616 0.840626
171.604000 47.692491 -59.369853 0.000000 0.000000 0.000000 0.541696 0.840575
171.668000 47.176464 -60.199380 0.000000 0.000000 0.000000 0.540722 0.841202
171.736000 46.772777 -61.086849 0.000000 0.000000 0.000000 0.540954 0.841052
171.800000 46.375800 -61.976314 0.000000 0.000000 0.000000 0.541160 0.840919
171.868000 45.971105 -62.871791 0.000000 0.000000 0.000000 0.541234 0.840872
171.932000 45.553768 -63.758627 0.000000 0.000000 0.000000 0.540909 0.841081
172.000000 45.217562 -64.672548 0.000000 0.000000 0.000000 0.541424 0.840750
172.064000 44.844406 -65.572194 0.000000 0.000000 0.000000 0.541276 0.840845
172.132000 44.471197 -66.471663 0.000000 0.000000 0.000000 0.541173 0.840911
172.196000 44.032927 -67.341649 0.000000 0.000000 0.000000 0.540844 0.841123
172.264000 43.662393 -68.249293 0.000000 0.000000 0.000000 0.541416 0.840755
172.328000 43.265462 -69.148600 0.000000 0.000000 0.000000 0.541601 0.840635
172.396000 42.875912 -70.041206 0.000000 0.000000 0.000000 0.541462 0.840725
172.460000 43.345936 -69.188923 0.000000 0.000000 0.000000 0.541190 0.840901
172.528000 44.028585 -68.491340 0.000000 0.000000 0.000000 0.540160 0.841562
172.592000 44.488021 -67.632658 0.000000 0.000000 0.000000 0.539831 0.841773
172.660000 45.064961 -66.845088 0.000000 0.000000 0.000000 0.539170 0.842197
172.724000 45.603574 -66.034932 0.000000 0.000000 0.000000 0.538771 0.842452
172.792000 44.800634 -66.600229 0.000000 0.000000 0.000000 0.536357 0.843991
172.856000 45.474494 -65.892897 0.000000 0.000000 0.000000 0.535747 0.844379
172.924000 46.156771 -65.193729 0.000000 0.000000 0.000000 0.534695 0.845045
172.988000 45.441450 -65.865630 0.000000 0.000000 0.000000 0.533534 0.845779
173.056000 45.995565 -65.063352 0.000000 0.000000 0.000000 0.532327 0.846539
173.120000 46.528650 -64.250484 0.000000 0.000000 0.000000 0.531794 0.846874
173.188000 47.120436 -63.474278 0.000000 0.000000 0.000000 0.530873 0.847451
173.252000 46.236681 -63.901070 0.000000 0.000000 0.000000 0.527526 0.849539
173.320000 45.495188 -64.542577 0.000000 0.000000 0.000000 0.525649 0.850701
173.384000 46.117610 -63.789498 0.000000 0.000000 0.000000 0.524821 0.851213
173.452000 46.770960 -63.064320 0.000000 0.000000 0.000000 0.524207 0.851591
173.516000 45.856912 -63.434950 0.000000 0.000000 0.000000 0.521807 0.853063
173.584000 46.595540 -62.797209 0.000000 0.000000 0.000000 0.520389 0.853929
173.648000 45.838621 -63.418005 0.000000 0.000000 0.000000 0.518838 0.854872
173.716000 44.896845 -63.086313 0.000000 0.000000 0.000000 0.515946 0.856621
173.780000 44.040057 -63.566810 0.000000 0.000000 0.000000 0.513501 0.858089
173.848000 43.070293 -63.773686 0.000000 0.000000 0.000000 0.510380 0.859949
173.912000 42.087802 -63.908418 0.000000 0.000000 0.000000 0.503604 0.863934
173.980000 41.281618 -64.461520 0.000000 0.000000 0.000000 0.501877 0.864939
174.044000 40.339096 -64.758806 0.000000 0.000000 0.000000 0.498233 0.867043
174.112000 39.379956 -64.479000 0.000000 0.000000 0.000000 0.475602 0.879660
174.176000 38.464781 -64.077471 0.000000 0.000000 0.000000 0.431533 0.902097
174.244000 37.573964 -63.623808 0.000000 0.000000 0.000000 0.390650 0.920539
174.308000 36.727215 -63.091816 0.000000 0.000000 0.000000 0.349280 0.937018
174.376000 36.049378 -63.824028 0.000000 0.000000 0.000000 0.326720 0.945121
174.440000 35.397552 -63.109408 0.000000 0.000000 0.000000 0.274173 0.961680
174.508000 34.791325 -62.329330 0.000000 0.000000 0.000000 0.221953 0.975057
174.572000 34.319152 -61.456680 0.000000 0.000000 0.000000 0.185497 0.982645
174.640000 33.352440 -61.531389 0.000000 0.000000 0.000000 0.176277 0.984341
174.704000 32.783619 -61.821139 0.000000 0.000000 0.000000 0.176404 0.984318
174.772000 32.016333 -62.410046 0.000000 0.000000 0.000000 0.177252 0.984165
174.836000 31.587869 -62.597778 0.000000 0.000000 0.000000 0.177059 0.984200
174.904000 31.243865 -62.817165 0.000000 0.000000 0.000000 0.177436 0.984132
174.968000 30.306685 -63.044399 0.000000 0.000000 0.000000 0.176586 0.984285
175.036000 29.533563 -63.678329 0.000000 0.000000 0.000000 0.177772 0.984072
175.100000 28.726476 -64.268761 0.000000 0.000000 0.000000 0.178197 0.983995
175.168000 27.948766 -64.897284 0.000000 0.000000 0.000000 0.179165 0.983819
175.232000 27.180907 -65.537845 0.000000 0.000000 0.000000 0.180517 0.983572
175.300000 26.269733 -65.865372 0.000000 0.000000 0.000000 0.180472 0.983580
175.364000 25.397034 -66.304579 0.000000 0.000000 0.000000 0.170290 0.985394
175.432000 26.274332 -65.865908 0.000000 0.000000 0.000000 0.145846 0.989307
175.496000 27.166082 -65.422951 0.000000 0.000000 0.000000 0.121722 0.992564
175.564000 27.166082 -65.422951 0.000000 0.000000 0.000000 0.121722 0.992564
175.628000 26.206351 -65.600225 0.000000 0.000000 0.000000 0.111943 0.993715
175.696000 25.279167 -65.898106 0.000000 0.000000 0.000000 0.112210 0.993685
175.760000 24.369605 -66.262090 0.000000 0.000000 0.000000 0.112541 0.993647
175.828000 23.435997 -66.575681 0.000000 0.000000 0.000000 0.113043 0.993590
175.892000 22.478827 -66.794615 0.000000 0.000000 0.000000 0.112954 0.993600
175.960000 21.534963 -67.028525 0.000000 0.000000 0.000000 0.118103 0.993001
176.024000 20.602365 -66.795298 0.000000 0.000000 0.000000 0.139689 0.990195
176.092000 19.735841 -67.234858 0.000000 0.000000 0.000000 0.165755 0.986167
176.156000 19.793598 -67.580867 0.000000 0.000000 0.000000 0.196611 0.980482
176.224000 18.816057 -67.781708 0.000000 0.000000 0.000000 0.221996 0.975048
176.288000 19.113318 -68.718558 0.000000 0.000000 0.000000 0.268126 0.963384
176.356000 18.205219 -69.057251 0.000000 0.000000 0.000000 0.291647 0.956526
176.420000 18.550288 -69.989507 0.000000 0.000000 0.000000 0.330541 0.943791
176.488000 19.084622 -70.831463 0.000000 0.000000 0.000000 0.375221 0.926936
176.552000 18.376517 -71.508570 0.000000 0.000000 0.000000 0.378449 0.925622
176.620000 17.701424 -72.233468 0.000000 0.000000 0.000000 0.378962 0.925412
176.684000 17.003927 -72.919878 0.000000 0.000000 0.000000 0.378904 0.925436
176.752000 16.311547 -73.611153 0.000000 0.000000 0.000000 0.378856 0.925456
176.816000 15.579795 -74.281189 0.000000 0.000000 0.000000 0.378384 0.925649
176.884000 14.877586 -74.983449 0.000000 0.000000 0.000000 0.375304 0.926902
176.948000 14.095864 -74.359838 0.000000 0.000000 0.000000 0.300916 0.953651
177.016000 13.498096 -73.565374 0.000000 0.000000 0.000000 0.259169 0.965832
177.080000 12.956532 -72.730502 0.000000 0.000000 0.000000 0.209802 0.977744
177.148000 12.546875 -71.818263 0.000000 0.000000 0.000000 0.169603 0.985513
177.212000 12.108927 -70.923945 0.000000 0.000000 0.000000 0.123559 0.992337
177.280000 11.760690 -69.986583 0.000000 0.000000 0.000000 0.076476 0.997071
177.344000 10.790739 -70.114624 0.000000 0.000000 0.000000 0.052727 0.998609
177.412000 9.841820 -70.345378 0.000000 0.000000 0.000000 0.050819 0.998708
177.476000 8.879257 -70.508358 0.000000 0.000000 0.000000 0.051044 0.998696
177.544000 7.918357 -70.682057 0.000000 0.000000 0.000000 0.051322 0.998682
177.608000 6.943245 -70.770714 0.000000 0.000000 0.000000 0.051300 0.998683
177.676000 7.916915 -70.855296 0.000000 0.000000 0.000000 0.050647 0.998717
177.740000 6.945060 -70.973463 0.000000 0.000000 0.000000 0.050998 0.998699
177.808000 5.977529 -71.088662 0.000000 0.000000 0.000000 0.050995 0.998699
177.872000 4.999496 -71.163168 0.000000 0.000000 0.000000 0.050910 0.998703
177.940000 4.096267 -71.530906 0.000000 0.000000 0.000000 0.051805 0.998657
178.004000 5.050205 -71.351236 0.000000 0.000000 0.000000 0.052194 0.998637
178.072000 4.104885 -71.572640 0.000000 0.000000 0.000000 0.052236 0.998635
178.136000 5.073995 -71.672997 0.000000 0.000000 0.000000 0.051572 0.998669
178.204000 6.047353 -71.649087 0.000000 0.000000 0.000000 0.051369 0.998680
178.268000 7.013767 -71.539644 0.000000 0.000000 0.000000 0.051383 0.998679
178.336000 6.084812 -71.845459 0.000000 0.000000 0.000000 0.051952 0.998650
178.400000 5.124383 -71.980880 0.000000 0.000000 0.000000 0.052033 0.998645
178.468000 4.157621 -72.054740 0.000000 0.000000 0.000000 0.051812 0.998657
178.532000 3.189751 -72.167859 0.000000 0.000000 0.000000 0.051769 0.998659
178.600000 2.320380 -72.614396 0.000000 0.000000 0.000000 0.053328 0.998577
178.664000 1.348847 -72.683749 0.000000 0.000000 0.000000 0.053390 0.998574
178.732000 0.400735 -72.893321 0.000000 0.000000 0.000000 0.053749 0.998555
178.796000 1.367641 -72.825558 0.000000 0.000000 0.000000 0.053550 0.998565
178.864000 0.797698 -73.619953 0.000000 0.000000 0.000000 0.056700 0.998391
178.928000 -0.171385 -73.659923 0.000000 0.000000 0.000000 0.056549 0.998400
178.996000 -1.091299 -73.962808 0.000000 0.000000 0.000000 0.057101 0.998368
179.060000 -0.125066 -73.847501 0.000000 0.000000 0.000000 0.057101 0.998368
179.128000 -1.095333 -73.990005 0.000000 0.000000 0.000000 0.057101 0.998368
179.192000 -0.122820 -73.950724 0.000000 0.000000 0.000000 0.057069 0.998370
179.260000 0.872576 -73.967940 0.000000 0.000000 0.000000 0.056820 0.998384
179.324000 1.836428 -73.821727 0.000000 0.000000 0.000000 0.056930 0.998378
179.392000 0.870175 -73.901007 0.000000 0.000000 0.000000 0.057070 0.998370
179.456000 -0.093100 -74.001784 0.000000 0.000000 0.000000 0.056762 0.998388
179.524000 0.432209 -73.174568 0.000000 0.000000 0.000000 0.059712 0.998216
179.588000 -0.536779 -73.281049 0.000000 0.000000 0.000000 0.059705 0.998216
179.656000 -1.502685 -73.361439 0.000000 0.000000 0.000000 0.059620 0.998221
179.720000 -2.471396 -73.447030 0.000000 0.000000 0.000000 0.059538 0.998226
179.788000 -3.450318 -73.567139 0.000000 0.000000 0.000000 0.059709 0.998216
179.852000 -4.421884 -73.686309 0.000000 0.000000 0.000000 0.068642 0.997641
179.920000 -4.353779 -74.677198 0.000000 0.000000 0.000000 0.122213 0.992504
179.984000 -4.251084 -75.671868 0.000000 0.000000 0.000000 0.169799 0.985479
180.052000 -4.017072 -76.643734 0.000000 0.000000 0.000000 0.223097 0.974796
180.116000 -3.560644 -77.532335 0.000000 0.000000 0.000000 0.274268 0.961653
180.184000 -3.143490 -78.441005 0.000000 0.000000 0.000000 0.320558 0.947229
180.248000 -2.647957 -79.309026 0.000000 0.000000 0.000000 0.361723 0.932286
180.316000 -2.119045 -80.157614 0.000000 0.000000 0.000000 0.407723 0.913106
180.380000 -1.500422 -80.942319 0.000000 0.000000 0.000000 0.445127 0.895467
180.448000 -2.197729 -81.631018 0.000000 0.000000 0.000000 0.444428 0.895815
180.512000 -1.636118 -80.828778 0.000000 0.000000 0.000000 0.444471 0.895793
180.580000 -1.043077 -80.052836 0.000000 0.000000 0.000000 0.444446 0.895805
180.644000 -0.445027 -79.278390 0.000000 0.000000 0.000000 0.444446 0.895805
180.712000 -1.410809 -79.439436 0.000000 0.000000 0.000000 0.440890 0.897561
180.776000 -0.824152 -78.658320 0.000000 0.000000 0.000000 0.440939 0.897537
180.844000 -1.094157 -79.595851 0.000000 0.000000 0.000000 0.442031 0.897000
180.908000 -2.044145 -79.829617 0.000000 0.000000 0.000000 0.438710 0.898629
180.976000 -3.020853 -79.975691 0.000000 0.000000 0.000000 0.434731 0.900560
181.040000 -3.986654 -79.721596 0.000000 0.000000 0.000000 0.429475 0.903079
181.108000 -4.946283 -79.455861 0.000000 0.000000 0.000000 0.423495 0.905898
181.172000 -5.921647 -79.537451 0.000000 0.000000 0.000000 0.419107 0.907937
181.240000 -6.879178 -79.285103 0.000000 0.000000 0.000000 0.412827 0.910809
181.304000 -7.861714 -79.295429 0.000000 0.000000 0.000000 0.408979 0.912544
181.372000 -8.842787 -79.343403 0.000000 0.000000 0.000000 0.405054 0.914293
181.436000 -8.241866 -78.573115 0.000000 0.000000 0.000000 0.405406 0.914137
181.504000 -9.210349 -78.458896 0.000000 0.000000 0.000000 0.400110 0.916467
181.568000 -10.167989 -78.215203 0.000000 0.000000 0.000000 0.393689 0.919244
181.636000 -11.077826 -77.845828 0.000000 0.000000 0.000000 0.385262 0.922807
181.700000 -12.058750 -77.866116 0.000000 0.000000 0.000000 0.381472 0.924380
181.768000 -13.045377 -77.813765 0.000000 0.000000 0.000000 0.377789 0.925892
181.832000 -13.986017 -77.500836 0.000000 0.000000 0.000000 0.372128 0.928182
181.900000 -14.950694 -77.284774 0.000000 0.000000 0.000000 0.367167 0.930155
181.964000 -15.941875 -77.216611 0.000000 0.000000 0.000000 0.363411 0.931629
182.032000 -16.911564 -77.005627 0.000000 0.000000 0.000000 0.358182 0.933652
182.096000 -17.886290 -76.858679 0.000000 0.000000 0.000000 0.353430 0.935461
182.164000 -17.134706 -76.230366 0.000000 0.000000 0.000000 0.353144 0.935569
182.228000 -18.101918 -76.055987 0.000000 0.000000 0.000000 0.347976 0.937504
182.296000 -17.394946 -75.377532 0.000000 0.000000 0.000000 0.348121 0.937450
182.360000 -16.736412 -74.654755 0.000000 0.000000 0.000000 0.348721 0.937227
182.428000 -17.697058 -74.526144 0.000000 0.000000 0.000000 0.343828 0.939033
182.492000 -16.997519 -73.841712 0.000000 0.000000 0.000000 0.343796 0.939044
182.560000 -16.299041 -73.158849 0.000000 0.000000 0.000000 0.343847 0.939026
182.624000 -17.239240 -72.904834 0.000000 0.000000 0.000000 0.337411 0.941358
182.692000 -17.956363 -73.572724 0.000000 0.000000 0.000000 0.337803 0.941217
182.756000 -17.251697 -72.898808 0.000000 0.000000 0.000000 0.337839 0.941204
182.824000 -16.502654 -72.268165 0.000000 0.000000 0.000000 0.337838 0.941204
182.888000 -15.757194 -71.636997 0.000000 0.000000 0.000000 0.337789 0.941222
182.956000 -15.025711 -70.992384 0.000000 0.000000 0.000000 0.337918 0.941176
183.020000 -14.281966 -70.358718 0.000000 0.000000 0.000000 0.337975 0.941155
183.088000 -15.016664 -70.999857 0.000000 0.000000 0.000000 0.338197 0.941075
183.152000 -15.742521 -71.649193 0.000000 0.000000 0.000000 0.338340 0.941024
183.220000 -16.476131 -72.297060 0.000000 0.000000 0.000000 0.338707 0.940892
183.284000 -16.539694 -73.282074 0.000000 0.000000 0.000000 0.342699 0.939445
183.352000 -17.304468 -73.893622 0.000000 0.000000 0.000000 0.342485 0.939523
183.416000 -16.558256 -73.261083 0.000000 0.000000 0.000000 0.342593 0.939484
183.484000 -15.870441 -72.568200 0.000000 0.000000 0.000000 0.342960 0.939350
183.548000 -15.189046 -71.866752 0.000000 0.000000 0.000000 0.343253 0.939243
183.616000 -14.554461 -71.127413 0.000000 0.000000 0.000000 0.343828 0.939033
183.680000 -14.794481 -72.081300 0.000000 0.000000 0.000000 0.346783 0.937946
183.748000 -15.730498 -71.767422 0.000000 0.000000 0.000000 0.340132 0.940378
183.812000 -15.674166 -72.756138 0.000000 0.000000 0.000000 0.343174 0.939272
183.880000 -15.784594 -73.738411 0.000000 0.000000 0.000000 0.346133 0.938185
183.944000 -15.123145 -73.020375 0.000000 0.000000 0.000000 0.346606 0.938011
184.012000 -15.183781 -74.004416 0.000000 0.000000 0.000000 0.350918 0.936406
184.076000 -15.138987 -74.988806 0.000000 0.000000 0.000000 0.354135 0.935194
184.144000 -14.511317 -75.766143 0.000000 0.000000 0.000000 0.364981 0.931015
184.208000 -15.487338 -75.877377 0.000000 0.000000 0.000000 0.362641 0.931929
184.276000 -15.786621 -76.809666 0.000000 0.000000 0.000000 0.364606 0.931162
184.340000 -15.531376 -77.769701 0.000000 0.000000 0.000000 0.368977 0.929439
184.408000 -16.495464 -77.959668 0.000000 0.000000 0.000000 0.367344 0.930085
184.472000 -17.481651 -77.905986 0.000000 0.000000 0.000000 0.361655 0.932312
184.540000 -18.459240 -78.031905 0.000000 0.000000 0.000000 0.358743 0.933436
184.604000 -18.011726 -78.899496 0.000000 0.000000 0.000000 0.366543 0.930401
184.672000 -17.377274 -78.158825 0.000000 0.000000 0.000000 0.366804 0.930298
184.736000 -17.594737 -79.116051 0.000000 0.000000 0.000000 0.369733 0.929138
184.804000 -16.904188 -78.425597 0.000000 0.000000 0.000000 0.369829 0.929100
184.868000 -17.833437 -78.104520 0.000000 0.000000 0.000000 0.359278 0.933230
184.936000 -18.201927 -79.019651 0.000000 0.000000 0.000000 0.361189 0.932493
185.000000 -18.443858 -79.968548 0.000000 0.000000 0.000000 0.364205 0.931319
185.068000 -17.691144 -79.344851 0.000000 0.000000 0.000000 0.364177 0.931330
185.132000 -16.897612 -78.773130 0.000000 0.000000 0.000000 0.363552 0.931574
185.200000 -16.139936 -78.155727 0.000000 0.000000 0.000000 0.363344 0.931655
185.264000 -15.426058 -77.486548 0.000000 0.000000 0.000000 0.363335 0.931659
185.332000 -16.181193 -78.107295 0.000000 0.000000 0.000000 0.362945 0.931811
185.396000 -15.553076 -77.360567 0.000000 0.000000 0.000000 0.363652 0.931535
185.464000 -16.044814 -78.201565 0.000000 0.000000 0.000000 0.364978 0.931016
185.528000 -15.467127 -77.413922 0.000000 0.000000 0.000000 0.365781 0.930701
185.596000 -16.207815 -78.051420 0.000000 0.000000 0.000000 0.365714 0.930727
185.660000 -16.962695 -78.670722 0.000000 0.000000 0.000000 0.365346 0.930872
185.728000 -17.623137 -79.388561 0.000000 0.000000 0.000000 0.365681 0.930740
185.792000 -17.035485 -78.613581 0.000000 0.000000 0.000000 0.366471 0.930429
185.860000 -18.002551 -78.631803 0.000000 0.000000 0.000000 0.360729 0.932671
185.924000 -18.636920 -79.372154 0.000000 0.000000 0.000000 0.361260 0.932465
185.992000 -19.195301 -80.164591 0.000000 0.000000 0.000000 0.362514 0.931978
186.056000 -19.973749 -80.758054 0.000000 0.000000 0.000000 0.362113 0.932134
186.124000 -20.742712 -81.359928 0.000000 0.000000 0.000000 0.361711 0.932290
186.188000 -21.436679 -82.049756 0.000000 0.000000 0.000000 0.362277 0.932071
186.256000 -22.084369 -82.772458 0.000000 0.000000 0.000000 0.362684 0.931912
186.320000 -22.701188 -83.525613 0.000000 0.000000 0.000000 0.363267 0.931685
186.388000 -23.369334 -84.238196 0.000000 0.000000 0.000000 0.363567 0.931568
186.452000 -24.092785 -84.893944 0.000000 0.000000 0.000000 0.363252 0.931691
186.520000 -24.758175 -85.609891 0.000000 0.000000 0.000000 0.363879 0.931446
186.584000 -25.584393 -86.151541 0.000000 0.000000 0.000000 0.362904 0.931826
186.652000 -26.218281 -86.892516 0.000000 0.000000 0.000000 0.363342 0.931656
186.716000 -26.917106 -87.574976 0.000000 0.000000 0.000000 0.363574 0.931565
186.784000 -27.696697 -88.164057 0.000000 0.000000 0.000000 0.363231 0.931699
186.848000 -28.357399 -88.882577 0.000000 0.000000 0.000000 0.363498 0.931595
186.916000 -28.998234 -89.618323 0.000000 0.000000 0.000000 0.364027 0.931388
186.980000 -29.702985 -90.296381 0.000000 0.000000 0.000000 0.364416 0.931236
187.048000 -30.474718 -90.892886 0.000000 0.000000 0.000000 0.363592 0.931558
187.112000 -31.180070 -91.581057 0.000000 0.000000 0.000000 0.363594 0.931557
187.180000 -31.851941 -92.318363 0.000000 0.000000 0.000000 0.346470 0.938061
187.244000 -32.649481 -92.918964 0.000000 0.000000 0.000000 0.324279 0.945961
187.312000 -33.375242 -93.606775 0.000000 0.000000 0.000000 0.300825 0.953679
187.376000 -34.057666 -92.900240 0.000000 0.000000 0.000000 0.245945 0.969284
187.444000 -34.693392 -92.128649 0.000000 0.000000 0.000000 0.194429 0.980917
187.508000 -35.185746 -91.258516 0.000000 0.000000 0.000000 0.136292 0.990669
187.576000 -35.608667 -90.375994 0.000000 0.000000 0.000000 0.087590 0.996157
187.640000 -35.908220 -89.425858 0.000000 0.000000 0.000000 0.036978 0.999316
187.708000 -36.067886 -88.453837 0.000000 0.000000 0.000000 -0.018535 0.999828
187.772000 -36.109083 -87.500091 0.000000 0.000000 0.000000 -0.072855 0.997343
187.840000 -36.089929 -86.521291 0.000000 0.000000 0.000000 -0.127028 0.991899
187.904000 -35.912964 -85.550626 0.000000 0.000000 0.000000 -0.188436 0.982086
187.972000 -35.665086 -84.605421 0.000000 0.000000 0.000000 -0.242942 0.970041
188.036000 -36.524025 -84.096457 0.000000 0.000000 0.000000 -0.267548 0.963545
188.104000 -36.126586 -83.180640 0.000000 0.000000 0.000000 -0.320456 0.947263
188.168000 -36.945737 -82.609963 0.000000 0.000000 0.000000 -0.343560 0.939131
188.236000 -37.727749 -82.002336 0.000000 0.000000 0.000000 -0.367602 0.929983
188.300000 -38.482997 -81.349086 0.000000 0.000000 0.000000 -0.390566 0.920575
188.368000 -39.256286 -80.717346 0.000000 0.000000 0.000000 -0.413535 0.910488
188.432000 -39.990149 -80.046234 0.000000 0.000000 0.000000 -0.435766 0.900060
188.500000 -40.681350 -79.324819 0.000000 0.000000 0.000000 -0.458726 0.888578
188.564000 -39.954980 -78.637570 0.000000 0.000000 0.000000 -0.510251 0.860026
188.632000 -40.530023 -77.819454 0.000000 0.000000 0.000000 -0.532444 0.846465
188.696000 -41.045159 -76.962925 0.000000 0.000000 0.000000 -0.552999 0.833182
188.764000 -41.530463 -76.090578 0.000000 0.000000 0.000000 -0.573908 0.818920
188.828000 -40.660554 -75.617309 0.000000 0.000000 0.000000 -0.613446 0.789736
188.896000 -39.739579 -75.257339 0.000000 0.000000 0.000000 -0.664498 0.747290
188.960000 -38.766257 -75.038605 0.000000 0.000000 0.000000 -0.700932 0.713228
189.028000 -37.779708 -74.950021 0.000000 0.000000 0.000000 0.736403 -0.676543
189.092000 -36.793405 -74.818147 0.000000 0.000000 0.000000 0.754088 -0.656774
189.160000 -35.917841 -74.335211 0.000000 0.000000 0.000000 0.758939 -0.651162
189.224000 -35.076333 -73.803023 0.000000 0.000000 0.000000 0.762748 -0.646696
189.292000 -34.163742 -73.397927 0.000000 0.000000 0.000000 0.770017 -0.638024
189.356000 -33.354678 -72.813472 0.000000 0.000000 0.000000 0.773230 -0.634125
189.424000 -32.929982 -71.933963 0.000000 0.000000 0.000000 0.773918 -0.633286
189.488000 -33.469431 -71.104581 0.000000 0.000000 0.000000 0.771684 -0.636006
189.556000 -32.691342 -70.477982 0.000000 0.000000 0.000000 0.774750 -0.632268
189.620000 -31.899029 -69.869623 0.000000 0.000000 0.000000 0.777850 -0.628450
189.688000 -31.036255 -69.374978 0.000000 0.000000 0.000000 0.782223 -0.622999
189.752000 -31.816162 -68.753268 0.000000 0.000000 0.000000 0.780227 -0.625497
189.820000 -32.693820 -68.274311 0.000000 0.000000 0.000000 0.775958 -0.630784
189.884000 -31.815350 -67.828713 0.000000 0.000000 0.000000 0.778810 -0.627260
189.952000 -31.997521 -66.877841 0.000000 0.000000 0.000000 0.777580 -0.628784
190.016000 -31.970641 -65.912009 0.000000 0.000000 0.000000 0.777203 -0.629250
190.084000 -31.387490 -65.116330 0.000000 0.000000 0.000000 0.778711 -0.627382
190.148000 -30.580544 -64.556547 0.000000 0.000000 0.000000 0.781315 -0.624138
190.216000 -31.292415 -65.257827 0.000000 0.000000 0.000000 0.783335 -0.621600
190.280000 -31.268754 -64.292184 0.000000 0.000000 0.000000 0.782759 -0.622325
190.348000 -31.266622 -65.254530 0.000000 0.000000 0.000000 0.782009 -0.623267
190.412000 -30.512946 -64.622911 0.000000 0.000000 0.000000 0.785212 -0.619227
190.480000 -30.615516 -65.580230 0.000000 0.000000 0.000000 0.785086 -0.619387
190.544000 -29.928490 -64.869867 0.000000 0.000000 0.000000 0.787082 -0.616849
190.612000 -29.934674 -63.912711 0.000000 0.000000 0.000000 0.786437 -0.617671
190.676000 -29.009491 -63.534684 0.000000 0.000000 0.000000 0.790584 -0.612354
190.744000 -28.234370 -62.959692 0.000000 0.000000 0.000000 0.793188 -0.608977
190.808000 -27.445016 -62.371208 0.000000 0.000000 0.000000 0.796384 -0.604792
190.876000 -26.693062 -61.762313 0.000000 0.000000 0.000000 0.799486 -0.600684
190.940000 -25.943048 -61.144100 0.000000 0.000000 0.000000 0.802711 -0.596368
191.008000 -25.237771 -60.475460 0.000000 0.000000 0.000000 0.805116 -0.593118
191.072000 -24.969890 -59.541100 0.000000 0.000000 0.000000 0.804611 -0.593802
191.140000 -24.112085 -59.066707 0.000000 0.000000 0.000000 0.810414 -0.585858
191.204000 -23.860079 -58.153912 0.000000 0.000000 0.000000 0.810463 -0.585790
191.272000 -22.952768 -57.746898 0.000000 0.000000 0.000000 0.814099 -0.580726
191.336000 -22.270374 -57.016063 0.000000 0.000000 0.000000 0.815826 -0.578297
191.404000 -22.076078 -56.035682 0.000000 0.000000 0.000000 0.825064 -0.565040
191.468000 -21.094353 -56.217771 0.000000 0.000000 0.000000 0.852193 -0.523227
191.536000 -21.330121 -57.187882 0.000000 0.000000 0.000000 0.865770 -0.500442
191.600000 -20.398790 -57.537662 0.000000 0.000000 0.000000 0.888234 -0.459392
191.668000 -19.522373 -57.987593 0.000000 0.000000 0.000000 0.910920 -0.412582
191.732000 -18.677450 -58.522190 0.000000 0.000000 0.000000 0.925556 -0.378611
191.800000 -17.854177 -59.089617 0.000000 0.000000 0.000000 0.943763 -0.330623
191.864000 -17.212240 -58.362963 0.000000 0.000000 0.000000 0.945375 -0.325984
191.932000 -17.871979 -59.111171 0.000000 0.000000 0.000000 0.945042 -0.326948
191.996000 -17.216073 -58.399449 0.000000 0.000000 0.000000 0.944736 -0.327833
192.064000 -16.575079 -57.672693 0.000000 0.000000 0.000000 0.944380 -0.328856
192.128000 -15.915123 -56.960013 0.000000 0.000000 0.000000 0.944014 -0.329907
192.196000 -15.290535 -56.220797 0.000000 0.000000 0.000000 0.943587 -0.331126
192.260000 -14.658781 -55.452506 0.000000 0.000000 0.000000 0.943076 -0.332578
192.328000 -14.703334 -54.460001 0.000000 0.000000 0.000000 0.941198 -0.337855
192.392000 -14.752672 -53.471224 0.000000 0.000000 0.000000 0.939595 -0.342287
192.460000 -14.667751 -52.487288 0.000000 0.000000 0.000000 0.937265 -0.348618
192.524000 -14.082171 -51.708561 0.000000 0.000000 0.000000 0.936786 -0.349902
192.592000 -13.494370 -50.936019 0.000000 0.000000 0.000000 0.936252 -0.351329
192.656000 -13.157293 -49.998630 0.000000 0.000000 0.000000 0.935407 -0.353573
192.724000 -13.320805 -49.016624 0.000000 0.000000 0.000000 0.933413 -0.358804
192.788000 -13.400314 -48.025871 0.000000 0.000000 0.000000 0.931695 -0.363241
192.856000 -12.871996 -47.215314 0.000000 0.000000 0.000000 0.930982 -0.365065
192.920000 -12.709785 -46.239556 0.000000 0.000000 0.000000 0.929564 -0.368660
192.988000 -12.593742 -45.252374 0.000000 0.000000 0.000000 0.928153 -0.372199
193.052000 -12.076544 -44.405098 0.000000 0.000000 0.000000 0.927473 -0.373890
193.120000 -12.221098 -43.418047 0.000000 0.000000 0.000000 0.925245 -0.379371
193.184000 -11.852535 -42.516306 0.000000 0.000000 0.000000 0.923941 -0.382535
193.252000 -12.066530 -41.559428 0.000000 0.000000 0.000000 0.921060 -0.389421
193.316000 -11.576754 -40.733319 0.000000 0.000000 0.000000 0.920299 -0.391216
193.384000 -11.036088 -39.894543 0.000000 0.000000 0.000000 0.919902 -0.392147
193.448000 -10.627561 -39.021380 0.000000 0.000000 0.000000 0.918734 -0.394876
193.516000 -10.995708 -38.102649 0.000000 0.000000 0.000000 0.916080 -0.400996
193.580000 -10.282678 -37.432194 0.000000 0.000000 0.000000 0.916298 -0.400498
193.648000 -10.379523 -36.467654 0.000000 0.000000 0.000000 0.913373 -0.407124
193.712000 -10.490137 -35.485766 0.000000 0.000000 0.000000 0.911345 -0.411643
193.780000 -10.126890 -34.579519 0.000000 0.000000 0.000000 0.909948 -0.414723
193.844000 -10.370108 -33.616361 0.000000 0.000000 0.000000 0.907549 -0.419947
193.912000 -10.585472 -32.650538 0.000000 0.000000 0.000000 0.904904 -0.425616
193.976000 -10.683745 -31.662097 0.000000 0.000000 0.000000 0.902545 -0.430596
194.044000 -10.097280 -30.879738 0.000000 0.000000 0.000000 0.902517 -0.430653
194.108000 -10.276385 -29.904664 0.000000 0.000000 0.000000 0.900217 -0.435441
194.176000 -9.682906 -29.118079 0.000000 0.000000 0.000000 0.900251 -0.435371
194.240000 -9.038388 -28.383688 0.000000 0.000000 0.000000 0.900435 -0.434990
194.308000 -9.499812 -27.496934 0.000000 0.000000 0.000000 0.895179 -0.445708
194.372000 -8.793893 -26.825222 0.000000 0.000000 0.000000 0.895658 -0.444743
194.440000 -8.206819 -26.042839 0.000000 0.000000 0.000000 0.895604 -0.444853
194.504000 -8.556922 -25.108523 0.000000 0.000000 0.000000 0.890506 -0.454971
194.572000 -8.623668 -24.115732 0.000000 0.000000 0.000000 0.888845 -0.458208
194.636000 -8.608674 -23.119338 0.000000 0.000000 0.000000 0.887418 -0.460966
194.704000 -8.624619 -22.126707 0.000000 0.000000 0.000000 0.885752 -0.464159
194.768000 -8.861049 -21.164415 0.000000 0.000000 0.000000 0.882356 -0.470582
194.836000 -8.812847 -20.173609 0.000000 0.000000 0.000000 0.881068 -0.472989
194.900000 -9.107848 -19.224113 0.000000 0.000000 0.000000 0.878609 -0.477541
194.968000 -9.325108 -18.259034 0.000000 0.000000 0.000000 0.875677 -0.482897
195.032000 -9.823216 -17.416951 0.000000 0.000000 0.000000 0.870551 -0.492078
195.100000 -9.357650 -16.555929 0.000000 0.000000 0.000000 0.870520 -0.492133
195.164000 -8.903295 -15.669194 0.000000 0.000000 0.000000 0.870462 -0.492235
195.232000 -8.377454 -14.855492 0.000000 0.000000 0.000000 0.870599 -0.491994
195.296000 -7.917136 -14.003704 0.000000 0.000000 0.000000 0.870504 -0.492161
195.364000 -7.421816 -13.153629 0.000000 0.000000 0.000000 0.870411 -0.492326
195.428000 -6.823209 -12.354756 0.000000 0.000000 0.000000 0.870508 -0.492154
195.496000 -6.245573 -11.545903 0.000000 0.000000 0.000000 0.870867 -0.491518
195.560000 -5.757082 -10.701790 0.000000 0.000000 0.000000 0.870953 -0.491367
195.628000 -5.361969 -9.809534 0.000000 0.000000 0.000000 0.870558 -0.492065
195.692000 -5.844642 -8.936878 0.000000 0.000000 0.000000 0.862945 -0.505299
195.760000 -6.616595 -8.303739 0.000000 0.000000 0.000000 0.834261 -0.551370
195.824000 -7.483679 -7.814955 0.000000 0.000000 0.000000 0.802269 -0.596963
195.892000 -8.375969 -7.376321 0.000000 0.000000 0.000000 0.767473 -0.641082
195.956000 -9.324792 -7.061725 0.000000 0.000000 0.000000 0.733631 -0.679549
196.024000 -10.299739 -6.842840 0.000000 0.000000 0.000000 -0.695440 0.718584
196.088000 -11.276430 -6.770283 0.000000 0.000000 0.000000 -0.654092 0.756415
196.156000 -12.276406 -6.774276 0.000000 0.000000 0.000000 -0.613503 0.789693
196.220000 -13.254739 -6.973191 0.000000 0.000000 0.000000 -0.562868 0.826547
196.288000 -13.442891 -6.020951 0.000000 0.000000 0.000000 -0.560767 0.827974
196.352000 -12.928481 -6.841970 0.000000 0.000000 0.000000 -0.560163 0.828382
196.420000 -13.287369 -5.945209 0.000000 0.000000 0.000000 -0.560034 0.828469
196.484000 -13.608183 -5.016416 0.000000 0.000000 0.000000 -0.560090 0.828432
196.552000 -14.007849 -4.125746 0.000000 0.000000 0.000000 -0.560000 0.828492
196.616000 -14.454229 -3.263309 0.000000 0.000000 0.000000 -0.559437 0.828873
196.684000 -14.902375 -2.402089 0.000000 0.000000 0.000000 -0.559052 0.829133
196.748000 -15.268329 -1.508809 0.000000 0.000000 0.000000 -0.558798 0.829304
196.816000 -15.619145 -0.596866 0.000000 0.000000 0.000000 -0.558643 0.829408
196.880000 -16.102691 0.244540 0.000000 0.000000 0.000000 -0.558207 0.829702
196.948000 -16.651664 1.044527 0.000000 0.000000 0.000000 -0.557311 0.830304
197.012000 -16.937056 1.975589 0.000000 0.000000 0.000000 -0.557344 0.830282
197.080000 -17.197278 2.913646 0.000000 0.000000 0.000000 -0.557871 0.829928
197.144000 -16.675462 3.758089 0.000000 0.000000 0.000000 -0.560151 0.828390
197.212000 -17.004846 4.673129 0.000000 0.000000 0.000000 -0.560159 0.828385
197.276000 -17.998850 4.626037 0.000000 0.000000 0.000000 -0.548522 0.836136
197.344000 -18.976220 4.414595 0.000000 0.000000 0.000000 -0.511712 0.859157
197.408000 -19.915764 4.103716 0.000000 0.000000 0.000000 -0.474338 0.880343
197.476000 -20.834526 3.773420 0.000000 0.000000 0.000000 -0.437986 0.898982
197.540000 -21.680456 3.311416 0.000000 0.000000 0.000000 -0.395836 0.918321
197.608000 -22.492211 2.798760 0.000000 0.000000 0.000000 -0.355573 0.934648
197.672000 -23.283506 2.274450 0.000000 0.000000 0.000000 -0.316663 0.948538
197.740000 -23.977867 1.555291 0.000000 0.000000 0.000000 -0.270226 0.962797
197.804000 -24.634162 0.853821 0.000000 0.000000 0.000000 -0.228831 0.973466
197.872000 -25.500309 1.297295 0.000000 0.000000 0.000000 -0.221801 0.975092
197.936000 -24.560720 0.963289 0.000000 0.000000 0.000000 -0.221257 0.975216
198.004000 -25.460119 1.350273 0.000000 0.000000 0.000000 -0.220729 0.975335
198.068000 -26.392662 1.635028 0.000000 0.000000 0.000000 -0.220122 0.975472
198.136000 -27.299923 1.989540 0.000000 0.000000 0.000000 -0.219596 0.975591
198.200000 -28.166246 2.430957 0.000000 0.000000 0.000000 -0.220013 0.975497
198.268000 -29.052819 2.841781 0.000000 0.000000 0.000000 -0.220016 0.975496
198.332000 -29.938925 3.257956 0.000000 0.000000 0.000000 -0.220087 0.975480
198.400000 -30.651770 3.958102 0.000000 0.000000 0.000000 -0.221930 0.975063
198.464000 -31.577786 3.645403 0.000000 0.000000 0.000000 -0.219167 0.975687
198.532000 -30.635590 3.397877 0.000000 0.000000 0.000000 -0.218630 0.975808
198.596000 -31.488507 3.862146 0.000000 0.000000 0.000000 -0.218702 0.975792
198.664000 -31.935659 4.733531 0.000000 0.000000 0.000000 -0.222613 0.974907
198.728000 -30.996261 4.472109 0.000000 0.000000 0.000000 -0.221731 0.975108
198.796000 -31.655412 5.221094 0.000000 0.000000 0.000000 -0.224095 0.974567
198.860000 -31.815799 6.187129 0.000000 0.000000 0.000000 -0.229683 0.973265
198.928000 -30.876412 5.919958 0.000000 0.000000 0.000000 -0.228576 0.973526
198.992000 -29.941253 5.646937 0.000000 0.000000 0.000000 -0.227552 0.973766
199.060000 -29.002581 5.386775 0.000000 0.000000 0.000000 -0.226897 0.973919
199.124000 -28.064047 5.115260 0.000000 0.000000 0.000000 -0.226428 0.974028
199.192000 -28.394828 6.044283 0.000000 0.000000 0.000000 -0.230621 0.973044
199.256000 -28.956092 6.868471 0.000000 0.000000 0.000000 -0.233608 0.972331
199.324000 -29.281957 7.807874 0.000000 0.000000 0.000000 -0.239723 0.970841
199.388000 -28.362312 7.492557 0.000000 0.000000 0.000000 -0.238982 0.971024
199.456000 -29.317006 7.703280 0.000000 0.000000 0.000000 -0.238143 0.971230
199.520000 -28.367772 7.484692 0.000000 0.000000 0.000000 -0.237068 0.971493
199.588000 -29.308718 7.741927 0.000000 0.000000 0.000000 -0.235894 0.971779
199.652000 -28.361254 7.532788 0.000000 0.000000 0.000000 -0.234816 0.972040
199.720000 -27.422775 7.272480 0.000000 0.000000 0.000000 -0.233725 0.972303
199.784000 -26.486252 7.002236 0.000000 0.000000 0.000000 -0.232746 0.972538
199.852000 -27.411194 7.300936 0.000000 0.000000 0.000000 -0.232258 0.972654
199.916000 -26.471589 7.047874 0.000000 0.000000 0.000000 -0.230989 0.972956
199.984000 -27.441261 7.115023 0.000000 0.000000 0.000000 -0.228747 0.973486
200.048000 -28.382388 7.358111 0.000000 0.000000 0.000000 -0.227861 0.973694
200.116000 -29.318518 7.612526 0.000000 0.000000 0.000000 -0.226806 0.973940
200.180000 -30.264943 7.824816 0.000000 0.000000 0.000000 -0.225605 0.974219
200.248000 -31.225631 8.101743 0.000000 0.000000 0.000000 -0.224924 0.974376
200.312000 -32.170631 8.377451 0.000000 0.000000 0.000000 -0.223816 0.974631
200.380000 -33.126251 8.644795 0.000000 0.000000 0.000000 -0.222851 0.974853
200.444000 -34.109010 8.829340 0.000000 0.000000 0.000000 -0.221890 0.975072
200.512000 -35.062685 9.076825 0.000000 0.000000 0.000000 -0.220496 0.975388
200.576000 -36.020941 9.326647 0.000000 0.000000 0.000000 -0.219672 0.975574
200.644000 -36.628675 10.118083 0.000000 0.000000 0.000000 -0.221694 0.975116
200.708000 -37.586320 10.367104 0.000000 0.000000 0.000000 -0.220541 0.975378
200.776000 -38.547892 10.609110 0.000000 0.000000 0.000000 -0.219214 0.975677
200.840000 -39.461871 10.922989 0.000000 0.000000 0.000000 -0.219118 0.975698
200.908000 -40.403209 11.182290 0.000000 0.000000 0.000000 -0.217835 0.975986
200.972000 -41.366568 11.448159 0.000000 0.000000 0.000000 -0.216765 0.976224
201.040000 -42.335916 11.654702 0.000000 0.000000 0.000000 -0.214996 0.976615
201.104000 -42.291088 12.639720 0.000000 0.000000 0.000000 -0.225405 0.974265
201.172000 -41.353347 12.432407 0.000000 0.000000 0.000000 -0.223798 0.974636
201.236000 -42.290566 12.670471 0.000000 0.000000 0.000000 -0.222441 0.974946
201.304000 -43.257704 12.878824 0.000000 0.000000 0.000000 -0.220773 0.975325
201.368000 -42.308595 12.699465 0.000000 0.000000 0.000000 -0.219213 0.975677
201.436000 -42.820260 13.511892 0.000000 0.000000 0.000000 -0.223513 0.974701
201.500000 -43.794718 13.705000 0.000000 0.000000 0.000000 -0.221721 0.975110
201.568000 -44.750512 13.899598 0.000000 0.000000 0.000000 -0.226086 0.974107
201.632000 -43.793516 13.619753 0.000000 0.000000 0.000000 -0.248448 0.968645
201.700000 -42.860413 13.263913 0.000000 0.000000 0.000000 -0.272215 0.962236
201.764000 -43.751394 13.717276 0.000000 0.000000 0.000000 -0.294575 0.955628
201.832000 -44.598910 14.240668 0.000000 0.000000 0.000000 -0.318296 0.947991
201.896000 -44.158957 15.103408 0.000000 0.000000 0.000000 -0.363213 0.931706
201.964000 -43.641902 15.959244 0.000000 0.000000 0.000000 -0.410285 0.911958
202.028000 -44.332768 16.669178 0.000000 0.000000 0.000000 -0.432297 0.901731
202.096000 -44.934229 17.462243 0.000000 0.000000 0.000000 -0.455789 0.890088
202.160000 -44.241613 18.172705 0.000000 0.000000 0.000000 -0.500931 0.865487
202.228000 -44.762267 19.023904 0.000000 0.000000 0.000000 -0.523307 0.852144
202.292000 -43.982323 19.642968 0.000000 0.000000 0.000000 -0.560466 0.828177
202.360000 -43.135206 20.173630 0.000000 0.000000 0.000000 -0.603799 0.797137
202.424000 -42.401711 20.836007 0.000000 0.000000 0.000000 -0.619316 0.785142
202.492000 -41.841046 21.639942 0.000000 0.000000 0.000000 -0.624720 0.780849
202.556000 -41.422456 22.525226 0.000000 0.000000 0.000000 -0.627389 0.778706
202.624000 -41.673142 23.490008 0.000000 0.000000 0.000000 -0.627332 0.778752
202.688000 -41.342204 24.429039 0.000000 0.000000 0.000000 -0.630271 0.776375
202.756000 -41.066619 25.379450 0.000000 0.000000 0.000000 -0.633436 0.773795
202.820000 -40.552701 26.231815 0.000000 0.000000 0.000000 -0.638437 0.769674
202.888000 -39.556981 26.286982 0.000000 0.000000 0.000000 -0.645210 0.764005
202.952000 -40.551908 26.316539 0.000000 0.000000 0.000000 -0.641422 0.767188
203.020000 -40.205328 27.194919 0.000000 0.000000 0.000000 -0.643769 0.765220
203.084000 -39.971574 28.167210 0.000000 0.000000 0.000000 -0.645860 0.763456
203.152000 -40.911803 28.500521 0.000000 0.000000 0.000000 -0.643982 0.765040
203.216000 -41.083754 29.477316 0.000000 0.000000 0.000000 -0.644107 0.764935
203.284000 -41.193181 30.459605 0.000000 0.000000 0.000000 -0.644469 0.764630
203.348000 -41.406058 29.547371 0.000000 0.000000 0.000000 -0.645565 0.763705
203.416000 -41.503935 30.527665 0.000000 0.000000 0.000000 -0.646026 0.763316
203.480000 -41.583638 31.508444 0.000000 0.000000 0.000000 -0.646463 0.762945
203.548000 -41.458327 32.487153 0.000000 0.000000 0.000000 -0.649186 0.760629
203.612000 -41.470132 33.022012 0.000000 0.000000 0.000000 -0.650023 0.759914
203.680000 -41.344261 33.940721 0.000000 0.000000 0.000000 -0.651441 0.758699
203.744000 -41.543119 34.873036 0.000000 0.000000 0.000000 -0.650852 0.759204
203.812000 -41.706674 35.244770 0.000000 0.000000 0.000000 -0.648378 0.761319
203.876000 -41.846711 36.180649 0.000000 0.000000 0.000000 -0.648487 0.761225
203.944000 -42.007106 37.139831 0.000000 0.000000 0.000000 -0.648607 0.761123
204.008000 -42.123002 38.107455 0.000000 0.000000 0.000000 -0.649131 0.760677
204.076000 -42.393487 39.048916 0.000000 0.000000 0.000000 -0.653127 0.757249
204.140000 -42.495015 40.042768 0.000000 0.000000 0.000000 -0.672581 0.740024
204.208000 -42.489843 41.035022 0.000000 0.000000 0.000000 -0.694736 0.719265
204.272000 -41.740228 41.593965 0.000000 0.000000 0.000000 0.729285 -0.684210
204.340000 -41.826863 42.589591 0.000000 0.000000 0.000000 0.746621 -0.665249
204.404000 -41.832121 43.586632 0.000000 0.000000 0.000000 0.762773 -0.646667
204.472000 -41.811551 44.579803 0.000000 0.000000 0.000000 0.778698 -0.627398
204.536000 -41.730849 45.575628 0.000000 0.000000 0.000000 0.793377 -0.608731
204.604000 -41.474424 44.609419 0.000000 0.000000 0.000000 0.810342 -0.585958
204.668000 -41.913248 44.000722 0.000000 0.000000 0.000000 0.821055 -0.570849
204.736000 -42.139062 43.054627 0.000000 0.000000 0.000000 0.834681 -0.550733
204.800000 -42.470345 42.146299 0.000000 0.000000 0.000000 0.847609 -0.530621
204.868000 -41.574400 41.765952 0.000000 0.000000 0.000000 0.882721 -0.469898
204.932000 -41.169779 42.679632 0.000000 0.000000 0.000000 0.893804 -0.448458
205.000000 -40.622520 43.504995 0.000000 0.000000 0.000000 0.905284 -0.424806
205.064000 -40.070343 44.338693 0.000000 0.000000 0.000000 0.915339 -0.402685
205.132000 -39.116389 44.040470 0.000000 0.000000 0.000000 0.924233 -0.381828
205.196000 -38.171049 44.311311 0.000000 0.000000 0.000000 0.925101 -0.379722
205.264000 -37.540120 45.083731 0.000000 0.000000 0.000000 0.924861 -0.380306
205.328000 -36.578196 44.818912 0.000000 0.000000 0.000000 0.928023 -0.372523
205.396000 -35.884636 45.519865 0.000000 0.000000 0.000000 0.927925 -0.372767
205.460000 -35.220774 46.262266 0.000000 0.000000 0.000000 0.927852 -0.372948
205.528000 -34.225698 46.200503 0.000000 0.000000 0.000000 0.929927 -0.367744
205.592000 -33.558827 46.935688 0.000000 0.000000 0.000000 0.929697 -0.368326
205.660000 -32.828951 47.599686 0.000000 0.000000 0.000000 0.929686 -0.368352
205.724000 -31.838893 47.481879 0.000000 0.000000 0.000000 0.933002 -0.359872
205.792000 -31.062858 48.078454 0.000000 0.000000 0.000000 0.933307 -0.359080
205.856000 -30.318789 48.720748 0.000000 0.000000 0.000000 0.933439 -0.358737
205.924000 -29.679808 49.468894 0.000000 0.000000 0.000000 0.933083 -0.359661
205.988000 -28.902646 50.083915 0.000000 0.000000 0.000000 0.933218 -0.359311
206.056000 -28.115958 50.678479 0.000000 0.000000 0.000000 0.933417 -0.358792
206.120000 -27.503120 51.439493 0.000000 0.000000 0.000000 0.933210 -0.359332
206.188000 -27.053098 52.298394 0.000000 0.000000 0.000000 0.931801 -0.362969
206.252000 -26.336549 52.982356 0.000000 0.000000 0.000000 0.931872 -0.362787
206.320000 -25.651528 53.710048 0.000000 0.000000 0.000000 0.938838 -0.344359
206.384000 -24.937999 54.403660 0.000000 0.000000 0.000000 0.946655 -0.322249
206.452000 -24.224480 53.703554 0.000000 0.000000 0.000000 0.963685 -0.267042
206.516000 -23.444207 53.081929 0.000000 0.000000 0.000000 0.970445 -0.241323
206.584000 -22.554667 52.625238 0.000000 0.000000 0.000000 0.972734 -0.231925
206.648000 -21.701993 52.103427 0.000000 0.000000 0.000000 0.974212 -0.225635
206.716000 -20.828980 52.561925 0.000000 0.000000 0.000000 0.974180 -0.225772
206.780000 -19.911279 52.906731 0.000000 0.000000 0.000000 0.974290 -0.225299
206.848000 -19.390450 53.715658 0.000000 0.000000 0.000000 0.973364 -0.229265
206.912000 -18.493097 54.125593 0.000000 0.000000 0.000000 0.973344 -0.229350
206.980000 -17.584404 54.511681 0.000000 0.000000 0.000000 0.973427 -0.228997
207.044000 -16.800848 55.089283 0.000000 0.000000 0.000000 0.973130 -0.230258
207.112000 -15.913842 55.528384 0.000000 0.000000 0.000000 0.973156 -0.230148
207.176000 -15.053158 55.995783 0.000000 0.000000 0.000000 0.973111 -0.230338
207.244000 -14.151384 56.387342 0.000000 0.000000 0.000000 0.973179 -0.230051
207.308000 -13.239749 56.757854 0.000000 0.000000 0.000000 0.973303 -0.229525
207.376000 -12.302450 56.441797 0.000000 0.000000 0.000000 0.974898 -0.222654
207.440000 -11.400013 56.847163 0.000000 0.000000 0.000000 0.974999 -0.222208
207.508000 -10.463822 56.512624 0.000000 0.000000 0.000000 0.976437 -0.215802
207.572000 -9.590935 56.952151 0.000000 0.000000 0.000000 0.976334 -0.216267
207.640000 -8.694837 57.349169 0.000000 0.000000 0.000000 0.976340 -0.216242
207.704000 -7.777831 57.709422 0.000000 0.000000 0.000000 0.976445 -0.215768
207.772000 -6.875550 58.104806 0.000000 0.000000 0.000000 0.976519 -0.215431
207.836000 -6.043157 58.614645 0.000000 0.000000 0.000000 0.976302 -0.216414
207.904000 -5.106305 58.912454 0.000000 0.000000 0.000000 0.976564 -0.215228
207.968000 -4.228791 59.367167 0.000000 0.000000 0.000000 0.976456 -0.215718
208.036000 -3.346642 59.790061 0.000000 0.000000 0.000000 0.976504 -0.215499
208.100000 -2.500265 60.278998 0.000000 0.000000 0.000000 0.976266 -0.216575
208.168000 -1.627912 60.724317 0.000000 0.000000 0.000000 0.976265 -0.216580
208.232000 -0.748551 61.156316 0.000000 0.000000 0.000000 0.976277 -0.216527
208.300000 0.158325 61.547654 0.000000 0.000000 0.000000 0.976312 -0.216370
208.364000 1.056624 61.941791 0.000000 0.000000 0.000000 0.976309 -0.216381
208.432000 1.950088 62.342523 0.000000 0.000000 0.000000 0.976290 -0.216465
208.496000 2.849734 62.739973 0.000000 0.000000 0.000000 0.976318 -0.216341
208.564000 3.745298 63.137528 0.000000 0.000000 0.000000 0.976430 -0.215834
208.628000 4.615060 63.588260 0.000000 0.000000 0.000000 0.976308 -0.216385
208.696000 5.519162 63.977410 0.000000 0.000000 0.000000 0.976396 -0.215988
208.760000 6.402826 64.405943 0.000000 0.000000 0.000000 0.976333 -0.216274
208.828000 7.327518 64.738129 0.000000 0.000000 0.000000 0.976509 -0.215476
208.892000 8.226082 65.132034 0.000000 0.000000 0.000000 0.976597 -0.215077
208.960000 9.118522 65.532008 0.000000 0.000000 0.000000 0.976567 -0.215213
209.024000 10.000625 65.955313 0.000000 0.000000 0.000000 0.976492 -0.215554
209.092000 9.949853 66.948984 0.000000 0.000000 0.000000 0.974929 -0.222516
209.156000 10.866645 67.316148 0.000000 0.000000 0.000000 0.975046 -0.222003
209.224000 11.727538 67.792664 0.000000 0.000000 0.000000 0.974926 -0.222529
209.288000 12.625986 68.213683 0.000000 0.000000 0.000000 0.975015 -0.222140
209.356000 13.545157 68.595765 0.000000 0.000000 0.000000 0.975147 -0.221558
209.420000 14.461612 68.973848 0.000000 0.000000 0.000000 0.975296 -0.220900
209.488000 15.348884 69.419320 0.000000 0.000000 0.000000 0.975333 -0.220738
209.552000 16.211221 69.881920 0.000000 0.000000 0.000000 0.975134 -0.221615
209.620000 17.106350 70.284582 0.000000 0.000000 0.000000 0.975263 -0.221046
209.684000 17.990413 70.719307 0.000000 0.000000 0.000000 0.975169 -0.221460
209.752000 18.859841 71.178863 0.000000 0.000000 0.000000 0.975077 -0.221869
209.816000 19.699892 71.638363 0.000000 0.000000 0.000000 0.974852 -0.222854
209.884000 20.562719 72.109299 0.000000 0.000000 0.000000 0.974720 -0.223430
209.948000 21.428048 72.571689 0.000000 0.000000 0.000000 0.974561 -0.224121
210.016000 22.324067 72.988760 0.000000 0.000000 0.000000 0.976574 -0.215184
210.080000 22.867426 72.151793 0.000000 0.000000 0.000000 0.985494 -0.169709
210.148000 23.295779 71.248288 0.000000 0.000000 0.000000 0.991981 -0.126388
210.212000 23.695598 70.345849 0.000000 0.000000 0.000000 0.997248 -0.074143
210.280000 23.970806 69.422651 0.000000 0.000000 0.000000 0.999719 -0.023702
210.344000 24.157377 68.452943 0.000000 0.000000 0.000000 0.999674 0.025541
210.412000 24.208999 67.497243 0.000000 0.000000 0.000000 0.997566 0.069728
210.476000 24.230695 66.497479 0.000000 0.000000 0.000000 0.992698 0.120629
210.544000 24.062730 65.514135 0.000000 0.000000 0.000000 0.982715 0.185126
210.608000 23.907774 64.526215 0.000000 0.000000 0.000000 0.977466 0.211094
210.676000 24.774443 64.087556 0.000000 0.000000 0.000000 0.977409 0.211358
210.740000 25.665796 63.689786 0.000000 0.000000 0.000000 0.977409 0.211358
210.808000 25.853959 62.721695 0.000000 0.000000 0.000000 0.975994 0.217799
210.872000 26.756442 62.344377 0.000000 0.000000 0.000000 0.976036 0.217610
210.940000 26.991141 61.389685 0.000000 0.000000 0.000000 0.974179 0.225777
211.004000 27.820445 60.872187 0.000000 0.000000 0.000000 0.974008 0.226514
211.072000 28.702024 60.468437 0.000000 0.000000 0.000000 0.974006 0.226524
211.136000 29.638388 60.141352 0.000000 0.000000 0.000000 0.974193 0.225717
211.204000 30.516133 59.709713 0.000000 0.000000 0.000000 0.974233 0.225546
211.268000 31.117245 58.947423 0.000000 0.000000 0.000000 0.973592 0.228295
211.336000 31.274786 57.960551 0.000000 0.000000 0.000000 0.971724 0.236119
211.400000 32.144321 57.529460 0.000000 0.000000 0.000000 0.971782 0.235881
211.468000 32.817382 56.831034 0.000000 0.000000 0.000000 0.971160 0.238429
211.532000 33.782168 56.691776 0.000000 0.000000 0.000000 0.971510 0.236997
211.600000 34.702748 56.355059 0.000000 0.000000 0.000000 0.971797 0.235817
211.664000 35.666883 56.213239 0.000000 0.000000 0.000000 0.972100 0.234568
211.732000 36.543724 55.782028 0.000000 0.000000 0.000000 0.972110 0.234527
211.796000 36.875755 54.844335 0.000000 0.000000 0.000000 0.970134 0.242569
211.864000 37.735970 54.387006 0.000000 0.000000 0.000000 0.970175 0.242405
211.928000 38.148136 53.495573 0.000000 0.000000 0.000000 0.968594 0.248649
211.996000 38.943086 54.076666 0.000000 0.000000 0.000000 0.969980 0.243184
212.060000 39.555518 54.860065 0.000000 0.000000 0.000000 0.972209 0.234114
212.128000 40.182097 55.629912 0.000000 0.000000 0.000000 0.974346 0.225055
212.192000 40.761363 56.436982 0.000000 0.000000 0.000000 0.976514 0.215456
212.260000 41.194055 57.337955 0.000000 0.000000 0.000000 0.978202 0.207657
212.324000 40.541243 58.040318 0.000000 0.000000 0.000000 0.977511 0.210885
212.392000 41.048043 58.899248 0.000000 0.000000 0.000000 0.980253 0.197747
212.456000 41.489457 59.795085 0.000000 0.000000 0.000000 0.982873 0.184282
212.524000 42.433286 59.504677 0.000000 0.000000 0.000000 0.982931 0.183974
212.588000 42.809395 58.595317 0.000000 0.000000 0.000000 0.981151 0.193244
212.656000 42.382587 58.793969 0.000000 0.000000 0.000000 0.976269 0.216560
212.720000 42.306444 59.772939 0.000000 0.000000 0.000000 0.971161 0.238425
212.788000 43.210329 59.361263 0.000000 0.000000 0.000000 0.964900 0.262616
212.852000 42.342887 59.814940 0.000000 0.000000 0.000000 0.958440 0.285295
212.920000 43.235328 59.374860 0.000000 0.000000 0.000000 0.950834 0.309700
212.984000 42.801866 58.474104 0.000000 0.000000 0.000000 0.933446 0.358719
213.052000 42.251216 57.647563 0.000000 0.000000 0.000000 0.920345 0.391107
213.116000 41.999030 56.681425 0.000000 0.000000 0.000000 0.912921 0.408136
213.184000 42.669156 55.971402 0.000000 0.000000 0.000000 0.912969 0.408030
213.248000 43.324800 55.240734 0.000000 0.000000 0.000000 0.912969 0.408030
213.316000 43.971157 54.511817 0.000000 0.000000 0.000000 0.912982 0.408001
213.380000 44.590857 53.740288 0.000000 0.000000 0.000000 0.912937 0.408099
213.448000 45.222468 52.977349 0.000000 0.000000 0.000000 0.912862 0.408268
213.512000 45.820117 52.199405 0.000000 0.000000 0.000000 0.912682 0.408671
213.580000 46.566393 51.577333 0.000000 0.000000 0.000000 0.912924 0.408129
213.644000 47.210301 50.827057 0.000000 0.000000 0.000000 0.912853 0.408289
213.712000 47.914572 50.165929 0.000000 0.000000 0.000000 0.913131 0.407665
213.776000 48.602618 49.479735 0.000000 0.000000 0.000000 0.913203 0.407505
213.844000 49.270383 48.765568 0.000000 0.000000 0.000000 0.913290 0.407310
213.908000 48.931167 47.826236 0.000000 0.000000 0.000000 0.905055 0.425295
213.976000 49.516366 47.016130 0.000000 0.000000 0.000000 0.894092 0.447883
214.040000 48.844927 46.281171 0.000000 0.000000 0.000000 0.872455 0.488695
214.108000 48.130728 45.581265 0.000000 0.000000 0.000000 0.849492 0.527602
214.172000 47.429145 44.872194 0.000000 0.000000 0.000000 0.826444 0.563020
214.240000 46.565309 44.368434 0.000000 0.000000 0.000000 0.795885 0.605448
214.304000 45.705355 43.959245 0.000000 0.000000 0.000000 0.760992 0.648761
214.372000 46.054440 43.022582 0.000000 0.000000 0.000000 0.743744 0.668464
214.436000 46.325054 42.060253 0.000000 0.000000 0.000000 0.727218 0.686407
214.504000 45.354931 41.942950 0.000000 0.000000 0.000000 0.685092 0.728456
214.568000 44.383113 42.014446 0.000000 0.000000 0.000000 0.623538 0.781793
214.636000 44.266146 41.390917 0.000000 0.000000 0.000000 0.611420 0.791306
214.700000 45.104115 40.853580 0.000000 0.000000 0.000000 0.647447 0.762111
214.768000 46.013176 40.496904 0.000000 0.000000 0.000000 0.686758 0.726886
214.832000 46.982764 40.252436 0.000000 0.000000 0.000000 0.723213 0.690625
214.900000 47.970349 40.111572 0.000000 0.000000 0.000000 0.761062 0.648679
214.964000 47.254414 40.751717 0.000000 0.000000 0.000000 0.779264 0.626695
215.032000 48.148170 40.389451 0.000000 0.000000 0.000000 0.799825 0.600234
215.096000 48.264741 39.398944 0.000000 0.000000 0.000000 0.814553 0.580090
215.164000 49.241518 39.454005 0.000000 0.000000 0.000000 0.840897 0.541196
215.228000 49.671319 38.573609 0.000000 0.000000 0.000000 0.854088 0.520129
215.296000 49.381546 39.523219 0.000000 0.000000 0.000000 0.867481 0.497470
215.360000 49.007370 40.448159 0.000000 0.000000 0.000000 0.879476 0.475943
215.428000 49.419957 39.537281 0.000000 0.000000 0.000000 0.891580 0.452864
215.492000 50.289316 40.005777 0.000000 0.000000 0.000000 0.918388 0.395681
215.560000 49.684843 40.800456 0.000000 0.000000 0.000000 0.928192 0.372102
215.624000 50.387141 41.479027 0.000000 0.000000 0.000000 0.945692 0.325065
215.692000 51.139820 42.119747 0.000000 0.000000 0.000000 0.964217 0.265115
215.756000 50.361070 42.736981 0.000000 0.000000 0.000000 0.970443 0.241330
215.824000 50.767163 43.640372 0.000000 0.000000 0.000000 0.980784 0.195097
215.888000 51.236695 44.522939 0.000000 0.000000 0.000000 0.989648 0.143516
215.956000 51.571744 45.464845 0.000000 0.000000 0.000000 0.995858 0.090922
216.020000 52.509107 45.129706 0.000000 0.000000 0.000000 0.995845 0.091061
216.088000 53.471717 44.929441 0.000000 0.000000 0.000000 0.995869 0.090803
216.152000 54.423414 44.675647 0.000000 0.000000 0.000000 0.995875 0.090741
216.220000 55.365480 44.383347 0.000000 0.000000 0.000000 0.995834 0.091189
216.284000 55.365480 44.383347 0.000000 0.000000 0.000000 0.995834 0.091189
216.352000 56.331097 44.185564 0.000000 0.000000 0.000000 0.995823 0.091309
216.416000 57.271034 43.868314 0.000000 0.000000 0.000000 0.995777 0.091810
216.484000 57.833210 44.690121 0.000000 0.000000 0.000000 0.996273 0.086261
216.548000 58.513695 45.410655 0.000000 0.000000 0.000000 0.996594 0.082468
216.616000 58.940484 46.311544 0.000000 0.000000 0.000000 0.997306 0.073348
216.680000 58.940484 46.311544 0.000000 0.000000 0.000000 0.997306 0.073348
216.748000 59.491268 47.138896 0.000000 0.000000 0.000000 0.997805 0.066226
216.812000 60.021773 47.974960 0.000000 0.000000 0.000000 0.998198 0.060001
216.880000 60.021773 47.974960 0.000000 0.000000 0.000000 0.998198 0.060001
216.944000 60.461286 48.863120 0.000000 0.000000 0.000000 0.998971 0.045356
217.012000 60.662227 49.839451 0.000000 0.000000 0.000000 0.999999 -0.001305
217.076000 60.722011 50.834896 0.000000 0.000000 0.000000 0.998769 -0.049602
217.144000 60.685289 51.830849 0.000000 0.000000 0.000000 0.994598 -0.103799
217.208000 60.648304 52.828104 0.000000 0.000000 0.000000 0.988682 -0.150027
217.276000 60.344103 53.779483 0.000000 0.000000 0.000000 0.980024 -0.198880
217.340000 60.055890 54.727609 0.000000 0.000000 0.000000 0.968519 -0.248939
217.408000 59.689555 55.641506 0.000000 0.000000 0.000000 0.956001 -0.293365
217.472000 60.231655 56.444627 0.000000 0.000000 0.000000 0.955733 -0.294236
217.540000 61.198153 56.691010 0.000000 0.000000 0.000000 0.956148 -0.292884
217.604000 62.034778 57.208508 0.000000 0.000000 0.000000 0.956215 -0.292664
217.672000 62.632798 57.983325 0.000000 0.000000 0.000000 0.955988 -0.293407
217.736000 62.022672 57.214489 0.000000 0.000000 0.000000 0.955771 -0.294112
217.804000 62.798518 57.819616 0.000000 0.000000 0.000000 0.955620 -0.294602
217.868000 63.624263 58.383470 0.000000 0.000000 0.000000 0.955561 -0.294794
217.936000 63.197698 59.137431 0.000000 0.000000 0.000000 0.945905 -0.324442
218.000000 62.603143 59.929714 0.000000 0.000000 0.000000 0.929547 -0.368704
218.068000 62.012867 60.735417 0.000000 0.000000 0.000000 0.906957 -0.421222
218.132000 61.303431 61.412390 0.000000 0.000000 0.000000 0.882708 -0.469922
218.200000 60.538848 62.037939 0.000000 0.000000 0.000000 0.856430 -0.516263
218.264000 59.683987 62.545891 0.000000 0.000000 0.000000 0.829624 -0.558322
218.332000 58.812607 63.036300 0.000000 0.000000 0.000000 0.809883 -0.586591
218.396000 59.634671 63.582046 0.000000 0.000000 0.000000 0.811783 -0.583960
218.464000 59.591703 64.555004 0.000000 0.000000 0.000000 0.811193 -0.584778
218.528000 60.589337 64.562458 0.000000 0.000000 0.000000 0.814375 -0.580338
218.596000 61.035764 65.450222 0.000000 0.000000 0.000000 0.814524 -0.580130
218.660000 61.780064 66.093480 0.000000 0.000000 0.000000 0.815772 -0.578373
218.728000 62.673762 66.502756 0.000000 0.000000 0.000000 0.817924 -0.575326
218.792000 63.375920 67.206685 0.000000 0.000000 0.000000 0.818741 -0.574163
218.860000 64.263742 67.642588 0.000000 0.000000 0.000000 0.820845 -0.571151
218.924000 65.012459 68.293014 0.000000 0.000000 0.000000 0.822091 -0.569356
218.992000 65.955801 68.575280 0.000000 0.000000 0.000000 0.825005 -0.565125
219.056000 66.497377 69.406247 0.000000 0.000000 0.000000 0.825465 -0.564453
219.124000 66.486553 68.434021 0.000000 0.000000 0.000000 0.824828 -0.565383
219.188000 66.135512 67.497810 0.000000 0.000000 0.000000 0.824736 -0.565518
219.256000 67.051790 67.867379 0.000000 0.000000 0.000000 0.826452 -0.563007
219.320000 67.387551 68.805462 0.000000 0.000000 0.000000 0.823836 -0.566828
219.388000 66.552794 69.350255 0.000000 0.000000 0.000000 0.800193 -0.599743
219.452000 65.662691 69.803690 0.000000 0.000000 0.000000 0.774821 -0.632180
219.520000 64.725171 70.151581 0.000000 0.000000 0.000000 0.742655 -0.669674
219.584000 63.760988 70.400399 0.000000 0.000000 0.000000 0.709138 -0.705070
219.652000 62.770312 70.536138 0.000000 0.000000 0.000000 -0.677587 0.735443
219.716000 61.773832 70.619651 0.000000 0.000000 0.000000 -0.645684 0.763605
219.784000 60.792601 70.781660 0.000000 0.000000 0.000000 -0.624691 0.780872
219.848000 61.270477 69.930460 0.000000 0.000000 0.000000 -0.623535 0.781795
219.916000 60.859694 70.821222 0.000000 0.000000 0.000000 -0.622720 0.782444
219.980000 61.546629 71.541724 0.000000 0.000000 0.000000 -0.626304 0.779579
220.048000 61.805199 72.480769 0.000000 0.000000 0.000000 -0.628683 0.777661
220.112000 62.057238 73.431502 0.000000 0.000000 0.000000 -0.630726 0.776005
220.180000 62.255040 74.390826 0.000000 0.000000 0.000000 -0.632713 0.774386
220.244000 62.665542 75.276825 0.000000 0.000000 0.000000 -0.635653 0.771975
220.312000 62.250544 76.185307 0.000000 0.000000 0.000000 -0.634760 0.772709
220.376000 62.206698 77.162395 0.000000 0.000000 0.000000 -0.635395 0.772188
220.444000 62.093323 78.133801 0.000000 0.000000 0.000000 -0.635648 0.771979
220.508000 62.316873 79.089046 0.000000 0.000000 0.000000 -0.637656 0.770322
220.576000 62.590844 80.031600 0.000000 0.000000 0.000000 -0.640057 0.768328
220.640000 62.275486 80.952753 0.000000 0.000000 0.000000 -0.639471 0.768815
220.708000 62.658408 81.846837 0.000000 0.000000 0.000000 -0.642485 0.766298
220.772000 62.843218 82.801014 0.000000 0.000000 0.000000 -0.644111 0.764932
220.840000 62.808225 83.779307 0.000000 0.000000 0.000000 -0.644884 0.764280
220.904000 62.627460 84.741218 0.000000 0.000000 0.000000 -0.644894 0.764272
220.972000 62.432062 85.700217 0.000000 0.000000 0.000000 -0.644740 0.764402
221.036000 62.587223 86.658445 0.000000 0.000000 0.000000 -0.646550 0.762871
221.104000 62.377562 87.613834 0.000000 0.000000 0.000000 -0.646448 0.762958
221.168000 62.092333 88.550152 0.000000 0.000000 0.000000 -0.646154 0.763207
221.236000 62.293743 89.499049 0.000000 0.000000 0.000000 -0.648460 0.761248
221.300000 62.163833 90.467981 0.000000 0.000000 0.000000 -0.648708 0.761038
221.368000 61.813808 91.381377 0.000000 0.000000 0.000000 -0.647766 0.761839
221.432000 61.648887 92.344024 0.000000 0.000000 0.000000 -0.647702 0.761894
221.500000 61.537535 93.314996 0.000000 0.000000 0.000000 -0.647838 0.761778
221.564000 61.300516 94.263391 0.000000 0.000000 0.000000 -0.647155 0.762359
221.632000 61.069385 95.213655 0.000000 0.000000 0.000000 -0.646827 0.762637
221.696000 61.069689 96.192022 0.000000 0.000000 0.000000 -0.647753 0.761850
221.764000 60.872353 97.149344 0.000000 0.000000 0.000000 -0.647179 0.762338
221.828000 60.591811 98.086181 0.000000 0.000000 0.000000 -0.646469 0.762940
221.896000 60.405503 99.045350 0.000000 0.000000 0.000000 -0.646197 0.763170
221.960000 60.173675 99.994879 0.000000 0.000000 0.000000 -0.645926 0.763400
222.028000 60.467380 99.062956 0.000000 0.000000 0.000000 -0.645063 0.764129
222.092000 60.303419 100.027504 0.000000 0.000000 0.000000 -0.645213 0.764003
222.160000 60.108099 100.984722 0.000000 0.000000 0.000000 -0.645000 0.764182
222.224000 59.959991 101.949385 0.000000 0.000000 0.000000 -0.645222 0.763995
222.292000 59.908617 102.924857 0.000000 0.000000 0.000000 -0.646191 0.763176
222.356000 59.716703 103.882745 0.000000 0.000000 0.000000 -0.646013 0.763327
222.424000 59.589585 104.850918 0.000000 0.000000 0.000000 -0.646170 0.763194
222.488000 59.441225 105.815674 0.000000 0.000000 0.000000 -0.646260 0.763118
222.556000 59.271089 106.777489 0.000000 0.000000 0.000000 -0.645889 0.763431
222.620000 59.109562 107.740435 0.000000 0.000000 0.000000 -0.645841 0.763472
222.688000 58.967046 108.706134 0.000000 0.000000 0.000000 -0.646233 0.763140
222.752000 58.033104 109.053413 0.000000 0.000000 0.000000 -0.640103 0.768289
222.820000 58.367360 108.134672 0.000000 0.000000 0.000000 -0.639036 0.769177
222.884000 57.383501 108.307990 0.000000 0.000000 0.000000 -0.630151 0.776472
222.952000 57.193654 109.265692 0.000000 0.000000 0.000000 -0.630404 0.776267
223.016000 57.550452 108.355972 0.000000 0.000000 0.000000 -0.629473 0.777022
223.084000 57.583928 109.331304 0.000000 0.000000 0.000000 -0.631248 0.775581
223.148000 57.527420 110.304919 0.000000 0.000000 0.000000 -0.632206 0.774801
223.216000 57.706138 111.265416 0.000000 0.000000 0.000000 -0.635259 0.772300
223.280000 57.395005 112.190963 0.000000 0.000000 0.000000 -0.634531 0.772898
223.348000 58.391405 112.141850 0.000000 0.000000 0.000000 -0.639059 0.769158
223.412000 59.201109 112.724729 0.000000 0.000000 0.000000 -0.664198 0.747557
223.480000 60.113548 113.128752 0.000000 0.000000 0.000000 -0.695285 0.718734
223.544000 61.038366 113.508402 0.000000 0.000000 0.000000 0.720558 -0.693394
223.612000 60.928593 112.539121 0.000000 0.000000 0.000000 0.737384 -0.675473
223.676000 60.963391 113.531554 0.000000 0.000000 0.000000 0.752677 -0.658389
223.744000 61.061169 114.523710 0.000000 0.000000 0.000000 0.768776 -0.639518
223.808000 61.204389 115.510398 0.000000 0.000000 0.000000 0.783424 -0.621487
223.876000 61.338849 116.501269 0.000000 0.000000 0.000000 0.798294 -0.602268
223.940000 61.552083 117.476017 0.000000 0.000000 0.000000 0.811896 -0.583802
224.008000 61.776101 118.450597 0.000000 0.000000 0.000000 0.825924 -0.563782
224.072000 62.036967 119.415944 0.000000 0.000000 0.000000 0.838913 -0.544266
224.140000 62.396906 120.346958 0.000000 0.000000 0.000000 0.852600 -0.522564
224.204000 62.806739 121.257958 0.000000 0.000000 0.000000 0.865287 -0.501277
224.272000 63.194381 122.178375 0.000000 0.000000 0.000000 0.877816 -0.478998
224.336000 64.095450 121.751311 0.000000 0.000000 0.000000 0.905910 -0.423471
224.404000 64.704162 122.504549 0.000000 0.000000 0.000000 0.910599 -0.413291
224.468000 65.447633 123.164590 0.000000 0.000000 0.000000 0.910922 -0.412579
224.536000 66.098376 123.873591 0.000000 0.000000 0.000000 0.910935 -0.412550
224.600000 66.752801 124.598566 0.000000 0.000000 0.000000 0.910866 -0.412703
224.668000 67.412715 125.333371 0.000000 0.000000 0.000000 0.911021 -0.412361
224.732000 68.064727 126.047866 0.000000 0.000000 0.000000 0.911012 -0.412380
224.800000 68.657541 126.814360 0.000000 0.000000 0.000000 0.910939 -0.412541
224.864000 69.294928 127.559383 0.000000 0.000000 0.000000 0.910937 -0.412545
224.932000 69.925747 128.312196 0.000000 0.000000 0.000000 0.911072 -0.412248
224.996000 69.574952 129.229074 0.000000 0.000000 0.000000 0.909307 -0.416126
225.064000 70.559045 129.248428 0.000000 0.000000 0.000000 0.911378 -0.411570
225.128000 71.544471 129.105261 0.000000 0.000000 0.000000 0.913763 -0.406248
225.196000 72.537457 129.018221 0.000000 0.000000 0.000000 0.915755 -0.401736
225.260000 71.562656 128.808983 0.000000 0.000000 0.000000 0.917009 -0.398867
225.328000 72.273513 129.492852 0.000000 0.000000 0.000000 0.917114 -0.398625
225.392000 71.859311 130.394178 0.000000 0.000000 0.000000 0.915319 -0.402730
225.460000 72.840610 130.264818 0.000000 0.000000 0.000000 0.918675 -0.395014
225.524000 73.782432 129.951766 0.000000 0.000000 0.000000 0.922063 -0.387040
225.592000 74.775880 130.062214 0.000000 0.000000 0.000000 0.923588 -0.383386
225.656000 75.010739 131.027754 0.000000 0.000000 0.000000 0.922913 -0.385009
225.724000 75.675047 131.749842 0.000000 0.000000 0.000000 0.922801 -0.385278
225.788000 76.665076 131.696692 0.000000 0.000000 0.000000 0.924961 -0.380062
225.856000 77.650231 131.611745 0.000000 0.000000 0.000000 0.927043 -0.374955
225.920000 77.362522 132.569458 0.000000 0.000000 0.000000 0.923919 -0.382588
225.988000 78.102748 133.217555 0.000000 0.000000 0.000000 0.924186 -0.381943
226.052000 79.088616 133.081425 0.000000 0.000000 0.000000 0.925875 -0.377831
226.120000 79.754816 133.799753 0.000000 0.000000 0.000000 0.925836 -0.377925
226.184000 80.738736 133.782367 0.000000 0.000000 0.000000 0.927439 -0.373974
226.252000 81.385048 134.515229 0.000000 0.000000 0.000000 0.927111 -0.374787
226.316000 82.252515 134.038795 0.000000 0.000000 0.000000 0.929170 -0.369653
226.384000 82.946261 134.726143 0.000000 0.000000 0.000000 0.929142 -0.369722
226.448000 83.661733 135.394728 0.000000 0.000000 0.000000 0.929153 -0.369695
226.516000 84.410654 136.033525 0.000000 0.000000 0.000000 0.929332 -0.369245
226.580000 85.084849 136.734370 0.000000 0.000000 0.000000 0.929172 -0.369648
226.648000 85.810867 137.391524 0.000000 0.000000 0.000000 0.929351 -0.369198
226.712000 86.464233 138.126533 0.000000 0.000000 0.000000 0.932710 -0.360629
226.780000 87.091540 138.899373 0.000000 0.000000 0.000000 0.941251 -0.337709
226.844000 87.780339 138.179012 0.000000 0.000000 0.000000 0.958223 -0.286022
226.912000 88.486859 138.875793 0.000000 0.000000 0.000000 0.965239 -0.261368
226.976000 89.030953 138.051919 0.000000 0.000000 0.000000 0.977161 -0.212502
227.044000 89.801079 138.681243 0.000000 0.000000 0.000000 0.982356 -0.187019
227.108000 88.927161 138.197259 0.000000 0.000000 0.000000 0.986565 -0.163368
227.176000 89.841242 138.601893 0.000000 0.000000 0.000000 0.990342 -0.138644
227.240000 90.200612 137.725799 0.000000 0.000000 0.000000 0.996481 -0.083821
227.308000 90.489935 136.779920 0.000000 0.000000 0.000000 0.999476 -0.032360
227.372000 90.664390 135.795297 0.000000 0.000000 0.000000 0.999956 0.009352
227.440000 90.774364 134.801364 0.000000 0.000000 0.000000 0.998262 0.058925
227.504000 91.051617 133.849713 0.000000 0.000000 0.000000 0.996576 0.082679
227.572000 91.114650 132.854859 0.000000 0.000000 0.000000 0.992663 0.120914
227.636000 90.984314 131.864031 0.000000 0.000000 0.000000 0.987198 0.159501
227.704000 91.124219 132.850678 0.000000 0.000000 0.000000 0.986038 0.166519
227.768000 90.677470 133.725790 0.000000 0.000000 0.000000 0.985556 0.169347
227.836000 90.793262 132.738191 0.000000 0.000000 0.000000 0.984694 0.174293
227.900000 91.070808 133.698903 0.000000 0.000000 0.000000 0.984653 0.174523
227.968000 90.847578 132.726508 0.000000 0.000000 0.000000 0.984319 0.176396
228.032000 91.197566 133.662751 0.000000 0.000000 0.000000 0.984600 0.174824
228.100000 91.537516 134.601265 0.000000 0.000000 0.000000 0.984878 0.173249
228.164000 91.255222 133.642640 0.000000 0.000000 0.000000 0.984242 0.176825
228.232000 91.273087 132.649194 0.000000 0.000000 0.000000 0.983239 0.182322
228.296000 91.407780 131.670042 0.000000 0.000000 0.000000 0.983026 0.183466
228.364000 90.454115 131.630069 0.000000 0.000000 0.000000 0.983237 0.182334
228.428000 90.274311 130.648110 0.000000 0.000000 0.000000 0.982594 0.185766
228.496000 89.987839 129.690852 0.000000 0.000000 0.000000 0.981752 0.190164
228.560000 89.765097 128.718819 0.000000 0.000000 0.000000 0.980095 0.198532
228.628000 90.709796 128.973790 0.000000 0.000000 0.000000 0.980716 0.195438
228.692000 90.432397 128.025196 0.000000 0.000000 0.000000 0.979163 0.203074
228.760000 90.350793 129.011514 0.000000 0.000000 0.000000 0.979394 0.201961
228.824000 89.397918 128.836199 0.000000 0.000000 0.000000 0.979846 0.199753
228.892000 90.292773 129.240159 0.000000 0.000000 0.000000 0.980657 0.195733
228.956000 90.951139 129.989292 0.000000 0.000000 0.000000 0.982156 0.188068
229.024000 90.778362 129.009503 0.000000 0.000000 0.000000 0.980295 0.197537
229.088000 91.573313 129.596680 0.000000 0.000000 0.000000 0.981221 0.192888
229.156000 91.482214 128.607646 0.000000 0.000000 0.000000 0.980541 0.196314
229.220000 92.362704 128.177830 0.000000 0.000000 0.000000 0.980541 0.196314
229.288000 93.181392 128.733484 0.000000 0.000000 0.000000 0.984835 0.173494
229.352000 93.707879 129.582753 0.000000 0.000000 0.000000 0.991994 0.126283
229.420000 94.030160 130.506646 0.000000 0.000000 0.000000 0.997147 0.075480
229.484000 94.266903 131.447450 0.000000 0.000000 0.000000 0.999271 0.038189
229.552000 94.464364 132.399992 0.000000 0.000000 0.000000 0.999960 -0.008902
229.616000 94.734985 133.362140 0.000000 0.000000 0.000000 0.998510 -0.054577
229.684000 94.819195 134.357069 0.000000 0.000000 0.000000 0.995447 -0.095317
229.748000 94.767720 135.324207 0.000000 0.000000 0.000000 0.989949 -0.141422
229.816000 94.655787 136.307668 0.000000 0.000000 0.000000 0.982930 -0.183982
229.880000 94.440171 137.269817 0.000000 0.000000 0.000000 0.973670 -0.227961
229.948000 94.222439 138.205745 0.000000 0.000000 0.000000 0.961898 -0.273410
230.012000 94.054294 139.181639 0.000000 0.000000 0.000000 0.953080 -0.302717
230.080000 94.509043 140.055671 0.000000 0.000000 0.000000 0.952367 -0.304955
230.144000 95.139066 140.811482 0.000000 0.000000 0.000000 0.951898 -0.306414
230.212000 96.111478 140.926390 0.000000 0.000000 0.000000 0.952988 -0.303008
230.276000 96.253064 141.890262 0.000000 0.000000 0.000000 0.951000 -0.309190
230.344000 97.121057 142.340785 0.000000 0.000000 0.000000 0.951395 -0.307972
230.408000 97.806744 143.035518 0.000000 0.000000 0.000000 0.951000 -0.309190
230.476000 98.793156 143.144887 0.000000 0.000000 0.000000 0.952132 -0.305689
230.540000 99.776766 143.249359 0.000000 0.000000 0.000000 0.953237 -0.302224
230.608000 100.758343 143.317000 0.000000 0.000000 0.000000 0.954476 -0.298289
230.672000 101.714590 143.067323 0.000000 0.000000 0.000000 0.956308 -0.292360
230.740000 102.678559 142.947195 0.000000 0.000000 0.000000 0.958032 -0.286660
230.804000 103.661212 143.125119 0.000000 0.000000 0.000000 0.958961 -0.283539
230.872000 104.424078 143.738600 0.000000 0.000000 0.000000 0.958615 -0.284706
230.936000 105.388640 143.474801 0.000000 0.000000 0.000000 0.960248 -0.279149
231.004000 106.215410 144.016875 0.000000 0.000000 0.000000 0.960297 -0.278979
231.068000 107.099882 144.397883 0.000000 0.000000 0.000000 0.960910 -0.276859
231.136000 107.813018 145.058458 0.000000 0.000000 0.000000 0.960476 -0.278363
231.200000 108.231340 145.949648 0.000000 0.000000 0.000000 0.959728 -0.280931
231.268000 109.204120 146.179934 0.000000 0.000000 0.000000 0.960824 -0.277158
231.332000 110.173429 145.936598 0.000000 0.000000 0.000000 0.962972 -0.269603
231.400000 111.117437 145.608275 0.000000 0.000000 0.000000 0.966807 -0.255509
231.464000 112.093457 145.667274 0.000000 0.000000 0.000000 0.968302 -0.249783
231.532000 113.083135 145.806674 0.000000 0.000000 0.000000 0.969572 -0.244806
231.596000 114.066140 145.990232 0.000000 0.000000 0.000000 0.970905 -0.239467
231.664000 114.942905 145.607830 0.000000 0.000000 0.000000 0.974562 -0.224119
231.728000 115.942877 145.610353 0.000000 0.000000 0.000000 0.976170 -0.217008
231.796000 116.787392 146.096577 0.000000 0.000000 0.000000 0.975915 -0.218153
231.860000 117.731417 145.766790 0.000000 0.000000 0.000000 0.978522 -0.206145
231.928000 118.576179 146.301771 0.000000 0.000000 0.000000 0.977833 -0.209387
231.992000 119.430011 146.822183 0.000000 0.000000 0.000000 0.977357 -0.211599
232.060000 118.769257 147.566432 0.000000 0.000000 0.000000 0.957654 -0.287923
232.124000 118.061772 148.257594 0.000000 0.000000 0.000000 0.947055 -0.321071
232.192000 118.977377 147.861437 0.000000 0.000000 0.000000 0.963293 -0.268451
232.256000 119.768947 147.257700 0.000000 0.000000 0.000000 0.978834 -0.204657
232.324000 120.362094 146.461544 0.000000 0.000000 0.000000 0.992997 -0.118136
232.388000 121.230037 146.930116 0.000000 0.000000 0.000000 0.995606 -0.093636
232.456000 120.299474 146.564764 0.000000 0.000000 0.000000 0.997750 -0.067049
232.520000 121.274890 146.781494 0.000000 0.000000 0.000000 0.999109 -0.042193
232.588000 122.261700 146.933412 0.000000 0.000000 0.000000 0.999866 -0.016373
232.652000 123.244103 147.079691 0.000000 0.000000 0.000000 0.999973 0.007401
232.720000 122.252677 146.966213 0.000000 0.000000 0.000000 0.999479 0.032273
232.784000 123.247968 147.022074 0.000000 0.000000 0.000000 0.998451 0.055632
232.852000 124.243138 147.034647 0.000000 0.000000 0.000000 0.997769 0.066754
232.916000 125.213711 146.874437 0.000000 0.000000 0.000000 0.997775 0.066674
232.984000 126.193238 146.887583 0.000000 0.000000 0.000000 0.997829 0.065855
233.048000 127.173946 146.884556 0.000000 0.000000 0.000000 0.997874 0.065174
233.116000 128.144180 146.764961 0.000000 0.000000 0.000000 0.997870 0.065237
233.180000 129.120263 146.696903 0.000000 0.000000 0.000000 0.997918 0.064489
233.248000 130.089975 146.657003 0.000000 0.000000 0.000000 0.997928 0.064336
233.312000 131.061187 146.487793 0.000000 0.000000 0.000000 0.997886 0.064982
233.380000 132.056746 146.539083 0.000000 0.000000 0.000000 0.997962 0.063808
233.444000 133.022947 146.588144 0.000000 0.000000 0.000000 0.998040 0.062582
233.512000 134.001198 146.636715 0.000000 0.000000 0.000000 0.998113 0.061401
233.576000 134.971981 146.599446 0.000000 0.000000 0.000000 0.998112 0.061423
233.644000 135.942122 146.663292 0.000000 0.000000 0.000000 0.998201 0.059950
233.708000 136.890819 146.804568 0.000000 0.000000 0.000000 0.998302 0.058251
233.776000 137.865637 146.880831 0.000000 0.000000 0.000000 0.998391 0.056708
233.840000 138.835464 146.785160 0.000000 0.000000 0.000000 0.998395 0.056626
233.908000 139.800970 146.861733 0.000000 0.000000 0.000000 0.998485 0.055020
233.972000 140.787377 146.951436 0.000000 0.000000 0.000000 0.998571 0.053448
234.040000 139.789301 146.891506 0.000000 0.000000 0.000000 0.997697 0.067824
234.104000 140.788437 146.869251 0.000000 0.000000 0.000000 0.995853 0.090976
234.172000 141.776994 146.758160 0.000000 0.000000 0.000000 0.993292 0.115629
234.236000 141.712249 145.771988 0.000000 0.000000 0.000000 0.985748 0.168227
234.304000 142.653750 145.459370 0.000000 0.000000 0.000000 0.981217 0.192907
234.368000 143.593184 145.121593 0.000000 0.000000 0.000000 0.976171 0.217005
234.436000 143.362238 144.213574 0.000000 0.000000 0.000000 0.963003 0.269492
234.500000 144.166999 143.667595 0.000000 0.000000 0.000000 0.958945 0.283594
234.568000 144.923241 143.077175 0.000000 0.000000 0.000000 0.958760 0.284218
234.632000 145.618655 142.393498 0.000000 0.000000 0.000000 0.958356 0.285576
234.700000 146.352602 141.770366 0.000000 0.000000 0.000000 0.958123 0.286357
234.764000 147.117795 141.170234 0.000000 0.000000 0.000000 0.957998 0.286776
234.832000 147.863726 140.552463 0.000000 0.000000 0.000000 0.957838 0.287309
234.896000 148.671431 139.990378 0.000000 0.000000 0.000000 0.957823 0.287359
234.964000 149.506655 139.498883 0.000000 0.000000 0.000000 0.957926 0.287016
235.028000 150.335555 138.994846 0.000000 0.000000 0.000000 0.957990 0.286801
235.096000 151.127743 138.416892 0.000000 0.000000 0.000000 0.957871 0.287200
235.160000 151.941091 137.868108 0.000000 0.000000 0.000000 0.957903 0.287092
235.228000 152.711522 137.265992 0.000000 0.000000 0.000000 0.957741 0.287633
235.292000 153.486849 136.676783 0.000000 0.000000 0.000000 0.957664 0.287887
235.360000 154.278341 136.099659 0.000000 0.000000 0.000000 0.957560 0.288234
235.424000 155.063059 135.518269 0.000000 0.000000 0.000000 0.957439 0.288635
235.492000 155.907584 135.003912 0.000000 0.000000 0.000000 0.957493 0.288458
235.556000 156.749068 134.479504 0.000000 0.000000 0.000000 0.957582 0.288160
235.624000 157.588964 133.977926 0.000000 0.000000 0.000000 0.957638 0.287974
235.688000 158.409016 133.436167 0.000000 0.000000 0.000000 0.957686 0.287814
235.756000 159.203521 132.848055 0.000000 0.000000 0.000000 0.957590 0.288135
235.820000 160.021106 132.322318 0.000000 0.000000 0.000000 0.957533 0.288323
235.888000 160.771041 131.680133 0.000000 0.000000 0.000000 0.957325 0.289013
235.952000 161.606785 131.160773 0.000000 0.000000 0.000000 0.957361 0.288893
236.020000 162.339572 130.498125 0.000000 0.000000 0.000000 0.957097 0.289768
236.084000 163.054905 129.835460 0.000000 0.000000 0.000000 0.956774 0.290831
236.152000 163.736839 129.157796 0.000000 0.000000 0.000000 0.956349 0.292227
236.216000 164.505575 128.552143 0.000000 0.000000 0.000000 0.956233 0.292607
236.284000 165.303037 127.980482 0.000000 0.000000 0.000000 0.956101 0.293038
236.348000 166.010028 127.313670 0.000000 0.000000 0.000000 0.955788 0.294057
236.416000 166.801543 126.723816 0.000000 0.000000 0.000000 0.955729 0.294247
236.480000 167.649007 126.221840 0.000000 0.000000 0.000000 0.955777 0.294093
236.548000 168.523008 125.765838 0.000000 0.000000 0.000000 0.956054 0.293190
236.612000 169.320748 125.171324 0.000000 0.000000 0.000000 0.955938 0.293570
236.680000 170.230033 124.780152 0.000000 0.000000 0.000000 0.956323 0.292313
236.744000 170.941105 124.117291 0.000000 0.000000 0.000000 0.955991 0.293397
236.812000 171.702501 123.512240 0.000000 0.000000 0.000000 0.955707 0.294319
236.876000 172.495753 122.933543 0.000000 0.000000 0.000000 0.955673 0.294431
236.944000 173.216921 122.267321 0.000000 0.000000 0.000000 0.955302 0.295633
237.008000 173.918119 121.591086 0.000000 0.000000 0.000000 0.954929 0.296836
237.076000 174.598827 120.907815 0.000000 0.000000 0.000000 0.954391 0.298558
237.140000 175.362422 120.296830 0.000000 0.000000 0.000000 0.954142 0.299354
237.208000 176.065433 119.626710 0.000000 0.000000 0.000000 0.953756 0.300581
237.272000 176.766075 118.960684 0.000000 0.000000 0.000000 0.953342 0.301893
237.340000 177.503986 118.310098 0.000000 0.000000 0.000000 0.952992 0.302996
237.404000 178.180630 117.895634 0.000000 0.000000 0.000000 0.953207 0.302319
237.472000 178.978527 117.310042 0.000000 0.000000 0.000000 0.953248 0.302189
237.536000 179.765895 116.722660 0.000000 0.000000 0.000000 0.953131 0.302559
237.604000 180.560711 116.152383 0.000000 0.000000 0.000000 0.953139 0.302533
237.668000 181.450314 115.709474 0.000000 0.000000 0.000000 0.953626 0.300995
237.736000 182.346264 115.285011 0.000000 0.000000 0.000000 0.954277 0.298925
237.800000 183.161501 114.734452 0.000000 0.000000 0.000000 0.954287 0.298892
237.868000 184.062178 114.323489 0.000000 0.000000 0.000000 0.954949 0.296770
237.932000 184.903535 113.818125 0.000000 0.000000 0.000000 0.955094 0.296303
238.000000 185.717353 113.284581 0.000000 0.000000 0.000000 0.955200 0.295962
238.064000 186.557209 112.826460 0.000000 0.000000 0.000000 0.955584 0.294718
238.132000 187.470266 112.467297 0.000000 0.000000 0.000000 0.956517 0.291677
238.196000 188.343082 111.995726 0.000000 0.000000 0.000000 0.955160 0.296090
238.264000 189.232579 111.547268 0.000000 0.000000 0.000000 0.947599 0.319461
238.328000 190.056495 110.983761 0.000000 0.000000 0.000000 0.938919 0.344139
238.396000 190.815730 110.333153 0.000000 0.000000 0.000000 0.928738 0.370736
238.460000 191.571734 109.691719 0.000000 0.000000 0.000000 0.918987 0.394287
238.528000 192.306188 109.026400 0.000000 0.000000 0.000000 0.908446 0.418002
238.592000 193.044260 108.365092 0.000000 0.000000 0.000000 0.897765 0.440474
238.660000 193.695724 107.616667 0.000000 0.000000 0.000000 0.885575 0.464496
238.724000 193.025650 106.905821 0.000000 0.000000 0.000000 0.851421 0.524482
238.792000 192.251466 106.274145 0.000000 0.000000 0.000000 0.808646 0.588296
238.856000 192.567097 105.341642 0.000000 0.000000 0.000000 0.793531 0.608530
238.924000 191.682408 104.875792 0.000000 0.000000 0.000000 0.742933 0.669366
238.988000 190.713939 104.629976 0.000000 0.000000 0.000000 0.691015 0.722841
239.056000 189.719048 104.530488 0.000000 0.000000 0.000000 0.631819 0.775116
239.120000 188.730565 104.652631 0.000000 0.000000 0.000000 0.598467 0.801147
239.188000 187.741309 104.797879 0.000000 0.000000 0.000000 0.568683 0.822556
239.252000 186.771515 105.041669 0.000000 0.000000 0.000000 0.527327 0.849663
239.320000 187.540591 104.423530 0.000000 0.000000 0.000000 0.534926 0.844899
239.384000 187.923908 103.527516 0.000000 0.000000 0.000000 0.536190 0.844097
239.452000 188.599643 102.802966 0.000000 0.000000 0.000000 0.539469 0.842006
239.516000 189.566070 102.546134 0.000000 0.000000 0.000000 0.540743 0.841188
239.584000 190.377792 101.965300 0.000000 0.000000 0.000000 0.548083 0.836424
239.648000 190.934498 101.149676 0.000000 0.000000 0.000000 0.548593 0.836089
239.716000 191.762463 100.605174 0.000000 0.000000 0.000000 0.551665 0.834065
239.780000 190.805620 100.889216 0.000000 0.000000 0.000000 0.547205 0.836999
239.848000 189.827083 101.092352 0.000000 0.000000 0.000000 0.541318 0.840818
239.912000 188.846215 101.251180 0.000000 0.000000 0.000000 0.532620 0.846355
239.980000 189.595736 100.598152 0.000000 0.000000 0.000000 0.534970 0.844871
240.044000 188.738601 100.129499 0.000000 0.000000 0.000000 0.533759 0.845637
240.112000 189.505593 99.494205 0.000000 0.000000 0.000000 0.526476 0.850190
240.176000 188.901858 100.281287 0.000000 0.000000 0.000000 0.500475 0.865751
240.244000 188.142662 100.931493 0.000000 0.000000 0.000000 0.467439 0.884025
240.308000 187.666780 101.805354 0.000000 0.000000 0.000000 0.440475 0.897765
240.376000 186.845936 102.372770 0.000000 0.000000 0.000000 0.395892 0.918297
240.440000 186.093538 103.023390 0.000000 0.000000 0.000000 0.350653 0.936505
240.508000 185.347484 103.672240 0.000000 0.000000 0.000000 0.309322 0.950957
240.572000 184.679977 104.411274 0.000000 0.000000 0.000000 0.261248 0.965272
240.640000 184.142555 105.253735 0.000000 0.000000 0.000000 0.213153 0.977019
240.704000 185.062168 104.907596 0.000000 0.000000 0.000000 0.210362 0.977624
240.772000 185.382876 103.961172 0.000000 0.000000 0.000000 0.213415 0.976962
240.836000 185.680648 103.007304 0.000000 0.000000 0.000000 0.216491 0.976285
240.904000 186.467315 103.621548 0.000000 0.000000 0.000000 0.217106 0.976148
240.968000 185.574193 104.068973 0.000000 0.000000 0.000000 0.214005 0.976833
241.036000 184.665064 103.722810 0.000000 0.000000 0.000000 0.213887 0.976859
241.100000 183.845480 104.287021 0.000000 0.000000 0.000000 0.209207 0.977871
241.168000 183.749000 103.292309 0.000000 0.000000 0.000000 0.212820 0.977091
241.232000 182.857416 102.889637 0.000000 0.000000 0.000000 0.212708 0.977116
241.300000 181.994700 102.444487 0.000000 0.000000 0.000000 0.212878 0.977079
241.364000 181.495556 101.578049 0.000000 0.000000 0.000000 0.214880 0.976641
241.432000 180.627430 101.141521 0.000000 0.000000 0.000000 0.215128 0.976586
241.496000 180.676617 100.144747 0.000000 0.000000 0.000000 0.219868 0.975530
241.564000 181.501745 100.656826 0.000000 0.000000 0.000000 0.220148 0.975466
241.628000 182.271482 101.254450 0.000000 0.000000 0.000000 0.220665 0.975350
241.696000 182.165841 100.267894 0.000000 0.000000 0.000000 0.222965 0.974826
241.760000 181.998760 99.283289 0.000000 0.000000 0.000000 0.226999 0.973895
241.828000 181.091049 98.942570 0.000000 0.000000 0.000000 0.226820 0.973937
241.892000 180.253855 98.435624 0.000000 0.000000 0.000000 0.227262 0.973834
241.960000 179.374608 98.019370 0.000000 0.000000 0.000000 0.226895 0.973919
242.024000 178.465321 97.687123 0.000000 0.000000 0.000000 0.226880 0.973923
242.092000 177.791024 96.952346 0.000000 0.000000 0.000000 0.228019 0.973657
242.156000 177.963587 95.969639 0.000000 0.000000 0.000000 0.244714 0.969595
242.224000 178.189900 95.002272 0.000000 0.000000 0.000000 0.285816 0.958285
242.288000 178.661667 94.123508 0.000000 0.000000 0.000000 0.325386 0.945581
242.356000 179.169537 93.310324 0.000000 0.000000 0.000000 0.374866 0.927079
242.420000 179.733014 92.485254 0.000000 0.000000 0.000000 0.410068 0.912055
242.488000 180.368719 91.724185 0.000000 0.000000 0.000000 0.452514 0.891757
242.552000 181.043455 90.989655 0.000000 0.000000 0.000000 0.491232 0.871029
242.620000 181.413106 90.060707 0.000000 0.000000 0.000000 0.504276 0.863542
242.684000 180.975198 89.188880 0.000000 0.000000 0.000000 0.504363 0.863492
242.752000 179.989126 89.031849 0.000000 0.000000 0.000000 0.498487 0.866897
242.816000 179.493602 88.193027 0.000000 0.000000 0.000000 0.498337 0.866983
242.884000 179.013182 87.344813 0.000000 0.000000 0.000000 0.498270 0.867022
242.948000 178.555259 86.478003 0.000000 0.000000 0.000000 0.498585 0.866841
243.016000 178.010600 85.670313 0.000000 0.000000 0.000000 0.498585 0.866841
243.080000 177.552349 84.811535 0.000000 0.000000 0.000000 0.498619 0.866821
243.148000 177.051935 83.970837 0.000000 0.000000 0.000000 0.498487 0.866897
243.212000 176.541617 83.141374 0.000000 0.000000 0.000000 0.498350 0.866976
243.280000 176.064042 82.288054 0.000000 0.000000 0.000000 0.498567 0.866851
243.344000 175.551503 81.450158 0.000000 0.000000 0.000000 0.498163 0.867083
243.412000 175.035098 80.617499 0.000000 0.000000 0.000000 0.497907 0.867230
243.476000 174.525521 79.783961 0.000000 0.000000 0.000000 0.497921 0.867222
243.544000 174.027502 78.940138 0.000000 0.000000 0.000000 0.497714 0.867341
243.608000 173.531728 78.094578 0.000000 0.000000 0.000000 0.497610 0.867401
243.676000 173.044676 77.250915 0.000000 0.000000 0.000000 0.497456 0.867489
243.740000 172.561905 76.405696 0.000000 0.000000 0.000000 0.497285 0.867587
243.808000 172.064480 75.554735 0.000000 0.000000 0.000000 0.497689 0.867356
243.872000 171.551644 74.724079 0.000000 0.000000 0.000000 0.497565 0.867427
243.940000 171.066183 73.873303 0.000000 0.000000 0.000000 0.497840 0.867269
244.004000 170.556324 73.044597 0.000000 0.000000 0.000000 0.497709 0.867344
244.072000 170.066293 72.201766 0.000000 0.000000 0.000000 0.497925 0.867220
244.136000 169.553955 71.364530 0.000000 0.000000 0.000000 0.497781 0.867303
244.204000 169.075444 70.512963 0.000000 0.000000 0.000000 0.497818 0.867282
244.268000 168.692732 69.617569 0.000000 0.000000 0.000000 0.497924 0.867220
244.336000 168.211609 68.768969 0.000000 0.000000 0.000000 0.497709 0.867344
244.400000 167.891710 67.833302 0.000000 0.000000 0.000000 0.498028 0.867161
244.468000 167.270340 67.084227 0.000000 0.000000 0.000000 0.497442 0.867497
244.532000 167.037350 66.136154 0.000000 0.000000 0.000000 0.498229 0.867045
244.600000 167.835558 66.699583 0.000000 0.000000 0.000000 0.496200 0.868208
244.664000 167.339100 65.864381 0.000000 0.000000 0.000000 0.496041 0.868299
244.732000 167.097472 64.894188 0.000000 0.000000 0.000000 0.496745 0.867896
244.796000 166.873518 63.919868 0.000000 0.000000 0.000000 0.497551 0.867435
244.864000 166.416705 63.058016 0.000000 0.000000 0.000000 0.497655 0.867375
244.928000 167.195931 63.647706 0.000000 0.000000 0.000000 0.496619 0.867969
244.996000 166.851704 62.739166 0.000000 0.000000 0.000000 0.496999 0.867751
245.060000 166.395316 61.881095 0.000000 0.000000 0.000000 0.496999 0.867751
245.128000 165.435460 61.799038 0.000000 0.000000 0.000000 0.483748 0.875208
245.192000 164.511084 62.173274 0.000000 0.000000 0.000000 0.440615 0.897696
245.260000 163.899881 61.389236 0.000000 0.000000 0.000000 0.417807 0.908536
245.324000 163.048371 61.909073 0.000000 0.000000 0.000000 0.369555 0.929209
245.392000 162.470686 61.132545 0.000000 0.000000 0.000000 0.345664 0.938358
245.456000 161.788551 61.803243 0.000000 0.000000 0.000000 0.298453 0.954424
245.524000 160.945904 61.308060 0.000000 0.000000 0.000000 0.290787 0.956788
245.588000 160.178822 60.704547 0.000000 0.000000 0.000000 0.291266 0.956642
245.656000 159.367467 60.151299 0.000000 0.000000 0.000000 0.291236 0.956651
245.720000 158.603323 59.538481 0.000000 0.000000 0.000000 0.291833 0.956469
245.788000 157.806431 58.975711 0.000000 0.000000 0.000000 0.291962 0.956430
245.852000 157.015871 58.401858 0.000000 0.000000 0.000000 0.291982 0.956424
245.920000 156.181446 57.892177 0.000000 0.000000 0.000000 0.291573 0.956549
245.984000 155.363500 57.355019 0.000000 0.000000 0.000000 0.291588 0.956544
246.052000 154.550927 56.821335 0.000000 0.000000 0.000000 0.291586 0.956545
246.116000 153.757121 56.243642 0.000000 0.000000 0.000000 0.291483 0.956576
246.184000 152.949613 55.690673 0.000000 0.000000 0.000000 0.291495 0.956572
246.248000 152.137628 55.145690 0.000000 0.000000 0.000000 0.291495 0.956572
246.316000 151.332936 54.579080 0.000000 0.000000 0.000000 0.291513 0.956567
246.380000 150.511327 54.041432 0.000000 0.000000 0.000000 0.291563 0.956552
246.448000 150.813036 53.096915 0.000000 0.000000 0.000000 0.303194 0.952929
246.512000 150.073603 52.473255 0.000000 0.000000 0.000000 0.303398 0.952864
246.580000 149.349349 51.815334 0.000000 0.000000 0.000000 0.304164 0.952620
246.644000 148.570047 51.250795 0.000000 0.000000 0.000000 0.304379 0.952551
246.712000 147.820842 50.621995 0.000000 0.000000 0.000000 0.304866 0.952395
246.776000 147.042742 50.017443 0.000000 0.000000 0.000000 0.304876 0.952392
246.844000 146.278109 49.410592 0.000000 0.000000 0.000000 0.305073 0.952329
246.908000 145.606087 48.711492 0.000000 0.000000 0.000000 0.305525 0.952184
246.976000 144.840891 48.096116 0.000000 0.000000 0.000000 0.305525 0.952184
247.040000 144.093184 47.435132 0.000000 0.000000 0.000000 0.306037 0.952020
247.108000 143.228350 46.986739 0.000000 0.000000 0.000000 0.305700 0.952128
247.172000 142.451995 46.372136 0.000000 0.000000 0.000000 0.305681 0.952134
247.240000 141.647816 45.810875 0.000000 0.000000 0.000000 0.305640 0.952147
247.304000 140.913886 45.141928 0.000000 0.000000 0.000000 0.305910 0.952061
247.372000 140.143751 44.549566 0.000000 0.000000 0.000000 0.305962 0.952044
247.436000 140.027923 43.562767 0.000000 0.000000 0.000000 0.311084 0.950382
247.504000 140.093145 42.569185 0.000000 0.000000 0.000000 0.317904 0.948123
247.568000 139.470574 43.348591 0.000000 0.000000 0.000000 0.311230 0.950335
247.636000 138.610092 42.865563 0.000000 0.000000 0.000000 0.311019 0.950404
247.700000 137.845167 42.265159 0.000000 0.000000 0.000000 0.311071 0.950387
247.768000 137.117189 41.588669 0.000000 0.000000 0.000000 0.311492 0.950249
247.832000 136.392240 40.942552 0.000000 0.000000 0.000000 0.312262 0.949996
247.900000 135.609960 40.348542 0.000000 0.000000 0.000000 0.312261 0.949996
247.964000 134.838961 39.714749 0.000000 0.000000 0.000000 0.312609 0.949882
248.032000 134.110530 39.071030 0.000000 0.000000 0.000000 0.313150 0.949704
248.096000 133.292108 38.496973 0.000000 0.000000 0.000000 0.313201 0.949687
248.164000 132.448740 38.008009 0.000000 0.000000 0.000000 0.312753 0.949834
248.228000 131.674706 37.406558 0.000000 0.000000 0.000000 0.313013 0.949749
248.296000 130.788452 36.994956 0.000000 0.000000 0.000000 0.312625 0.949877
248.360000 130.042684 36.372892 0.000000 0.000000 0.000000 0.312768 0.949830
248.428000 129.234730 35.798385 0.000000 0.000000 0.000000 0.312759 0.949833
248.492000 128.451833 35.210027 0.000000 0.000000 0.000000 0.312967 0.949764
248.560000 127.694420 34.591365 0.000000 0.000000 0.000000 0.313274 0.949663
248.624000 126.920118 33.987250 0.000000 0.000000 0.000000 0.313321 0.949647
248.692000 126.169840 33.372048 0.000000 0.000000 0.000000 0.313370 0.949631
248.756000 125.409151 32.752753 0.000000 0.000000 0.000000 0.313379 0.949628
248.824000 124.602375 32.190786 0.000000 0.000000 0.000000 0.324322 0.945947
248.888000 125.159881 31.364719 0.000000 0.000000 0.000000 0.375662 0.926757
248.956000 125.776412 30.577429 0.000000 0.000000 0.000000 0.430748 0.902472
249.020000 125.172562 29.801876 0.000000 0.000000 0.000000 0.452126 0.891954
249.088000 124.643821 28.967615 0.000000 0.000000 0.000000 0.474622 0.880190
249.152000 124.233094 28.084653 0.000000 0.000000 0.000000 0.492273 0.870441
249.220000 124.026600 27.135448 0.000000 0.000000 0.000000 0.493056 0.869997
249.284000 123.567999 26.270019 0.000000 0.000000 0.000000 0.493135 0.869953
249.352000 123.222238 25.357452 0.000000 0.000000 0.000000 0.493305 0.869856
249.416000 122.912442 24.427336 0.000000 0.000000 0.000000 0.494028 0.869446
249.484000 122.689097 23.477145 0.000000 0.000000 0.000000 0.494811 0.869001
249.548000 122.532044 22.528055 0.000000 0.000000 0.000000 0.495983 0.868332
249.616000 122.247512 21.595800 0.000000 0.000000 0.000000 0.496870 0.867825
249.680000 121.941518 20.662075 0.000000 0.000000 0.000000 0.497562 0.867428
249.748000 121.514075 19.774043 0.000000 0.000000 0.000000 0.498053 0.867147
249.812000 121.233395 18.842439 0.000000 0.000000 0.000000 0.498659 0.866798
249.880000 120.921501 17.906818 0.000000 0.000000 0.000000 0.499081 0.866555
249.944000 121.305276 18.803284 0.000000 0.000000 0.000000 0.499316 0.866420
250.012000 121.640968 19.723205 0.000000 0.000000 0.000000 0.500028 0.866009
250.076000 121.498066 18.757710 0.000000 0.000000 0.000000 0.501254 0.865300
250.144000 121.288358 17.809503 0.000000 0.000000 0.000000 0.501973 0.864883
250.208000 121.293727 18.790904 0.000000 0.000000 0.000000 0.503180 0.864182
250.276000 120.870604 17.913421 0.000000 0.000000 0.000000 0.503432 0.864035
250.340000 121.355800 18.755832 0.000000 0.000000 0.000000 0.503365 0.864074
250.408000 121.246214 17.792971 0.000000 0.000000 0.000000 0.504792 0.863241
250.472000 121.030390 16.846219 0.000000 0.000000 0.000000 0.505433 0.862866
250.540000 120.750223 15.919229 0.000000 0.000000 0.000000 0.506037 0.862512
250.604000 121.047746 16.847594 0.000000 0.000000 0.000000 0.506654 0.862149
250.672000 120.887347 15.907476 0.000000 0.000000 0.000000 0.507450 0.861681
250.736000 120.815017 14.941668 0.000000 0.000000 0.000000 0.508872 0.860842
250.804000 120.504643 14.023100 0.000000 0.000000 0.000000 0.509098 0.860708
250.868000 120.106423 13.141112 0.000000 0.000000 0.000000 0.509221 0.860636
250.936000 119.820878 12.208217 0.000000 0.000000 0.000000 0.509723 0.860339
251.000000 119.844649 13.171808 0.000000 0.000000 0.000000 0.511145 0.859495
251.068000 119.497024 12.267049 0.000000 0.000000 0.000000 0.511439 0.859320
251.132000 119.854211 11.366913 0.000000 0.000000 0.000000 0.514498 0.857492
251.200000 120.650892 10.792999 0.000000 0.000000 0.000000 0.541033 0.841001
251.264000 121.535286 10.327831 0.000000 0.000000 0.000000 0.584950 0.811069
251.332000 122.450158 9.924245 0.000000 0.000000 0.000000 0.621051 0.783770
251.396000 123.378202 9.552464 0.000000 0.000000 0.000000 0.658078 0.752950
251.464000 124.352788 9.328970 0.000000 0.000000 0.000000 0.694511 0.719482
251.528000 125.346755 9.220234 0.000000 0.000000 0.000000 0.728879 0.684643
251.596000 126.344100 9.147408 0.000000 0.000000 0.000000 0.760952 0.648808
251.660000 127.333363 9.219251 0.000000 0.000000 0.000000 0.791738 0.610860
251.728000 128.324334 9.349699 0.000000 0.000000 0.000000 0.819654 0.572859
251.792000 129.307460 9.532414 0.000000 0.000000 0.000000 0.847061 0.531495
251.860000 130.267280 9.812949 0.000000 0.000000 0.000000 0.870223 0.492658
251.924000 131.217572 10.116704 0.000000 0.000000 0.000000 0.884078 0.467339
251.992000 131.252211 9.137895 0.000000 0.000000 0.000000 0.882858 0.469640
252.056000 130.890563 8.216376 0.000000 0.000000 0.000000 0.880439 0.474159
252.124000 131.451007 7.414404 0.000000 0.000000 0.000000 0.880543 0.473966
252.188000 131.035764 6.512155 0.000000 0.000000 0.000000 0.877721 0.479172
252.256000 130.764984 5.560948 0.000000 0.000000 0.000000 0.875733 0.482796
252.320000 131.054506 4.633558 0.000000 0.000000 0.000000 0.875063 0.484010
252.388000 131.575632 3.804359 0.000000 0.000000 0.000000 0.875157 0.483839
252.452000 131.818704 2.860725 0.000000 0.000000 0.000000 0.874424 0.485162
252.520000 131.515454 1.918917 0.000000 0.000000 0.000000 0.871998 0.489509
252.584000 131.788524 0.978826 0.000000 0.000000 0.000000 0.871257 0.490827
252.652000 132.298155 0.152501 0.000000 0.000000 0.000000 0.871307 0.490738
252.716000 132.804660 -0.685049 0.000000 0.000000 0.000000 0.871293 0.490763
252.784000 132.738726 -1.666337 0.000000 0.000000 0.000000 0.869423 0.494069
252.848000 133.175747 -2.534457 0.000000 0.000000 0.000000 0.869203 0.494455
252.916000 133.591414 -3.420019 0.000000 0.000000 0.000000 0.868868 0.495043
252.980000 133.065236 -4.266132 0.000000 0.000000 0.000000 0.864790 0.502134
253.048000 133.519654 -5.132356 0.000000 0.000000 0.000000 0.864697 0.502295
253.112000 133.356690 -6.104579 0.000000 0.000000 0.000000 0.862861 0.505441
253.180000 133.647706 -7.030041 0.000000 0.000000 0.000000 0.862300 0.506398
253.244000 133.179956 -7.908985 0.000000 0.000000 0.000000 0.859180 0.511674
253.312000 133.075115 -8.890480 0.000000 0.000000 0.000000 0.857471 0.514532
253.376000 133.551212 -9.744771 0.000000 0.000000 0.000000 0.857667 0.514205
253.444000 133.976905 -10.624810 0.000000 0.000000 0.000000 0.857608 0.514303
253.508000 134.421034 -11.496100 0.000000 0.000000 0.000000 0.857653 0.514229
253.576000 134.891325 -12.352436 0.000000 0.000000 0.000000 0.857680 0.514185
253.640000 135.292961 -13.243165 0.000000 0.000000 0.000000 0.857545 0.514408
253.708000 135.532691 -14.191753 0.000000 0.000000 0.000000 0.856728 0.515769
253.772000 135.948083 -15.077556 0.000000 0.000000 0.000000 0.856473 0.516192
253.840000 136.381412 -15.956081 0.000000 0.000000 0.000000 0.856455 0.516222
253.904000 136.818358 -16.823377 0.000000 0.000000 0.000000 0.856511 0.516129
253.972000 137.246149 -17.703876 0.000000 0.000000 0.000000 0.856385 0.516337
254.036000 137.697380 -18.566933 0.000000 0.000000 0.000000 0.856419 0.516281
254.104000 138.165611 -19.415650 0.000000 0.000000 0.000000 0.856513 0.516125
254.168000 138.598531 -20.285606 0.000000 0.000000 0.000000 0.856618 0.515951
254.236000 139.057315 -21.148922 0.000000 0.000000 0.000000 0.856729 0.515767
254.300000 139.521095 -22.010347 0.000000 0.000000 0.000000 0.856713 0.515794
254.368000 139.972135 -22.868391 0.000000 0.000000 0.000000 0.856836 0.515589
254.432000 140.453898 -23.719009 0.000000 0.000000 0.000000 0.857010 0.515299
254.500000 140.903234 -24.585322 0.000000 0.000000 0.000000 0.857037 0.515255
254.564000 141.395451 -25.429998 0.000000 0.000000 0.000000 0.857236 0.514923
254.632000 141.826864 -26.305955 0.000000 0.000000 0.000000 0.857287 0.514838
254.696000 142.223520 -27.190310 0.000000 0.000000 0.000000 0.857109 0.515136
254.764000 142.691911 -28.036925 0.000000 0.000000 0.000000 0.857336 0.514758
254.828000 143.201834 -28.870290 0.000000 0.000000 0.000000 0.857471 0.514533
254.896000 143.672950 -29.726055 0.000000 0.000000 0.000000 0.857453 0.514563
254.960000 144.116371 -30.584421 0.000000 0.000000 0.000000 0.857645 0.514242
255.028000 144.515579 -31.476456 0.000000 0.000000 0.000000 0.857381 0.514683
255.092000 144.955343 -32.337521 0.000000 0.000000 0.000000 0.857206 0.514974
255.160000 145.330276 -33.239482 0.000000 0.000000 0.000000 0.856719 0.515783
255.224000 145.698540 -34.143420 0.000000 0.000000 0.000000 0.856183 0.516672
255.292000 146.133857 -35.018010 0.000000 0.000000 0.000000 0.856194 0.516654
255.356000 146.648319 -35.848129 0.000000 0.000000 0.000000 0.856531 0.516095
255.424000 147.113105 -36.703637 0.000000 0.000000 0.000000 0.856676 0.515855
255.488000 147.550681 -37.574873 0.000000 0.000000 0.000000 0.856703 0.515810
255.556000 147.979544 -38.454166 0.000000 0.000000 0.000000 0.856511 0.516129
255.620000 148.405854 -39.331939 0.000000 0.000000 0.000000 0.856159 0.516713
255.688000 148.883095 -40.183403 0.000000 0.000000 0.000000 0.856475 0.516189
255.752000 149.328659 -41.052771 0.000000 0.000000 0.000000 0.855549 0.517722
255.820000 148.550516 -41.665162 0.000000 0.000000 0.000000 0.823007 0.568031
255.884000 147.711267 -42.196938 0.000000 0.000000 0.000000 0.791039 0.611766
255.952000 146.774137 -42.537368 0.000000 0.000000 0.000000 0.749787 0.661679
256.016000 145.800435 -42.756253 0.000000 0.000000 0.000000 0.706916 0.707297
256.084000 144.812409 -42.904986 0.000000 0.000000 0.000000 0.664126 0.747621
256.148000 143.817659 -42.887018 0.000000 0.000000 0.000000 0.616080 0.787683
256.216000 142.826773 -42.759802 0.000000 0.000000 0.000000 0.565055 0.825054
256.280000 141.841998 -42.890538 0.000000 0.000000 0.000000 0.553459 0.832876
256.348000 141.463125 -43.791585 0.000000 0.000000 0.000000 0.553625 0.832766
256.412000 140.477687 -43.873021 0.000000 0.000000 0.000000 0.543760 0.839241
256.480000 140.080843 -44.766705 0.000000 0.000000 0.000000 0.543921 0.839136
256.544000 139.094599 -44.698743 0.000000 0.000000 0.000000 0.531204 0.847244
256.612000 138.670559 -45.579633 0.000000 0.000000 0.000000 0.530995 0.847375
256.676000 138.287531 -46.480216 0.000000 0.000000 0.000000 0.531464 0.847081
256.744000 137.292339 -46.527174 0.000000 0.000000 0.000000 0.520225 0.854029
256.808000 136.763345 -47.348768 0.000000 0.000000 0.000000 0.519718 0.854338
256.876000 135.781379 -47.312344 0.000000 0.000000 0.000000 0.506376 0.862313
256.940000 134.813269 -47.480644 0.000000 0.000000 0.000000 0.500695 0.865624
257.008000 135.219060 -46.590281 0.000000 0.000000 0.000000 0.500976 0.865461
257.072000 134.409398 -47.135930 0.000000 0.000000 0.000000 0.499979 0.866038
257.140000 133.515802 -47.551230 0.000000 0.000000 0.000000 0.497260 0.867602
257.204000 132.529546 -47.604051 0.000000 0.000000 0.000000 0.488124 0.872774
257.272000 132.900786 -46.702303 0.000000 0.000000 0.000000 0.488755 0.872421
257.336000 131.924393 -46.839594 0.000000 0.000000 0.000000 0.481574 0.876405
257.404000 130.929978 -46.795463 0.000000 0.000000 0.000000 0.472265 0.881457
257.468000 129.953935 -46.811409 0.000000 0.000000 0.000000 0.462201 0.886775
257.536000 130.363345 -45.925947 0.000000 0.000000 0.000000 0.462862 0.886430
257.600000 130.792510 -45.045664 0.000000 0.000000 0.000000 0.463452 0.886122
257.668000 129.804580 -45.105479 0.000000 0.000000 0.000000 0.456546 0.889700
257.732000 130.267498 -44.242001 0.000000 0.000000 0.000000 0.457295 0.889315
257.800000 129.272145 -44.237020 0.000000 0.000000 0.000000 0.450718 0.892666
257.864000 128.297508 -44.118805 0.000000 0.000000 0.000000 0.438873 0.898549
257.932000 127.312279 -44.065117 0.000000 0.000000 0.000000 0.428973 0.903317
257.996000 127.791672 -43.211594 0.000000 0.000000 0.000000 0.429772 0.902937
258.064000 128.351317 -42.411896 0.000000 0.000000 0.000000 0.429999 0.902829
258.128000 128.810548 -41.553054 0.000000 0.000000 0.000000 0.430690 0.902500
258.196000 128.293714 -42.379658 0.000000 0.000000 0.000000 0.431158 0.902276
258.260000 128.811823 -41.550119 0.000000 0.000000 0.000000 0.431677 0.902028
258.328000 128.274289 -42.359180 0.000000 0.000000 0.000000 0.432449 0.901659
258.392000 127.760930 -43.189132 0.000000 0.000000 0.000000 0.433144 0.901325
258.460000 127.251449 -44.041967 0.000000 0.000000 0.000000 0.433891 0.900965
258.524000 126.766059 -44.915521 0.000000 0.000000 0.000000 0.434771 0.900541
258.592000 126.258492 -45.746754 0.000000 0.000000 0.000000 0.435619 0.900131
258.656000 125.720950 -46.587325 0.000000 0.000000 0.000000 0.436005 0.899944
258.724000 125.312304 -47.472112 0.000000 0.000000 0.000000 0.436974 0.899474
258.788000 124.850871 -48.356693 0.000000 0.000000 0.000000 0.437831 0.899057
258.856000 124.252495 -49.157819 0.000000 0.000000 0.000000 0.423592 0.905853
258.920000 123.656156 -49.959745 0.000000 0.000000 0.000000 0.402243 0.915533
258.988000 123.020487 -50.731053 0.000000 0.000000 0.000000 0.379540 0.925175
259.052000 122.219233 -50.134962 0.000000 0.000000 0.000000 0.325998 0.945371
259.120000 121.441698 -50.762869 0.000000 0.000000 0.000000 0.301337 0.953518
259.184000 120.746987 -50.043830 0.000000 0.000000 0.000000 0.254617 0.967042
259.252000 120.156415 -49.236903 0.000000 0.000000 0.000000 0.210675 0.977556
259.316000 119.606132 -48.404058 0.000000 0.000000 0.000000 0.163543 0.986536
259.384000 119.189725 -47.495296 0.000000 0.000000 0.000000 0.109745 0.993960
259.448000 118.832776 -46.561176 0.000000 0.000000 0.000000 0.060396 0.998175
259.516000 118.439301 -45.641852 0.000000 0.000000 0.000000 0.014231 0.999899
259.580000 118.285890 -44.665351 0.000000 0.000000 0.000000 -0.039131 0.999234
259.648000 118.339994 -43.671271 0.000000 0.000000 0.000000 -0.099000 0.995087
259.712000 118.522554 -42.691475 0.000000 0.000000 0.000000 -0.154981 0.987917
259.780000 117.568472 -42.392198 0.000000 0.000000 0.000000 -0.180422 0.983589
259.844000 117.847042 -41.438684 0.000000 0.000000 0.000000 -0.232753 0.972536
259.912000 118.237267 -40.541417 0.000000 0.000000 0.000000 -0.289982 0.957032
259.976000 118.644318 -39.632650 0.000000 0.000000 0.000000 -0.336908 0.941538
260.044000 119.149213 -38.785038 0.000000 0.000000 0.000000 -0.386668 0.922219
260.108000 119.769512 -38.014523 0.000000 0.000000 0.000000 -0.434686 0.900582
260.176000 120.419996 -37.276362 0.000000 0.000000 0.000000 -0.466594 0.884472
260.240000 119.809894 -36.515439 0.000000 0.000000 0.000000 -0.466036 0.884766
260.308000 119.258972 -35.703014 0.000000 0.000000 0.000000 -0.465951 0.884811
260.372000 118.796335 -34.850057 0.000000 0.000000 0.000000 -0.466504 0.884519
260.440000 118.226667 -34.056079 0.000000 0.000000 0.000000 -0.466481 0.884531
260.504000 117.664671 -33.259962 0.000000 0.000000 0.000000 -0.466508 0.884517
260.572000 117.160745 -32.419714 0.000000 0.000000 0.000000 -0.466998 0.884258
260.636000 116.628481 -31.600663 0.000000 0.000000 0.000000 -0.467463 0.884013
260.704000 116.089802 -30.782117 0.000000 0.000000 0.000000 -0.467568 0.883957
260.768000 115.513014 -29.994166 0.000000 0.000000 0.000000 -0.466538 0.884501
260.836000 114.954955 -29.193359 0.000000 0.000000 0.000000 -0.466131 0.884716
260.900000 114.382600 -28.402659 0.000000 0.000000 0.000000 -0.465993 0.884788
260.968000 114.499796 -27.421618 0.000000 0.000000 0.000000 -0.469486 0.882940
261.032000 114.720750 -26.454311 0.000000 0.000000 0.000000 -0.473912 0.880572
261.100000 114.130085 -25.679126 0.000000 0.000000 0.000000 -0.474068 0.880488
261.164000 113.582441 -24.871244 0.000000 0.000000 0.000000 -0.473850 0.880605
261.232000 112.967463 -24.115658 0.000000 0.000000 0.000000 -0.473064 0.881028
261.296000 112.382607 -23.335247 0.000000 0.000000 0.000000 -0.472772 0.881185
261.364000 111.762881 -22.557111 0.000000 0.000000 0.000000 -0.472526 0.881317
261.428000 111.200796 -21.760897 0.000000 0.000000 0.000000 -0.472830 0.881154
261.496000 111.878000 -21.031469 0.000000 0.000000 0.000000 -0.508916 0.860816
261.560000 111.359472 -20.180058 0.000000 0.000000 0.000000 -0.528173 0.849137
261.628000 112.193599 -19.628627 0.000000 0.000000 0.000000 -0.570691 0.821165
261.692000 113.075106 -19.161578 0.000000 0.000000 0.000000 -0.606640 0.794977
261.760000 114.006655 -18.804929 0.000000 0.000000 0.000000 -0.649158 0.760653
261.824000 114.965639 -18.521495 0.000000 0.000000 0.000000 -0.684251 0.729247
261.892000 115.940581 -18.318286 0.000000 0.000000 0.000000 0.721699 -0.692207
261.956000 116.932825 -18.208194 0.000000 0.000000 0.000000 0.759499 -0.650508
262.024000 117.871377 -17.870994 0.000000 0.000000 0.000000 0.768182 -0.640231
262.088000 117.738269 -16.905259 0.000000 0.000000 0.000000 0.767172 -0.641441
262.156000 116.946994 -16.302316 0.000000 0.000000 0.000000 0.762280 -0.647248
262.220000 117.793982 -15.773940 0.000000 0.000000 0.000000 0.766829 -0.641851
262.288000 118.006589 -14.824631 0.000000 0.000000 0.000000 0.767038 -0.641602
262.352000 117.525097 -13.972600 0.000000 0.000000 0.000000 0.764365 -0.644784
262.420000 117.035984 -14.814349 0.000000 0.000000 0.000000 0.765451 -0.643494
262.484000 116.507437 -15.633316 0.000000 0.000000 0.000000 0.766965 -0.641689
262.552000 117.313968 -15.060420 0.000000 0.000000 0.000000 0.770850 -0.637017
262.616000 117.362250 -14.094960 0.000000 0.000000 0.000000 0.770551 -0.637378
262.684000 117.321819 -15.056433 0.000000 0.000000 0.000000 0.770172 -0.637837
262.748000 118.233875 -14.651821 0.000000 0.000000 0.000000 0.772752 -0.634708
262.816000 118.210480 -15.610883 0.000000 0.000000 0.000000 0.772060 -0.635550
262.880000 117.266791 -15.941059 0.000000 0.000000 0.000000 0.775073 -0.631871
262.948000 116.765509 -15.135528 0.000000 0.000000 0.000000 0.772438 -0.635090
263.012000 116.265675 -14.304514 0.000000 0.000000 0.000000 0.769830 -0.638249
263.080000 117.262907 -14.272013 0.000000 0.000000 0.000000 0.791575 -0.611072
263.144000 118.247555 -14.403963 0.000000 0.000000 0.000000 0.820620 -0.571474
263.212000 119.215662 -14.617341 0.000000 0.000000 0.000000 0.850189 -0.526478
263.276000 120.138755 -14.973411 0.000000 0.000000 0.000000 0.877095 -0.480317
263.344000 121.072080 -15.332147 0.000000 0.000000 0.000000 0.894816 -0.446435
263.408000 122.033140 -15.103320 0.000000 0.000000 0.000000 0.897920 -0.440159
263.476000 122.006186 -14.110718 0.000000 0.000000 0.000000 0.896373 -0.443300
263.540000 121.696067 -13.165100 0.000000 0.000000 0.000000 0.894755 -0.446558
263.608000 121.696067 -13.165100 0.000000 0.000000 0.000000 0.894755 -0.446558
263.672000 121.696067 -13.165100 0.000000 0.000000 0.000000 0.894755 -0.446558
263.740000 121.153348 -12.331584 0.000000 0.000000 0.000000 0.889210 -0.457499
263.804000 120.981549 -11.349647 0.000000 0.000000 0.000000 0.886990 -0.461790
263.872000 120.309698 -10.610627 0.000000 0.000000 0.000000 0.881172 -0.472796
263.936000 119.876077 -9.716071 0.000000 0.000000 0.000000 0.877517 -0.479545
264.004000 119.271088 -8.926003 0.000000 0.000000 0.000000 0.874708 -0.484651
264.068000 118.848035 -8.025617 0.000000 0.000000 0.000000 0.871932 -0.489627
264.136000 118.520243 -7.091068 0.000000 0.000000 0.000000 0.868437 -0.495799
264.200000 118.235497 -6.146013 0.000000 0.000000 0.000000 0.865697 -0.500569
264.268000 118.265747 -7.142371 0.000000 0.000000 0.000000 0.865394 -0.501092
264.332000 117.896866 -6.219867 0.000000 0.000000 0.000000 0.861474 -0.507802
264.400000 117.441740 -5.333163 0.000000 0.000000 0.000000 0.858901 -0.512142
264.464000 116.802175 -4.572120 0.000000 0.000000 0.000000 0.854008 -0.520260
264.532000 116.464546 -3.637843 0.000000 0.000000 0.000000 0.851528 -0.524309
264.596000 116.044667 -2.740486 0.000000 0.000000 0.000000 0.848644 -0.528964
264.664000 115.577864 -1.865444 0.000000 0.000000 0.000000 0.845840 -0.533437
264.728000 115.944819 -0.963133 0.000000 0.000000 0.000000 0.845827 -0.533457
264.796000 116.307761 -0.047521 0.000000 0.000000 0.000000 0.845651 -0.533737
264.860000 115.781820 0.796255 0.000000 0.000000 0.000000 0.840802 -0.541343
264.928000 115.227741 1.625117 0.000000 0.000000 0.000000 0.837522 -0.546403
264.992000 114.735155 2.489446 0.000000 0.000000 0.000000 0.835128 -0.550055
265.060000 115.719274 2.664707 0.000000 0.000000 0.000000 0.837556 -0.546352
265.124000 115.378386 3.599814 0.000000 0.000000 0.000000 0.835497 -0.549495
265.192000 114.994022 4.517565 0.000000 0.000000 0.000000 0.832356 -0.554241
265.256000 115.963755 4.273831 0.000000 0.000000 0.000000 0.839521 -0.543327
265.324000 115.461130 5.131917 0.000000 0.000000 0.000000 0.835558 -0.549402
265.388000 115.117351 6.064775 0.000000 0.000000 0.000000 0.834569 -0.550904
265.456000 114.636276 6.936657 0.000000 0.000000 0.000000 0.831230 -0.555929
265.520000 113.896867 7.605836 0.000000 0.000000 0.000000 0.823437 -0.567408
265.588000 114.130870 8.534565 0.000000 0.000000 0.000000 0.822809 -0.568319
265.652000 114.365758 9.488657 0.000000 0.000000 0.000000 0.822123 -0.569309
265.720000 113.731724 10.250289 0.000000 0.000000 0.000000 0.818873 -0.573975
265.784000 113.104300 11.010203 0.000000 0.000000 0.000000 0.814784 -0.579765
265.852000 112.627308 11.882824 0.000000 0.000000 0.000000 0.811988 -0.583674
265.916000 112.911042 12.814829 0.000000 0.000000 0.000000 0.811941 -0.583739
265.984000 113.085341 13.793362 0.000000 0.000000 0.000000 0.810854 -0.585249
266.048000 112.600233 14.659689 0.000000 0.000000 0.000000 0.808556 -0.588419
266.116000 112.569558 15.653127 0.000000 0.000000 0.000000 0.807436 -0.589955
266.180000 112.014816 16.475076 0.000000 0.000000 0.000000 0.801820 -0.597566
266.248000 111.275827 17.140307 0.000000 0.000000 0.000000 0.795945 -0.605369
266.312000 110.537561 17.808245 0.000000 0.000000 0.000000 0.792119 -0.610367
266.380000 110.762773 18.756716 0.000000 0.000000 0.000000 0.791922 -0.610622
266.444000 110.209142 19.587386 0.000000 0.000000 0.000000 0.787870 -0.615842
266.512000 111.206511 19.631696 0.000000 0.000000 0.000000 0.793082 -0.609115
266.576000 110.780839 20.536527 0.000000 0.000000 0.000000 0.790594 -0.612341
266.644000 110.126894 21.271770 0.000000 0.000000 0.000000 0.784429 -0.620219
266.708000 110.405054 22.211198 0.000000 0.000000 0.000000 0.784575 -0.620034
266.776000 110.444198 21.212233 0.000000 0.000000 0.000000 0.783542 -0.621338
266.840000 109.997317 22.095692 0.000000 0.000000 0.000000 0.781051 -0.624467
266.908000 109.077800 22.474455 0.000000 0.000000 0.000000 0.745785 -0.666186
266.972000 108.110274 22.719761 0.000000 0.000000 0.000000 0.709221 -0.704986
267.040000 107.122979 22.818799 0.000000 0.000000 0.000000 -0.664363 0.747410
267.104000 106.128228 22.775869 0.000000 0.000000 0.000000 -0.621864 0.783125
267.172000 105.134632 22.673308 0.000000 0.000000 0.000000 -0.580174 0.814492
267.236000 104.153387 22.509042 0.000000 0.000000 0.000000 -0.550595 0.834773
267.304000 103.810400 23.431747 0.000000 0.000000 0.000000 -0.550685 0.834713
267.368000 102.862025 23.716331 0.000000 0.000000 0.000000 -0.547140 0.837041
267.436000 102.429810 24.586270 0.000000 0.000000 0.000000 -0.547219 0.836989
267.500000 102.007044 25.477526 0.000000 0.000000 0.000000 -0.547179 0.837015
267.568000 101.020632 25.627298 0.000000 0.000000 0.000000 -0.542939 0.839772
267.632000 100.881461 26.590717 0.000000 0.000000 0.000000 -0.543481 0.839421
267.700000 100.488091 27.480463 0.000000 0.000000 0.000000 -0.543425 0.839457
267.764000 100.115916 28.381043 0.000000 0.000000 0.000000 -0.543448 0.839443
267.832000 99.803893 29.299387 0.000000 0.000000 0.000000 -0.543529 0.839390
267.896000 99.429022 30.201994 0.000000 0.000000 0.000000 -0.543460 0.839435
267.964000 99.159180 31.147293 0.000000 0.000000 0.000000 -0.543956 0.839114
268.028000 98.164571 31.212343 0.000000 0.000000 0.000000 -0.536036 0.844195
268.096000 97.810787 32.126504 0.000000 0.000000 0.000000 -0.536136 0.844132
268.160000 97.571617 33.074964 0.000000 0.000000 0.000000 -0.536545 0.843871
268.228000 97.225542 33.984292 0.000000 0.000000 0.000000 -0.536896 0.843649
268.292000 96.746943 34.842272 0.000000 0.000000 0.000000 -0.536388 0.843972
268.360000 96.346309 35.727595 0.000000 0.000000 0.000000 -0.536144 0.844127
268.424000 95.922437 36.623929 0.000000 0.000000 0.000000 -0.536011 0.844211
268.492000 95.589948 37.561140 0.000000 0.000000 0.000000 -0.536034 0.844196
268.556000 95.069622 38.392403 0.000000 0.000000 0.000000 -0.535352 0.844629
268.624000 94.529555 39.197778 0.000000 0.000000 0.000000 -0.534413 0.845223
268.688000 93.530781 39.229911 0.000000 0.000000 0.000000 -0.528907 0.848680
268.756000 93.055975 40.078572 0.000000 0.000000 0.000000 -0.528571 0.848889
268.820000 92.534318 40.902967 0.000000 0.000000 0.000000 -0.528020 0.849232
268.888000 91.999251 41.711179 0.000000 0.000000 0.000000 -0.526847 0.849960
268.952000 92.825133 42.272209 0.000000 0.000000 0.000000 -0.536941 0.843620
269.020000 92.306360 43.096263 0.000000 0.000000 0.000000 -0.536244 0.844063
269.084000 92.959366 43.852629 0.000000 0.000000 0.000000 -0.539772 0.841811
269.152000 91.971289 43.699049 0.000000 0.000000 0.000000 -0.510472 0.859895
269.216000 91.058860 43.298303 0.000000 0.000000 0.000000 -0.466197 0.884681
269.284000 90.192900 42.799333 0.000000 0.000000 0.000000 -0.414378 0.910105
269.348000 89.324173 42.304621 0.000000 0.000000 0.000000 -0.376296 0.926499
269.416000 88.569753 41.648357 0.000000 0.000000 0.000000 -0.323102 0.946364
269.480000 87.818700 41.007615 0.000000 0.000000 0.000000 -0.281164 0.959660
269.548000 87.146229 40.271110 0.000000 0.000000 0.000000 -0.229916 0.973210
269.612000 86.557656 39.466115 0.000000 0.000000 0.000000 -0.190700 0.981648
269.680000 85.986711 38.650159 0.000000 0.000000 0.000000 -0.142822 0.989748
269.744000 85.574225 37.752126 0.000000 0.000000 0.000000 -0.098287 0.995158
269.812000 85.221159 36.864850 0.000000 0.000000 0.000000 -0.051749 0.998660
269.876000 84.978982 35.928517 0.000000 0.000000 0.000000 -0.007896 0.999969
269.944000 84.829589 34.953564 0.000000 0.000000 0.000000 0.040959 0.999161
270.008000 84.741500 34.012721 0.000000 0.000000 0.000000 0.084823 0.996396
270.076000 83.791080 34.152732 0.000000 0.000000 0.000000 0.082815 0.996565
270.140000 82.817116 34.069390 0.000000 0.000000 0.000000 0.082354 0.996603
270.208000 81.868483 33.860432 0.000000 0.000000 0.000000 0.082568 0.996585
270.272000 80.905804 33.707303 0.000000 0.000000 0.000000 0.082797 0.996566
270.340000 79.930912 33.661801 0.000000 0.000000 0.000000 0.082310 0.996607
270.404000 78.981872 33.456227 0.000000 0.000000 0.000000 0.082434 0.996597
270.472000 78.021058 33.300237 0.000000 0.000000 0.000000 0.082613 0.996582
270.536000 77.057524 33.212926 0.000000 0.000000 0.000000 0.082424 0.996597
270.604000 76.089958 33.084883 0.000000 0.000000 0.000000 0.082148 0.996620
270.668000 75.120995 32.948277 0.000000 0.000000 0.000000 0.082008 0.996632
270.736000 74.154762 32.964259 0.000000 0.000000 0.000000 0.081182 0.996699
270.800000 73.190315 32.866037 0.000000 0.000000 0.000000 0.081292 0.996690
270.868000 72.243409 32.618684 0.000000 0.000000 0.000000 0.082659 0.996578
270.932000 71.276952 32.685293 0.000000 0.000000 0.000000 0.081049 0.996710
271.000000 70.325532 32.812758 0.000000 0.000000 0.000000 0.079109 0.996866
271.064000 69.353224 32.689115 0.000000 0.000000 0.000000 0.079100 0.996867
271.132000 68.428054 32.309808 0.000000 0.000000 0.000000 0.079805 0.996811
271.196000 67.465356 32.425075 0.000000 0.000000 0.000000 0.078509 0.996913
271.264000 66.474770 32.368496 0.000000 0.000000 0.000000 0.077636 0.996982
271.328000 65.510088 32.426278 0.000000 0.000000 0.000000 0.076594 0.997062
271.396000 64.520714 32.553744 0.000000 0.000000 0.000000 0.074696 0.997206
271.460000 63.580228 32.782544 0.000000 0.000000 0.000000 0.071974 0.997406
271.528000 62.629151 32.981785 0.000000 0.000000 0.000000 0.069636 0.997572
271.592000 61.666464 32.894076 0.000000 0.000000 0.000000 0.069305 0.997596
271.660000 60.686088 33.041393 0.000000 0.000000 0.000000 0.067844 0.997696
271.724000 59.720951 33.051212 0.000000 0.000000 0.000000 0.066439 0.997790
271.792000 58.769850 33.205268 0.000000 0.000000 0.000000 0.064011 0.997949
271.856000 57.803911 33.248096 0.000000 0.000000 0.000000 0.063569 0.997977
271.924000 56.858357 33.445006 0.000000 0.000000 0.000000 0.060881 0.998145
271.988000 55.892931 33.437870 0.000000 0.000000 0.000000 0.060042 0.998196
272.056000 54.929103 33.193379 0.000000 0.000000 0.000000 0.060488 0.998169
272.120000 54.085845 33.674713 0.000000 0.000000 0.000000 0.055338 0.998468
272.188000 53.124292 33.661699 0.000000 0.000000 0.000000 0.054868 0.998494
272.252000 52.142508 33.801772 0.000000 0.000000 0.000000 0.052937 0.998598
272.320000 51.172550 33.887996 0.000000 0.000000 0.000000 0.051557 0.998670
272.384000 50.200076 33.992408 0.000000 0.000000 0.000000 0.050466 0.998726
272.452000 49.210009 33.984240 0.000000 0.000000 0.000000 0.049910 0.998754
272.516000 48.228474 33.938271 0.000000 0.000000 0.000000 0.049458 0.998776
272.584000 47.242691 34.052330 0.000000 0.000000 0.000000 0.047151 0.998888
272.648000 46.280414 34.030744 0.000000 0.000000 0.000000 0.046696 0.998909
272.716000 45.297962 34.110249 0.000000 0.000000 0.000000 0.044872 0.998993
272.780000 44.303123 34.017896 0.000000 0.000000 0.000000 0.044168 0.999024
272.848000 44.669021 34.922459 0.000000 0.000000 0.000000 0.040861 0.999165
272.912000 43.683224 34.898977 0.000000 0.000000 0.000000 0.040329 0.999186
272.980000 42.694452 34.800198 0.000000 0.000000 0.000000 0.030784 0.999526
273.044000 43.344602 35.551542 0.000000 0.000000 0.000000 0.001024 0.999999
273.112000 43.083466 36.516345 0.000000 0.000000 0.000000 -0.042049 0.999116
273.176000 42.982654 37.504482 0.000000 0.000000 0.000000 -0.100790 0.994908
273.244000 43.442794 38.304059 0.000000 0.000000 0.000000 -0.142261 0.989829
273.308000 44.430841 38.158042 0.000000 0.000000 0.000000 -0.166528 0.986037
273.376000 45.357299 37.788663 0.000000 0.000000 0.000000 -0.191256 0.981540
273.440000 46.324118 37.533285 0.000000 0.000000 0.000000 -0.215054 0.976602
273.508000 46.625620 38.438783 0.000000 0.000000 0.000000 -0.263305 0.964713
273.572000 47.055275 39.334911 0.000000 0.000000 0.000000 -0.313268 0.949665
273.640000 47.383072 40.278590 0.000000 0.000000 0.000000 -0.344850 0.938658
273.704000 47.026229 41.194043 0.000000 0.000000 0.000000 -0.347894 0.937534
273.772000 46.204459 41.763778 0.000000 0.000000 0.000000 -0.347358 0.937733
273.836000 45.415855 42.333236 0.000000 0.000000 0.000000 -0.346945 0.937885
273.904000 44.767928 41.908165 0.000000 0.000000 0.000000 -0.336683 0.941618
273.968000 44.072276 42.623982 0.000000 0.000000 0.000000 -0.336702 0.941611
274.036000 43.492928 43.426722 0.000000 0.000000 0.000000 -0.336734 0.941600
274.100000 43.096163 44.344077 0.000000 0.000000 0.000000 -0.338961 0.940800
274.168000 42.509455 45.152870 0.000000 0.000000 0.000000 -0.340267 0.940329
274.232000 41.689075 45.724544 0.000000 0.000000 0.000000 -0.352953 0.935641
274.300000 42.286727 46.518324 0.000000 0.000000 0.000000 -0.387080 0.922046
274.364000 42.885952 47.303134 0.000000 0.000000 0.000000 -0.432305 0.901728
274.432000 43.575303 48.025041 0.000000 0.000000 0.000000 -0.479511 0.877536
274.496000 44.320655 48.691286 0.000000 0.000000 0.000000 -0.515173 0.857087
274.564000 45.136097 49.267673 0.000000 0.000000 0.000000 -0.557051 0.830479
274.628000 45.980097 49.799767 0.000000 0.000000 0.000000 -0.598180 0.801362
274.696000 46.868674 50.257139 0.000000 0.000000 0.000000 -0.632222 0.774787
274.760000 47.259999 51.151822 0.000000 0.000000 0.000000 -0.634281 0.773103
274.828000 48.093871 51.699009 0.000000 0.000000 0.000000 -0.640228 0.768185
274.892000 48.283693 52.678016 0.000000 0.000000 0.000000 -0.641764 0.766902
274.960000 48.576302 53.633314 0.000000 0.000000 0.000000 -0.644623 0.764500
275.024000 48.974267 54.536357 0.000000 0.000000 0.000000 -0.647087 0.762416
275.092000 49.504535 55.351854 0.000000 0.000000 0.000000 -0.650347 0.759637
275.156000 49.723616 56.303864 0.000000 0.000000 0.000000 -0.652175 0.758068
275.224000 50.376191 57.022884 0.000000 0.000000 0.000000 -0.657217 0.753702
275.288000 51.154788 57.632255 0.000000 0.000000 0.000000 -0.660595 0.750742
275.356000 51.796929 58.360418 0.000000 0.000000 0.000000 -0.664873 0.746957
275.420000 52.135794 59.299075 0.000000 0.000000 0.000000 -0.667603 0.744517
275.488000 52.939810 59.859065 0.000000 0.000000 0.000000 -0.668626 0.743599
275.552000 51.967790 60.078406 0.000000 0.000000 0.000000 -0.664668 0.747139
275.620000 51.049398 60.474077 0.000000 0.000000 0.000000 -0.661558 0.749894
275.684000 51.443309 61.357915 0.000000 0.000000 0.000000 -0.663753 0.747952
275.752000 52.156338 62.049302 0.000000 0.000000 0.000000 -0.668852 0.743395
275.816000 52.918893 62.608197 0.000000 0.000000 0.000000 -0.673373 0.739303
275.884000 53.031256 63.585548 0.000000 0.000000 0.000000 -0.674542 0.738237
275.948000 52.101791 63.948746 0.000000 0.000000 0.000000 -0.668504 0.743709
276.016000 52.075810 64.907256 0.000000 0.000000 0.000000 -0.669061 0.743208
276.080000 52.069117 65.873560 0.000000 0.000000 0.000000 -0.669677 0.742652
276.148000 52.049654 66.872743 0.000000 0.000000 0.000000 -0.670357 0.742039
276.212000 51.776172 67.790600 0.000000 0.000000 0.000000 -0.669475 0.742834
276.280000 51.943915 68.201775 0.000000 0.000000 0.000000 -0.673549 0.739143
276.344000 51.759828 69.167974 0.000000 0.000000 0.000000 -0.673063 0.739585
276.412000 51.122857 69.882171 0.000000 0.000000 0.000000 -0.668537 0.743678
276.476000 51.152082 70.870132 0.000000 0.000000 0.000000 -0.669521 0.742793
276.544000 51.188752 71.809797 0.000000 0.000000 0.000000 -0.676045 0.736860
276.608000 51.064186 72.801656 0.000000 0.000000 0.000000 -0.693817 0.720152
276.676000 50.949119 73.794308 0.000000 0.000000 0.000000 0.712435 -0.701738
276.740000 51.891791 73.961321 0.000000 0.000000 0.000000 0.753208 -0.657783
276.808000 52.888639 74.011201 0.000000 0.000000 0.000000 0.796523 -0.604608
276.872000 53.863996 74.033545 0.000000 0.000000 0.000000 0.830752 -0.556642
276.940000 54.824895 73.853579 0.000000 0.000000 0.000000 0.866518 -0.499145
277.004000 55.731286 73.508500 0.000000 0.000000 0.000000 0.895503 -0.445055
277.072000 56.558574 73.035295 0.000000 0.000000 0.000000 0.923639 -0.383264
277.136000 57.069219 72.329645 0.000000 0.000000 0.000000 0.937196 -0.348804
277.204000 57.773946 71.627870 0.000000 0.000000 0.000000 0.955893 -0.293716
277.268000 58.496624 72.317659 0.000000 0.000000 0.000000 0.962668 -0.270686
277.336000 57.713865 71.699597 0.000000 0.000000 0.000000 0.969284 -0.245946
277.400000 58.290773 70.885899 0.000000 0.000000 0.000000 0.981763 -0.190108
277.468000 58.775015 70.011061 0.000000 0.000000 0.000000 0.991174 -0.132570
277.532000 59.723320 70.327948 0.000000 0.000000 0.000000 0.994053 -0.108899
277.600000 60.648224 70.622454 0.000000 0.000000 0.000000 0.994589 -0.103891
277.664000 61.606816 70.843530 0.000000 0.000000 0.000000 0.994549 -0.104272
277.732000 62.573284 71.064546 0.000000 0.000000 0.000000 0.994523 -0.104516
277.796000 63.511103 70.743433 0.000000 0.000000 0.000000 0.994852 -0.101334
277.864000 64.477854 70.907354 0.000000 0.000000 0.000000 0.994889 -0.100970
277.928000 65.310095 71.421757 0.000000 0.000000 0.000000 0.994693 -0.102885
277.996000 66.280484 71.593662 0.000000 0.000000 0.000000 0.994717 -0.102659
278.060000 67.217969 71.887600 0.000000 0.000000 0.000000 0.994637 -0.103426
278.128000 68.172131 72.132540 0.000000 0.000000 0.000000 0.994603 -0.103754
278.192000 69.065025 72.529821 0.000000 0.000000 0.000000 0.994501 -0.104731
278.260000 69.914812 72.990003 0.000000 0.000000 0.000000 0.994283 -0.106779
278.324000 70.864904 73.195885 0.000000 0.000000 0.000000 0.994284 -0.106766
278.392000 71.826605 73.409842 0.000000 0.000000 0.000000 0.994285 -0.106762
278.456000 72.776931 73.667898 0.000000 0.000000 0.000000 0.994253 -0.107053
278.524000 73.746702 73.862284 0.000000 0.000000 0.000000 0.994252 -0.107070
278.588000 74.701958 74.103937 0.000000 0.000000 0.000000 0.994198 -0.107566
278.656000 75.644116 74.362553 0.000000 0.000000 0.000000 0.994125 -0.108236
278.720000 76.579163 74.622309 0.000000 0.000000 0.000000 0.994057 -0.108860
278.788000 77.501764 74.941630 0.000000 0.000000 0.000000 0.993924 -0.110072
278.852000 78.463228 75.147573 0.000000 0.000000 0.000000 0.993932 -0.110000
278.920000 79.436293 75.347799 0.000000 0.000000 0.000000 0.993930 -0.110018
278.984000 80.399899 75.548515 0.000000 0.000000 0.000000 0.993934 -0.109983
279.052000 81.331624 75.833864 0.000000 0.000000 0.000000 0.993883 -0.110438
279.116000 82.291657 76.049417 0.000000 0.000000 0.000000 0.993908 -0.110214
279.184000 83.200787 76.399969 0.000000 0.000000 0.000000 0.993813 -0.111066
279.248000 84.175123 76.557668 0.000000 0.000000 0.000000 0.993818 -0.111020
279.316000 85.081090 76.944506 0.000000 0.000000 0.000000 0.993695 -0.112118
279.380000 86.006939 77.221960 0.000000 0.000000 0.000000 0.993623 -0.112750
279.448000 86.875365 77.651526 0.000000 0.000000 0.000000 0.993458 -0.114200
279.512000 87.810848 77.941050 0.000000 0.000000 0.000000 0.993355 -0.115090
279.580000 88.799727 78.016863 0.000000 0.000000 0.000000 0.993475 -0.114052
279.644000 89.731202 78.307575 0.000000 0.000000 0.000000 0.993332 -0.115291
279.712000 90.630849 78.687474 0.000000 0.000000 0.000000 0.993207 -0.116358
279.776000 91.601285 78.852433 0.000000 0.000000 0.000000 0.993271 -0.115815
279.844000 92.559351 79.074391 0.000000 0.000000 0.000000 0.993241 -0.116068
279.908000 93.481611 79.395885 0.000000 0.000000 0.000000 0.993161 -0.116749
279.976000 94.436485 79.637111 0.000000 0.000000 0.000000 0.993171 -0.116665
280.040000 95.401629 79.830780 0.000000 0.000000 0.000000 0.993278 -0.115756
280.108000 96.364600 80.085462 0.000000 0.000000 0.000000 0.995780 -0.091772
280.172000 97.331301 80.330608 0.000000 0.000000 0.000000 0.997728 -0.067368
280.240000 98.286253 80.425858 0.000000 0.000000 0.000000 0.999141 -0.041450
280.304000 99.270543 80.523905 0.000000 0.000000 0.000000 0.999436 -0.033568
280.372000 100.237964 80.649869 0.000000 0.000000 0.000000 0.999413 -0.034249
280.436000 101.192735 80.824861 0.000000 0.000000 0.000000 0.999371 -0.035468
280.504000 102.174949 80.853945 0.000000 0.000000 0.000000 0.999380 -0.035214
280.568000 103.141335 80.979741 0.000000 0.000000 0.000000 0.999345 -0.036187
280.636000 104.119403 81.002261 0.000000 0.000000 0.000000 0.999373 -0.035413
280.700000 105.087461 81.139159 0.000000 0.000000 0.000000 0.999349 -0.036078
280.768000 106.065722 81.206325 0.000000 0.000000 0.000000 0.999340 -0.036320
280.832000 107.035116 81.296053 0.000000 0.000000 0.000000 0.999339 -0.036343
280.900000 108.007079 81.378308 0.000000 0.000000 0.000000 0.999340 -0.036326
280.964000 108.970962 81.441384 0.000000 0.000000 0.000000 0.999349 -0.036070
281.032000 109.955274 81.511486 0.000000 0.000000 0.000000 0.999359 -0.035796
281.096000 110.947989 81.535300 0.000000 0.000000 0.000000 0.999371 -0.035451
281.164000 111.932173 81.578901 0.000000 0.000000 0.000000 0.999385 -0.035061
281.228000 112.913415 81.695252 0.000000 0.000000 0.000000 0.999389 -0.034959
281.296000 113.879489 81.769712 0.000000 0.000000 0.000000 0.999377 -0.035305
281.360000 114.856396 81.877250 0.000000 0.000000 0.000000 0.999347 -0.036141
281.428000 115.833337 81.962559 0.000000 0.000000 0.000000 0.999342 -0.036268
281.492000 116.808609 82.054090 0.000000 0.000000 0.000000 0.999328 -0.036643
281.560000 117.792734 82.155494 0.000000 0.000000 0.000000 0.999324 -0.036756
281.624000 118.773985 82.193698 0.000000 0.000000 0.000000 0.999346 -0.036163
281.692000 119.758920 82.230362 0.000000 0.000000 0.000000 0.999372 -0.035424
281.756000 120.738397 82.300063 0.000000 0.000000 0.000000 0.999361 -0.035753
281.824000 121.722258 82.367931 0.000000 0.000000 0.000000 0.999351 -0.036022
281.888000 122.696993 82.474904 0.000000 0.000000 0.000000 0.999343 -0.036254
281.956000 123.678782 82.539819 0.000000 0.000000 0.000000 0.999339 -0.036357
282.020000 124.654427 82.562680 0.000000 0.000000 0.000000 0.999348 -0.036095
282.088000 125.647859 82.635097 0.000000 0.000000 0.000000 0.999369 -0.035523
282.152000 126.633693 82.722519 0.000000 0.000000 0.000000 0.999384 -0.035091
282.220000 127.622794 82.776139 0.000000 0.000000 0.000000 0.999420 -0.034059
282.284000 128.597588 82.851799 0.000000 0.000000 0.000000 0.999406 -0.034449
282.352000 129.576718 82.909981 0.000000 0.000000 0.000000 0.999408 -0.034411
282.416000 130.574426 82.957877 0.000000 0.000000 0.000000 0.999448 -0.033211
282.484000 131.558057 83.029023 0.000000 0.000000 0.000000 0.999449 -0.033200
282.548000 132.544805 83.091194 0.000000 0.000000 0.000000 0.999462 -0.032801
282.616000 133.538085 82.998580 0.000000 0.000000 0.000000 0.999501 -0.031595
282.680000 134.521617 83.039924 0.000000 0.000000 0.000000 0.999465 -0.032708
282.748000 135.425215 82.835800 0.000000 0.000000 0.000000 0.999546 -0.030144
282.812000 136.412142 82.857262 0.000000 0.000000 0.000000 0.999541 -0.030304
282.880000 137.373258 82.975433 0.000000 0.000000 0.000000 0.999518 -0.031057
282.944000 138.346685 82.870865 0.000000 0.000000 0.000000 0.999553 -0.029900
283.012000 137.432311 83.099763 0.000000 0.000000 0.000000 0.999604 -0.028141
283.076000 138.406562 83.108584 0.000000 0.000000 0.000000 0.999599 -0.028322
283.144000 139.392267 82.986146 0.000000 0.000000 0.000000 0.999642 -0.026749
283.208000 140.373265 83.039807 0.000000 0.000000 0.000000 0.999649 -0.026485
283.276000 141.281290 82.842574 0.000000 0.000000 0.000000 0.999699 -0.024535
283.340000 142.225375 82.711113 0.000000 0.000000 0.000000 0.999739 -0.022853
283.408000 142.622618 82.806014 0.000000 0.000000 0.000000 0.999536 -0.030466
283.472000 143.606800 82.688638 0.000000 0.000000 0.000000 0.999579 -0.028999
283.540000 144.590424 82.550913 0.000000 0.000000 0.000000 0.999637 -0.026955
283.604000 145.545820 82.398383 0.000000 0.000000 0.000000 0.999698 -0.024586
283.672000 145.536676 83.104108 0.000000 0.000000 0.000000 0.998842 -0.048106
283.736000 146.532156 83.011826 0.000000 0.000000 0.000000 0.998927 -0.046313
283.804000 146.687621 82.024004 0.000000 0.000000 0.000000 0.998815 -0.048669
283.868000 147.665178 81.902199 0.000000 0.000000 0.000000 0.998907 -0.046746
283.936000 146.686014 82.041553 0.000000 0.000000 0.000000 0.999018 -0.044313
284.000000 147.650458 81.852566 0.000000 0.000000 0.000000 0.999787 -0.020625
284.068000 148.590748 81.512194 0.000000 0.000000 0.000000 0.999883 0.015308
284.132000 149.547111 81.246592 0.000000 0.000000 0.000000 0.999031 0.044009
284.200000 150.400487 80.727133 0.000000 0.000000 0.000000 0.996817 0.079727
284.264000 150.527863 79.742340 0.000000 0.000000 0.000000 0.982022 0.188767
284.332000 150.409989 78.761128 0.000000 0.000000 0.000000 0.970740 0.240133
284.396000 150.144837 77.798728 0.000000 0.000000 0.000000 0.953056 0.302793
284.464000 149.716517 76.899021 0.000000 0.000000 0.000000 0.932796 0.360405
284.528000 148.786274 77.264842 0.000000 0.000000 0.000000 0.923088 0.384589
284.596000 148.041102 77.714917 0.000000 0.000000 0.000000 0.912662 0.408716
284.660000 148.774295 77.041750 0.000000 0.000000 0.000000 0.902372 0.430958
284.728000 148.037584 77.663715 0.000000 0.000000 0.000000 0.890874 0.454251
284.792000 147.340012 76.952199 0.000000 0.000000 0.000000 0.868889 0.495006
284.860000 147.664315 77.868235 0.000000 0.000000 0.000000 0.856232 0.516591
284.924000 147.089737 78.671619 0.000000 0.000000 0.000000 0.843572 0.537017
284.992000 146.500642 77.877925 0.000000 0.000000 0.000000 0.828457 0.560053
285.056000 146.276995 76.921284 0.000000 0.000000 0.000000 0.825432 0.564502
285.124000 146.651117 76.021766 0.000000 0.000000 0.000000 0.825453 0.564471
285.188000 146.963795 75.103503 0.000000 0.000000 0.000000 0.825325 0.564658
285.256000 146.721288 74.148259 0.000000 0.000000 0.000000 0.822782 0.568358
285.320000 146.416365 73.239996 0.000000 0.000000 0.000000 0.820664 0.571411
285.388000 146.790633 74.138875 0.000000 0.000000 0.000000 0.818737 0.574169
285.452000 147.112313 73.222975 0.000000 0.000000 0.000000 0.818610 0.574349
285.520000 147.420944 72.284275 0.000000 0.000000 0.000000 0.818548 0.574438
285.584000 147.841025 71.406172 0.000000 0.000000 0.000000 0.818886 0.573956
285.652000 148.174769 70.490361 0.000000 0.000000 0.000000 0.818851 0.574006
285.716000 148.538282 69.588084 0.000000 0.000000 0.000000 0.818883 0.573960
285.784000 148.891732 68.684377 0.000000 0.000000 0.000000 0.819038 0.573740
285.848000 149.248378 67.782554 0.000000 0.000000 0.000000 0.819111 0.573636
285.916000 149.608847 66.878902 0.000000 0.000000 0.000000 0.819289 0.573380
285.980000 149.946956 65.970812 0.000000 0.000000 0.000000 0.819205 0.573501
286.048000 150.288467 65.059596 0.000000 0.000000 0.000000 0.819260 0.573423
286.112000 150.476808 64.078640 0.000000 0.000000 0.000000 0.818931 0.573892
286.180000 150.793831 63.159095 0.000000 0.000000 0.000000 0.818966 0.573843
286.244000 151.122162 62.232455 0.000000 0.000000 0.000000 0.818966 0.573843
286.312000 151.492849 61.338116 0.000000 0.000000 0.000000 0.819008 0.573782
286.376000 151.838155 60.424337 0.000000 0.000000 0.000000 0.819052 0.573719
286.444000 152.123543 59.477863 0.000000 0.000000 0.000000 0.818871 0.573977
286.508000 152.425669 58.541497 0.000000 0.000000 0.000000 0.818738 0.574167
286.576000 152.747117 57.619527 0.000000 0.000000 0.000000 0.818747 0.574155
286.640000 153.111474 56.718793 0.000000 0.000000 0.000000 0.818761 0.574134
286.708000 153.547275 55.850948 0.000000 0.000000 0.000000 0.819086 0.573671
286.772000 153.836782 54.911968 0.000000 0.000000 0.000000 0.818859 0.573994
286.840000 153.686645 55.899219 0.000000 0.000000 0.000000 0.818357 0.574711
286.904000 154.126909 55.034118 0.000000 0.000000 0.000000 0.818757 0.574141
286.972000 154.492102 54.128263 0.000000 0.000000 0.000000 0.818858 0.573997
287.036000 154.937318 53.265578 0.000000 0.000000 0.000000 0.819387 0.573241
287.104000 155.380587 52.401929 0.000000 0.000000 0.000000 0.819838 0.572595
287.168000 155.702538 51.474905 0.000000 0.000000 0.000000 0.819654 0.572860
287.236000 156.055162 50.559507 0.000000 0.000000 0.000000 0.819654 0.572860
287.300000 156.492228 49.692593 0.000000 0.000000 0.000000 0.820294 0.571942
287.368000 156.703164 48.720797 0.000000 0.000000 0.000000 0.819898 0.572510
287.432000 157.070112 47.823028 0.000000 0.000000 0.000000 0.820201 0.572076
287.500000 157.439482 46.928325 0.000000 0.000000 0.000000 0.820445 0.571725
287.564000 157.818795 46.015573 0.000000 0.000000 0.000000 0.820641 0.571444
287.632000 158.164016 45.099074 0.000000 0.000000 0.000000 0.820643 0.571442
287.696000 158.551433 44.214090 0.000000 0.000000 0.000000 0.820917 0.571047
287.764000 158.848824 43.287523 0.000000 0.000000 0.000000 0.820810 0.571202
287.828000 159.236283 42.396163 0.000000 0.000000 0.000000 0.821105 0.570777
287.896000 159.650897 41.519806 0.000000 0.000000 0.000000 0.821475 0.570245
287.960000 160.116883 40.665251 0.000000 0.000000 0.000000 0.822233 0.569151
288.028000 160.594236 39.820116 0.000000 0.000000 0.000000 0.822874 0.568224
288.092000 160.954568 38.913476 0.000000 0.000000 0.000000 0.822974 0.568079
288.160000 161.404935 38.068902 0.000000 0.000000 0.000000 0.823508 0.567305
288.224000 161.819350 37.176098 0.000000 0.000000 0.000000 0.823647 0.567103
288.292000 162.227648 36.293609 0.000000 0.000000 0.000000 0.824023 0.566556
288.356000 162.763072 35.488469 0.000000 0.000000 0.000000 0.824982 0.565159
288.424000 163.757898 35.489029 0.000000 0.000000 0.000000 0.831229 0.555931
288.488000 163.367024 34.574358 0.000000 0.000000 0.000000 0.829758 0.558124
288.556000 163.367024 34.574358 0.000000 0.000000 0.000000 0.829758 0.558124
288.620000 163.892348 33.736382 0.000000 0.000000 0.000000 0.830754 0.556640
288.688000 164.332051 32.844901 0.000000 0.000000 0.000000 0.831117 0.556097
288.752000 164.693944 31.940554 0.000000 0.000000 0.000000 0.831137 0.556067
288.820000 165.068966 31.045881 0.000000 0.000000 0.000000 0.831441 0.555613
288.884000 165.407754 30.136426 0.000000 0.000000 0.000000 0.831184 0.555998
288.952000 165.673607 29.204944 0.000000 0.000000 0.000000 0.843177 0.537636
289.016000 166.603297 29.516523 0.000000 0.000000 0.000000 0.882441 0.470424
289.084000 167.457840 30.029661 0.000000 0.000000 0.000000 0.921146 0.389218
289.148000 168.227784 30.663375 0.000000 0.000000 0.000000 0.940444 0.339949
289.216000 168.909490 31.378158 0.000000 0.000000 0.000000 0.962820 0.270143
289.280000 169.683598 30.769522 0.000000 0.000000 0.000000 0.969096 0.246682
289.348000 170.228275 31.601028 0.000000 0.000000 0.000000 0.982880 0.184246
289.412000 170.589887 32.516627 0.000000 0.000000 0.000000 0.990639 0.136506
289.480000 170.890698 33.466992 0.000000 0.000000 0.000000 0.996462 0.084040
289.544000 171.129319 34.435951 0.000000 0.000000 0.000000 0.999269 0.038229
289.612000 171.340940 35.413026 0.000000 0.000000 0.000000 0.999940 -0.010918
289.676000 171.344506 36.403341 0.000000 0.000000 0.000000 0.997744 -0.067131
289.744000 171.247897 37.390137 0.000000 0.000000 0.000000 0.992675 -0.120813
289.808000 171.031119 38.361334 0.000000 0.000000 0.000000 0.985728 -0.168347
289.876000 170.752618 39.321527 0.000000 0.000000 0.000000 0.976774 -0.214271
289.940000 170.394713 40.215507 0.000000 0.000000 0.000000 0.964239 -0.265035
290.008000 169.929821 41.100397 0.000000 0.000000 0.000000 0.951811 -0.306686
290.072000 169.419749 41.957867 0.000000 0.000000 0.000000 0.935827 -0.352459
290.140000 170.155629 42.634832 0.000000 0.000000 0.000000 0.926662 -0.375897
290.204000 169.488633 43.379779 0.000000 0.000000 0.000000 0.909524 -0.415651
290.272000 168.758141 44.062001 0.000000 0.000000 0.000000 0.886182 -0.463338
290.336000 168.007242 44.721457 0.000000 0.000000 0.000000 0.861865 -0.507138
290.404000 167.152125 45.236347 0.000000 0.000000 0.000000 0.834747 -0.550634
290.468000 166.267250 45.701773 0.000000 0.000000 0.000000 0.807044 -0.590491
290.536000 165.363927 46.130654 0.000000 0.000000 0.000000 0.778153 -0.628075
290.600000 166.195574 46.660206 0.000000 0.000000 0.000000 0.780267 -0.625446
290.668000 165.964558 45.710211 0.000000 0.000000 0.000000 0.780268 -0.625445
290.732000 166.629289 46.432585 0.000000 0.000000 0.000000 0.781779 -0.623556
290.800000 167.624678 46.394566 0.000000 0.000000 0.000000 0.787290 -0.616583
290.864000 168.607265 46.538196 0.000000 0.000000 0.000000 0.791781 -0.610805
290.932000 169.434744 47.075668 0.000000 0.000000 0.000000 0.793712 -0.608293
290.996000 170.345341 47.462516 0.000000 0.000000 0.000000 0.796191 -0.605046
291.064000 171.286669 47.774040 0.000000 0.000000 0.000000 0.799380 -0.600826
291.128000 172.240956 48.044594 0.000000 0.000000 0.000000 0.802397 -0.596791
291.196000 171.952412 47.108789 0.000000 0.000000 0.000000 0.802464 -0.596700
291.260000 171.735154 46.157643 0.000000 0.000000 0.000000 0.802466 -0.596698
291.328000 172.723296 46.241637 0.000000 0.000000 0.000000 0.806106 -0.591772
291.392000 173.696736 46.432094 0.000000 0.000000 0.000000 0.809698 -0.586847
291.460000 174.574767 46.886289 0.000000 0.000000 0.000000 0.812295 -0.583247
291.524000 175.535057 47.107533 0.000000 0.000000 0.000000 0.815000 -0.579461
291.592000 176.014416 47.962610 0.000000 0.000000 0.000000 0.815377 -0.578930
291.656000 175.327650 48.659538 0.000000 0.000000 0.000000 0.811295 -0.584637
291.724000 176.315592 48.735783 0.000000 0.000000 0.000000 0.815815 -0.578313
291.788000 175.991650 47.807454 0.000000 0.000000 0.000000 0.815828 -0.578295
291.856000 175.899289 48.768995 0.000000 0.000000 0.000000 0.814863 -0.579653
291.920000 175.513121 47.865326 0.000000 0.000000 0.000000 0.814904 -0.579596
291.988000 175.815447 48.803583 0.000000 0.000000 0.000000 0.814898 -0.579605
292.052000 176.143599 49.727574 0.000000 0.000000 0.000000 0.814899 -0.579603
292.120000 175.267797 49.286441 0.000000 0.000000 0.000000 0.817225 -0.576318
292.184000 176.261804 49.289877 0.000000 0.000000 0.000000 0.822682 -0.568502
292.252000 176.010855 48.354563 0.000000 0.000000 0.000000 0.822408 -0.568899
292.316000 175.083865 48.025640 0.000000 0.000000 0.000000 0.825303 -0.564691
292.384000 175.458759 48.925594 0.000000 0.000000 0.000000 0.825248 -0.564770
292.448000 175.671859 49.879497 0.000000 0.000000 0.000000 0.824966 -0.565182
292.516000 176.515828 50.381455 0.000000 0.000000 0.000000 0.826279 -0.563260
292.580000 176.871649 51.293500 0.000000 0.000000 0.000000 0.826154 -0.563444
292.648000 177.435209 52.080340 0.000000 0.000000 0.000000 0.826865 -0.562400
292.712000 178.423607 52.100616 0.000000 0.000000 0.000000 0.831419 -0.555646
292.780000 178.164959 51.170671 0.000000 0.000000 0.000000 0.831224 -0.555937
292.844000 178.344488 52.130020 0.000000 0.000000 0.000000 0.830609 -0.556856
292.912000 179.294009 52.387208 0.000000 0.000000 0.000000 0.834157 -0.551528
292.976000 179.691951 53.284535 0.000000 0.000000 0.000000 0.834142 -0.551550
293.044000 179.349800 52.370900 0.000000 0.000000 0.000000 0.833837 -0.552011
293.108000 178.866193 53.186898 0.000000 0.000000 0.000000 0.831525 -0.555487
293.176000 178.489192 52.281725 0.000000 0.000000 0.000000 0.831552 -0.555446
293.240000 179.377859 52.704760 0.000000 0.000000 0.000000 0.833782 -0.552094
293.308000 179.124217 53.637081 0.000000 0.000000 0.000000 0.832494 -0.554034
293.372000 178.553071 52.842424 0.000000 0.000000 0.000000 0.832977 -0.553308
293.440000 178.088977 51.980832 0.000000 0.000000 0.000000 0.833150 -0.553046
293.504000 177.769126 51.056174 0.000000 0.000000 0.000000 0.833072 -0.553165
293.572000 178.749310 51.149693 0.000000 0.000000 0.000000 0.837691 -0.546144
293.636000 179.661064 51.532515 0.000000 0.000000 0.000000 0.839554 -0.543276
293.704000 180.617609 51.764009 0.000000 0.000000 0.000000 0.843445 -0.537215
293.768000 180.977628 52.672776 0.000000 0.000000 0.000000 0.843250 -0.537521
293.836000 181.317567 53.596805 0.000000 0.000000 0.000000 0.842963 -0.537971
293.900000 181.698835 54.497251 0.000000 0.000000 0.000000 0.842919 -0.538040
293.968000 181.332226 53.598497 0.000000 0.000000 0.000000 0.842834 -0.538173
294.032000 180.835154 52.754765 0.000000 0.000000 0.000000 0.843091 -0.537770
294.100000 180.461660 51.855110 0.000000 0.000000 0.000000 0.843137 -0.537699
294.164000 180.791121 52.780429 0.000000 0.000000 0.000000 0.842875 -0.538109
294.232000 181.187656 53.674891 0.000000 0.000000 0.000000 0.842767 -0.538278
294.296000 181.820420 54.420512 0.000000 0.000000 0.000000 0.843573 -0.537014
294.364000 182.234702 55.306307 0.000000 0.000000 0.000000 0.843704 -0.536808
294.428000 182.706288 56.162908 0.000000 0.000000 0.000000 0.843824 -0.536619
294.496000 183.000737 57.093341 0.000000 0.000000 0.000000 0.843326 -0.537403
294.560000 183.478581 57.949356 0.000000 0.000000 0.000000 0.843630 -0.536925
294.628000 183.823720 58.868530 0.000000 0.000000 0.000000 0.843171 -0.537645
294.692000 184.267721 59.740310 0.000000 0.000000 0.000000 0.843325 -0.537404
294.760000 184.611664 60.657715 0.000000 0.000000 0.000000 0.843032 -0.537863
294.824000 184.971254 61.568393 0.000000 0.000000 0.000000 0.842871 -0.538116
294.892000 185.391486 62.453354 0.000000 0.000000 0.000000 0.842817 -0.538200
294.956000 184.775136 61.694109 0.000000 0.000000 0.000000 0.843656 -0.536885
295.024000 185.245133 62.546387 0.000000 0.000000 0.000000 0.843937 -0.536442
295.088000 185.331728 63.511489 0.000000 0.000000 0.000000 0.842993 -0.537924
295.156000 185.615506 64.449644 0.000000 0.000000 0.000000 0.842244 -0.539096
295.220000 185.962865 65.364183 0.000000 0.000000 0.000000 0.841959 -0.539542
295.288000 186.239553 66.292988 0.000000 0.000000 0.000000 0.841418 -0.540384
295.352000 185.799764 65.425514 0.000000 0.000000 0.000000 0.841685 -0.539969
295.420000 186.079426 66.360517 0.000000 0.000000 0.000000 0.841115 -0.540856
295.484000 186.495191 67.248765 0.000000 0.000000 0.000000 0.841114 -0.540858
295.552000 186.984828 68.084109 0.000000 0.000000 0.000000 0.841453 -0.540331
295.616000 187.289404 69.022956 0.000000 0.000000 0.000000 0.841015 -0.541012
295.684000 187.565848 69.967395 0.000000 0.000000 0.000000 0.845672 -0.533703
295.748000 187.912539 70.904223 0.000000 0.000000 0.000000 0.857580 -0.514350
295.816000 188.877696 70.655073 0.000000 0.000000 0.000000 0.882815 -0.469720
295.880000 189.430196 71.485045 0.000000 0.000000 0.000000 0.893600 -0.448864
295.948000 189.997620 72.302989 0.000000 0.000000 0.000000 0.904087 -0.427348
296.012000 190.520874 73.153983 0.000000 0.000000 0.000000 0.913615 -0.406579
296.080000 191.129766 73.946102 0.000000 0.000000 0.000000 0.923181 -0.384366
296.144000 191.841614 74.637747 0.000000 0.000000 0.000000 0.932162 -0.362043
296.212000 192.661287 74.072494 0.000000 0.000000 0.000000 0.951716 -0.306979
296.276000 193.365077 73.362171 0.000000 0.000000 0.000000 0.968446 -0.249224
296.344000 194.134870 72.733699 0.000000 0.000000 0.000000 0.973075 -0.230489
296.408000 194.668975 73.492459 0.000000 0.000000 0.000000 0.972721 -0.231977
296.476000 195.572762 73.889054 0.000000 0.000000 0.000000 0.972778 -0.231739
296.540000 196.435272 74.369495 0.000000 0.000000 0.000000 0.972746 -0.231875
296.608000 197.312903 74.811290 0.000000 0.000000 0.000000 0.972738 -0.231905
296.672000 197.934283 74.033043 0.000000 0.000000 0.000000 0.974075 -0.226226
296.740000 198.819250 74.460239 0.000000 0.000000 0.000000 0.974096 -0.226136
296.804000 199.709990 74.864000 0.000000 0.000000 0.000000 0.974159 -0.225865
296.872000 200.600962 75.278439 0.000000 0.000000 0.000000 0.974173 -0.225802
296.936000 201.498891 75.680745 0.000000 0.000000 0.000000 0.974176 -0.225792
297.004000 202.350484 76.165714 0.000000 0.000000 0.000000 0.974076 -0.226220
297.068000 203.239228 76.593724 0.000000 0.000000 0.000000 0.974176 -0.225790
297.136000 204.092498 77.076189 0.000000 0.000000 0.000000 0.974038 -0.226386
297.200000 204.961419 77.522854 0.000000 0.000000 0.000000 0.974040 -0.226375
297.268000 205.864152 77.931148 0.000000 0.000000 0.000000 0.974074 -0.226231
297.332000 206.759167 78.349873 0.000000 0.000000 0.000000 0.974074 -0.226230
297.400000 207.656492 78.750250 0.000000 0.000000 0.000000 0.974117 -0.226045
297.464000 208.509169 79.231104 0.000000 0.000000 0.000000 0.974028 -0.226430
297.532000 209.407053 79.629212 0.000000 0.000000 0.000000 0.974089 -0.226163
297.596000 210.285914 80.052405 0.000000 0.000000 0.000000 0.974125 -0.226008
297.664000 211.173393 80.478476 0.000000 0.000000 0.000000 0.974163 -0.225844
297.728000 212.082628 80.852165 0.000000 0.000000 0.000000 0.974220 -0.225598
297.796000 212.983338 81.256133 0.000000 0.000000 0.000000 0.974222 -0.225592
297.860000 213.871086 81.674664 0.000000 0.000000 0.000000 0.974289 -0.225304
297.928000 214.759486 82.091289 0.000000 0.000000 0.000000 0.974315 -0.225190
297.992000 215.627144 82.562010 0.000000 0.000000 0.000000 0.974237 -0.225527
298.060000 216.535109 82.940402 0.000000 0.000000 0.000000 0.974340 -0.225080
298.124000 217.401652 83.395438 0.000000 0.000000 0.000000 0.974285 -0.225319
298.192000 218.278990 83.832161 0.000000 0.000000 0.000000 0.974221 -0.225594
298.256000 219.171191 84.232480 0.000000 0.000000 0.000000 0.974313 -0.225199
298.324000 220.076904 84.628071 0.000000 0.000000 0.000000 0.974421 -0.224732
298.388000 220.945262 85.103713 0.000000 0.000000 0.000000 0.974850 -0.222863
298.456000 221.766577 85.642939 0.000000 0.000000 0.000000 0.979673 -0.200602
298.520000 222.257509 84.778864 0.000000 0.000000 0.000000 0.988063 -0.154053
298.588000 222.658253 83.880297 0.000000 0.000000 0.000000 0.995201 -0.097850
298.652000 222.932886 82.927807 0.000000 0.000000 0.000000 0.998698 -0.051010
298.720000 221.968289 82.713164 0.000000 0.000000 0.000000 0.999671 -0.025652
298.784000 222.100389 81.746425 0.000000 0.000000 0.000000 0.999679 0.025346
298.852000 222.176836 80.760369 0.000000 0.000000 0.000000 0.996930 0.078298
298.916000 222.187564 79.765649 0.000000 0.000000 0.000000 0.992433 0.122786
298.984000 222.089330 78.777072 0.000000 0.000000 0.000000 0.984384 0.176037
299.048000 221.939356 77.791347 0.000000 0.000000 0.000000 0.973815 0.227342
299.116000 221.581527 76.858313 0.000000 0.000000 0.000000 0.958865 0.283861
299.180000 221.225553 75.924306 0.000000 0.000000 0.000000 0.947084 0.320987
299.248000 220.712545 75.065984 0.000000 0.000000 0.000000 0.932494 0.361186
299.312000 220.770582 74.078492 0.000000 0.000000 0.000000 0.922419 0.386192
299.380000 220.053986 73.393157 0.000000 0.000000 0.000000 0.903549 0.428485
299.444000 219.315828 72.718530 0.000000 0.000000 0.000000 0.880238 0.474532
299.512000 218.563353 72.066635 0.000000 0.000000 0.000000 0.871914 0.489658
299.576000 217.738875 72.560898 0.000000 0.000000 0.000000 0.872559 0.488509
299.644000 217.351454 71.648170 0.000000 0.000000 0.000000 0.869667 0.493639
299.708000 218.339537 71.616515 0.000000 0.000000 0.000000 0.871996 0.489514
299.776000 219.175666 71.131044 0.000000 0.000000 0.000000 0.872920 0.487864
299.840000 219.633612 72.008383 0.000000 0.000000 0.000000 0.873084 0.487570
299.908000 220.440479 71.481998 0.000000 0.000000 0.000000 0.874000 0.485927
299.972000 221.213044 72.115052 0.000000 0.000000 0.000000 0.874527 0.484977
300.040000 220.298887 71.713788 0.000000 0.000000 0.000000 0.873631 0.486589
300.104000 221.251878 72.001689 0.000000 0.000000 0.000000 0.873380 0.487039
300.172000 220.942707 71.064446 0.000000 0.000000 0.000000 0.870815 0.491611
300.236000 221.897950 71.349058 0.000000 0.000000 0.000000 0.870987 0.491307
300.304000 222.881297 71.500956 0.000000 0.000000 0.000000 0.874865 0.484367
300.368000 222.297378 72.312673 0.000000 0.000000 0.000000 0.874988 0.484145
300.436000 221.440778 71.796914 0.000000 0.000000 0.000000 0.875240 0.483688
300.500000 220.799398 71.040312 0.000000 0.000000 0.000000 0.871935 0.489621
300.568000 221.777318 70.927088 0.000000 0.000000 0.000000 0.874357 0.485282
300.632000 222.763889 70.928367 0.000000 0.000000 0.000000 0.876855 0.480755
300.700000 223.146746 70.012441 0.000000 0.000000 0.000000 0.876489 0.481422
300.764000 223.465659 69.087614 0.000000 0.000000 0.000000 0.876121 0.482091
300.832000 224.128600 68.371004 0.000000 0.000000 0.000000 0.876539 0.481330
300.896000 224.611057 67.506268 0.000000 0.000000 0.000000 0.876412 0.481563
300.964000 225.083069 66.633912 0.000000 0.000000 0.000000 0.876255 0.481847
301.028000 225.549073 65.757679 0.000000 0.000000 0.000000 0.880003 0.474967
301.096000 226.143389 64.953530 0.000000 0.000000 0.000000 0.891558 0.452906
301.160000 226.773950 64.186523 0.000000 0.000000 0.000000 0.902182 0.431355
301.228000 227.476729 64.727638 0.000000 0.000000 0.000000 0.921309 0.388830
301.292000 228.253555 65.353533 0.000000 0.000000 0.000000 0.938848 0.344331
301.360000 229.001123 66.017090 0.000000 0.000000 0.000000 0.954852 0.297081
301.424000 229.777065 66.644494 0.000000 0.000000 0.000000 0.965973 0.258642
301.492000 230.412309 67.410402 0.000000 0.000000 0.000000 0.976497 0.215532
301.556000 231.182665 68.046870 0.000000 0.000000 0.000000 0.984103 0.177599
301.624000 231.755124 68.835244 0.000000 0.000000 0.000000 0.990932 0.134364
301.688000 232.188517 69.720400 0.000000 0.000000 0.000000 0.995636 0.093326
301.756000 233.163661 69.789956 0.000000 0.000000 0.000000 0.995784 0.091733
301.820000 234.106375 70.074734 0.000000 0.000000 0.000000 0.995977 0.089613
301.888000 234.982682 70.490412 0.000000 0.000000 0.000000 0.996307 0.085867
301.952000 235.901943 70.841336 0.000000 0.000000 0.000000 0.996540 0.083115
302.020000 236.793882 71.246276 0.000000 0.000000 0.000000 0.996852 0.079283
302.084000 237.642004 71.735098 0.000000 0.000000 0.000000 0.997208 0.074672
302.152000 238.598238 71.951350 0.000000 0.000000 0.000000 0.997329 0.073039
302.216000 239.537283 72.214831 0.000000 0.000000 0.000000 0.997472 0.071064
302.284000 240.467495 72.507174 0.000000 0.000000 0.000000 0.997646 0.068576
302.348000 241.410039 72.765002 0.000000 0.000000 0.000000 0.997776 0.066657
302.416000 242.329806 73.100678 0.000000 0.000000 0.000000 0.997984 0.063461
302.480000 243.218049 73.509741 0.000000 0.000000 0.000000 0.998145 0.060882
302.548000 244.120951 73.888536 0.000000 0.000000 0.000000 0.998330 0.057773
302.612000 244.926402 73.326153 0.000000 0.000000 0.000000 0.998091 0.061765
302.680000 245.868072 73.098973 0.000000 0.000000 0.000000 0.998070 0.062098
302.744000 246.365826 72.232039 0.000000 0.000000 0.000000 0.997364 0.072561
302.812000 246.875618 71.386603 0.000000 0.000000 0.000000 0.996316 0.085760
302.876000 247.849335 71.473408 0.000000 0.000000 0.000000 0.996461 0.084059
302.944000 248.781780 71.791475 0.000000 0.000000 0.000000 0.996732 0.080785
303.008000 249.753626 71.966166 0.000000 0.000000 0.000000 0.996864 0.079130
303.076000 250.677566 71.676498 0.000000 0.000000 0.000000 0.996791 0.080052
303.140000 251.084929 70.763239 0.000000 0.000000 0.000000 0.995694 0.092705
303.208000 251.476192 69.864531 0.000000 0.000000 0.000000 0.993789 0.111280
303.272000 251.872446 68.947107 0.000000 0.000000 0.000000 0.991745 0.128228
303.340000 252.835870 68.829089 0.000000 0.000000 0.000000 0.991940 0.126712
303.404000 253.728240 68.377835 0.000000 0.000000 0.000000 0.991684 0.128694
303.472000 253.782050 67.402202 0.000000 0.000000 0.000000 0.983757 0.179508
303.536000 254.101553 66.464444 0.000000 0.000000 0.000000 0.981247 0.192753
303.604000 254.837935 65.789234 0.000000 0.000000 0.000000 0.980164 0.198190
303.668000 255.768147 65.474182 0.000000 0.000000 0.000000 0.980273 0.197650
303.736000 256.726148 65.202893 0.000000 0.000000 0.000000 0.980618 0.195929
303.800000 257.650560 64.821828 0.000000 0.000000 0.000000 0.980741 0.195311
303.868000 258.620289 64.791426 0.000000 0.000000 0.000000 0.981233 0.192824
303.932000 258.648492 63.796711 0.000000 0.000000 0.000000 0.972273 0.233848
304.000000 259.506143 63.329217 0.000000 0.000000 0.000000 0.972256 0.233918
304.064000 259.581668 62.381555 0.000000 0.000000 0.000000 0.965768 0.259406
304.132000 260.488061 62.017486 0.000000 0.000000 0.000000 0.964689 0.263393
304.196000 260.207928 61.060919 0.000000 0.000000 0.000000 0.939262 0.343201
304.264000 261.045203 60.514819 0.000000 0.000000 0.000000 0.930203 0.367046
304.328000 260.236488 61.042128 0.000000 0.000000 0.000000 0.921184 0.389127
304.396000 261.031350 60.447682 0.000000 0.000000 0.000000 0.911098 0.412190
304.460000 260.478731 59.614409 0.000000 0.000000 0.000000 0.884515 0.466511
304.528000 261.110685 58.843411 0.000000 0.000000 0.000000 0.872578 0.488474
304.592000 261.654507 58.011440 0.000000 0.000000 0.000000 0.860983 0.508633
304.660000 260.878985 57.390471 0.000000 0.000000 0.000000 0.828163 0.560488
304.724000 260.359710 58.244762 0.000000 0.000000 0.000000 0.815038 0.579408
304.792000 260.795077 57.354612 0.000000 0.000000 0.000000 0.800498 0.599336
304.856000 261.116377 56.410453 0.000000 0.000000 0.000000 0.786275 0.617876
304.924000 261.423041 55.463970 0.000000 0.000000 0.000000 0.770748 0.637140
304.988000 260.514685 55.062600 0.000000 0.000000 0.000000 0.737333 0.675530
305.056000 259.581102 54.939278 0.000000 0.000000 0.000000 0.695555 0.718473
305.120000 259.539213 53.941918 0.000000 0.000000 0.000000 0.677750 0.735293
305.188000 258.575650 53.900263 0.000000 0.000000 0.000000 0.639271 0.768982
305.252000 257.580472 53.998206 0.000000 0.000000 0.000000 0.601742 0.798690
305.320000 256.600874 54.197686 0.000000 0.000000 0.000000 0.550420 0.834888
305.384000 255.675689 54.498738 0.000000 0.000000 0.000000 0.505110 0.863055
305.452000 254.799426 54.905272 0.000000 0.000000 0.000000 0.461225 0.887283
305.516000 253.976355 55.417138 0.000000 0.000000 0.000000 0.410325 0.911940
305.584000 253.188411 56.032676 0.000000 0.000000 0.000000 0.348898 0.937161
305.648000 252.452767 56.708131 0.000000 0.000000 0.000000 0.299322 0.954152
305.716000 251.812756 57.476372 0.000000 0.000000 0.000000 0.247342 0.968928
305.780000 251.305607 58.338112 0.000000 0.000000 0.000000 0.200281 0.979738
305.848000 250.850674 59.226697 0.000000 0.000000 0.000000 0.145068 0.989422
305.912000 250.525785 60.170486 0.000000 0.000000 0.000000 0.096254 0.995357
305.980000 250.280698 61.139982 0.000000 0.000000 0.000000 0.042638 0.999091
306.044000 250.137722 62.129707 0.000000 0.000000 0.000000 -0.012293 0.999924
306.112000 250.048127 63.122300 0.000000 0.000000 0.000000 -0.058758 0.998272
306.176000 250.162251 64.078056 0.000000 0.000000 0.000000 -0.113170 0.993576
306.244000 250.300160 65.065913 0.000000 0.000000 0.000000 -0.160939 0.986964
306.308000 250.515052 66.040501 0.000000 0.000000 0.000000 -0.204955 0.978771
306.376000 250.879264 66.965784 0.000000 0.000000 0.000000 -0.257334 0.966322
306.440000 251.325223 67.860719 0.000000 0.000000 0.000000 -0.304586 0.952485
306.508000 251.742568 68.767991 0.000000 0.000000 0.000000 -0.345161 0.938543
306.572000 252.217517 69.643865 0.000000 0.000000 0.000000 -0.384377 0.923176
306.640000 251.584048 70.415769 0.000000 0.000000 0.000000 -0.408209 0.912889
306.704000 252.282100 69.710629 0.000000 0.000000 0.000000 -0.412763 0.910838
306.772000 251.310646 69.486235 0.000000 0.000000 0.000000 -0.409144 0.912470
306.836000 250.933188 70.409698 0.000000 0.000000 0.000000 -0.409951 0.912108
306.904000 250.728723 71.380519 0.000000 0.000000 0.000000 -0.411730 0.911306
306.968000 250.377403 72.315776 0.000000 0.000000 0.000000 -0.412363 0.911019
307.036000 249.459466 71.923075 0.000000 0.000000 0.000000 -0.392027 0.919954
307.100000 248.706347 71.265660 0.000000 0.000000 0.000000 -0.346161 0.938175
307.168000 248.015165 70.546277 0.000000 0.000000 0.000000 -0.299609 0.954062
307.232000 247.334190 69.814040 0.000000 0.000000 0.000000 -0.255178 0.966894
307.300000 246.791538 68.980613 0.000000 0.000000 0.000000 -0.202880 0.979204
307.364000 246.305458 68.106971 0.000000 0.000000 0.000000 -0.157200 0.987567
307.432000 245.916751 67.191887 0.000000 0.000000 0.000000 -0.106240 0.994341
307.496000 245.623110 66.238403 0.000000 0.000000 0.000000 -0.059671 0.998218
307.564000 245.350362 65.276820 0.000000 0.000000 0.000000 -0.027935 0.999610
307.628000 244.372665 65.292609 0.000000 0.000000 0.000000 -0.027577 0.999620
307.696000 243.388692 65.336138 0.000000 0.000000 0.000000 -0.027597 0.999619
307.760000 242.398649 65.271789 0.000000 0.000000 0.000000 -0.027248 0.999629
307.828000 241.420151 65.233407 0.000000 0.000000 0.000000 -0.027232 0.999629
307.892000 240.440178 65.091622 0.000000 0.000000 0.000000 -0.026540 0.999648
307.960000 239.463696 65.019582 0.000000 0.000000 0.000000 -0.026352 0.999653
308.024000 238.484737 65.061474 0.000000 0.000000 0.000000 -0.026597 0.999646
308.092000 237.530846 65.317531 0.000000 0.000000 0.000000 -0.027741 0.999615
308.156000 236.564256 65.193065 0.000000 0.000000 0.000000 -0.026997 0.999636
308.224000 235.584109 65.189844 0.000000 0.000000 0.000000 -0.031148 0.999515
308.288000 235.513043 66.177586 0.000000 0.000000 0.000000 -0.078459 0.996917
308.356000 235.583152 67.174801 0.000000 0.000000 0.000000 -0.126072 0.992021
308.420000 235.753771 68.158488 0.000000 0.000000 0.000000 -0.172976 0.984926
308.488000 236.100586 69.095776 0.000000 0.000000 0.000000 -0.230302 0.973119
308.552000 236.486634 70.017372 0.000000 0.000000 0.000000 -0.279091 0.960265
308.620000 236.928644 70.904897 0.000000 0.000000 0.000000 -0.329777 0.944059
308.684000 237.425163 71.770463 0.000000 0.000000 0.000000 -0.368523 0.929619
308.752000 236.959442 72.615190 0.000000 0.000000 0.000000 -0.369442 0.929254
308.816000 237.689908 71.974577 0.000000 0.000000 0.000000 -0.369295 0.929312
308.884000 238.503782 71.448008 0.000000 0.000000 0.000000 -0.368908 0.929466
308.948000 238.065306 72.315217 0.000000 0.000000 0.000000 -0.370186 0.928957
309.016000 237.284617 72.924416 0.000000 0.000000 0.000000 -0.369842 0.929095
309.080000 236.487088 73.482202 0.000000 0.000000 0.000000 -0.369286 0.929316
309.148000 236.711695 72.523060 0.000000 0.000000 0.000000 -0.370359 0.928889
309.212000 235.877968 73.019365 0.000000 0.000000 0.000000 -0.369841 0.929095
309.280000 235.441897 73.892432 0.000000 0.000000 0.000000 -0.370709 0.928749
309.344000 235.000635 74.765253 0.000000 0.000000 0.000000 -0.371605 0.928391
309.412000 234.204260 75.323946 0.000000 0.000000 0.000000 -0.371157 0.928570
309.476000 234.532409 76.268528 0.000000 0.000000 0.000000 -0.375804 0.926699
309.544000 233.777440 76.909618 0.000000 0.000000 0.000000 -0.375540 0.926806
309.608000 232.961042 77.432745 0.000000 0.000000 0.000000 -0.375081 0.926992
309.676000 232.147689 77.986098 0.000000 0.000000 0.000000 -0.374580 0.927195
309.740000 231.378392 78.577234 0.000000 0.000000 0.000000 -0.374286 0.927313
309.808000 230.771436 79.328479 0.000000 0.000000 0.000000 -0.374522 0.927218
309.872000 231.769420 79.323339 0.000000 0.000000 0.000000 -0.371621 0.928385
309.940000 230.968634 79.861336 0.000000 0.000000 0.000000 -0.370932 0.928660
310.004000 230.134649 80.370624 0.000000 0.000000 0.000000 -0.370292 0.928916
310.072000 229.342597 80.939008 0.000000 0.000000 0.000000 -0.369783 0.929118
310.136000 229.565250 81.908690 0.000000 0.000000 0.000000 -0.374075 0.927398
310.204000 229.625104 82.898134 0.000000 0.000000 0.000000 -0.376410 0.926453
310.268000 229.625104 82.898134 0.000000 0.000000 0.000000 -0.376410 0.926453
310.336000 229.232023 83.815050 0.000000 0.000000 0.000000 -0.377863 0.925862
310.400000 228.476219 84.453322 0.000000 0.000000 0.000000 -0.377607 0.925966
310.468000 227.700283 85.054438 0.000000 0.000000 0.000000 -0.377348 0.926072
310.532000 227.341216 85.967739 0.000000 0.000000 0.000000 -0.378906 0.925435
310.600000 226.384810 86.163975 0.000000 0.000000 0.000000 -0.376762 0.926310
310.664000 226.010550 87.086364 0.000000 0.000000 0.000000 -0.378233 0.925711
310.732000 225.299482 87.747903 0.000000 0.000000 0.000000 -0.378238 0.925709
310.796000 224.980698 88.675066 0.000000 0.000000 0.000000 -0.380251 0.924883
310.864000 224.241409 89.311596 0.000000 0.000000 0.000000 -0.380030 0.924974
310.928000 224.815353 88.515418 0.000000 0.000000 0.000000 -0.380777 0.924667
310.996000 223.972982 89.046850 0.000000 0.000000 0.000000 -0.379875 0.925038
311.060000 223.174278 89.616263 0.000000 0.000000 0.000000 -0.378996 0.925398
311.128000 222.241567 89.976730 0.000000 0.000000 0.000000 -0.377255 0.926109
311.192000 221.443725 90.557025 0.000000 0.000000 0.000000 -0.376512 0.926412
311.260000 220.644255 91.127984 0.000000 0.000000 0.000000 -0.375962 0.926635
311.324000 219.841846 91.673872 0.000000 0.000000 0.000000 -0.375267 0.926917
311.392000 219.209240 92.430055 0.000000 0.000000 0.000000 -0.375360 0.926879
311.456000 218.508776 93.122848 0.000000 0.000000 0.000000 -0.375428 0.926851
311.524000 217.720289 93.715950 0.000000 0.000000 0.000000 -0.374637 0.927172
311.588000 217.008865 94.385201 0.000000 0.000000 0.000000 -0.374505 0.927225
311.656000 216.344857 95.110299 0.000000 0.000000 0.000000 -0.374651 0.927166
311.720000 215.601456 95.754888 0.000000 0.000000 0.000000 -0.374286 0.927313
311.788000 214.944964 96.484914 0.000000 0.000000 0.000000 -0.374708 0.927143
311.852000 214.944869 96.452902 0.000000 0.000000 0.000000 -0.373661 0.927566
311.920000 214.878177 96.383513 0.000000 0.000000 0.000000 -0.370088 0.928997
311.984000 214.287548 97.186640 0.000000 0.000000 0.000000 -0.369524 0.929221
312.052000 213.729035 96.357944 0.000000 0.000000 0.000000 -0.368417 0.929661
312.116000 213.853059 97.348222 0.000000 0.000000 0.000000 -0.368417 0.929661
312.184000 214.831829 97.538662 0.000000 0.000000 0.000000 -0.368417 0.929661
312.248000 214.831829 97.538662 0.000000 0.000000 0.000000 -0.368417 0.929661
312.316000 214.359173 96.657746 0.000000 0.000000 0.000000 -0.369455 0.929248
312.380000 214.359173 96.657746 0.000000 0.000000 0.000000 -0.369455 0.929248
312.448000 213.599544 96.017355 0.000000 0.000000 0.000000 -0.371100 0.928593
312.512000 213.599544 96.017355 0.000000 0.000000 0.000000 -0.371100 0.928593
312.580000 213.599544 96.017355 0.000000 0.000000 0.000000 -0.371100 0.928593
312.644000 212.628445 95.785440 0.000000 0.000000 0.000000 -0.371100 0.928593
312.712000 212.523431 96.778140 0.000000 0.000000 0.000000 -0.371195 0.928555
312.776000 211.806470 96.081056 0.000000 0.000000 0.000000 -0.371833 0.928300
312.844000 211.214125 95.275695 0.000000 0.000000 0.000000 -0.371833 0.928300
312.908000 210.523780 94.552215 0.000000 0.000000 0.000000 -0.371833 0.928300
312.976000 210.523780 94.552215 0.000000 0.000000 0.000000 -0.371833 0.928300
313.040000 211.191348 95.296727 0.000000 0.000000 0.000000 -0.370715 0.928746
313.108000 211.191348 95.296727 0.000000 0.000000 0.000000 -0.370715 0.928746
313.172000 211.191348 95.296727 0.000000 0.000000 0.000000 -0.370715 0.928746
313.240000 211.191348 95.296727 0.000000 0.000000 0.000000 -0.370715 0.928746
313.304000 210.389187 94.701995 0.000000 0.000000 0.000000 -0.372910 0.927868
313.372000 210.389187 94.701995 0.000000 0.000000 0.000000 -0.372910 0.927868
313.436000 210.389187 94.701995 0.000000 0.000000 0.000000 -0.372910 0.927868
313.504000 209.838700 93.867179 0.000000 0.000000 0.000000 -0.372532 0.928019
313.568000 210.127110 94.824352 0.000000 0.000000 0.000000 -0.372229 0.928141
313.636000 210.127110 94.824352 0.000000 0.000000 0.000000 -0.372229 0.928141
313.700000 210.127110 94.824352 0.000000 0.000000 0.000000 -0.372229 0.928141
313.768000 210.211098 95.808507 0.000000 0.000000 0.000000 -0.372229 0.928141
313.832000 209.321890 95.359841 0.000000 0.000000 0.000000 -0.372229 0.928141
313.900000 209.321890 95.359841 0.000000 0.000000 0.000000 -0.372229 0.928141
313.964000 209.321890 95.359841 0.000000 0.000000 0.000000 -0.372229 0.928141
314.032000 209.321890 95.359841 0.000000 0.000000 0.000000 -0.372229 0.928141
314.096000 208.322801 95.318799 0.000000 0.000000 0.000000 -0.372229 0.928141
314.164000 207.389704 94.959206 0.000000 0.000000 0.000000 -0.372229 0.928141
314.228000 207.047902 95.896960 0.000000 0.000000 0.000000 -0.372304 0.928111
314.296000 207.029600 96.713251 0.000000 0.000000 0.000000 -0.372304 0.928111
314.360000 207.029600 96.713251 0.000000 0.000000 0.000000 -0.372304 0.928111
314.428000 206.453293 95.897260 0.000000 0.000000 0.000000 -0.372304 0.928111
314.492000 205.859414 95.097157 0.000000 0.000000 0.000000 -0.372304 0.928111
314.560000 205.859414 95.097157 0.000000 0.000000 0.000000 -0.372304 0.928111
314.624000 204.934887 95.442193 0.000000 0.000000 0.000000 -0.372304 0.928111
314.692000 205.008717 96.439262 0.000000 0.000000 0.000000 -0.372304 0.928111
314.756000 205.027019 95.622971 0.000000 0.000000 0.000000 -0.372304 0.928111
314.824000 205.027019 95.622971 0.000000 0.000000 0.000000 -0.372304 0.928111
314.888000 204.867457 94.635969 0.000000 0.000000 0.000000 -0.372304 0.928111
314.956000 204.867457 94.635969 0.000000 0.000000 0.000000 -0.372304 0.928111
315.020000 204.456816 93.772050 0.000000 0.000000 0.000000 -0.372304 0.928111
315.088000 204.475118 92.955758 0.000000 0.000000 0.000000 -0.372304 0.928111
315.152000 203.932722 92.377196 0.000000 0.000000 0.000000 -0.373065 0.927805
315.220000 203.949686 91.560875 0.000000 0.000000 0.000000 -0.373065 0.927805
315.284000 203.966649 90.744555 0.000000 0.000000 0.000000 -0.373065 0.927805
315.352000 203.966649 90.744555 0.000000 0.000000 0.000000 -0.373065 0.927805
315.416000 203.983613 89.928235 0.000000 0.000000 0.000000 -0.373065 0.927805
315.484000 204.000576 89.111914 0.000000 0.000000 0.000000 -0.373065 0.927805
315.548000 204.000576 89.111914 0.000000 0.000000 0.000000 -0.373065 0.927805
315.616000 204.000576 89.111914 0.000000 0.000000 0.000000 -0.373065 0.927805
315.680000 204.000576 89.111914 0.000000 0.000000 0.000000 -0.373065 0.927805
315.748000 204.000576 89.111914 0.000000 0.000000 0.000000 -0.373065 0.927805
315.812000 203.983613 89.928235 0.000000 0.000000 0.000000 -0.373065 0.927805
315.880000 203.966649 90.744555 0.000000 0.000000 0.000000 -0.373065 0.927805
315.944000 203.983613 89.928235 0.000000 0.000000 0.000000 -0.373065 0.927805
316.012000 203.983613 89.928235 0.000000 0.000000 0.000000 -0.373065 0.927805
316.076000 204.000576 89.111914 0.000000 0.000000 0.000000 -0.373065 0.927805
316.144000 204.955613 89.378506 0.000000 0.000000 0.000000 -0.373065 0.927805
316.208000 204.955613 89.378506 0.000000 0.000000 0.000000 -0.373065 0.927805
316.276000 204.462100 88.868515 0.000000 0.000000 0.000000 -0.373065 0.927805
316.340000 204.479063 88.052194 0.000000 0.000000 0.000000 -0.373065 0.927805
316.408000 204.496027 87.235874 0.000000 0.000000 0.000000 -0.373065 0.927805
316.472000 204.496027 87.235874 0.000000 0.000000 0.000000 -0.373065 0.927805
316.540000 203.718119 86.608011 0.000000 0.000000 0.000000 -0.373065 0.927805
316.604000 203.735082 85.791691 0.000000 0.000000 0.000000 -0.373065 0.927805
316.672000 203.718119 86.608011 0.000000 0.000000 0.000000 -0.373065 0.927805
316.736000 203.620386 86.647594 0.000000 0.000000 0.000000 -0.373065 0.927805
316.804000 203.637349 85.831274 0.000000 0.000000 0.000000 -0.373065 0.927805
316.868000 203.637349 85.831274 0.000000 0.000000 0.000000 -0.373065 0.927805
316.936000 203.637349 85.831274 0.000000 0.000000 0.000000 -0.373065 0.927805
317.000000 203.654313 85.014953 0.000000 0.000000 0.000000 -0.373065 0.927805
317.068000 203.671276 84.198633 0.000000 0.000000 0.000000 -0.373065 0.927805
317.132000 203.688240 83.382313 0.000000 0.000000 0.000000 -0.373065 0.927805
317.200000 203.705203 82.565992 0.000000 0.000000 0.000000 -0.373065 0.927805
317.264000 203.705203 82.565992 0.000000 0.000000 0.000000 -0.373065 0.927805
317.332000 204.347456 82.018354 0.000000 0.000000 0.000000 -0.373065 0.927805
317.396000 204.347456 82.018354 0.000000 0.000000 0.000000 -0.373065 0.927805
317.464000 204.347456 82.018354 0.000000 0.000000 0.000000 -0.373065 0.927805
317.528000 204.364420 81.202033 0.000000 0.000000 0.000000 -0.373065 0.927805
317.596000 204.381383 80.385713 0.000000 0.000000 0.000000 -0.373065 0.927805
317.660000 204.398347 79.569393 0.000000 0.000000 0.000000 -0.373065 0.927805
317.728000 204.415310 78.753072 0.000000 0.000000 0.000000 -0.373065 0.927805
317.792000 204.432274 77.936752 0.000000 0.000000 0.000000 -0.373065 0.927805
317.860000 204.415310 78.753072 0.000000 0.000000 0.000000 -0.373065 0.927805
317.924000 204.432274 77.936752 0.000000 0.000000 0.000000 -0.373065 0.927805
317.992000 204.432274 77.936752 0.000000 0.000000 0.000000 -0.373065 0.927805
318.056000 204.449237 77.120432 0.000000 0.000000 0.000000 -0.373065 0.927805
318.124000 204.449237 77.120432 0.000000 0.000000 0.000000 -0.373065 0.927805
318.188000 204.466201 76.304111 0.000000 0.000000 0.000000 -0.373065 0.927805
318.256000 204.466201 76.304111 0.000000 0.000000 0.000000 -0.373065 0.927805
318.320000 204.834065 75.391829 0.000000 0.000000 0.000000 -0.373065 0.927805
318.388000 204.834065 75.391829 0.000000 0.000000 0.000000 -0.373065 0.927805
318.452000 204.851029 74.575509 0.000000 0.000000 0.000000 -0.373065 0.927805
318.520000 204.867992 73.759188 0.000000 0.000000 0.000000 -0.373065 0.927805
318.584000 204.884956 72.942868 0.000000 0.000000 0.000000 -0.373065 0.927805
318.652000 204.884956 72.942868 0.000000 0.000000 0.000000 -0.373065 0.927805
318.716000 204.884956 72.942868 0.000000 0.000000 0.000000 -0.373065 0.927805
318.784000 204.884956 72.942868 0.000000 0.000000 0.000000 -0.373065 0.927805
318.848000 205.374717 72.210969 0.000000 0.000000 0.000000 -0.373065 0.927805
318.916000 205.391680 71.394649 0.000000 0.000000 0.000000 -0.373065 0.927805
318.980000 205.374717 72.210969 0.000000 0.000000 0.000000 -0.373065 0.927805
319.048000 205.391680 71.394649 0.000000 0.000000 0.000000 -0.373065 0.927805
319.112000 205.408644 70.578328 0.000000 0.000000 0.000000 -0.373065 0.927805
319.180000 205.425608 69.762008 0.000000 0.000000 0.000000 -0.373065 0.927805
319.244000 205.425608 69.762008 0.000000 0.000000 0.000000 -0.373065 0.927805
319.312000 205.425608 69.762008 0.000000 0.000000 0.000000 -0.373065 0.927805
319.376000 205.442571 68.945687 0.000000 0.000000 0.000000 -0.373065 0.927805
319.444000 205.442571 68.945687 0.000000 0.000000 0.000000 -0.373065 0.927805
319.508000 205.425608 69.762008 0.000000 0.000000 0.000000 -0.373065 0.927805
319.576000 205.408644 70.578328 0.000000 0.000000 0.000000 -0.373065 0.927805
319.640000 205.391680 71.394649 0.000000 0.000000 0.000000 -0.373065 0.927805
319.708000 205.391680 71.394649 0.000000 0.000000 0.000000 -0.373065 0.927805
319.772000 205.374717 72.210969 0.000000 0.000000 0.000000 -0.373065 0.927805
319.840000 205.374717 72.210969 0.000000 0.000000 0.000000 -0.373065 0.927805
319.904000 205.374717 72.210969 0.000000 0.000000 0.000000 -0.373065 0.927805
319.972000 205.374717 72.210969 0.000000 0.000000 0.000000 -0.373065 0.927805
320.036000 205.374717 72.210969 0.000000 0.000000 0.000000 -0.373065 0.927805
320.104000 205.391680 71.394649 0.000000 0.000000 0.000000 -0.373065 0.927805
320.168000 205.408644 70.578328 0.000000 0.000000 0.000000 -0.373065 0.927805
320.236000 205.408644 70.578328 0.000000 0.000000 0.000000 -0.373065 0.927805
320.300000 205.391680 71.394649 0.000000 0.000000 0.000000 -0.373065 0.927805
320.368000 205.408644 70.578328 0.000000 0.000000 0.000000 -0.373065 0.927805
320.432000 205.425608 69.762008 0.000000 0.000000 0.000000 -0.373065 0.927805
320.500000 205.442571 68.945687 0.000000 0.000000 0.000000 -0.373065 0.927805
320.564000 205.459535 68.129367 0.000000 0.000000 0.000000 -0.373065 0.927805
320.632000 206.403662 67.935410 0.000000 0.000000 0.000000 -0.373065 0.927805
320.696000 206.403662 67.935410 0.000000 0.000000 0.000000 -0.373065 0.927805
320.764000 206.403662 67.935410 0.000000 0.000000 0.000000 -0.373065 0.927805
320.828000 206.403662 67.935410 0.000000 0.000000 0.000000 -0.373065 0.927805
320.896000 206.420626 67.119090 0.000000 0.000000 0.000000 -0.373065 0.927805
320.960000 206.420626 67.119090 0.000000 0.000000 0.000000 -0.373065 0.927805
321.028000 206.420626 67.119090 0.000000 0.000000 0.000000 -0.373065 0.927805
321.092000 206.420626 67.119090 0.000000 0.000000 0.000000 -0.373065 0.927805
321.160000 206.437589 66.302769 0.000000 0.000000 0.000000 -0.373065 0.927805
321.224000 206.437589 66.302769 0.000000 0.000000 0.000000 -0.373065 0.927805
321.292000 206.437589 66.302769 0.000000 0.000000 0.000000 -0.373065 0.927805
321.356000 206.437589 66.302769 0.000000 0.000000 0.000000 -0.373065 0.927805
321.424000 206.454553 65.486449 0.000000 0.000000 0.000000 -0.373065 0.927805
321.488000 206.454553 65.486449 0.000000 0.000000 0.000000 -0.373065 0.927805
321.556000 206.454553 65.486449 0.000000 0.000000 0.000000 -0.373065 0.927805
321.620000 206.471517 64.670129 0.000000 0.000000 0.000000 -0.373065 0.927805
321.688000 206.796378 63.787603 0.000000 0.000000 0.000000 -0.373065 0.927805
321.752000 206.813341 62.971282 0.000000 0.000000 0.000000 -0.373065 0.927805
321.820000 206.830305 62.154962 0.000000 0.000000 0.000000 -0.373065 0.927805
321.884000 206.830305 62.154962 0.000000 0.000000 0.000000 -0.373065 0.927805
321.952000 206.813341 62.971282 0.000000 0.000000 0.000000 -0.373065 0.927805
322.016000 206.830305 62.154962 0.000000 0.000000 0.000000 -0.373065 0.927805
322.084000 206.813341 62.971282 0.000000 0.000000 0.000000 -0.373065 0.927805
322.148000 206.830305 62.154962 0.000000 0.000000 0.000000 -0.373065 0.927805
322.216000 206.813341 62.971282 0.000000 0.000000 0.000000 -0.373065 0.927805
322.280000 206.796378 63.787603 0.000000 0.000000 0.000000 -0.373065 0.927805
322.348000 206.779414 64.603923 0.000000 0.000000 0.000000 -0.373065 0.927805
322.412000 206.796378 63.787603 0.000000 0.000000 0.000000 -0.373065 0.927805
322.480000 206.796378 63.787603 0.000000 0.000000 0.000000 -0.373065 0.927805
322.544000 206.779414 64.603923 0.000000 0.000000 0.000000 -0.373065 0.927805
322.612000 206.257774 65.434931 0.000000 0.000000 0.000000 -0.373065 0.927805
322.676000 207.093422 64.921285 0.000000 0.000000 0.000000 -0.373065 0.927805
322.744000 207.093422 64.921285 0.000000 0.000000 0.000000 -0.373065 0.927805
322.808000 207.093422 64.921285 0.000000 0.000000 0.000000 -0.373065 0.927805
322.876000 207.093422 64.921285 0.000000 0.000000 0.000000 -0.373065 0.927805
322.940000 207.093422 64.921285 0.000000 0.000000 0.000000 -0.373065 0.927805
323.008000 207.093422 64.921285 0.000000 0.000000 0.000000 -0.373065 0.927805
323.072000 207.093422 64.921285 0.000000 0.000000 0.000000 -0.373065 0.927805
323.140000 207.093422 64.921285 0.000000 0.000000 0.000000 -0.373065 0.927805
323.204000 207.093422 64.921285 0.000000 0.000000 0.000000 -0.373065 0.927805
323.272000 207.093422 64.921285 0.000000 0.000000 0.000000 -0.373065 0.927805
323.336000 207.093422 64.921285 0.000000 0.000000 0.000000 -0.373065 0.927805
323.404000 207.076458 65.737605 0.000000 0.000000 0.000000 -0.373065 0.927805
323.468000 207.059495 66.553926 0.000000 0.000000 0.000000 -0.373065 0.927805
323.536000 207.076458 65.737605 0.000000 0.000000 0.000000 -0.373065 0.927805
323.600000 207.059495 66.553926 0.000000 0.000000 0.000000 -0.373065 0.927805
323.668000 207.076458 65.737605 0.000000 0.000000 0.000000 -0.373065 0.927805
323.732000 207.093422 64.921285 0.000000 0.000000 0.000000 -0.373065 0.927805
323.800000 207.093422 64.921285 0.000000 0.000000 0.000000 -0.373065 0.927805
323.864000 207.076458 65.737605 0.000000 0.000000 0.000000 -0.373065 0.927805
323.932000 207.076458 65.737605 0.000000 0.000000 0.000000 -0.373065 0.927805
323.996000 207.076458 65.737605 0.000000 0.000000 0.000000 -0.373065 0.927805
324.064000 207.076458 65.737605 0.000000 0.000000 0.000000 -0.373065 0.927805
324.128000 207.076458 65.737605 0.000000 0.000000 0.000000 -0.373065 0.927805
324.196000 207.093422 64.921285 0.000000 0.000000 0.000000 -0.373065 0.927805
324.260000 207.110386 64.104965 0.000000 0.000000 0.000000 -0.373065 0.927805
324.328000 207.127349 63.288644 0.000000 0.000000 0.000000 -0.373065 0.927805
324.392000 207.127349 63.288644 0.000000 0.000000 0.000000 -0.373065 0.927805
324.460000 207.127349 63.288644 0.000000 0.000000 0.000000 -0.373065 0.927805
324.524000 207.127349 63.288644 0.000000 0.000000 0.000000 -0.373065 0.927805
324.592000 207.127349 63.288644 0.000000 0.000000 0.000000 -0.373065 0.927805
324.656000 207.144313 62.472324 0.000000 0.000000 0.000000 -0.373065 0.927805
324.724000 207.127349 63.288644 0.000000 0.000000 0.000000 -0.373065 0.927805
324.788000 207.144313 62.472324 0.000000 0.000000 0.000000 -0.373065 0.927805
324.856000 207.161276 61.656003 0.000000 0.000000 0.000000 -0.373065 0.927805
324.920000 207.178240 60.839683 0.000000 0.000000 0.000000 -0.373065 0.927805
324.988000 207.178240 60.839683 0.000000 0.000000 0.000000 -0.373065 0.927805
325.052000 207.195203 60.023363 0.000000 0.000000 0.000000 -0.373065 0.927805
325.120000 207.212167 59.207042 0.000000 0.000000 0.000000 -0.373065 0.927805
325.184000 207.195203 60.023363 0.000000 0.000000 0.000000 -0.373065 0.927805
325.252000 207.178240 60.839683 0.000000 0.000000 0.000000 -0.373065 0.927805
325.316000 207.178240 60.839683 0.000000 0.000000 0.000000 -0.373065 0.927805
325.384000 207.178240 60.839683 0.000000 0.000000 0.000000 -0.373065 0.927805
325.448000 207.195203 60.023363 0.000000 0.000000 0.000000 -0.373065 0.927805
325.516000 207.212167 59.207042 0.000000 0.000000 0.000000 -0.373065 0.927805
325.580000 207.212167 59.207042 0.000000 0.000000 0.000000 -0.373065 0.927805
325.648000 207.212167 59.207042 0.000000 0.000000 0.000000 -0.373065 0.927805
