34.984000 0.000000 0.000000 0.000000 0.000000 0.000000 0.000000 1.000000
35.048000 0.000000 0.000000 0.000000 0.000000 0.000000 0.000000 1.000000
35.116000 0.577350 -0.577350 0.000000 0.000000 0.000000 -0.000000 1.000000
35.180000 -0.000000 -0.000000 0.000000 0.000000 0.000000 0.000000 1.000000
35.248000 -0.000000 -0.000000 0.000000 0.000000 0.000000 0.000000 1.000000
35.312000 -0.000000 -0.000000 0.000000 0.000000 0.000000 0.000000 1.000000
35.380000 -0.000000 -0.000000 0.000000 0.000000 0.000000 0.000000 1.000000
35.444000 -0.000000 -0.000000 0.000000 0.000000 0.000000 0.000000 1.000000
35.512000 0.577350 -0.577350 0.000000 0.000000 0.000000 -0.000000 1.000000
35.576000 0.577350 -0.577350 0.000000 0.000000 0.000000 -0.000000 1.000000
35.644000 0.577350 -0.577350 0.000000 0.000000 0.000000 -0.000000 1.000000
35.708000 -0.000000 -0.000000 0.000000 0.000000 0.000000 0.000000 1.000000
35.776000 -0.000000 -0.000000 0.000000 0.000000 0.000000 0.000000 1.000000
35.840000 -0.000000 -0.000000 0.000000 0.000000 0.000000 0.000000 1.000000
35.908000 -0.000000 -0.000000 0.000000 0.000000 0.000000 0.000000 1.000000
35.972000 -0.000000 -0.000000 0.000000 0.000000 0.000000 0.000000 1.000000
36.040000 -0.577350 0.577350 0.000000 0.000000 0.000000 0.000000 1.000000
36.104000 -0.000000 -0.000000 0.000000 0.000000 0.000000 0.000000 1.000000
36.172000 -0.000000 -0.000000 0.000000 0.000000 0.000000 0.000000 1.000000
36.236000 -0.000000 -0.000000 0.000000 0.000000 0.000000 0.000000 1.000000
36.304000 0.577350 -0.577350 0.000000 0.000000 0.000000 -0.000000 1.000000
36.368000 0.577350 -0.577350 0.000000 0.000000 0.000000 -0.000000 1.000000
36.436000 1.154701 -1.154701 0.000000 0.000000 0.000000 -0.000000 1.000000
36.500000 1.154701 -1.154701 0.000000 0.000000 0.000000 -0.000000 1.000000
36.568000 0.577350 -0.577350 0.000000 0.000000 0.000000 -0.000000 1.000000
36.632000 0.577350 -0.577350 0.000000 0.000000 0.000000 -0.000000 1.000000
36.700000 1.154701 -1.154701 0.000000 0.000000 0.000000 -0.000000 1.000000
36.764000 1.154701 -1.154701 0.000000 0.000000 0.000000 -0.000000 1.000000
36.832000 1.732051 -1.732051 0.000000 0.000000 0.000000 -0.000000 1.000000
36.896000 2.309401 -2.309401 0.000000 0.000000 0.000000 -0.000000 1.000000
36.964000 2.309401 -2.309401 0.000000 0.000000 0.000000 -0.000000 1.000000
37.028000 3.061100 -2.910926 0.000000 0.000000 0.000000 -0.000000 1.000000
37.096000 3.061100 -2.910926 0.000000 0.000000 0.000000 -0.000000 1.000000
37.160000 3.061100 -2.910926 0.000000 0.000000 0.000000 -0.000000 1.000000
37.228000 2.483750 -2.333576 0.000000 0.000000 0.000000 -0.000000 1.000000
37.292000 3.061100 -2.910926 0.000000 0.000000 0.000000 -0.000000 1.000000
37.360000 2.483750 -2.333576 0.000000 0.000000 0.000000 -0.000000 1.000000
37.424000 2.483750 -2.333576 0.000000 0.000000 0.000000 -0.000000 1.000000
37.492000 3.061100 -2.910926 0.000000 0.000000 0.000000 -0.000000 1.000000
37.556000 3.061100 -2.910926 0.000000 0.000000 0.000000 -0.000000 1.000000
37.624000 3.061100 -2.910926 0.000000 0.000000 0.000000 -0.000000 1.000000
37.688000 3.638451 -3.488276 0.000000 0.000000 0.000000 -0.000000 1.000000
37.756000 3.638451 -3.488276 0.000000 0.000000 0.000000 -0.000000 1.000000
37.820000 3.638451 -3.488276 0.000000 0.000000 0.000000 -0.000000 1.000000
37.888000 3.638451 -3.488276 0.000000 0.000000 0.000000 -0.000000 1.000000
37.952000 4.215801 -4.065627 0.000000 0.000000 0.000000 -0.000000 1.000000
38.020000 4.215801 -4.065627 0.000000 0.000000 0.000000 -0.000000 1.000000
38.084000 4.793151 -4.642977 0.000000 0.000000 0.000000 -0.000000 1.000000
38.152000 5.370501 -5.220327 0.000000 0.000000 0.000000 -0.000000 1.000000
38.216000 5.370501 -5.220327 0.000000 0.000000 0.000000 -0.000000 1.000000
38.284000 5.370501 -5.220327 0.000000 0.000000 0.000000 -0.000000 1.000000
38.348000 5.370501 -5.220327 0.000000 0.000000 0.000000 -0.000000 1.000000
38.416000 5.947852 -5.797678 0.000000 0.000000 0.000000 -0.000000 1.000000
38.480000 6.525202 -6.375028 0.000000 0.000000 0.000000 -0.000000 1.000000
38.548000 6.525202 -6.375028 0.000000 0.000000 0.000000 -0.000000 1.000000
38.612000 7.102552 -6.952378 0.000000 0.000000 0.000000 -0.000000 1.000000
38.680000 7.102552 -6.952378 0.000000 0.000000 0.000000 -0.000000 1.000000
38.744000 6.525202 -6.375028 0.000000 0.000000 0.000000 -0.000000 1.000000
38.812000 7.028960 -7.122179 0.000000 0.000000 0.000000 -0.000000 1.000000
38.876000 7.028960 -7.122179 0.000000 0.000000 0.000000 -0.000000 1.000000
38.944000 7.606310 -7.699529 0.000000 0.000000 0.000000 -0.000000 1.000000
39.008000 7.606310 -7.699529 0.000000 0.000000 0.000000 -0.000000 1.000000
39.076000 8.183660 -8.276879 0.000000 0.000000 0.000000 -0.000000 1.000000
39.140000 8.183660 -8.276879 0.000000 0.000000 0.000000 -0.000000 1.000000
39.208000 8.183660 -8.276879 0.000000 0.000000 0.000000 -0.000000 1.000000
39.272000 8.183660 -8.276879 0.000000 0.000000 0.000000 -0.000000 1.000000
39.340000 8.183660 -8.276879 0.000000 0.000000 0.000000 -0.000000 1.000000
39.404000 8.183660 -8.276879 0.000000 0.000000 0.000000 -0.000000 1.000000
39.472000 8.183660 -8.276879 0.000000 0.000000 0.000000 -0.000000 1.000000
39.536000 8.183660 -8.276879 0.000000 0.000000 0.000000 -0.000000 1.000000
39.604000 8.761010 -8.854229 0.000000 0.000000 0.000000 -0.000000 1.000000
39.668000 9.303685 -8.853617 0.000000 0.000000 0.000000 -0.000000 1.000000
39.736000 8.726335 -8.276267 0.000000 0.000000 0.000000 -0.000000 1.000000
39.800000 9.657171 -8.308806 0.000000 0.000000 0.000000 -0.000000 1.000000
39.868000 9.657171 -8.308806 0.000000 0.000000 0.000000 -0.000000 1.000000
39.932000 10.234522 -8.886157 0.000000 0.000000 0.000000 -0.000000 1.000000
40.000000 10.234522 -8.886157 0.000000 0.000000 0.000000 -0.000000 1.000000
40.064000 10.234522 -8.886157 0.000000 0.000000 0.000000 -0.000000 1.000000
40.132000 10.811872 -9.463507 0.000000 0.000000 0.000000 -0.000000 1.000000
40.196000 11.658542 -9.053294 0.000000 0.000000 0.000000 -0.000000 1.000000
40.264000 12.619362 -9.031074 0.000000 0.000000 0.000000 -0.000000 1.000000
40.328000 12.619362 -9.031074 0.000000 0.000000 0.000000 -0.000000 1.000000
40.396000 12.619362 -9.031074 0.000000 0.000000 0.000000 -0.000000 1.000000
40.460000 12.042011 -8.453724 0.000000 0.000000 0.000000 -0.000000 1.000000
40.528000 12.523992 -8.376003 0.000000 0.000000 0.000000 -0.000000 1.000000
40.592000 12.523992 -8.376003 0.000000 0.000000 0.000000 -0.000000 1.000000
40.660000 11.946642 -7.798653 0.000000 0.000000 0.000000 -0.000000 1.000000
40.724000 11.946642 -7.798653 0.000000 0.000000 0.000000 -0.000000 1.000000
40.792000 11.369291 -7.221303 0.000000 0.000000 0.000000 -0.000000 1.000000
40.856000 10.468620 -6.991370 0.000000 0.000000 0.000000 -0.000000 1.000000
40.924000 10.468620 -6.991370 0.000000 0.000000 0.000000 -0.000000 1.000000
40.988000 10.468620 -6.991370 0.000000 0.000000 0.000000 -0.000000 1.000000
41.056000 10.468620 -6.991370 0.000000 0.000000 0.000000 -0.000000 1.000000
41.120000 9.891269 -6.414020 0.000000 0.000000 0.000000 -0.000000 1.000000
41.188000 10.468620 -6.991370 0.000000 0.000000 0.000000 -0.000000 1.000000
41.252000 10.468620 -6.991370 0.000000 0.000000 0.000000 -0.000000 1.000000
41.320000 9.891269 -6.414020 0.000000 0.000000 0.000000 -0.000000 1.000000
41.384000 9.891269 -6.414020 0.000000 0.000000 0.000000 -0.000000 1.000000
41.452000 10.760870 -5.981030 0.000000 0.000000 0.000000 -0.000000 1.000000
41.516000 10.760870 -5.981030 0.000000 0.000000 0.000000 -0.000000 1.000000
41.584000 11.338221 -6.558380 0.000000 0.000000 0.000000 -0.000000 1.000000
41.648000 11.915571 -7.135730 0.000000 0.000000 0.000000 -0.000000 1.000000
41.716000 11.915571 -7.135730 0.000000 0.000000 0.000000 -0.000000 1.000000
41.780000 11.915571 -7.135730 0.000000 0.000000 0.000000 -0.000000 1.000000
41.848000 11.915571 -7.135730 0.000000 0.000000 0.000000 -0.000000 1.000000
41.912000 11.338221 -6.558380 0.000000 0.000000 0.000000 -0.000000 1.000000
41.980000 11.338221 -6.558380 0.000000 0.000000 0.000000 -0.000000 1.000000
42.044000 11.338221 -6.558380 0.000000 0.000000 0.000000 -0.000000 1.000000
42.112000 11.338221 -6.558380 0.000000 0.000000 0.000000 -0.000000 1.000000
42.176000 11.338221 -6.558380 0.000000 0.000000 0.000000 -0.000000 1.000000
42.244000 11.915571 -7.135730 0.000000 0.000000 0.000000 -0.000000 1.000000
42.308000 11.915571 -7.135730 0.000000 0.000000 0.000000 -0.000000 1.000000
42.376000 11.915571 -7.135730 0.000000 0.000000 0.000000 -0.000000 1.000000
42.440000 11.915571 -7.135730 0.000000 0.000000 0.000000 -0.000000 1.000000
42.508000 11.915571 -7.135730 0.000000 0.000000 0.000000 -0.000000 1.000000
42.572000 11.338221 -6.558380 0.000000 0.000000 0.000000 -0.000000 1.000000
42.640000 11.338221 -6.558380 0.000000 0.000000 0.000000 -0.000000 1.000000
42.704000 11.338221 -6.558380 0.000000 0.000000 0.000000 -0.000000 1.000000
42.772000 11.338221 -6.558380 0.000000 0.000000 0.000000 -0.000000 1.000000
42.836000 11.338221 -6.558380 0.000000 0.000000 0.000000 -0.000000 1.000000
42.904000 11.338221 -6.558380 0.000000 0.000000 0.000000 -0.000000 1.000000
42.968000 11.915571 -7.135730 0.000000 0.000000 0.000000 -0.000000 1.000000
43.036000 12.492921 -7.713081 0.000000 0.000000 0.000000 -0.000000 1.000000
43.100000 13.070271 -8.290431 0.000000 0.000000 0.000000 -0.000000 1.000000
43.168000 13.070271 -8.290431 0.000000 0.000000 0.000000 -0.000000 1.000000
43.232000 12.492921 -7.713081 0.000000 0.000000 0.000000 -0.000000 1.000000
43.300000 12.492921 -7.713081 0.000000 0.000000 0.000000 -0.000000 1.000000
43.364000 12.492921 -7.713081 0.000000 0.000000 0.000000 -0.000000 1.000000
43.432000 13.250936 -8.305587 0.000000 0.000000 0.000000 -0.000000 1.000000
43.496000 13.828286 -8.882937 0.000000 0.000000 0.000000 -0.000000 1.000000
43.564000 14.578770 -9.366059 0.000000 0.000000 0.000000 -0.000000 1.000000
43.628000 14.578770 -9.366059 0.000000 0.000000 0.000000 -0.000000 1.000000
43.696000 14.001420 -8.788709 0.000000 0.000000 0.000000 -0.000000 1.000000
43.760000 14.001420 -8.788709 0.000000 0.000000 0.000000 -0.000000 1.000000
43.828000 13.424069 -8.211358 0.000000 0.000000 0.000000 -0.000000 1.000000
43.892000 12.846719 -7.634008 0.000000 0.000000 0.000000 -0.000000 1.000000
43.960000 13.424069 -8.211358 0.000000 0.000000 0.000000 -0.000000 1.000000
44.024000 13.424069 -8.211358 0.000000 0.000000 0.000000 -0.000000 1.000000
44.092000 14.001420 -8.788709 0.000000 0.000000 0.000000 -0.000000 1.000000
44.156000 14.001420 -8.788709 0.000000 0.000000 0.000000 -0.000000 1.000000
44.224000 14.578770 -9.366059 0.000000 0.000000 0.000000 -0.000000 1.000000
44.288000 15.156120 -9.943409 0.000000 0.000000 0.000000 -0.000000 1.000000
44.356000 15.156120 -9.943409 0.000000 0.000000 0.000000 -0.000000 1.000000
44.420000 15.733470 -10.520759 0.000000 0.000000 0.000000 -0.000000 1.000000
44.488000 15.733470 -10.520759 0.000000 0.000000 0.000000 -0.000000 1.000000
44.552000 16.310821 -11.098110 0.000000 0.000000 0.000000 -0.000000 1.000000
44.620000 16.310821 -11.098110 0.000000 0.000000 0.000000 -0.000000 1.000000
44.684000 16.310821 -11.098110 0.000000 0.000000 0.000000 -0.000000 1.000000
44.752000 16.888171 -11.675460 0.000000 0.000000 0.000000 -0.000000 1.000000
44.816000 16.888171 -11.675460 0.000000 0.000000 0.000000 -0.000000 1.000000
44.884000 17.868368 -11.565822 0.000000 0.000000 0.000000 -0.000000 1.000000
44.948000 17.868368 -11.565822 0.000000 0.000000 0.000000 -0.000000 1.000000
45.016000 17.868368 -11.565822 0.000000 0.000000 0.000000 -0.000000 1.000000
45.080000 18.445718 -12.143172 0.000000 0.000000 0.000000 -0.000000 1.000000
45.148000 18.445718 -12.143172 0.000000 0.000000 0.000000 -0.000000 1.000000
45.212000 18.445718 -12.143172 0.000000 0.000000 0.000000 -0.000000 1.000000
45.280000 18.445718 -12.143172 0.000000 0.000000 0.000000 -0.000000 1.000000
45.344000 19.023068 -12.720522 0.000000 0.000000 0.000000 -0.000000 1.000000
45.412000 19.836588 -12.139334 0.000000 0.000000 0.000000 -0.000000 1.000000
45.476000 20.413938 -12.716685 0.000000 0.000000 0.000000 -0.000000 1.000000
45.544000 20.413938 -12.716685 0.000000 0.000000 0.000000 -0.000000 1.000000
45.608000 20.413938 -12.716685 0.000000 0.000000 0.000000 -0.000000 1.000000
45.676000 20.413938 -12.716685 0.000000 0.000000 0.000000 -0.000000 1.000000
45.740000 20.413938 -12.716685 0.000000 0.000000 0.000000 -0.000000 1.000000
45.808000 20.991288 -13.294035 0.000000 0.000000 0.000000 -0.000000 1.000000
45.872000 20.991288 -13.294035 0.000000 0.000000 0.000000 -0.000000 1.000000
45.940000 20.413938 -12.716685 0.000000 0.000000 0.000000 -0.000000 1.000000
46.004000 20.413938 -12.716685 0.000000 0.000000 0.000000 -0.000000 1.000000
46.072000 20.991288 -13.294035 0.000000 0.000000 0.000000 -0.000000 1.000000
46.136000 21.568638 -13.871385 0.000000 0.000000 0.000000 -0.000000 1.000000
46.204000 21.568638 -13.871385 0.000000 0.000000 0.000000 -0.000000 1.000000
46.268000 22.376351 -13.870474 0.000000 0.000000 0.000000 -0.000000 1.000000
46.336000 22.376351 -13.870474 0.000000 0.000000 0.000000 -0.000000 1.000000
46.400000 22.376351 -13.870474 0.000000 0.000000 0.000000 -0.000000 1.000000
46.468000 22.376351 -13.870474 0.000000 0.000000 0.000000 -0.000000 1.000000
46.532000 22.953702 -14.447825 0.000000 0.000000 0.000000 -0.000000 1.000000
46.600000 22.953702 -14.447825 0.000000 0.000000 0.000000 -0.000000 1.000000
46.664000 23.531052 -15.025175 0.000000 0.000000 0.000000 -0.000000 1.000000
46.732000 24.108402 -15.602525 0.000000 0.000000 0.000000 -0.000000 1.000000
46.796000 24.108402 -15.602525 0.000000 0.000000 0.000000 -0.000000 1.000000
46.864000 24.108402 -15.602525 0.000000 0.000000 0.000000 -0.000000 1.000000
46.928000 24.685752 -16.179875 0.000000 0.000000 0.000000 -0.000000 1.000000
46.996000 25.263103 -16.757226 0.000000 0.000000 0.000000 -0.000000 1.000000
47.060000 25.263103 -16.757226 0.000000 0.000000 0.000000 -0.000000 1.000000
47.128000 25.263103 -16.757226 0.000000 0.000000 0.000000 -0.000000 1.000000
47.192000 25.263103 -16.757226 0.000000 0.000000 0.000000 -0.000000 1.000000
47.260000 25.263103 -16.757226 0.000000 0.000000 0.000000 -0.000000 1.000000
47.324000 24.685752 -16.179875 0.000000 0.000000 0.000000 -0.000000 1.000000
47.392000 24.685752 -16.179875 0.000000 0.000000 0.000000 -0.000000 1.000000
47.456000 24.685752 -16.179875 0.000000 0.000000 0.000000 -0.000000 1.000000
47.524000 24.685752 -16.179875 0.000000 0.000000 0.000000 -0.000000 1.000000
47.588000 24.685752 -16.179875 0.000000 0.000000 0.000000 -0.000000 1.000000
47.656000 24.685752 -16.179875 0.000000 0.000000 0.000000 -0.000000 1.000000
47.720000 24.685752 -16.179875 0.000000 0.000000 0.000000 -0.000000 1.000000
47.788000 25.263103 -16.757226 0.000000 0.000000 0.000000 -0.000000 1.000000
47.852000 25.001059 -17.717667 0.000000 0.000000 0.000000 -0.000000 1.000000
47.920000 24.423709 -17.140317 0.000000 0.000000 0.000000 -0.000000 1.000000
47.984000 25.001059 -17.717667 0.000000 0.000000 0.000000 -0.000000 1.000000
48.052000 25.578409 -18.295017 0.000000 0.000000 0.000000 -0.000000 1.000000
48.116000 26.155760 -18.872368 0.000000 0.000000 0.000000 -0.000000 1.000000
48.184000 26.733110 -19.449718 0.000000 0.000000 0.000000 -0.000000 1.000000
48.248000 26.733110 -19.449718 0.000000 0.000000 0.000000 -0.000000 1.000000
48.316000 27.310460 -20.027068 0.000000 0.000000 0.000000 -0.000000 1.000000
48.380000 26.733110 -19.449718 0.000000 0.000000 0.000000 -0.000000 1.000000
48.448000 26.733110 -19.449718 0.000000 0.000000 0.000000 -0.000000 1.000000
48.512000 27.310460 -20.027068 0.000000 0.000000 0.000000 -0.000000 1.000000
48.580000 26.733110 -19.449718 0.000000 0.000000 0.000000 -0.000000 1.000000
48.644000 26.155760 -18.872368 0.000000 0.000000 0.000000 -0.000000 1.000000
48.712000 26.155760 -18.872368 0.000000 0.000000 0.000000 -0.000000 1.000000
48.776000 26.155760 -18.872368 0.000000 0.000000 0.000000 -0.000000 1.000000
48.844000 25.578409 -18.295017 0.000000 0.000000 0.000000 -0.000000 1.000000
48.908000 25.001059 -17.717667 0.000000 0.000000 0.000000 -0.000000 1.000000
48.976000 25.001059 -17.717667 0.000000 0.000000 0.000000 -0.000000 1.000000
49.040000 25.578409 -18.295017 0.000000 0.000000 0.000000 -0.000000 1.000000
49.108000 25.578409 -18.295017 0.000000 0.000000 0.000000 -0.000000 1.000000
49.172000 26.155760 -18.872368 0.000000 0.000000 0.000000 -0.000000 1.000000
49.240000 26.155760 -18.872368 0.000000 0.000000 0.000000 -0.000000 1.000000
49.304000 26.733110 -19.449718 0.000000 0.000000 0.000000 -0.000000 1.000000
49.372000 26.733110 -19.449718 0.000000 0.000000 0.000000 -0.000000 1.000000
49.436000 27.310460 -20.027068 0.000000 0.000000 0.000000 -0.000000 1.000000
49.504000 26.733110 -19.449718 0.000000 0.000000 0.000000 -0.000000 1.000000
49.568000 26.733110 -19.449718 0.000000 0.000000 0.000000 -0.000000 1.000000
49.636000 27.254989 -20.281824 0.000000 0.000000 0.000000 -0.000000 1.000000
49.700000 27.254989 -20.281824 0.000000 0.000000 0.000000 -0.000000 1.000000
49.768000 26.677639 -19.704473 0.000000 0.000000 0.000000 -0.000000 1.000000
49.832000 26.677639 -19.704473 0.000000 0.000000 0.000000 -0.000000 1.000000
49.900000 26.677639 -19.704473 0.000000 0.000000 0.000000 -0.000000 1.000000
49.964000 26.677639 -19.704473 0.000000 0.000000 0.000000 -0.000000 1.000000
50.032000 27.254989 -20.281824 0.000000 0.000000 0.000000 -0.000000 1.000000
50.096000 27.254989 -20.281824 0.000000 0.000000 0.000000 -0.000000 1.000000
50.164000 27.832339 -20.859174 0.000000 0.000000 0.000000 -0.000000 1.000000
50.228000 27.832339 -20.859174 0.000000 0.000000 0.000000 -0.000000 1.000000
50.296000 28.409689 -21.436524 0.000000 0.000000 0.000000 -0.000000 1.000000
50.360000 28.409689 -21.436524 0.000000 0.000000 0.000000 -0.000000 1.000000
50.428000 28.987040 -22.013874 0.000000 0.000000 0.000000 -0.000000 1.000000
50.492000 28.987040 -22.013874 0.000000 0.000000 0.000000 -0.000000 1.000000
50.560000 28.987040 -22.013874 0.000000 0.000000 0.000000 -0.000000 1.000000
50.624000 29.564390 -22.591225 0.000000 0.000000 0.000000 -0.000000 1.000000
50.692000 28.987040 -22.013874 0.000000 0.000000 0.000000 -0.000000 1.000000
50.756000 29.564390 -22.591225 0.000000 0.000000 0.000000 -0.000000 1.000000
50.824000 29.564390 -22.591225 0.000000 0.000000 0.000000 -0.000000 1.000000
50.888000 30.384761 -22.599550 0.000000 0.000000 0.000000 -0.000000 1.000000
50.956000 29.807410 -22.022200 0.000000 0.000000 0.000000 -0.000000 1.000000
51.020000 30.384761 -22.599550 0.000000 0.000000 0.000000 -0.000000 1.000000
51.088000 30.962111 -23.176901 0.000000 0.000000 0.000000 -0.000000 1.000000
51.152000 31.539461 -23.754251 0.000000 0.000000 0.000000 -0.000000 1.000000
51.220000 32.460096 -23.398060 0.000000 0.000000 0.000000 -0.000000 1.000000
51.284000 33.037446 -23.975410 0.000000 0.000000 0.000000 -0.000000 1.000000
51.352000 33.037446 -23.975410 0.000000 0.000000 0.000000 -0.000000 1.000000
51.416000 33.614796 -24.552760 0.000000 0.000000 0.000000 -0.000000 1.000000
51.484000 34.192146 -25.130110 0.000000 0.000000 0.000000 -0.000000 1.000000
51.548000 34.769497 -25.707461 0.000000 0.000000 0.000000 -0.000000 1.000000
51.616000 34.192146 -25.130110 0.000000 0.000000 0.000000 -0.000000 1.000000
51.680000 34.192146 -25.130110 0.000000 0.000000 0.000000 -0.000000 1.000000
51.748000 33.614796 -24.552760 0.000000 0.000000 0.000000 -0.000000 1.000000
51.812000 33.614796 -24.552760 0.000000 0.000000 0.000000 -0.000000 1.000000
51.880000 34.192146 -25.130110 0.000000 0.000000 0.000000 -0.000000 1.000000
51.944000 34.192146 -25.130110 0.000000 0.000000 0.000000 -0.000000 1.000000
52.012000 34.192245 -25.837168 0.000000 0.000000 0.000000 -0.000000 1.000000
52.076000 34.769595 -26.414518 0.000000 0.000000 0.000000 -0.000000 1.000000
52.144000 34.769595 -26.414518 0.000000 0.000000 0.000000 -0.000000 1.000000
52.208000 35.346945 -26.991868 0.000000 0.000000 0.000000 -0.000000 1.000000
52.276000 35.346945 -26.991868 0.000000 0.000000 0.000000 -0.000000 1.000000
52.340000 34.690969 -27.704297 0.000000 0.000000 0.000000 -0.000000 1.000000
52.408000 35.268319 -28.281647 0.000000 0.000000 0.000000 -0.000000 1.000000
52.472000 35.268319 -28.281647 0.000000 0.000000 0.000000 -0.000000 1.000000
52.540000 35.845670 -28.858998 0.000000 0.000000 0.000000 -0.000000 1.000000
52.604000 35.268319 -28.281647 0.000000 0.000000 0.000000 -0.000000 1.000000
52.672000 35.845670 -28.858998 0.000000 0.000000 0.000000 -0.000000 1.000000
52.736000 35.106131 -28.246977 0.000000 0.000000 0.000000 -0.000000 1.000000
52.804000 35.106131 -28.246977 0.000000 0.000000 0.000000 -0.000000 1.000000
52.868000 35.106131 -28.246977 0.000000 0.000000 0.000000 -0.000000 1.000000
52.936000 34.528781 -27.669627 0.000000 0.000000 0.000000 -0.000000 1.000000
53.000000 34.528781 -27.669627 0.000000 0.000000 0.000000 -0.000000 1.000000
53.068000 35.318166 -27.119465 0.000000 0.000000 0.000000 -0.000000 1.000000
53.132000 35.895516 -27.696815 0.000000 0.000000 0.000000 -0.000000 1.000000
53.200000 35.326619 -28.489063 0.000000 0.000000 0.000000 -0.000000 1.000000
53.264000 34.973844 -29.364273 0.000000 0.000000 0.000000 -0.000000 1.000000
53.332000 34.973844 -29.364273 0.000000 0.000000 0.000000 -0.000000 1.000000
53.396000 35.551194 -29.941624 0.000000 0.000000 0.000000 -0.000000 1.000000
53.464000 36.128545 -30.518974 0.000000 0.000000 0.000000 -0.000000 1.000000
53.528000 36.128545 -30.518974 0.000000 0.000000 0.000000 -0.000000 1.000000
53.596000 36.128545 -30.518974 0.000000 0.000000 0.000000 -0.000000 1.000000
53.660000 35.551194 -29.941624 0.000000 0.000000 0.000000 -0.000000 1.000000
53.728000 35.551194 -29.941624 0.000000 0.000000 0.000000 -0.000000 1.000000
53.792000 35.551194 -29.941624 0.000000 0.000000 0.000000 -0.000000 1.000000
53.860000 35.551194 -29.941624 0.000000 0.000000 0.000000 -0.000000 1.000000
53.924000 35.551194 -29.941624 0.000000 0.000000 0.000000 -0.000000 1.000000
53.992000 34.973844 -29.364273 0.000000 0.000000 0.000000 -0.000000 1.000000
54.056000 34.973844 -29.364273 0.000000 0.000000 0.000000 -0.000000 1.000000
54.124000 34.973844 -29.364273 0.000000 0.000000 0.000000 -0.000000 1.000000
54.188000 34.396494 -28.786923 0.000000 0.000000 0.000000 -0.000000 1.000000
54.256000 34.396494 -28.786923 0.000000 0.000000 0.000000 -0.000000 1.000000
54.320000 34.973844 -29.364273 0.000000 0.000000 0.000000 -0.000000 1.000000
54.388000 34.973844 -29.364273 0.000000 0.000000 0.000000 -0.000000 1.000000
54.452000 34.973844 -29.364273 0.000000 0.000000 0.000000 -0.000000 1.000000
54.520000 34.973844 -29.364273 0.000000 0.000000 0.000000 -0.000000 1.000000
54.584000 34.396494 -28.786923 0.000000 0.000000 0.000000 -0.000000 1.000000
54.652000 34.396494 -28.786923 0.000000 0.000000 0.000000 -0.000000 1.000000
54.716000 33.819144 -28.209573 0.000000 0.000000 0.000000 -0.000000 1.000000
54.784000 33.819144 -28.209573 0.000000 0.000000 0.000000 -0.000000 1.000000
54.848000 34.396494 -28.786923 0.000000 0.000000 0.000000 -0.000000 1.000000
54.916000 34.973844 -29.364273 0.000000 0.000000 0.000000 -0.000000 1.000000
54.980000 35.551194 -29.941624 0.000000 0.000000 0.000000 -0.000000 1.000000
55.048000 36.128545 -30.518974 0.000000 0.000000 0.000000 -0.000000 1.000000
55.112000 37.072142 -30.396242 0.000000 0.000000 0.000000 -0.000000 1.000000
55.180000 37.072142 -30.396242 0.000000 0.000000 0.000000 -0.000000 1.000000
55.244000 37.649492 -30.973593 0.000000 0.000000 0.000000 -0.000000 1.000000
55.312000 38.226843 -31.550943 0.000000 0.000000 0.000000 -0.000000 1.000000
55.376000 38.226843 -31.550943 0.000000 0.000000 0.000000 -0.000000 1.000000
55.444000 38.804193 -32.128293 0.000000 0.000000 0.000000 -0.000000 1.000000
55.508000 38.804193 -32.128293 0.000000 0.000000 0.000000 -0.000000 1.000000
55.576000 38.804193 -32.128293 0.000000 0.000000 0.000000 -0.000000 1.000000
55.640000 38.226843 -31.550943 0.000000 0.000000 0.000000 -0.000000 1.000000
55.708000 37.649492 -30.973593 0.000000 0.000000 0.000000 -0.000000 1.000000
55.772000 38.226843 -31.550943 0.000000 0.000000 0.000000 -0.000000 1.000000
55.840000 38.804193 -32.128293 0.000000 0.000000 0.000000 -0.000000 1.000000
55.904000 38.804193 -32.128293 0.000000 0.000000 0.000000 -0.000000 1.000000
55.972000 38.804193 -32.128293 0.000000 0.000000 0.000000 -0.000000 1.000000
56.036000 38.226843 -31.550943 0.000000 0.000000 0.000000 -0.000000 1.000000
56.104000 38.226843 -31.550943 0.000000 0.000000 0.000000 -0.000000 1.000000
56.168000 38.226843 -31.550943 0.000000 0.000000 0.000000 -0.000000 1.000000
56.236000 38.804193 -32.128293 0.000000 0.000000 0.000000 -0.000000 1.000000
56.300000 39.381543 -32.705643 0.000000 0.000000 0.000000 -0.000000 1.000000
56.368000 38.804193 -32.128293 0.000000 0.000000 0.000000 -0.000000 1.000000
56.432000 38.804193 -32.128293 0.000000 0.000000 0.000000 -0.000000 1.000000
56.500000 38.804193 -32.128293 0.000000 0.000000 0.000000 -0.000000 1.000000
56.564000 39.381543 -32.705643 0.000000 0.000000 0.000000 -0.000000 1.000000
56.632000 39.958893 -33.282994 0.000000 0.000000 0.000000 -0.000000 1.000000
56.696000 39.958893 -33.282994 0.000000 0.000000 0.000000 -0.000000 1.000000
56.764000 40.536244 -33.860344 0.000000 0.000000 0.000000 -0.000000 1.000000
56.828000 41.113594 -34.437694 0.000000 0.000000 0.000000 -0.000000 1.000000
56.896000 41.113594 -34.437694 0.000000 0.000000 0.000000 -0.000000 1.000000
56.960000 41.113594 -34.437694 0.000000 0.000000 0.000000 -0.000000 1.000000
57.028000 41.690944 -35.015044 0.000000 0.000000 0.000000 -0.000000 1.000000
57.092000 41.690944 -35.015044 0.000000 0.000000 0.000000 -0.000000 1.000000
57.160000 41.690944 -35.015044 0.000000 0.000000 0.000000 -0.000000 1.000000
57.224000 42.268294 -35.592395 0.000000 0.000000 0.000000 -0.000000 1.000000
57.292000 42.845645 -36.169745 0.000000 0.000000 0.000000 -0.000000 1.000000
57.356000 43.422995 -36.747095 0.000000 0.000000 0.000000 -0.000000 1.000000
57.424000 44.000345 -37.324446 0.000000 0.000000 0.000000 -0.000000 1.000000
57.488000 44.000345 -37.324446 0.000000 0.000000 0.000000 -0.000000 1.000000
57.556000 44.000345 -37.324446 0.000000 0.000000 0.000000 -0.000000 1.000000
57.620000 44.000345 -37.324446 0.000000 0.000000 0.000000 -0.000000 1.000000
57.688000 43.422995 -36.747095 0.000000 0.000000 0.000000 -0.000000 1.000000
57.752000 42.845645 -36.169745 0.000000 0.000000 0.000000 -0.000000 1.000000
57.820000 42.845645 -36.169745 0.000000 0.000000 0.000000 -0.000000 1.000000
57.884000 42.845645 -36.169745 0.000000 0.000000 0.000000 -0.000000 1.000000
57.952000 42.268294 -35.592395 0.000000 0.000000 0.000000 -0.000000 1.000000
58.016000 41.690944 -35.015044 0.000000 0.000000 0.000000 -0.000000 1.000000
58.084000 41.690944 -35.015044 0.000000 0.000000 0.000000 -0.000000 1.000000
58.148000 42.268294 -35.592395 0.000000 0.000000 0.000000 -0.000000 1.000000
58.216000 42.268294 -35.592395 0.000000 0.000000 0.000000 -0.000000 1.000000
58.280000 42.268294 -35.592395 0.000000 0.000000 0.000000 -0.000000 1.000000
58.348000 42.268294 -35.592395 0.000000 0.000000 0.000000 -0.000000 1.000000
58.412000 42.845645 -36.169745 0.000000 0.000000 0.000000 -0.000000 1.000000
58.480000 42.845645 -36.169745 0.000000 0.000000 0.000000 -0.000000 1.000000
58.544000 42.268294 -35.592395 0.000000 0.000000 0.000000 -0.000000 1.000000
58.612000 42.845645 -36.169745 0.000000 0.000000 0.000000 -0.000000 1.000000
58.676000 42.268294 -35.592395 0.000000 0.000000 0.000000 -0.000000 1.000000
58.744000 42.268294 -35.592395 0.000000 0.000000 0.000000 -0.000000 1.000000
58.808000 42.268294 -35.592395 0.000000 0.000000 0.000000 -0.000000 1.000000
58.876000 42.845645 -36.169745 0.000000 0.000000 0.000000 -0.000000 1.000000
58.940000 42.845645 -36.169745 0.000000 0.000000 0.000000 -0.000000 1.000000
59.008000 43.422995 -36.747095 0.000000 0.000000 0.000000 -0.000000 1.000000
59.072000 44.000345 -37.324446 0.000000 0.000000 0.000000 -0.000000 1.000000
59.140000 44.000345 -37.324446 0.000000 0.000000 0.000000 -0.000000 1.000000
59.204000 43.825132 -38.306906 0.000000 0.000000 0.000000 -0.000000 1.000000
59.272000 43.825132 -38.306906 0.000000 0.000000 0.000000 -0.000000 1.000000
59.336000 43.825132 -38.306906 0.000000 0.000000 0.000000 -0.000000 1.000000
59.404000 44.662524 -38.228530 0.000000 0.000000 0.000000 -0.000000 1.000000
59.468000 44.662524 -38.228530 0.000000 0.000000 0.000000 -0.000000 1.000000
59.536000 44.085174 -37.651180 0.000000 0.000000 0.000000 -0.000000 1.000000
59.600000 44.085174 -37.651180 0.000000 0.000000 0.000000 -0.000000 1.000000
59.668000 44.085174 -37.651180 0.000000 0.000000 0.000000 -0.000000 1.000000
59.732000 44.085174 -37.651180 0.000000 0.000000 0.000000 -0.000000 1.000000
59.800000 44.085174 -37.651180 0.000000 0.000000 0.000000 -0.000000 1.000000
59.864000 44.085174 -37.651180 0.000000 0.000000 0.000000 -0.000000 1.000000
59.932000 44.662524 -38.228530 0.000000 0.000000 0.000000 -0.000000 1.000000
59.996000 44.662524 -38.228530 0.000000 0.000000 0.000000 -0.000000 1.000000
60.064000 44.662524 -38.228530 0.000000 0.000000 0.000000 -0.000000 1.000000
60.128000 45.239875 -38.805881 0.000000 0.000000 0.000000 -0.000000 1.000000
60.196000 45.239875 -38.805881 0.000000 0.000000 0.000000 -0.000000 1.000000
60.260000 45.817225 -39.383231 0.000000 0.000000 0.000000 -0.000000 1.000000
60.328000 46.394575 -39.960581 0.000000 0.000000 0.000000 -0.000000 1.000000
60.392000 46.971925 -40.537932 0.000000 0.000000 0.000000 -0.000000 1.000000
60.460000 46.971925 -40.537932 0.000000 0.000000 0.000000 -0.000000 1.000000
60.524000 47.964326 -40.508836 0.000000 0.000000 0.000000 -0.000000 1.000000
60.592000 48.541677 -41.086186 0.000000 0.000000 0.000000 -0.000000 1.000000
60.656000 48.541677 -41.086186 0.000000 0.000000 0.000000 -0.000000 1.000000
60.724000 48.541677 -41.086186 0.000000 0.000000 0.000000 -0.000000 1.000000
60.788000 48.541677 -41.086186 0.000000 0.000000 0.000000 -0.000000 1.000000
60.856000 49.119027 -41.663536 0.000000 0.000000 0.000000 -0.000000 1.000000
60.920000 49.119027 -41.663536 0.000000 0.000000 0.000000 -0.000000 1.000000
60.988000 49.696377 -42.240886 0.000000 0.000000 0.000000 -0.000000 1.000000
61.052000 50.273727 -42.818237 0.000000 0.000000 0.000000 -0.000000 1.000000
61.120000 50.273727 -42.818237 0.000000 0.000000 0.000000 -0.000000 1.000000
61.184000 50.273727 -42.818237 0.000000 0.000000 0.000000 -0.000000 1.000000
61.252000 49.696377 -42.240886 0.000000 0.000000 0.000000 -0.000000 1.000000
61.316000 49.696377 -42.240886 0.000000 0.000000 0.000000 -0.000000 1.000000
61.384000 50.273727 -42.818237 0.000000 0.000000 0.000000 -0.000000 1.000000
61.448000 50.851078 -43.395587 0.000000 0.000000 0.000000 -0.000000 1.000000
61.516000 50.851078 -43.395587 0.000000 0.000000 0.000000 -0.000000 1.000000
61.580000 50.851078 -43.395587 0.000000 0.000000 0.000000 -0.000000 1.000000
61.648000 51.428428 -43.972937 0.000000 0.000000 0.000000 -0.000000 1.000000
61.712000 51.428428 -43.972937 0.000000 0.000000 0.000000 -0.000000 1.000000
61.780000 52.005778 -44.550287 0.000000 0.000000 0.000000 -0.000000 1.000000
61.844000 52.583129 -45.127638 0.000000 0.000000 0.000000 -0.000000 1.000000
61.912000 52.583129 -45.127638 0.000000 0.000000 0.000000 -0.000000 1.000000
61.976000 52.583129 -45.127638 0.000000 0.000000 0.000000 -0.000000 1.000000
62.044000 53.160479 -45.704988 0.000000 0.000000 0.000000 -0.000000 1.000000
62.108000 53.160479 -45.704988 0.000000 0.000000 0.000000 -0.000000 1.000000
62.176000 52.259131 -45.629775 0.000000 0.000000 0.000000 -0.000000 1.000000
62.240000 52.259131 -45.629775 0.000000 0.000000 0.000000 -0.000000 1.000000
62.308000 51.681781 -45.052424 0.000000 0.000000 0.000000 -0.000000 1.000000
62.372000 51.681781 -45.052424 0.000000 0.000000 0.000000 -0.000000 1.000000
62.440000 51.681781 -45.052424 0.000000 0.000000 0.000000 -0.000000 1.000000
62.504000 52.259131 -45.629775 0.000000 0.000000 0.000000 -0.000000 1.000000
62.572000 52.259131 -45.629775 0.000000 0.000000 0.000000 -0.000000 1.000000
62.636000 52.259131 -45.629775 0.000000 0.000000 0.000000 -0.000000 1.000000
62.704000 52.259131 -45.629775 0.000000 0.000000 0.000000 -0.000000 1.000000
62.768000 52.259131 -45.629775 0.000000 0.000000 0.000000 -0.000000 1.000000
62.836000 52.836481 -46.207125 0.000000 0.000000 0.000000 -0.000000 1.000000
62.900000 53.413832 -46.784475 0.000000 0.000000 0.000000 -0.000000 1.000000
62.968000 53.991182 -47.361825 0.000000 0.000000 0.000000 -0.000000 1.000000
63.032000 54.568532 -47.939176 0.000000 0.000000 0.000000 -0.000000 1.000000
63.100000 54.568532 -47.939176 0.000000 0.000000 0.000000 -0.000000 1.000000
63.164000 55.145882 -48.516526 0.000000 0.000000 0.000000 -0.000000 1.000000
63.232000 55.145882 -48.516526 0.000000 0.000000 0.000000 -0.000000 1.000000
63.296000 55.145882 -48.516526 0.000000 0.000000 0.000000 -0.000000 1.000000
63.364000 55.145882 -48.516526 0.000000 0.000000 0.000000 -0.000000 1.000000
63.428000 54.150377 -48.425096 0.000000 0.000000 0.000000 -0.000000 1.000000
63.496000 54.150377 -48.425096 0.000000 0.000000 0.000000 -0.000000 1.000000
63.560000 54.150377 -48.425096 0.000000 0.000000 0.000000 -0.000000 1.000000
63.628000 54.727727 -49.002446 0.000000 0.000000 0.000000 -0.000000 1.000000
63.692000 54.727727 -49.002446 0.000000 0.000000 0.000000 -0.000000 1.000000
63.760000 55.305078 -49.579797 0.000000 0.000000 0.000000 -0.000000 1.000000
63.824000 55.305078 -49.579797 0.000000 0.000000 0.000000 -0.000000 1.000000
63.892000 55.305078 -49.579797 0.000000 0.000000 0.000000 -0.000000 1.000000
63.956000 55.305078 -49.579797 0.000000 0.000000 0.000000 -0.000000 1.000000
64.024000 55.882428 -50.157147 0.000000 0.000000 0.000000 -0.000000 1.000000
64.088000 56.459778 -50.734497 0.000000 0.000000 0.000000 -0.000000 1.000000
64.156000 56.459778 -50.734497 0.000000 0.000000 0.000000 -0.000000 1.000000
64.220000 56.459778 -50.734497 0.000000 0.000000 0.000000 -0.000000 1.000000
64.288000 56.459778 -50.734497 0.000000 0.000000 0.000000 -0.000000 1.000000
64.352000 57.037128 -51.311847 0.000000 0.000000 0.000000 -0.000000 1.000000
64.420000 57.037128 -51.311847 0.000000 0.000000 0.000000 -0.000000 1.000000
64.484000 57.614479 -51.889198 0.000000 0.000000 0.000000 -0.000000 1.000000
64.552000 57.614479 -51.889198 0.000000 0.000000 0.000000 -0.000000 1.000000
64.616000 58.191829 -52.466548 0.000000 0.000000 0.000000 -0.000000 1.000000
64.684000 57.614479 -51.889198 0.000000 0.000000 0.000000 -0.000000 1.000000
64.748000 58.191829 -52.466548 0.000000 0.000000 0.000000 -0.000000 1.000000
64.816000 58.769179 -53.043898 0.000000 0.000000 0.000000 -0.000000 1.000000
64.880000 58.769179 -53.043898 0.000000 0.000000 0.000000 -0.000000 1.000000
64.948000 59.346530 -53.621248 0.000000 0.000000 0.000000 -0.000000 1.000000
65.012000 59.923880 -54.198599 0.000000 0.000000 0.000000 -0.000000 1.000000
65.080000 59.923880 -54.198599 0.000000 0.000000 0.000000 -0.000000 1.000000
65.144000 59.923880 -54.198599 0.000000 0.000000 0.000000 -0.000000 1.000000
65.212000 60.501230 -54.775949 0.000000 0.000000 0.000000 -0.000000 1.000000
65.276000 61.078580 -55.353299 0.000000 0.000000 0.000000 -0.000000 1.000000
65.344000 61.078580 -55.353299 0.000000 0.000000 0.000000 -0.000000 1.000000
65.408000 61.078580 -55.353299 0.000000 0.000000 0.000000 -0.000000 1.000000
65.476000 61.655931 -55.930650 0.000000 0.000000 0.000000 -0.000000 1.000000
65.540000 61.296783 -56.858770 0.000000 0.000000 0.000000 -0.000000 1.000000
65.608000 61.296783 -56.858770 0.000000 0.000000 0.000000 -0.000000 1.000000
65.672000 61.296783 -56.858770 0.000000 0.000000 0.000000 -0.000000 1.000000
65.740000 61.296783 -56.858770 0.000000 0.000000 0.000000 -0.000000 1.000000
65.804000 61.296783 -56.858770 0.000000 0.000000 0.000000 -0.000000 1.000000
65.872000 61.874133 -57.436120 0.000000 0.000000 0.000000 -0.000000 1.000000
65.936000 62.451483 -58.013470 0.000000 0.000000 0.000000 -0.000000 1.000000
66.004000 62.451483 -58.013470 0.000000 0.000000 0.000000 -0.000000 1.000000
66.068000 62.451483 -58.013470 0.000000 0.000000 0.000000 -0.000000 1.000000
66.136000 62.451483 -58.013470 0.000000 0.000000 0.000000 -0.000000 1.000000
66.200000 62.451483 -58.013470 0.000000 0.000000 0.000000 -0.000000 1.000000
66.268000 63.028834 -58.590821 0.000000 0.000000 0.000000 -0.000000 1.000000
66.332000 63.606184 -59.168171 0.000000 0.000000 0.000000 -0.000000 1.000000
66.400000 64.183534 -59.745521 0.000000 0.000000 0.000000 -0.000000 1.000000
66.464000 64.183534 -59.745521 0.000000 0.000000 0.000000 -0.000000 1.000000
66.532000 64.183534 -59.745521 0.000000 0.000000 0.000000 -0.000000 1.000000
66.596000 64.183534 -59.745521 0.000000 0.000000 0.000000 -0.000000 1.000000
66.664000 64.760885 -60.322871 0.000000 0.000000 0.000000 -0.000000 1.000000
66.728000 64.760885 -60.322871 0.000000 0.000000 0.000000 -0.000000 1.000000
66.796000 64.760885 -60.322871 0.000000 0.000000 0.000000 -0.000000 1.000000
66.860000 65.338235 -60.900222 0.000000 0.000000 0.000000 -0.000000 1.000000
66.928000 65.338235 -60.900222 0.000000 0.000000 0.000000 -0.000000 1.000000
66.992000 65.100842 -61.871450 0.000000 0.000000 0.000000 -0.000000 1.000000
67.060000 65.100842 -61.871450 0.000000 0.000000 0.000000 -0.000000 1.000000
67.124000 65.100842 -61.871450 0.000000 0.000000 0.000000 -0.000000 1.000000
67.192000 64.523492 -61.294099 0.000000 0.000000 0.000000 -0.000000 1.000000
67.256000 65.100842 -61.871450 0.000000 0.000000 0.000000 -0.000000 1.000000
67.324000 65.100842 -61.871450 0.000000 0.000000 0.000000 -0.000000 1.000000
67.388000 65.678193 -62.448800 0.000000 0.000000 0.000000 -0.000000 1.000000
67.456000 65.678193 -62.448800 0.000000 0.000000 0.000000 -0.000000 1.000000
67.520000 65.678193 -62.448800 0.000000 0.000000 0.000000 -0.000000 1.000000
67.588000 65.678193 -62.448800 0.000000 0.000000 0.000000 -0.000000 1.000000
67.652000 65.100842 -61.871450 0.000000 0.000000 0.000000 -0.000000 1.000000
67.720000 65.678193 -62.448800 0.000000 0.000000 0.000000 -0.000000 1.000000
67.784000 65.100842 -61.871450 0.000000 0.000000 0.000000 -0.000000 1.000000
67.852000 65.100842 -61.871450 0.000000 0.000000 0.000000 -0.000000 1.000000
67.916000 65.100842 -61.871450 0.000000 0.000000 0.000000 -0.000000 1.000000
67.984000 64.523492 -61.294099 0.000000 0.000000 0.000000 -0.000000 1.000000
68.048000 65.100842 -61.871450 0.000000 0.000000 0.000000 -0.000000 1.000000
68.116000 65.100842 -61.871450 0.000000 0.000000 0.000000 -0.000000 1.000000
68.180000 65.100842 -61.871450 0.000000 0.000000 0.000000 -0.000000 1.000000
68.248000 65.100842 -61.871450 0.000000 0.000000 0.000000 -0.000000 1.000000
68.312000 65.100842 -61.871450 0.000000 0.000000 0.000000 -0.000000 1.000000
68.380000 64.523492 -61.294099 0.000000 0.000000 0.000000 -0.000000 1.000000
68.444000 64.523492 -61.294099 0.000000 0.000000 0.000000 -0.000000 1.000000
68.512000 65.100842 -61.871450 0.000000 0.000000 0.000000 -0.000000 1.000000
68.576000 65.678193 -62.448800 0.000000 0.000000 0.000000 -0.000000 1.000000
68.644000 66.255543 -63.026150 0.000000 0.000000 0.000000 -0.000000 1.000000
68.708000 66.255543 -63.026150 0.000000 0.000000 0.000000 -0.000000 1.000000
68.776000 66.255543 -63.026150 0.000000 0.000000 0.000000 -0.000000 1.000000
68.840000 65.678193 -62.448800 0.000000 0.000000 0.000000 -0.000000 1.000000
68.908000 65.678193 -62.448800 0.000000 0.000000 0.000000 -0.000000 1.000000
68.972000 66.255543 -63.026150 0.000000 0.000000 0.000000 -0.000000 1.000000
69.040000 67.010658 -63.629654 0.000000 0.000000 0.000000 -0.000000 1.000000
69.104000 67.588009 -64.207005 0.000000 0.000000 0.000000 -0.000000 1.000000
69.172000 67.588009 -64.207005 0.000000 0.000000 0.000000 -0.000000 1.000000
69.236000 67.588009 -64.207005 0.000000 0.000000 0.000000 -0.000000 1.000000
69.304000 67.588009 -64.207005 0.000000 0.000000 0.000000 -0.000000 1.000000
69.368000 67.010658 -63.629654 0.000000 0.000000 0.000000 -0.000000 1.000000
69.436000 67.929714 -63.873200 0.000000 0.000000 0.000000 -0.000000 1.000000
69.500000 67.929714 -63.873200 0.000000 0.000000 0.000000 -0.000000 1.000000
69.568000 68.507065 -64.450551 0.000000 0.000000 0.000000 -0.000000 1.000000
69.632000 69.084415 -65.027901 0.000000 0.000000 0.000000 -0.000000 1.000000
69.700000 69.084415 -65.027901 0.000000 0.000000 0.000000 -0.000000 1.000000
69.764000 69.084415 -65.027901 0.000000 0.000000 0.000000 -0.000000 1.000000
69.832000 69.661765 -65.605251 0.000000 0.000000 0.000000 -0.000000 1.000000
69.896000 69.661765 -65.605251 0.000000 0.000000 0.000000 -0.000000 1.000000
69.964000 70.239115 -66.182601 0.000000 0.000000 0.000000 -0.000000 1.000000
70.028000 70.239115 -66.182601 0.000000 0.000000 0.000000 -0.000000 1.000000
70.096000 70.239115 -66.182601 0.000000 0.000000 0.000000 -0.000000 1.000000
70.160000 70.816466 -66.759952 0.000000 0.000000 0.000000 -0.000000 1.000000
70.228000 71.393816 -67.337302 0.000000 0.000000 0.000000 -0.000000 1.000000
70.292000 71.393816 -67.337302 0.000000 0.000000 0.000000 -0.000000 1.000000
70.360000 70.816466 -66.759952 0.000000 0.000000 0.000000 -0.000000 1.000000
70.424000 71.393816 -67.337302 0.000000 0.000000 0.000000 -0.000000 1.000000
70.492000 71.393816 -67.337302 0.000000 0.000000 0.000000 -0.000000 1.000000
70.556000 71.393816 -67.337302 0.000000 0.000000 0.000000 -0.000000 1.000000
70.624000 71.393816 -67.337302 0.000000 0.000000 0.000000 -0.000000 1.000000
70.688000 70.816466 -66.759952 0.000000 0.000000 0.000000 -0.000000 1.000000
70.756000 70.239115 -66.182601 0.000000 0.000000 0.000000 -0.000000 1.000000
70.820000 70.239115 -66.182601 0.000000 0.000000 0.000000 -0.000000 1.000000
70.888000 71.188789 -66.042314 0.000000 0.000000 0.000000 -0.000000 1.000000
70.952000 71.188789 -66.042314 0.000000 0.000000 0.000000 -0.000000 1.000000
71.020000 71.188789 -66.042314 0.000000 0.000000 0.000000 -0.000000 1.000000
71.084000 70.611439 -65.464964 0.000000 0.000000 0.000000 -0.000000 1.000000
71.152000 70.611439 -65.464964 0.000000 0.000000 0.000000 -0.000000 1.000000
71.216000 71.545828 -65.332838 0.000000 0.000000 0.000000 -0.000000 1.000000
71.284000 71.545828 -65.332838 0.000000 0.000000 0.000000 -0.000000 1.000000
71.348000 71.545828 -65.332838 0.000000 0.000000 0.000000 -0.000000 1.000000
71.416000 71.545828 -65.332838 0.000000 0.000000 0.000000 -0.000000 1.000000
71.480000 71.545828 -65.332838 0.000000 0.000000 0.000000 -0.000000 1.000000
71.548000 70.969216 -64.540580 0.000000 0.000000 0.000000 -0.000000 1.000000
71.612000 70.969216 -64.540580 0.000000 0.000000 0.000000 -0.000000 1.000000
71.680000 71.546567 -65.117930 0.000000 0.000000 0.000000 -0.000000 1.000000
71.744000 72.123917 -65.695280 0.000000 0.000000 0.000000 -0.000000 1.000000
71.812000 72.123917 -65.695280 0.000000 0.000000 0.000000 -0.000000 1.000000
71.876000 72.123917 -65.695280 0.000000 0.000000 0.000000 -0.000000 1.000000
71.944000 72.123917 -65.695280 0.000000 0.000000 0.000000 -0.000000 1.000000
72.008000 72.701267 -66.272630 0.000000 0.000000 0.000000 -0.000000 1.000000
72.076000 72.123917 -65.695280 0.000000 0.000000 0.000000 -0.000000 1.000000
72.140000 72.123917 -65.695280 0.000000 0.000000 0.000000 -0.000000 1.000000
137.612000 71.546567 -65.117930 0.000000 0.000000 0.000000 -0.000000 1.000000
137.680000 72.123917 -65.695280 0.000000 0.000000 0.000000 -0.000000 1.000000
137.744000 72.123917 -65.695280 0.000000 0.000000 0.000000 -0.000000 1.000000
137.812000 71.546567 -65.117930 0.000000 0.000000 0.000000 -0.000000 1.000000
137.876000 71.546567 -65.117930 0.000000 0.000000 0.000000 -0.000000 1.000000
137.944000 71.546567 -65.117930 0.000000 0.000000 0.000000 -0.000000 1.000000
138.008000 72.123917 -65.695280 0.000000 0.000000 0.000000 -0.000000 1.000000
138.076000 71.546567 -65.117930 0.000000 0.000000 0.000000 -0.000000 1.000000
138.140000 71.546567 -65.117930 0.000000 0.000000 0.000000 -0.000000 1.000000
138.208000 72.123917 -65.695280 0.000000 0.000000 0.000000 -0.000000 1.000000
138.272000 72.123917 -65.695280 0.000000 0.000000 0.000000 -0.000000 1.000000
138.340000 72.123917 -65.695280 0.000000 0.000000 0.000000 -0.000000 1.000000
138.404000 72.701267 -66.272630 0.000000 0.000000 0.000000 -0.000000 1.000000
138.472000 72.701267 -66.272630 0.000000 0.000000 0.000000 -0.000000 1.000000
138.536000 73.278618 -66.849981 0.000000 0.000000 0.000000 -0.000000 1.000000
138.604000 73.278618 -66.849981 0.000000 0.000000 0.000000 -0.000000 1.000000
138.668000 73.278618 -66.849981 0.000000 0.000000 0.000000 -0.000000 1.000000
138.736000 72.701267 -66.272630 0.000000 0.000000 0.000000 -0.000000 1.000000
138.800000 72.701267 -66.272630 0.000000 0.000000 0.000000 -0.000000 1.000000
138.868000 72.701267 -66.272630 0.000000 0.000000 0.000000 -0.000000 1.000000
138.932000 72.701267 -66.272630 0.000000 0.000000 0.000000 -0.000000 1.000000
139.000000 72.701267 -66.272630 0.000000 0.000000 0.000000 -0.000000 1.000000
139.064000 72.123917 -65.695280 0.000000 0.000000 0.000000 -0.000000 1.000000
139.132000 72.123917 -65.695280 0.000000 0.000000 0.000000 -0.000000 1.000000
139.196000 72.123917 -65.695280 0.000000 0.000000 0.000000 -0.000000 1.000000
139.264000 72.123917 -65.695280 0.000000 0.000000 0.000000 -0.000000 1.000000
139.328000 72.701267 -66.272630 0.000000 0.000000 0.000000 -0.000000 1.000000
139.396000 72.701267 -66.272630 0.000000 0.000000 0.000000 -0.000000 1.000000
139.460000 72.701267 -66.272630 0.000000 0.000000 0.000000 -0.000000 1.000000
139.528000 71.767891 -66.615750 0.000000 0.000000 0.000000 -0.000000 1.000000
139.592000 71.190541 -66.038400 0.000000 0.000000 0.000000 -0.000000 1.000000
139.660000 71.190541 -66.038400 0.000000 0.000000 0.000000 -0.000000 1.000000
139.724000 71.190541 -66.038400 0.000000 0.000000 0.000000 -0.000000 1.000000
139.792000 71.767891 -66.615750 0.000000 0.000000 0.000000 -0.000000 1.000000
139.856000 71.190541 -66.038400 0.000000 0.000000 0.000000 -0.000000 1.000000
139.924000 71.767891 -66.615750 0.000000 0.000000 0.000000 -0.000000 1.000000
139.988000 71.767891 -66.615750 0.000000 0.000000 0.000000 -0.000000 1.000000
140.056000 72.345242 -67.193101 0.000000 0.000000 0.000000 -0.000000 1.000000
140.120000 72.922592 -67.770451 0.000000 0.000000 0.000000 -0.000000 1.000000
140.188000 73.499942 -68.347801 0.000000 0.000000 0.000000 -0.000000 1.000000
140.252000 73.499942 -68.347801 0.000000 0.000000 0.000000 -0.000000 1.000000
140.320000 73.499942 -68.347801 0.000000 0.000000 0.000000 -0.000000 1.000000
140.384000 74.077292 -68.925152 0.000000 0.000000 0.000000 -0.000000 1.000000
140.452000 73.499942 -68.347801 0.000000 0.000000 0.000000 -0.000000 1.000000
140.516000 73.499942 -68.347801 0.000000 0.000000 0.000000 -0.000000 1.000000
140.584000 74.287136 -68.299867 0.000000 0.000000 0.000000 -0.000000 1.000000
140.648000 74.287136 -68.299867 0.000000 0.000000 0.000000 -0.000000 1.000000
140.716000 73.998138 -69.251712 0.000000 0.000000 0.000000 -0.000000 1.000000
140.780000 73.998138 -69.251712 0.000000 0.000000 0.000000 -0.000000 1.000000
140.848000 74.575489 -69.829062 0.000000 0.000000 0.000000 -0.000000 1.000000
140.912000 73.998138 -69.251712 0.000000 0.000000 0.000000 -0.000000 1.000000
140.980000 74.575489 -69.829062 0.000000 0.000000 0.000000 -0.000000 1.000000
141.044000 75.152839 -70.406413 0.000000 0.000000 0.000000 -0.000000 1.000000
141.112000 74.575489 -69.829062 0.000000 0.000000 0.000000 -0.000000 1.000000
141.176000 74.575489 -69.829062 0.000000 0.000000 0.000000 -0.000000 1.000000
141.244000 74.575489 -69.829062 0.000000 0.000000 0.000000 -0.000000 1.000000
141.308000 74.575489 -69.829062 0.000000 0.000000 0.000000 -0.000000 1.000000
141.376000 74.575489 -69.829062 0.000000 0.000000 0.000000 -0.000000 1.000000
141.440000 75.152839 -70.406413 0.000000 0.000000 0.000000 -0.000000 1.000000
141.508000 75.730189 -70.983763 0.000000 0.000000 0.000000 -0.000000 1.000000
141.572000 75.730189 -70.983763 0.000000 0.000000 0.000000 -0.000000 1.000000
141.640000 75.730189 -70.983763 0.000000 0.000000 0.000000 -0.000000 1.000000
141.704000 75.730189 -70.983763 0.000000 0.000000 0.000000 -0.000000 1.000000
141.772000 75.730189 -70.983763 0.000000 0.000000 0.000000 -0.000000 1.000000
141.836000 75.152839 -70.406413 0.000000 0.000000 0.000000 -0.000000 1.000000
141.904000 75.152839 -70.406413 0.000000 0.000000 0.000000 -0.000000 1.000000
141.968000 74.575489 -69.829062 0.000000 0.000000 0.000000 -0.000000 1.000000
142.036000 74.575489 -69.829062 0.000000 0.000000 0.000000 -0.000000 1.000000
142.100000 74.575489 -69.829062 0.000000 0.000000 0.000000 -0.000000 1.000000
142.168000 73.998138 -69.251712 0.000000 0.000000 0.000000 -0.000000 1.000000
142.232000 73.998138 -69.251712 0.000000 0.000000 0.000000 -0.000000 1.000000
142.300000 73.998138 -69.251712 0.000000 0.000000 0.000000 -0.000000 1.000000
142.364000 74.575489 -69.829062 0.000000 0.000000 0.000000 -0.000000 1.000000
142.432000 74.575489 -69.829062 0.000000 0.000000 0.000000 -0.000000 1.000000
142.496000 74.575489 -69.829062 0.000000 0.000000 0.000000 -0.000000 1.000000
142.564000 74.575489 -69.829062 0.000000 0.000000 0.000000 -0.000000 1.000000
142.628000 75.152839 -70.406413 0.000000 0.000000 0.000000 -0.000000 1.000000
142.696000 75.730189 -70.983763 0.000000 0.000000 0.000000 -0.000000 1.000000
142.760000 75.152839 -70.406413 0.000000 0.000000 0.000000 -0.000000 1.000000
142.828000 75.152839 -70.406413 0.000000 0.000000 0.000000 -0.000000 1.000000
142.892000 75.152839 -70.406413 0.000000 0.000000 0.000000 -0.000000 1.000000
142.960000 75.730189 -70.983763 0.000000 0.000000 0.000000 -0.000000 1.000000
143.024000 75.730189 -70.983763 0.000000 0.000000 0.000000 -0.000000 1.000000
143.092000 76.307539 -71.561113 0.000000 0.000000 0.000000 -0.000000 1.000000
143.156000 76.307539 -71.561113 0.000000 0.000000 0.000000 -0.000000 1.000000
143.224000 76.307539 -71.561113 0.000000 0.000000 0.000000 -0.000000 1.000000
143.288000 76.884890 -72.138463 0.000000 0.000000 0.000000 -0.000000 1.000000
143.356000 77.462240 -72.715814 0.000000 0.000000 0.000000 -0.000000 1.000000
143.420000 77.462240 -72.715814 0.000000 0.000000 0.000000 -0.000000 1.000000
143.488000 78.039590 -73.293164 0.000000 0.000000 0.000000 -0.000000 1.000000
143.552000 78.039590 -73.293164 0.000000 0.000000 0.000000 -0.000000 1.000000
143.620000 77.462240 -72.715814 0.000000 0.000000 0.000000 -0.000000 1.000000
143.684000 78.039590 -73.293164 0.000000 0.000000 0.000000 -0.000000 1.000000
143.752000 77.462240 -72.715814 0.000000 0.000000 0.000000 -0.000000 1.000000
143.816000 77.462240 -72.715814 0.000000 0.000000 0.000000 -0.000000 1.000000
143.884000 77.462240 -72.715814 0.000000 0.000000 0.000000 -0.000000 1.000000
143.948000 78.039590 -73.293164 0.000000 0.000000 0.000000 -0.000000 1.000000
144.016000 78.616940 -73.870514 0.000000 0.000000 0.000000 -0.000000 1.000000
144.080000 78.039590 -73.293164 0.000000 0.000000 0.000000 -0.000000 1.000000
144.148000 78.039590 -73.293164 0.000000 0.000000 0.000000 -0.000000 1.000000
144.212000 78.039590 -73.293164 0.000000 0.000000 0.000000 -0.000000 1.000000
144.280000 78.616940 -73.870514 0.000000 0.000000 0.000000 -0.000000 1.000000
144.344000 78.616940 -73.870514 0.000000 0.000000 0.000000 -0.000000 1.000000
144.412000 78.039590 -73.293164 0.000000 0.000000 0.000000 -0.000000 1.000000
144.476000 78.039590 -73.293164 0.000000 0.000000 0.000000 -0.000000 1.000000
144.544000 78.039590 -73.293164 0.000000 0.000000 0.000000 -0.000000 1.000000
144.608000 78.039590 -73.293164 0.000000 0.000000 0.000000 -0.000000 1.000000
144.676000 78.039590 -73.293164 0.000000 0.000000 0.000000 -0.000000 1.000000
144.740000 78.039590 -73.293164 0.000000 0.000000 0.000000 -0.000000 1.000000
144.808000 78.616940 -73.870514 0.000000 0.000000 0.000000 -0.000000 1.000000
144.872000 79.194291 -74.447865 0.000000 0.000000 0.000000 -0.000000 1.000000
144.940000 79.771641 -75.025215 0.000000 0.000000 0.000000 -0.000000 1.000000
145.004000 80.348991 -75.602565 0.000000 0.000000 0.000000 -0.000000 1.000000
145.072000 81.244910 -75.296841 0.000000 0.000000 0.000000 -0.000000 1.000000
145.136000 80.789186 -76.172962 0.000000 0.000000 0.000000 -0.000000 1.000000
145.204000 81.366536 -76.750312 0.000000 0.000000 0.000000 -0.000000 1.000000
145.268000 81.943886 -77.327662 0.000000 0.000000 0.000000 -0.000000 1.000000
145.336000 81.943886 -77.327662 0.000000 0.000000 0.000000 -0.000000 1.000000
145.400000 81.943886 -77.327662 0.000000 0.000000 0.000000 -0.000000 1.000000
145.468000 81.943886 -77.327662 0.000000 0.000000 0.000000 -0.000000 1.000000
145.532000 81.943886 -77.327662 0.000000 0.000000 0.000000 -0.000000 1.000000
145.600000 81.366536 -76.750312 0.000000 0.000000 0.000000 -0.000000 1.000000
145.664000 81.943886 -77.327662 0.000000 0.000000 0.000000 -0.000000 1.000000
145.732000 82.328167 -78.059482 0.000000 0.000000 0.000000 -0.000000 1.000000
145.796000 82.328167 -78.059482 0.000000 0.000000 0.000000 -0.000000 1.000000
145.864000 82.328167 -78.059482 0.000000 0.000000 0.000000 -0.000000 1.000000
145.928000 81.750816 -77.482132 0.000000 0.000000 0.000000 -0.000000 1.000000
145.996000 82.328167 -78.059482 0.000000 0.000000 0.000000 -0.000000 1.000000
146.060000 81.750816 -77.482132 0.000000 0.000000 0.000000 -0.000000 1.000000
146.128000 81.750816 -77.482132 0.000000 0.000000 0.000000 -0.000000 1.000000
146.192000 81.750816 -77.482132 0.000000 0.000000 0.000000 -0.000000 1.000000
146.260000 81.173466 -76.904782 0.000000 0.000000 0.000000 -0.000000 1.000000
146.324000 81.173466 -76.904782 0.000000 0.000000 0.000000 -0.000000 1.000000
146.392000 81.750816 -77.482132 0.000000 0.000000 0.000000 -0.000000 1.000000
146.456000 81.750816 -77.482132 0.000000 0.000000 0.000000 -0.000000 1.000000
146.524000 81.750816 -77.482132 0.000000 0.000000 0.000000 -0.000000 1.000000
146.588000 81.750816 -77.482132 0.000000 0.000000 0.000000 -0.000000 1.000000
146.656000 81.750816 -77.482132 0.000000 0.000000 0.000000 -0.000000 1.000000
146.720000 82.328167 -78.059482 0.000000 0.000000 0.000000 -0.000000 1.000000
146.788000 82.328167 -78.059482 0.000000 0.000000 0.000000 -0.000000 1.000000
146.852000 82.905517 -78.636833 0.000000 0.000000 0.000000 -0.000000 1.000000
146.920000 82.905517 -78.636833 0.000000 0.000000 0.000000 -0.000000 1.000000
146.984000 83.482867 -79.214183 0.000000 0.000000 0.000000 -0.000000 1.000000
147.052000 83.482867 -79.214183 0.000000 0.000000 0.000000 -0.000000 1.000000
147.116000 83.482867 -79.214183 0.000000 0.000000 0.000000 -0.000000 1.000000
147.184000 83.482867 -79.214183 0.000000 0.000000 0.000000 -0.000000 1.000000
147.248000 83.482867 -79.214183 0.000000 0.000000 0.000000 -0.000000 1.000000
147.316000 84.060217 -79.791533 0.000000 0.000000 0.000000 -0.000000 1.000000
147.380000 84.637568 -80.368884 0.000000 0.000000 0.000000 -0.000000 1.000000
147.448000 84.637568 -80.368884 0.000000 0.000000 0.000000 -0.000000 1.000000
147.512000 84.637568 -80.368884 0.000000 0.000000 0.000000 -0.000000 1.000000
147.580000 84.060217 -79.791533 0.000000 0.000000 0.000000 -0.000000 1.000000
147.644000 84.060217 -79.791533 0.000000 0.000000 0.000000 -0.000000 1.000000
147.712000 83.091613 -79.700877 0.000000 0.000000 0.000000 -0.000000 1.000000
147.776000 83.668964 -80.278228 0.000000 0.000000 0.000000 -0.000000 1.000000
147.844000 83.668964 -80.278228 0.000000 0.000000 0.000000 -0.000000 1.000000
147.908000 83.668964 -80.278228 0.000000 0.000000 0.000000 -0.000000 1.000000
147.976000 83.668964 -80.278228 0.000000 0.000000 0.000000 -0.000000 1.000000
148.040000 84.246314 -80.855578 0.000000 0.000000 0.000000 -0.000000 1.000000
148.108000 84.823664 -81.432928 0.000000 0.000000 0.000000 -0.000000 1.000000
148.172000 84.823664 -81.432928 0.000000 0.000000 0.000000 -0.000000 1.000000
148.240000 84.823664 -81.432928 0.000000 0.000000 0.000000 -0.000000 1.000000
148.304000 84.823664 -81.432928 0.000000 0.000000 0.000000 -0.000000 1.000000
148.372000 85.401014 -82.010279 0.000000 0.000000 0.000000 -0.000000 1.000000
148.436000 85.401014 -82.010279 0.000000 0.000000 0.000000 -0.000000 1.000000
148.504000 85.401014 -82.010279 0.000000 0.000000 0.000000 -0.000000 1.000000
148.568000 85.978365 -82.587629 0.000000 0.000000 0.000000 -0.000000 1.000000
148.636000 85.978365 -82.587629 0.000000 0.000000 0.000000 -0.000000 1.000000
148.700000 86.555715 -83.164979 0.000000 0.000000 0.000000 -0.000000 1.000000
148.768000 86.555715 -83.164979 0.000000 0.000000 0.000000 -0.000000 1.000000
148.832000 86.555715 -83.164979 0.000000 0.000000 0.000000 -0.000000 1.000000
148.900000 86.555715 -83.164979 0.000000 0.000000 0.000000 -0.000000 1.000000
148.964000 86.555715 -83.164979 0.000000 0.000000 0.000000 -0.000000 1.000000
149.032000 87.133065 -83.742329 0.000000 0.000000 0.000000 -0.000000 1.000000
149.096000 88.037474 -83.409859 0.000000 0.000000 0.000000 -0.000000 1.000000
149.164000 88.037474 -83.409859 0.000000 0.000000 0.000000 -0.000000 1.000000
149.228000 88.037474 -83.409859 0.000000 0.000000 0.000000 -0.000000 1.000000
149.296000 88.037474 -83.409859 0.000000 0.000000 0.000000 -0.000000 1.000000
149.360000 87.460124 -82.832508 0.000000 0.000000 0.000000 -0.000000 1.000000
149.428000 86.882773 -82.255158 0.000000 0.000000 0.000000 -0.000000 1.000000
149.492000 86.882773 -82.255158 0.000000 0.000000 0.000000 -0.000000 1.000000
149.560000 86.882773 -82.255158 0.000000 0.000000 0.000000 -0.000000 1.000000
149.624000 86.882773 -82.255158 0.000000 0.000000 0.000000 -0.000000 1.000000
149.692000 86.882773 -82.255158 0.000000 0.000000 0.000000 -0.000000 1.000000
149.756000 86.305423 -81.677808 0.000000 0.000000 0.000000 -0.000000 1.000000
149.824000 85.728073 -81.100457 0.000000 0.000000 0.000000 -0.000000 1.000000
149.888000 85.728073 -81.100457 0.000000 0.000000 0.000000 -0.000000 1.000000
149.956000 85.728073 -81.100457 0.000000 0.000000 0.000000 -0.000000 1.000000
150.020000 85.728073 -81.100457 0.000000 0.000000 0.000000 -0.000000 1.000000
150.088000 85.150723 -80.523107 0.000000 0.000000 0.000000 -0.000000 1.000000
150.152000 85.150723 -80.523107 0.000000 0.000000 0.000000 -0.000000 1.000000
150.220000 85.150723 -80.523107 0.000000 0.000000 0.000000 -0.000000 1.000000
150.284000 85.150723 -80.523107 0.000000 0.000000 0.000000 -0.000000 1.000000
150.352000 85.150723 -80.523107 0.000000 0.000000 0.000000 -0.000000 1.000000
150.416000 85.728073 -81.100457 0.000000 0.000000 0.000000 -0.000000 1.000000
150.484000 85.728073 -81.100457 0.000000 0.000000 0.000000 -0.000000 1.000000
150.548000 85.728073 -81.100457 0.000000 0.000000 0.000000 -0.000000 1.000000
150.616000 86.305423 -81.677808 0.000000 0.000000 0.000000 -0.000000 1.000000
150.680000 86.305423 -81.677808 0.000000 0.000000 0.000000 -0.000000 1.000000
150.748000 86.305423 -81.677808 0.000000 0.000000 0.000000 -0.000000 1.000000
150.812000 86.305423 -81.677808 0.000000 0.000000 0.000000 -0.000000 1.000000
150.880000 86.305423 -81.677808 0.000000 0.000000 0.000000 -0.000000 1.000000
150.944000 86.882773 -82.255158 0.000000 0.000000 0.000000 -0.000000 1.000000
151.012000 87.460124 -82.832508 0.000000 0.000000 0.000000 -0.000000 1.000000
151.076000 88.037474 -83.409859 0.000000 0.000000 0.000000 -0.000000 1.000000
151.144000 88.614824 -83.987209 0.000000 0.000000 0.000000 -0.000000 1.000000
151.208000 88.614824 -83.987209 0.000000 0.000000 0.000000 -0.000000 1.000000
151.276000 89.192174 -84.564559 0.000000 0.000000 0.000000 -0.000000 1.000000
151.340000 88.614824 -83.987209 0.000000 0.000000 0.000000 -0.000000 1.000000
151.408000 89.192174 -84.564559 0.000000 0.000000 0.000000 -0.000000 1.000000
151.472000 89.192174 -84.564559 0.000000 0.000000 0.000000 -0.000000 1.000000
151.540000 89.769525 -85.141909 0.000000 0.000000 0.000000 -0.000000 1.000000
151.604000 90.346875 -85.719260 0.000000 0.000000 0.000000 -0.000000 1.000000
151.672000 90.346875 -85.719260 0.000000 0.000000 0.000000 -0.000000 1.000000
151.736000 90.346875 -85.719260 0.000000 0.000000 0.000000 -0.000000 1.000000
151.804000 90.346875 -85.719260 0.000000 0.000000 0.000000 -0.000000 1.000000
151.868000 90.346875 -85.719260 0.000000 0.000000 0.000000 -0.000000 1.000000
151.936000 90.346875 -85.719260 0.000000 0.000000 0.000000 -0.000000 1.000000
152.000000 90.346875 -85.719260 0.000000 0.000000 0.000000 -0.000000 1.000000
152.068000 90.924225 -86.296610 0.000000 0.000000 0.000000 -0.000000 1.000000
152.132000 90.924225 -86.296610 0.000000 0.000000 0.000000 -0.000000 1.000000
152.200000 91.501576 -86.873960 0.000000 0.000000 0.000000 -0.000000 1.000000
152.264000 90.984087 -87.706052 0.000000 0.000000 0.000000 -0.000000 1.000000
152.332000 91.561437 -88.283402 0.000000 0.000000 0.000000 -0.000000 1.000000
152.396000 91.016280 -89.099211 0.000000 0.000000 0.000000 -0.000000 1.000000
152.464000 91.593631 -89.676561 0.000000 0.000000 0.000000 -0.000000 1.000000
152.528000 91.016280 -89.099211 0.000000 0.000000 0.000000 -0.000000 1.000000
152.596000 91.016280 -89.099211 0.000000 0.000000 0.000000 -0.000000 1.000000
152.660000 91.841678 -89.176464 0.000000 0.000000 0.000000 -0.000000 1.000000
152.728000 92.419028 -89.753814 0.000000 0.000000 0.000000 -0.000000 1.000000
152.792000 92.419028 -89.753814 0.000000 0.000000 0.000000 -0.000000 1.000000
152.860000 92.419028 -89.753814 0.000000 0.000000 0.000000 -0.000000 1.000000
152.924000 92.996378 -90.331164 0.000000 0.000000 0.000000 -0.000000 1.000000
152.992000 93.573728 -90.908514 0.000000 0.000000 0.000000 -0.000000 1.000000
153.056000 94.151079 -91.485865 0.000000 0.000000 0.000000 -0.000000 1.000000
153.124000 94.728429 -92.063215 0.000000 0.000000 0.000000 -0.000000 1.000000
153.188000 94.728429 -92.063215 0.000000 0.000000 0.000000 -0.000000 1.000000
153.256000 95.305779 -92.640565 0.000000 0.000000 0.000000 -0.000000 1.000000
153.320000 95.305779 -92.640565 0.000000 0.000000 0.000000 -0.000000 1.000000
153.388000 95.883130 -93.217915 0.000000 0.000000 0.000000 -0.000000 1.000000
153.452000 95.883130 -93.217915 0.000000 0.000000 0.000000 -0.000000 1.000000
153.520000 95.883130 -93.217915 0.000000 0.000000 0.000000 -0.000000 1.000000
153.584000 95.305779 -92.640565 0.000000 0.000000 0.000000 -0.000000 1.000000
153.652000 95.883130 -93.217915 0.000000 0.000000 0.000000 -0.000000 1.000000
153.716000 95.305779 -92.640565 0.000000 0.000000 0.000000 -0.000000 1.000000
153.784000 94.728429 -92.063215 0.000000 0.000000 0.000000 -0.000000 1.000000
153.848000 94.728429 -92.063215 0.000000 0.000000 0.000000 -0.000000 1.000000
153.916000 95.305779 -92.640565 0.000000 0.000000 0.000000 -0.000000 1.000000
153.980000 95.883130 -93.217915 0.000000 0.000000 0.000000 -0.000000 1.000000
154.048000 96.460480 -93.795266 0.000000 0.000000 0.000000 -0.000000 1.000000
154.112000 97.405957 -93.667522 0.000000 0.000000 0.000000 -0.000000 1.000000
154.180000 97.983307 -94.244872 0.000000 0.000000 0.000000 -0.000000 1.000000
154.244000 97.983307 -94.244872 0.000000 0.000000 0.000000 -0.000000 1.000000
154.312000 98.560657 -94.822222 0.000000 0.000000 0.000000 -0.000000 1.000000
154.376000 99.138008 -95.399573 0.000000 0.000000 0.000000 -0.000000 1.000000
154.444000 99.138008 -95.399573 0.000000 0.000000 0.000000 -0.000000 1.000000
154.508000 99.715358 -95.976923 0.000000 0.000000 0.000000 -0.000000 1.000000
154.576000 100.292708 -96.554273 0.000000 0.000000 0.000000 -0.000000 1.000000
154.640000 100.292708 -96.554273 0.000000 0.000000 0.000000 -0.000000 1.000000
154.708000 100.870058 -97.131624 0.000000 0.000000 0.000000 -0.000000 1.000000
154.772000 100.870058 -97.131624 0.000000 0.000000 0.000000 -0.000000 1.000000
154.840000 100.870058 -97.131624 0.000000 0.000000 0.000000 -0.000000 1.000000
154.904000 100.292708 -96.554273 0.000000 0.000000 0.000000 -0.000000 1.000000
154.972000 100.870058 -97.131624 0.000000 0.000000 0.000000 -0.000000 1.000000
155.036000 100.292708 -96.554273 0.000000 0.000000 0.000000 -0.000000 1.000000
155.104000 100.870058 -97.131624 0.000000 0.000000 0.000000 -0.000000 1.000000
155.168000 100.870058 -97.131624 0.000000 0.000000 0.000000 -0.000000 1.000000
155.236000 100.870058 -97.131624 0.000000 0.000000 0.000000 -0.000000 1.000000
155.300000 101.689728 -97.633385 0.000000 0.000000 0.000000 -0.000000 1.000000
155.368000 102.267078 -98.210736 0.000000 0.000000 0.000000 -0.000000 1.000000
155.432000 102.844428 -98.788086 0.000000 0.000000 0.000000 -0.000000 1.000000
155.500000 102.844428 -98.788086 0.000000 0.000000 0.000000 -0.000000 1.000000
155.564000 102.844428 -98.788086 0.000000 0.000000 0.000000 -0.000000 1.000000
155.632000 102.844428 -98.788086 0.000000 0.000000 0.000000 -0.000000 1.000000
155.696000 103.421779 -99.365436 0.000000 0.000000 0.000000 -0.000000 1.000000
155.764000 103.999129 -99.942787 0.000000 0.000000 0.000000 -0.000000 1.000000
155.828000 103.421779 -99.365436 0.000000 0.000000 0.000000 -0.000000 1.000000
155.896000 103.421779 -99.365436 0.000000 0.000000 0.000000 -0.000000 1.000000
155.960000 103.421779 -99.365436 0.000000 0.000000 0.000000 -0.000000 1.000000
156.028000 103.999129 -99.942787 0.000000 0.000000 0.000000 -0.000000 1.000000
156.092000 104.576479 -100.520137 0.000000 0.000000 0.000000 -0.000000 1.000000
156.160000 105.153829 -101.097487 0.000000 0.000000 0.000000 -0.000000 1.000000
156.224000 105.153829 -101.097487 0.000000 0.000000 0.000000 -0.000000 1.000000
156.292000 104.576479 -100.520137 0.000000 0.000000 0.000000 -0.000000 1.000000
156.356000 104.576479 -100.520137 0.000000 0.000000 0.000000 -0.000000 1.000000
156.424000 104.576479 -100.520137 0.000000 0.000000 0.000000 -0.000000 1.000000
156.488000 103.999129 -99.942787 0.000000 0.000000 0.000000 -0.000000 1.000000
156.556000 103.999129 -99.942787 0.000000 0.000000 0.000000 -0.000000 1.000000
156.620000 103.999129 -99.942787 0.000000 0.000000 0.000000 -0.000000 1.000000
156.688000 103.999129 -99.942787 0.000000 0.000000 0.000000 -0.000000 1.000000
156.752000 103.999129 -99.942787 0.000000 0.000000 0.000000 -0.000000 1.000000
156.820000 103.421779 -99.365436 0.000000 0.000000 0.000000 -0.000000 1.000000
156.884000 103.999129 -99.942787 0.000000 0.000000 0.000000 -0.000000 1.000000
156.952000 104.576479 -100.520137 0.000000 0.000000 0.000000 -0.000000 1.000000
157.016000 105.153829 -101.097487 0.000000 0.000000 0.000000 -0.000000 1.000000
157.084000 105.995452 -100.652848 0.000000 0.000000 0.000000 -0.000000 1.000000
157.148000 105.995452 -100.652848 0.000000 0.000000 0.000000 -0.000000 1.000000
157.216000 106.572802 -101.230198 0.000000 0.000000 0.000000 -0.000000 1.000000
157.280000 106.572802 -101.230198 0.000000 0.000000 0.000000 -0.000000 1.000000
157.348000 107.396139 -101.769406 0.000000 0.000000 0.000000 -0.000000 1.000000
157.412000 107.396139 -101.769406 0.000000 0.000000 0.000000 -0.000000 1.000000
157.480000 107.973489 -102.346756 0.000000 0.000000 0.000000 -0.000000 1.000000
157.544000 108.550840 -102.924106 0.000000 0.000000 0.000000 -0.000000 1.000000
157.612000 108.550840 -102.924106 0.000000 0.000000 0.000000 -0.000000 1.000000
157.676000 109.128190 -103.501456 0.000000 0.000000 0.000000 -0.000000 1.000000
157.744000 109.128190 -103.501456 0.000000 0.000000 0.000000 -0.000000 1.000000
157.808000 109.128190 -103.501456 0.000000 0.000000 0.000000 -0.000000 1.000000
157.876000 109.128190 -103.501456 0.000000 0.000000 0.000000 -0.000000 1.000000
157.940000 109.128190 -103.501456 0.000000 0.000000 0.000000 -0.000000 1.000000
158.008000 108.550840 -102.924106 0.000000 0.000000 0.000000 -0.000000 1.000000
158.072000 108.550840 -102.924106 0.000000 0.000000 0.000000 -0.000000 1.000000
158.140000 109.128190 -103.501456 0.000000 0.000000 0.000000 -0.000000 1.000000
158.204000 109.128190 -103.501456 0.000000 0.000000 0.000000 -0.000000 1.000000
158.272000 108.550840 -102.924106 0.000000 0.000000 0.000000 -0.000000 1.000000
158.336000 107.973489 -102.346756 0.000000 0.000000 0.000000 -0.000000 1.000000
158.404000 108.550840 -102.924106 0.000000 0.000000 0.000000 -0.000000 1.000000
158.468000 109.128190 -103.501456 0.000000 0.000000 0.000000 -0.000000 1.000000
158.536000 109.705540 -104.078807 0.000000 0.000000 0.000000 -0.000000 1.000000
158.600000 109.705540 -104.078807 0.000000 0.000000 0.000000 -0.000000 1.000000
158.668000 109.705540 -104.078807 0.000000 0.000000 0.000000 -0.000000 1.000000
158.732000 109.705540 -104.078807 0.000000 0.000000 0.000000 -0.000000 1.000000
158.800000 109.705540 -104.078807 0.000000 0.000000 0.000000 -0.000000 1.000000
158.864000 110.282890 -104.656157 0.000000 0.000000 0.000000 -0.000000 1.000000
158.932000 110.282890 -104.656157 0.000000 0.000000 0.000000 -0.000000 1.000000
158.996000 110.860241 -105.233507 0.000000 0.000000 0.000000 -0.000000 1.000000
159.064000 111.437591 -105.810858 0.000000 0.000000 0.000000 -0.000000 1.000000
159.128000 112.014941 -106.388208 0.000000 0.000000 0.000000 -0.000000 1.000000
159.196000 112.014941 -106.388208 0.000000 0.000000 0.000000 -0.000000 1.000000
159.260000 112.592291 -106.965558 0.000000 0.000000 0.000000 -0.000000 1.000000
159.328000 113.169642 -107.542908 0.000000 0.000000 0.000000 -0.000000 1.000000
159.392000 113.169642 -107.542908 0.000000 0.000000 0.000000 -0.000000 1.000000
159.460000 113.169642 -107.542908 0.000000 0.000000 0.000000 -0.000000 1.000000
159.524000 113.169642 -107.542908 0.000000 0.000000 0.000000 -0.000000 1.000000
159.592000 113.746992 -108.120259 0.000000 0.000000 0.000000 -0.000000 1.000000
159.656000 114.324342 -108.697609 0.000000 0.000000 0.000000 -0.000000 1.000000
159.724000 114.324342 -108.697609 0.000000 0.000000 0.000000 -0.000000 1.000000
159.788000 114.324342 -108.697609 0.000000 0.000000 0.000000 -0.000000 1.000000
159.856000 114.324342 -108.697609 0.000000 0.000000 0.000000 -0.000000 1.000000
159.920000 114.901692 -109.274959 0.000000 0.000000 0.000000 -0.000000 1.000000
159.988000 114.901692 -109.274959 0.000000 0.000000 0.000000 -0.000000 1.000000
160.052000 114.901692 -109.274959 0.000000 0.000000 0.000000 -0.000000 1.000000
160.120000 115.479043 -109.852309 0.000000 0.000000 0.000000 -0.000000 1.000000
160.184000 116.056393 -110.429660 0.000000 0.000000 0.000000 -0.000000 1.000000
160.252000 116.929517 -110.783121 0.000000 0.000000 0.000000 -0.000000 1.000000
160.316000 116.929517 -110.783121 0.000000 0.000000 0.000000 -0.000000 1.000000
160.384000 117.506867 -111.360471 0.000000 0.000000 0.000000 -0.000000 1.000000
160.448000 117.506867 -111.360471 0.000000 0.000000 0.000000 -0.000000 1.000000
160.516000 117.506867 -111.360471 0.000000 0.000000 0.000000 -0.000000 1.000000
160.580000 117.506867 -111.360471 0.000000 0.000000 0.000000 -0.000000 1.000000
160.648000 117.506867 -111.360471 0.000000 0.000000 0.000000 -0.000000 1.000000
160.712000 117.506867 -111.360471 0.000000 0.000000 0.000000 -0.000000 1.000000
160.780000 117.506867 -111.360471 0.000000 0.000000 0.000000 -0.000000 1.000000
160.844000 116.929517 -110.783121 0.000000 0.000000 0.000000 -0.000000 1.000000
160.912000 117.506867 -111.360471 0.000000 0.000000 0.000000 -0.000000 1.000000
160.976000 117.506867 -111.360471 0.000000 0.000000 0.000000 -0.000000 1.000000
161.044000 117.506867 -111.360471 0.000000 0.000000 0.000000 -0.000000 1.000000
161.108000 118.084217 -111.937821 0.000000 0.000000 0.000000 -0.000000 1.000000
161.176000 118.084217 -111.937821 0.000000 0.000000 0.000000 -0.000000 1.000000
161.240000 118.084217 -111.937821 0.000000 0.000000 0.000000 -0.000000 1.000000
161.308000 118.084217 -111.937821 0.000000 0.000000 0.000000 -0.000000 1.000000
161.372000 117.154385 -111.704002 0.000000 0.000000 0.000000 -0.000000 1.000000
161.440000 116.577035 -111.126651 0.000000 0.000000 0.000000 -0.000000 1.000000
161.504000 116.577035 -111.126651 0.000000 0.000000 0.000000 -0.000000 1.000000
161.572000 115.999684 -110.549301 0.000000 0.000000 0.000000 -0.000000 1.000000
161.636000 115.422334 -109.971951 0.000000 0.000000 0.000000 -0.000000 1.000000
161.704000 115.999684 -110.549301 0.000000 0.000000 0.000000 -0.000000 1.000000
161.768000 116.577035 -111.126651 0.000000 0.000000 0.000000 -0.000000 1.000000
161.836000 115.999684 -110.549301 0.000000 0.000000 0.000000 -0.000000 1.000000
161.900000 115.422334 -109.971951 0.000000 0.000000 0.000000 -0.000000 1.000000
161.968000 115.999684 -110.549301 0.000000 0.000000 0.000000 -0.000000 1.000000
162.032000 116.577035 -111.126651 0.000000 0.000000 0.000000 -0.000000 1.000000
162.100000 117.154385 -111.704002 0.000000 0.000000 0.000000 -0.000000 1.000000
162.164000 117.154385 -111.704002 0.000000 0.000000 0.000000 -0.000000 1.000000
162.232000 117.731735 -112.281352 0.000000 0.000000 0.000000 -0.000000 1.000000
162.296000 118.309085 -112.858702 0.000000 0.000000 0.000000 -0.000000 1.000000
162.364000 118.886436 -113.436053 0.000000 0.000000 0.000000 -0.000000 1.000000
162.428000 118.886436 -113.436053 0.000000 0.000000 0.000000 -0.000000 1.000000
162.496000 118.886436 -113.436053 0.000000 0.000000 0.000000 -0.000000 1.000000
162.560000 118.886436 -113.436053 0.000000 0.000000 0.000000 -0.000000 1.000000
162.628000 118.886436 -113.436053 0.000000 0.000000 0.000000 -0.000000 1.000000
162.692000 118.886436 -113.436053 0.000000 0.000000 0.000000 -0.000000 1.000000
162.760000 118.309085 -112.858702 0.000000 0.000000 0.000000 -0.000000 1.000000
162.824000 118.309085 -112.858702 0.000000 0.000000 0.000000 -0.000000 1.000000
162.892000 118.886436 -113.436053 0.000000 0.000000 0.000000 -0.000000 1.000000
162.956000 118.309085 -112.858702 0.000000 0.000000 0.000000 -0.000000 1.000000
163.024000 118.309085 -112.858702 0.000000 0.000000 0.000000 -0.000000 1.000000
163.088000 118.309085 -112.858702 0.000000 0.000000 0.000000 -0.000000 1.000000
163.156000 118.886436 -113.436053 0.000000 0.000000 0.000000 -0.000000 1.000000
163.220000 118.886436 -113.436053 0.000000 0.000000 0.000000 -0.000000 1.000000
163.288000 119.463786 -114.013403 0.000000 0.000000 0.000000 -0.000000 1.000000
163.352000 119.463786 -114.013403 0.000000 0.000000 0.000000 -0.000000 1.000000
163.420000 119.463786 -114.013403 0.000000 0.000000 0.000000 -0.000000 1.000000
163.484000 120.041136 -114.590753 0.000000 0.000000 0.000000 -0.000000 1.000000
163.552000 120.041136 -114.590753 0.000000 0.000000 0.000000 -0.000000 1.000000
163.616000 120.618486 -115.168103 0.000000 0.000000 0.000000 -0.000000 1.000000
163.684000 120.041136 -114.590753 0.000000 0.000000 0.000000 -0.000000 1.000000
163.748000 120.041136 -114.590753 0.000000 0.000000 0.000000 -0.000000 1.000000
163.816000 120.824943 -114.598708 0.000000 0.000000 0.000000 -0.000000 1.000000
163.880000 120.824943 -114.598708 0.000000 0.000000 0.000000 -0.000000 1.000000
163.948000 120.824943 -114.598708 0.000000 0.000000 0.000000 -0.000000 1.000000
164.012000 120.824943 -114.598708 0.000000 0.000000 0.000000 -0.000000 1.000000
164.080000 120.824943 -114.598708 0.000000 0.000000 0.000000 -0.000000 1.000000
164.144000 121.402293 -115.176058 0.000000 0.000000 0.000000 -0.000000 1.000000
164.212000 121.469691 -116.173596 0.000000 0.000000 0.000000 -0.000000 1.000000
164.276000 120.501375 -116.297379 0.000000 0.000000 0.000000 -0.000000 1.000000
164.344000 120.501375 -116.297379 0.000000 0.000000 0.000000 -0.000000 1.000000
164.408000 121.275137 -116.917285 0.000000 0.000000 0.000000 -0.000000 1.000000
164.476000 121.852488 -117.494635 0.000000 0.000000 0.000000 -0.000000 1.000000
164.540000 122.304936 -118.383723 0.000000 0.000000 0.000000 -0.000000 1.000000
164.608000 121.727586 -117.806372 0.000000 0.000000 0.000000 -0.000000 1.000000
164.672000 121.150235 -117.229022 0.000000 0.000000 0.000000 -0.000000 1.000000
164.740000 121.727586 -117.806372 0.000000 0.000000 0.000000 -0.000000 1.000000
164.804000 120.734594 -117.849257 0.000000 0.000000 0.000000 -0.000000 1.000000
164.872000 120.734594 -117.849257 0.000000 0.000000 0.000000 -0.000000 1.000000
164.936000 120.157243 -117.271907 0.000000 0.000000 0.000000 -0.000000 1.000000
165.004000 120.157243 -117.271907 0.000000 0.000000 0.000000 -0.000000 1.000000
165.068000 120.734594 -117.849257 0.000000 0.000000 0.000000 -0.000000 1.000000
165.136000 120.157243 -117.271907 0.000000 0.000000 0.000000 -0.000000 1.000000
165.200000 120.157243 -117.271907 0.000000 0.000000 0.000000 -0.000000 1.000000
165.268000 119.579893 -116.694557 0.000000 0.000000 0.000000 -0.000000 1.000000
165.332000 119.579893 -116.694557 0.000000 0.000000 0.000000 -0.000000 1.000000
165.400000 120.157243 -117.271907 0.000000 0.000000 0.000000 -0.000000 1.000000
165.464000 120.157243 -117.271907 0.000000 0.000000 0.000000 -0.000000 1.000000
165.532000 120.734594 -117.849257 0.000000 0.000000 0.000000 -0.000000 1.000000
165.596000 121.311944 -118.426608 0.000000 0.000000 0.000000 -0.000000 1.000000
165.664000 121.311944 -118.426608 0.000000 0.000000 0.000000 -0.000000 1.000000
165.728000 120.734594 -117.849257 0.000000 0.000000 0.000000 -0.000000 1.000000
165.796000 121.311944 -118.426608 0.000000 0.000000 0.000000 -0.000000 1.000000
165.860000 121.311944 -118.426608 0.000000 0.000000 0.000000 -0.000000 1.000000
165.928000 121.889294 -119.003958 0.000000 0.000000 0.000000 -0.000000 1.000000
165.992000 122.466645 -119.581308 0.000000 0.000000 0.000000 -0.000000 1.000000
166.060000 123.043995 -120.158659 0.000000 0.000000 0.000000 -0.000000 1.000000
166.124000 123.043995 -120.158659 0.000000 0.000000 0.000000 -0.000000 1.000000
166.192000 123.621345 -120.736009 0.000000 0.000000 0.000000 -0.000000 1.000000
166.256000 123.043995 -120.158659 0.000000 0.000000 0.000000 -0.000000 1.000000
166.324000 123.043995 -120.158659 0.000000 0.000000 0.000000 -0.000000 1.000000
166.388000 122.466645 -119.581308 0.000000 0.000000 0.000000 -0.000000 1.000000
166.456000 123.043995 -120.158659 0.000000 0.000000 0.000000 -0.000000 1.000000
166.520000 122.466645 -119.581308 0.000000 0.000000 0.000000 -0.000000 1.000000
166.588000 122.466645 -119.581308 0.000000 0.000000 0.000000 -0.000000 1.000000
166.652000 122.466645 -119.581308 0.000000 0.000000 0.000000 -0.000000 1.000000
166.720000 121.889294 -119.003958 0.000000 0.000000 0.000000 -0.000000 1.000000
166.784000 121.311944 -118.426608 0.000000 0.000000 0.000000 -0.000000 1.000000
166.852000 121.311944 -118.426608 0.000000 0.000000 0.000000 -0.000000 1.000000
166.916000 120.745484 -119.219249 0.000000 0.000000 0.000000 -0.000000 1.000000
166.984000 120.745484 -119.219249 0.000000 0.000000 0.000000 -0.000000 1.000000
167.048000 121.322834 -119.796599 0.000000 0.000000 0.000000 -0.000000 1.000000
167.116000 121.322834 -119.796599 0.000000 0.000000 0.000000 -0.000000 1.000000
167.180000 121.900184 -120.373949 0.000000 0.000000 0.000000 -0.000000 1.000000
167.248000 122.477535 -120.951300 0.000000 0.000000 0.000000 -0.000000 1.000000
167.312000 123.054885 -121.528650 0.000000 0.000000 0.000000 -0.000000 1.000000
167.380000 123.632235 -122.106000 0.000000 0.000000 0.000000 -0.000000 1.000000
167.444000 123.632235 -122.106000 0.000000 0.000000 0.000000 -0.000000 1.000000
167.512000 124.209585 -122.683350 0.000000 0.000000 0.000000 -0.000000 1.000000
167.576000 123.632235 -122.106000 0.000000 0.000000 0.000000 -0.000000 1.000000
167.644000 123.632235 -122.106000 0.000000 0.000000 0.000000 -0.000000 1.000000
167.708000 124.209585 -122.683350 0.000000 0.000000 0.000000 -0.000000 1.000000
167.776000 123.632235 -122.106000 0.000000 0.000000 0.000000 -0.000000 1.000000
167.840000 123.632235 -122.106000 0.000000 0.000000 0.000000 -0.000000 1.000000
167.908000 123.632235 -122.106000 0.000000 0.000000 0.000000 -0.000000 1.000000
167.972000 123.632235 -122.106000 0.000000 0.000000 0.000000 -0.000000 1.000000
168.040000 123.632235 -122.106000 0.000000 0.000000 0.000000 -0.000000 1.000000
168.104000 123.632235 -122.106000 0.000000 0.000000 0.000000 -0.000000 1.000000
168.172000 124.209585 -122.683350 0.000000 0.000000 0.000000 -0.000000 1.000000
168.236000 124.796266 -123.410646 0.000000 0.000000 0.000000 -0.000000 1.000000
168.304000 125.373616 -123.987996 0.000000 0.000000 0.000000 -0.000000 1.000000
168.368000 125.950966 -124.565346 0.000000 0.000000 0.000000 -0.000000 1.000000
168.436000 126.528317 -125.142696 0.000000 0.000000 0.000000 -0.000000 1.000000
168.500000 126.528317 -125.142696 0.000000 0.000000 0.000000 -0.000000 1.000000
168.568000 125.950966 -124.565346 0.000000 0.000000 0.000000 -0.000000 1.000000
168.632000 126.020457 -124.571104 0.000000 0.000000 0.000000 0.000208 1.000000
168.700000 126.115078 -124.609650 0.000000 0.000000 0.000000 0.002204 0.999998
168.764000 127.083335 -124.430875 0.000000 0.000000 0.000000 0.002434 0.999997
168.832000 126.103040 -124.523015 0.000000 0.000000 0.000000 0.002434 0.999997
168.896000 125.734249 -124.436036 0.000000 0.000000 0.000000 0.001590 0.999999
168.964000 124.754789 -124.574252 0.000000 0.000000 0.000000 0.001952 0.999998
169.028000 125.717029 -124.416354 0.000000 0.000000 0.000000 0.002705 0.999996
169.096000 124.756263 -124.531269 0.000000 0.000000 0.000000 0.002842 0.999996
169.160000 123.776791 -124.698439 0.000000 0.000000 0.000000 0.003549 0.999994
169.228000 122.819341 -124.848275 0.000000 0.000000 0.000000 0.004356 0.999991
169.292000 121.861727 -125.049002 0.000000 0.000000 0.000000 0.005056 0.999987
169.360000 120.928609 -125.398468 0.000000 0.000000 0.000000 0.006170 0.999981
169.424000 119.954228 -125.261697 0.000000 0.000000 0.000000 0.005432 0.999985
169.492000 118.978015 -125.386704 0.000000 0.000000 0.000000 0.005848 0.999983
169.556000 118.013551 -125.566483 0.000000 0.000000 0.000000 0.006777 0.999977
169.624000 117.031813 -125.495700 0.000000 0.000000 0.000000 0.006507 0.999979
169.688000 116.089048 -125.709534 0.000000 0.000000 0.000000 0.007208 0.999974
169.756000 115.142714 -125.955096 0.000000 0.000000 0.000000 0.008077 0.999967
169.820000 114.157147 -125.989923 0.000000 0.000000 0.000000 0.008077 0.999967
169.888000 113.171257 -125.900840 0.000000 0.000000 0.000000 0.007361 0.999973
169.952000 112.265689 -126.295922 0.000000 0.000000 0.000000 0.008991 0.999960
170.020000 112.074043 -126.522820 0.000000 0.000000 0.000000 0.014754 0.999891
170.084000 112.190814 -126.758994 0.000000 0.000000 0.000000 0.056061 0.998427
170.152000 111.196556 -126.848284 0.000000 0.000000 0.000000 0.081752 0.996653
170.216000 111.406935 -127.825007 0.000000 0.000000 0.000000 0.126835 0.991924
170.284000 111.718777 -128.775071 0.000000 0.000000 0.000000 0.185374 0.982668
170.348000 112.118175 -129.691486 0.000000 0.000000 0.000000 0.238228 0.971209
170.416000 112.603255 -130.565733 0.000000 0.000000 0.000000 0.293778 0.955874
170.480000 113.236665 -131.337163 0.000000 0.000000 0.000000 0.347103 0.937827
170.548000 113.922075 -132.065215 0.000000 0.000000 0.000000 0.399963 0.916531
170.612000 114.720768 -132.665062 0.000000 0.000000 0.000000 0.452410 0.891810
170.680000 115.509521 -133.278677 0.000000 0.000000 0.000000 0.499992 0.866030
170.744000 115.896189 -133.468827 0.000000 0.000000 0.000000 0.529196 0.848500
170.812000 116.029923 -133.395281 0.000000 0.000000 0.000000 0.534415 0.845222
170.876000 115.490866 -134.236565 0.000000 0.000000 0.000000 0.534308 0.845290
170.944000 114.839441 -134.967609 0.000000 0.000000 0.000000 0.533501 0.845799
171.008000 114.501807 -135.880992 0.000000 0.000000 0.000000 0.534161 0.845383
171.076000 114.051565 -136.742253 0.000000 0.000000 0.000000 0.534313 0.845287
171.140000 113.301974 -137.357054 0.000000 0.000000 0.000000 0.532692 0.846309
171.208000 113.005825 -138.304089 0.000000 0.000000 0.000000 0.533161 0.846013
171.272000 112.732110 -139.255581 0.000000 0.000000 0.000000 0.533641 0.845711
171.340000 112.300910 -140.137404 0.000000 0.000000 0.000000 0.533405 0.845860
171.404000 112.060403 -141.082855 0.000000 0.000000 0.000000 0.533997 0.845487
171.472000 111.697249 -141.993730 0.000000 0.000000 0.000000 0.534445 0.845203
171.536000 111.159401 -142.809979 0.000000 0.000000 0.000000 0.533364 0.845886
171.604000 110.652336 -143.644155 0.000000 0.000000 0.000000 0.533007 0.846111
171.668000 110.031646 -144.399100 0.000000 0.000000 0.000000 0.531981 0.846756
171.736000 109.694666 -145.312568 0.000000 0.000000 0.000000 0.532408 0.846488
171.800000 109.333552 -146.219815 0.000000 0.000000 0.000000 0.532741 0.846279
171.868000 108.927149 -147.113641 0.000000 0.000000 0.000000 0.532963 0.846139
171.932000 108.520758 -148.015877 0.000000 0.000000 0.000000 0.533479 0.845814
172.000000 108.148871 -148.914687 0.000000 0.000000 0.000000 0.533621 0.845723
172.064000 107.727912 -149.801987 0.000000 0.000000 0.000000 0.533764 0.845634
172.132000 107.340250 -150.699588 0.000000 0.000000 0.000000 0.533711 0.845667
172.196000 106.884734 -151.561774 0.000000 0.000000 0.000000 0.533655 0.845702
172.264000 106.421338 -152.423345 0.000000 0.000000 0.000000 0.533101 0.846052
172.328000 106.147195 -153.360915 0.000000 0.000000 0.000000 0.533465 0.845822
172.396000 105.792203 -154.278112 0.000000 0.000000 0.000000 0.533514 0.845791
172.460000 104.943944 -154.777641 0.000000 0.000000 0.000000 0.531765 0.846892
172.528000 105.566137 -154.023657 0.000000 0.000000 0.000000 0.531305 0.847180
172.592000 106.125932 -153.224337 0.000000 0.000000 0.000000 0.530490 0.847691
172.660000 105.323706 -153.793024 0.000000 0.000000 0.000000 0.528997 0.848624
172.724000 104.598440 -154.448733 0.000000 0.000000 0.000000 0.528021 0.849232
172.792000 105.107056 -153.616310 0.000000 0.000000 0.000000 0.527425 0.849602
172.856000 104.383163 -154.274415 0.000000 0.000000 0.000000 0.526286 0.850307
172.924000 105.102912 -153.612831 0.000000 0.000000 0.000000 0.525130 0.851022
172.988000 105.707113 -152.846870 0.000000 0.000000 0.000000 0.524452 0.851440
173.056000 104.828038 -153.289892 0.000000 0.000000 0.000000 0.522304 0.852759
173.120000 103.947183 -153.719832 0.000000 0.000000 0.000000 0.520633 0.853781
173.188000 104.583369 -152.975955 0.000000 0.000000 0.000000 0.519861 0.854251
173.252000 105.258821 -152.270398 0.000000 0.000000 0.000000 0.518322 0.855186
173.320000 105.799401 -151.460301 0.000000 0.000000 0.000000 0.516833 0.856086
173.384000 105.050179 -152.087960 0.000000 0.000000 0.000000 0.515540 0.856866
173.452000 104.284430 -152.696284 0.000000 0.000000 0.000000 0.514150 0.857700
173.516000 104.925430 -151.962843 0.000000 0.000000 0.000000 0.513002 0.858387
173.584000 103.957268 -152.157564 0.000000 0.000000 0.000000 0.509681 0.860363
173.648000 104.575870 -151.406633 0.000000 0.000000 0.000000 0.509062 0.860730
173.716000 105.243844 -150.693178 0.000000 0.000000 0.000000 0.508335 0.861160
173.780000 104.465532 -151.285879 0.000000 0.000000 0.000000 0.506712 0.862115
173.848000 105.187705 -150.618834 0.000000 0.000000 0.000000 0.505714 0.862701
173.912000 104.346142 -151.119394 0.000000 0.000000 0.000000 0.503499 0.863996
173.980000 103.578688 -151.724624 0.000000 0.000000 0.000000 0.501553 0.865127
174.044000 102.762453 -152.264301 0.000000 0.000000 0.000000 0.499670 0.866216
174.112000 101.801972 -151.985965 0.000000 0.000000 0.000000 0.476549 0.879148
174.176000 100.855273 -151.668610 0.000000 0.000000 0.000000 0.439793 0.898099
174.244000 99.954390 -151.235064 0.000000 0.000000 0.000000 0.397507 0.917599
174.308000 99.160809 -150.627094 0.000000 0.000000 0.000000 0.351626 0.936140
174.376000 98.379989 -150.005028 0.000000 0.000000 0.000000 0.306195 0.951969
174.440000 99.112175 -149.324070 0.000000 0.000000 0.000000 0.284932 0.958548
174.508000 98.457944 -148.567776 0.000000 0.000000 0.000000 0.236193 0.971706
174.572000 97.871968 -147.759087 0.000000 0.000000 0.000000 0.184116 0.982905
174.640000 97.023247 -148.243404 0.000000 0.000000 0.000000 0.177143 0.984185
174.704000 96.094846 -148.540818 0.000000 0.000000 0.000000 0.176836 0.984240
174.772000 95.348219 -149.133009 0.000000 0.000000 0.000000 0.177640 0.984096
174.836000 94.662651 -149.460514 0.000000 0.000000 0.000000 0.177776 0.984071
174.904000 93.723648 -149.697154 0.000000 0.000000 0.000000 0.176740 0.984258
174.968000 93.211311 -149.904698 0.000000 0.000000 0.000000 0.176529 0.984295
175.036000 92.259695 -150.063841 0.000000 0.000000 0.000000 0.175070 0.984556
175.100000 92.259695 -150.063841 0.000000 0.000000 0.000000 0.175070 0.984556
175.168000 91.451930 -150.653317 0.000000 0.000000 0.000000 0.175866 0.984414
175.232000 90.649404 -151.249934 0.000000 0.000000 0.000000 0.176802 0.984246
175.300000 89.743419 -151.591691 0.000000 0.000000 0.000000 0.176948 0.984220
175.364000 88.853328 -151.987854 0.000000 0.000000 0.000000 0.166624 0.986021
175.432000 89.736409 -151.564648 0.000000 0.000000 0.000000 0.142273 0.989828
175.496000 88.770492 -151.810331 0.000000 0.000000 0.000000 0.118479 0.992957
175.564000 87.908752 -152.272818 0.000000 0.000000 0.000000 0.092787 0.995686
175.628000 86.967787 -152.540724 0.000000 0.000000 0.000000 0.083307 0.996524
175.696000 85.999780 -152.720897 0.000000 0.000000 0.000000 0.083566 0.996502
175.760000 85.057806 -152.981257 0.000000 0.000000 0.000000 0.083991 0.996467
175.828000 84.105248 -153.240853 0.000000 0.000000 0.000000 0.084382 0.996433
175.892000 83.159132 -153.500099 0.000000 0.000000 0.000000 0.084459 0.996427
175.960000 82.189678 -153.624347 0.000000 0.000000 0.000000 0.089196 0.996014
176.024000 81.205413 -153.461510 0.000000 0.000000 0.000000 0.111338 0.993783
176.092000 80.301313 -153.844525 0.000000 0.000000 0.000000 0.137333 0.990525
176.156000 80.131013 -154.548641 0.000000 0.000000 0.000000 0.172372 0.985032
176.224000 79.159707 -154.735264 0.000000 0.000000 0.000000 0.197749 0.980253
176.288000 79.532736 -155.660644 0.000000 0.000000 0.000000 0.250739 0.968055
176.356000 80.009456 -156.508488 0.000000 0.000000 0.000000 0.301325 0.953521
176.420000 79.195044 -157.033941 0.000000 0.000000 0.000000 0.323975 0.946066
176.488000 79.657587 -157.900595 0.000000 0.000000 0.000000 0.367366 0.930076
176.552000 78.931083 -158.558446 0.000000 0.000000 0.000000 0.369754 0.929130
176.620000 78.220715 -159.228712 0.000000 0.000000 0.000000 0.369754 0.929130
176.684000 77.510340 -159.894011 0.000000 0.000000 0.000000 0.369852 0.929091
176.752000 76.821408 -160.586240 0.000000 0.000000 0.000000 0.370044 0.929014
176.816000 76.108945 -161.277929 0.000000 0.000000 0.000000 0.369838 0.929096
176.884000 75.399498 -161.955360 0.000000 0.000000 0.000000 0.367254 0.930121
176.948000 76.049271 -161.214986 0.000000 0.000000 0.000000 0.346480 0.938057
177.016000 75.364603 -160.512515 0.000000 0.000000 0.000000 0.283644 0.958930
177.080000 74.769466 -159.741256 0.000000 0.000000 0.000000 0.217597 0.976039
177.148000 74.298700 -158.862012 0.000000 0.000000 0.000000 0.169826 0.985474
177.212000 73.850020 -157.969429 0.000000 0.000000 0.000000 0.117785 0.993039
177.280000 73.515001 -157.037102 0.000000 0.000000 0.000000 0.069993 0.997547
177.344000 73.322898 -156.066986 0.000000 0.000000 0.000000 0.019896 0.999802
177.412000 72.379984 -156.266162 0.000000 0.000000 0.000000 0.018083 0.999836
177.476000 71.397201 -156.291314 0.000000 0.000000 0.000000 0.017760 0.999842
177.544000 70.424171 -156.322052 0.000000 0.000000 0.000000 0.017717 0.999843
177.608000 71.377834 -156.513116 0.000000 0.000000 0.000000 0.017196 0.999852
177.676000 72.354218 -156.549790 0.000000 0.000000 0.000000 0.016873 0.999858
177.740000 73.320727 -156.486396 0.000000 0.000000 0.000000 0.017218 0.999852
177.808000 72.341137 -156.681599 0.000000 0.000000 0.000000 0.017365 0.999849
177.872000 71.365769 -156.714756 0.000000 0.000000 0.000000 0.017364 0.999849
177.940000 70.441155 -157.013997 0.000000 0.000000 0.000000 0.018390 0.999831
178.004000 71.415747 -156.954947 0.000000 0.000000 0.000000 0.018565 0.999828
178.072000 70.442183 -156.970644 0.000000 0.000000 0.000000 0.018341 0.999832
178.136000 71.406657 -157.049650 0.000000 0.000000 0.000000 0.017927 0.999839
178.204000 70.455238 -157.250743 0.000000 0.000000 0.000000 0.018451 0.999830
178.268000 69.491532 -157.369306 0.000000 0.000000 0.000000 0.018489 0.999829
178.336000 68.818369 -158.091660 0.000000 0.000000 0.000000 0.021415 0.999771
178.400000 67.877131 -158.327610 0.000000 0.000000 0.000000 0.021964 0.999759
178.468000 66.899141 -158.345779 0.000000 0.000000 0.000000 0.022047 0.999757
178.532000 65.990411 -158.704816 0.000000 0.000000 0.000000 0.023186 0.999731
178.600000 65.522057 -159.575504 0.000000 0.000000 0.000000 0.026652 0.999645
178.664000 64.622178 -159.968988 0.000000 0.000000 0.000000 0.027962 0.999609
178.732000 63.656554 -160.132805 0.000000 0.000000 0.000000 0.028275 0.999600
178.796000 64.629215 -160.075270 0.000000 0.000000 0.000000 0.028263 0.999601
178.864000 65.599830 -160.020641 0.000000 0.000000 0.000000 0.028203 0.999602
178.928000 64.617296 -160.038442 0.000000 0.000000 0.000000 0.028238 0.999601
178.996000 65.207098 -159.258673 0.000000 0.000000 0.000000 0.030272 0.999542
179.060000 66.178920 -159.144319 0.000000 0.000000 0.000000 0.030437 0.999537
179.128000 65.214571 -159.284761 0.000000 0.000000 0.000000 0.030893 0.999523
179.192000 66.180149 -159.406162 0.000000 0.000000 0.000000 0.030685 0.999529
179.260000 67.151088 -159.421392 0.000000 0.000000 0.000000 0.030376 0.999539
179.324000 66.180819 -159.498198 0.000000 0.000000 0.000000 0.030057 0.999548
179.392000 65.207747 -159.467821 0.000000 0.000000 0.000000 0.030046 0.999549
179.456000 64.231799 -159.485363 0.000000 0.000000 0.000000 0.029683 0.999559
179.524000 65.196093 -159.428138 0.000000 0.000000 0.000000 0.029832 0.999555
179.588000 64.214583 -159.480461 0.000000 0.000000 0.000000 0.029832 0.999555
179.656000 63.259658 -159.685702 0.000000 0.000000 0.000000 0.030637 0.999531
179.720000 62.287736 -159.764211 0.000000 0.000000 0.000000 0.030687 0.999529
179.788000 63.244554 -159.584373 0.000000 0.000000 0.000000 0.031186 0.999514
179.852000 62.278293 -159.640628 0.000000 0.000000 0.000000 0.040571 0.999177
179.920000 62.225495 -160.634222 0.000000 0.000000 0.000000 0.093485 0.995621
179.984000 62.330834 -161.622694 0.000000 0.000000 0.000000 0.143471 0.989655
180.052000 62.554866 -162.596039 0.000000 0.000000 0.000000 0.197893 0.980224
180.116000 62.904286 -163.532595 0.000000 0.000000 0.000000 0.254569 0.967055
180.184000 63.326562 -164.438798 0.000000 0.000000 0.000000 0.298651 0.954363
180.248000 63.802855 -165.318075 0.000000 0.000000 0.000000 0.342784 0.939414
180.316000 64.247433 -166.211087 0.000000 0.000000 0.000000 0.386135 0.922442
180.380000 64.839354 -167.014378 0.000000 0.000000 0.000000 0.419763 0.907634
180.448000 65.304457 -166.156566 0.000000 0.000000 0.000000 0.420220 0.907422
180.512000 65.963393 -165.432672 0.000000 0.000000 0.000000 0.420067 0.907493
180.580000 65.202879 -166.051184 0.000000 0.000000 0.000000 0.419434 0.907786
180.644000 65.720495 -165.225707 0.000000 0.000000 0.000000 0.420033 0.907509
180.712000 66.238145 -164.395664 0.000000 0.000000 0.000000 0.420700 0.907200
180.776000 66.752751 -163.566313 0.000000 0.000000 0.000000 0.421016 0.907053
180.844000 67.401211 -162.837397 0.000000 0.000000 0.000000 0.420955 0.907082
180.908000 67.966004 -162.040963 0.000000 0.000000 0.000000 0.421100 0.907014
180.976000 68.554755 -161.262354 0.000000 0.000000 0.000000 0.421187 0.906974
181.040000 68.394937 -162.227056 0.000000 0.000000 0.000000 0.423194 0.906039
181.108000 68.966649 -161.432667 0.000000 0.000000 0.000000 0.423293 0.905993
181.172000 69.567747 -160.659065 0.000000 0.000000 0.000000 0.423579 0.905859
181.240000 70.088457 -159.833937 0.000000 0.000000 0.000000 0.423925 0.905697
181.304000 70.704421 -159.074273 0.000000 0.000000 0.000000 0.424292 0.905525
181.372000 69.724464 -158.971120 0.000000 0.000000 0.000000 0.418592 0.908174
181.436000 68.824230 -158.557394 0.000000 0.000000 0.000000 0.408931 0.912565
181.504000 69.441369 -157.798808 0.000000 0.000000 0.000000 0.408941 0.912561
181.568000 70.022058 -157.015867 0.000000 0.000000 0.000000 0.409314 0.912394
181.636000 69.073297 -156.763395 0.000000 0.000000 0.000000 0.402352 0.915485
181.700000 68.089691 -156.851705 0.000000 0.000000 0.000000 0.398777 0.917048
181.768000 67.102998 -156.825769 0.000000 0.000000 0.000000 0.393680 0.919248
181.832000 67.097401 -157.780428 0.000000 0.000000 0.000000 0.396534 0.918020
181.900000 66.457701 -158.521890 0.000000 0.000000 0.000000 0.396937 0.917846
181.964000 66.992498 -157.711932 0.000000 0.000000 0.000000 0.397437 0.917629
182.032000 66.012421 -157.575279 0.000000 0.000000 0.000000 0.391713 0.920088
182.096000 66.724846 -156.903901 0.000000 0.000000 0.000000 0.391598 0.920136
182.164000 66.950535 -155.967658 0.000000 0.000000 0.000000 0.393492 0.919328
182.228000 67.183843 -155.029769 0.000000 0.000000 0.000000 0.395680 0.918388
182.296000 66.255287 -154.715229 0.000000 0.000000 0.000000 0.387639 0.921811
182.360000 66.769445 -153.890784 0.000000 0.000000 0.000000 0.388191 0.921579
182.428000 66.512583 -154.823478 0.000000 0.000000 0.000000 0.389839 0.920883
182.492000 65.568023 -154.581805 0.000000 0.000000 0.000000 0.382623 0.923904
182.560000 66.234152 -153.863974 0.000000 0.000000 0.000000 0.382862 0.923805
182.624000 65.924738 -154.780481 0.000000 0.000000 0.000000 0.384205 0.923248
182.692000 66.456174 -153.964782 0.000000 0.000000 0.000000 0.384892 0.922962
182.756000 67.117962 -153.248588 0.000000 0.000000 0.000000 0.384950 0.922938
182.824000 66.470033 -153.982699 0.000000 0.000000 0.000000 0.385119 0.922867
182.888000 67.100694 -153.239849 0.000000 0.000000 0.000000 0.385428 0.922738
182.956000 67.773247 -152.526450 0.000000 0.000000 0.000000 0.385640 0.922649
183.020000 68.415772 -151.785806 0.000000 0.000000 0.000000 0.385759 0.922600
183.088000 67.762411 -152.516260 0.000000 0.000000 0.000000 0.386185 0.922422
183.152000 67.092778 -153.229838 0.000000 0.000000 0.000000 0.386382 0.922339
183.220000 66.417411 -153.938791 0.000000 0.000000 0.000000 0.386403 0.922330
183.284000 65.784462 -154.688201 0.000000 0.000000 0.000000 0.386466 0.922304
183.352000 66.428019 -153.953356 0.000000 0.000000 0.000000 0.386665 0.922220
183.416000 67.110295 -153.248896 0.000000 0.000000 0.000000 0.386642 0.922230
183.484000 67.191111 -154.235163 0.000000 0.000000 0.000000 0.389277 0.921121
183.548000 67.856731 -153.524507 0.000000 0.000000 0.000000 0.389353 0.921088
183.616000 66.872208 -153.421501 0.000000 0.000000 0.000000 0.383715 0.923451
183.680000 65.887043 -153.454215 0.000000 0.000000 0.000000 0.381045 0.924556
183.748000 64.911066 -153.331856 0.000000 0.000000 0.000000 0.376101 0.926579
183.812000 64.911066 -153.331856 0.000000 0.000000 0.000000 0.376101 0.926579
183.880000 65.191287 -154.284089 0.000000 0.000000 0.000000 0.380983 0.924582
183.944000 65.574090 -155.202099 0.000000 0.000000 0.000000 0.384524 0.923115
184.012000 65.510086 -156.184768 0.000000 0.000000 0.000000 0.387370 0.921924
184.076000 65.364455 -157.143010 0.000000 0.000000 0.000000 0.389500 0.921026
184.144000 65.827544 -158.022522 0.000000 0.000000 0.000000 0.394665 0.918825
184.208000 66.237391 -158.922657 0.000000 0.000000 0.000000 0.400072 0.916484
184.276000 66.146977 -159.897462 0.000000 0.000000 0.000000 0.402696 0.915334
184.340000 66.414964 -160.839346 0.000000 0.000000 0.000000 0.406311 0.913735
184.408000 66.782800 -159.931549 0.000000 0.000000 0.000000 0.407590 0.913165
184.472000 66.295045 -160.771432 0.000000 0.000000 0.000000 0.408217 0.912885
184.540000 66.381921 -161.752243 0.000000 0.000000 0.000000 0.411061 0.911608
184.604000 65.922306 -162.617056 0.000000 0.000000 0.000000 0.412364 0.911019
184.672000 66.625134 -161.937601 0.000000 0.000000 0.000000 0.411885 0.911236
184.736000 66.184415 -162.810665 0.000000 0.000000 0.000000 0.412840 0.910804
184.804000 66.883827 -162.128257 0.000000 0.000000 0.000000 0.412628 0.910900
184.868000 67.398097 -161.299285 0.000000 0.000000 0.000000 0.413209 0.910636
184.936000 67.486793 -160.340098 0.000000 0.000000 0.000000 0.415767 0.909471
185.000000 68.114916 -159.590818 0.000000 0.000000 0.000000 0.415771 0.909469
185.068000 67.507157 -160.351003 0.000000 0.000000 0.000000 0.415949 0.909388
185.132000 68.190472 -159.654432 0.000000 0.000000 0.000000 0.415545 0.909573
185.200000 68.190472 -159.654432 0.000000 0.000000 0.000000 0.415545 0.909573
185.264000 68.713468 -158.830797 0.000000 0.000000 0.000000 0.416193 0.909276
185.332000 69.344723 -158.085316 0.000000 0.000000 0.000000 0.416169 0.909287
185.396000 68.649605 -158.773470 0.000000 0.000000 0.000000 0.415659 0.909521
185.464000 69.220823 -157.979351 0.000000 0.000000 0.000000 0.416260 0.909246
185.528000 68.807015 -158.864641 0.000000 0.000000 0.000000 0.417684 0.908592
185.596000 67.898637 -159.230703 0.000000 0.000000 0.000000 0.414479 0.910059
185.660000 67.274321 -159.980298 0.000000 0.000000 0.000000 0.414390 0.910100
185.728000 67.821242 -159.171617 0.000000 0.000000 0.000000 0.414895 0.909869
185.792000 67.155500 -159.889500 0.000000 0.000000 0.000000 0.414730 0.909944
185.860000 66.175141 -160.016309 0.000000 0.000000 0.000000 0.409852 0.912152
185.924000 65.473510 -160.708991 0.000000 0.000000 0.000000 0.409687 0.912226
185.992000 64.884744 -161.489344 0.000000 0.000000 0.000000 0.410135 0.912025
186.056000 64.261749 -162.239944 0.000000 0.000000 0.000000 0.410224 0.911985
186.124000 63.615733 -162.972803 0.000000 0.000000 0.000000 0.410153 0.912017
186.188000 62.985732 -163.721434 0.000000 0.000000 0.000000 0.410181 0.912004
186.256000 62.335780 -164.450927 0.000000 0.000000 0.000000 0.410030 0.912072
186.320000 61.692733 -165.187025 0.000000 0.000000 0.000000 0.410126 0.912029
186.388000 60.947857 -165.818291 0.000000 0.000000 0.000000 0.408927 0.912567
186.452000 60.338878 -166.582865 0.000000 0.000000 0.000000 0.409243 0.912425
186.520000 59.715175 -167.339899 0.000000 0.000000 0.000000 0.409415 0.912348
186.584000 58.977667 -167.993707 0.000000 0.000000 0.000000 0.408859 0.912598
186.652000 58.346258 -168.744349 0.000000 0.000000 0.000000 0.408887 0.912585
186.716000 57.674898 -169.453524 0.000000 0.000000 0.000000 0.408801 0.912624
186.784000 56.939283 -170.092493 0.000000 0.000000 0.000000 0.407717 0.913108
186.848000 56.325604 -170.850504 0.000000 0.000000 0.000000 0.408050 0.912959
186.916000 55.746291 -171.644754 0.000000 0.000000 0.000000 0.408877 0.912589
186.980000 55.156669 -172.419772 0.000000 0.000000 0.000000 0.409449 0.912333
187.048000 54.446353 -173.085382 0.000000 0.000000 0.000000 0.408775 0.912635
187.112000 53.730425 -173.760608 0.000000 0.000000 0.000000 0.408147 0.912916
187.180000 53.114529 -174.546432 0.000000 0.000000 0.000000 0.391139 0.920332
187.244000 52.463299 -175.305184 0.000000 0.000000 0.000000 0.369808 0.929108
187.312000 51.644162 -174.736662 0.000000 0.000000 0.000000 0.323756 0.946141
187.376000 50.919753 -174.067693 0.000000 0.000000 0.000000 0.269483 0.963005
187.444000 50.273619 -173.311044 0.000000 0.000000 0.000000 0.215432 0.976519
187.508000 49.367621 -173.734295 0.000000 0.000000 0.000000 0.191309 0.981530
187.576000 48.880216 -172.891575 0.000000 0.000000 0.000000 0.133028 0.991112
187.640000 48.477406 -171.976311 0.000000 0.000000 0.000000 0.081473 0.996676
187.708000 48.199444 -171.038504 0.000000 0.000000 0.000000 0.015686 0.999877
187.772000 47.982150 -170.063318 0.000000 0.000000 0.000000 -0.030442 0.999537
187.840000 47.852291 -169.135931 0.000000 0.000000 0.000000 -0.083789 0.996484
187.904000 47.887692 -168.157623 0.000000 0.000000 0.000000 -0.136549 0.990633
187.972000 47.946637 -167.162102 0.000000 0.000000 0.000000 -0.186369 0.982480
188.036000 47.957702 -166.166983 0.000000 0.000000 0.000000 -0.227663 0.973740
188.104000 47.067729 -165.724343 0.000000 0.000000 0.000000 -0.253022 0.967461
188.168000 46.197243 -165.243079 0.000000 0.000000 0.000000 -0.276743 0.960944
188.236000 45.357720 -164.711559 0.000000 0.000000 0.000000 -0.302158 0.953258
188.300000 44.505380 -164.189963 0.000000 0.000000 0.000000 -0.324949 0.945731
188.368000 44.841811 -163.258369 0.000000 0.000000 0.000000 -0.371675 0.928363
188.432000 44.070228 -162.622662 0.000000 0.000000 0.000000 -0.394469 0.918909
188.500000 43.349490 -161.929457 0.000000 0.000000 0.000000 -0.418084 0.908408
188.564000 42.597437 -161.271243 0.000000 0.000000 0.000000 -0.440034 0.897981
188.632000 41.914689 -160.540591 0.000000 0.000000 0.000000 -0.463097 0.886308
188.696000 41.283718 -159.765008 0.000000 0.000000 0.000000 -0.484315 0.874894
188.764000 40.719272 -158.940823 0.000000 0.000000 0.000000 -0.506839 0.862041
188.828000 40.144138 -158.125047 0.000000 0.000000 0.000000 -0.527634 0.849472
188.896000 40.978481 -157.578011 0.000000 0.000000 0.000000 -0.584907 0.811100
188.960000 41.860018 -157.106480 0.000000 0.000000 0.000000 -0.625517 0.780210
189.028000 41.551442 -156.155721 0.000000 0.000000 0.000000 -0.645323 0.763910
189.092000 42.484330 -155.796668 0.000000 0.000000 0.000000 -0.670565 0.741851
189.160000 43.256755 -155.178481 0.000000 0.000000 0.000000 -0.675531 0.737332
189.224000 42.491839 -154.570038 0.000000 0.000000 0.000000 -0.672536 0.740064
189.292000 43.234757 -153.901065 0.000000 0.000000 0.000000 -0.678957 0.734178
189.356000 42.316109 -153.574943 0.000000 0.000000 0.000000 -0.674458 0.738314
189.424000 43.210926 -153.145652 0.000000 0.000000 0.000000 -0.682460 0.730923
189.488000 42.224508 -152.982065 0.000000 0.000000 0.000000 -0.676025 0.736879
189.556000 41.869924 -153.898294 0.000000 0.000000 0.000000 -0.677532 0.735494
189.620000 41.037718 -153.374906 0.000000 0.000000 0.000000 -0.674331 0.738429
189.688000 40.726394 -152.452633 0.000000 0.000000 0.000000 -0.673716 0.738991
189.752000 40.513116 -151.489174 0.000000 0.000000 0.000000 -0.673312 0.739359
189.820000 41.384928 -151.001728 0.000000 0.000000 0.000000 -0.679595 0.733587
189.884000 41.036093 -151.914263 0.000000 0.000000 0.000000 -0.681116 0.732176
189.952000 41.890653 -151.409771 0.000000 0.000000 0.000000 -0.686193 0.727420
190.016000 42.492464 -150.631422 0.000000 0.000000 0.000000 -0.690154 0.723662
190.084000 42.816551 -149.703491 0.000000 0.000000 0.000000 -0.691883 0.722010
190.148000 43.176097 -148.794540 0.000000 0.000000 0.000000 -0.693674 0.720289
190.216000 43.749121 -147.977203 0.000000 0.000000 0.000000 -0.695438 0.718586
190.280000 44.320046 -147.177960 0.000000 0.000000 0.000000 -0.698490 0.715620
190.348000 44.861380 -146.347971 0.000000 0.000000 0.000000 -0.701376 0.712792
190.412000 45.135191 -145.412294 0.000000 0.000000 0.000000 -0.702709 0.711477
190.480000 45.455058 -144.496318 0.000000 0.000000 0.000000 -0.704290 0.709912
190.544000 45.265011 -143.557120 0.000000 0.000000 0.000000 -0.703488 0.710707
190.612000 45.548759 -142.605908 0.000000 0.000000 0.000000 -0.704688 0.709517
190.676000 46.143470 -141.802997 0.000000 0.000000 0.000000 0.707326 -0.706887
190.744000 46.703853 -140.997962 0.000000 0.000000 0.000000 0.712141 -0.702036
190.808000 46.932518 -140.069185 0.000000 0.000000 0.000000 0.712909 -0.701256
190.876000 47.429247 -139.218858 0.000000 0.000000 0.000000 0.715756 -0.698351
190.940000 48.102481 -138.522593 0.000000 0.000000 0.000000 0.719980 -0.693995
191.008000 48.436013 -137.628063 0.000000 0.000000 0.000000 0.721828 -0.692073
191.072000 48.849092 -136.754945 0.000000 0.000000 0.000000 0.723698 -0.690117
191.140000 49.422520 -135.966035 0.000000 0.000000 0.000000 0.727669 -0.685929
191.204000 49.504846 -134.996896 0.000000 0.000000 0.000000 0.727773 -0.685818
191.272000 49.889425 -134.074909 0.000000 0.000000 0.000000 0.729082 -0.684426
191.336000 50.035594 -133.088758 0.000000 0.000000 0.000000 0.729564 -0.683912
191.404000 49.945921 -132.101489 0.000000 0.000000 0.000000 0.740350 -0.672222
191.468000 50.941497 -132.011131 0.000000 0.000000 0.000000 0.772862 -0.634574
191.536000 50.975705 -133.007734 0.000000 0.000000 0.000000 0.789375 -0.613911
191.600000 51.971843 -133.093854 0.000000 0.000000 0.000000 0.818857 -0.573998
191.668000 51.814617 -134.081347 0.000000 0.000000 0.000000 0.833157 -0.553037
191.732000 52.754351 -134.341449 0.000000 0.000000 0.000000 0.860855 -0.508851
191.800000 53.666585 -134.720079 0.000000 0.000000 0.000000 0.890192 -0.455586
191.864000 54.088328 -133.827880 0.000000 0.000000 0.000000 0.892458 -0.451131
191.932000 54.679189 -133.063957 0.000000 0.000000 0.000000 0.892536 -0.450976
191.996000 54.089781 -133.871699 0.000000 0.000000 0.000000 0.892487 -0.451072
192.064000 53.701627 -132.958003 0.000000 0.000000 0.000000 0.889791 -0.456368
192.128000 53.932131 -132.005120 0.000000 0.000000 0.000000 0.888686 -0.458516
192.196000 53.524275 -132.917070 0.000000 0.000000 0.000000 0.888266 -0.459330
192.260000 53.934451 -132.032737 0.000000 0.000000 0.000000 0.887576 -0.460661
192.328000 54.422467 -131.178007 0.000000 0.000000 0.000000 0.887348 -0.461101
192.392000 53.999023 -130.283411 0.000000 0.000000 0.000000 0.884154 -0.467196
192.460000 54.426951 -129.413054 0.000000 0.000000 0.000000 0.883635 -0.468176
192.524000 54.843574 -128.504027 0.000000 0.000000 0.000000 0.883107 -0.469171
192.592000 55.200421 -127.590692 0.000000 0.000000 0.000000 0.882322 -0.470646
192.656000 55.595484 -126.681940 0.000000 0.000000 0.000000 0.881642 -0.471918
192.724000 56.127878 -125.856528 0.000000 0.000000 0.000000 0.881648 -0.471908
192.788000 55.888190 -124.903338 0.000000 0.000000 0.000000 0.878738 -0.477305
192.856000 55.994836 -123.942112 0.000000 0.000000 0.000000 0.877058 -0.480385
192.920000 55.826815 -122.967167 0.000000 0.000000 0.000000 0.874990 -0.484140
192.988000 55.539089 -122.010602 0.000000 0.000000 0.000000 0.872268 -0.489027
193.052000 55.645445 -121.019216 0.000000 0.000000 0.000000 0.871463 -0.490461
193.120000 55.580855 -120.025733 0.000000 0.000000 0.000000 0.869978 -0.493091
193.184000 55.538894 -119.046278 0.000000 0.000000 0.000000 0.868506 -0.495678
193.252000 55.037966 -118.185216 0.000000 0.000000 0.000000 0.862819 -0.505513
193.316000 54.677847 -117.264983 0.000000 0.000000 0.000000 0.858422 -0.512943
193.384000 54.092401 -116.466864 0.000000 0.000000 0.000000 0.851424 -0.524479
193.448000 54.044381 -115.483975 0.000000 0.000000 0.000000 0.849406 -0.527740
193.516000 55.031158 -115.530002 0.000000 0.000000 0.000000 0.854342 -0.519711
193.580000 54.306467 -114.864911 0.000000 0.000000 0.000000 0.849610 -0.527412
193.648000 53.685074 -114.092752 0.000000 0.000000 0.000000 0.842712 -0.538365
193.712000 53.597131 -113.128093 0.000000 0.000000 0.000000 0.840495 -0.541819
193.780000 53.744574 -112.175800 0.000000 0.000000 0.000000 0.838959 -0.544194
193.844000 53.535105 -111.201398 0.000000 0.000000 0.000000 0.837152 -0.546970
193.912000 53.022777 -110.366012 0.000000 0.000000 0.000000 0.832018 -0.554749
193.976000 53.216517 -109.420064 0.000000 0.000000 0.000000 0.830922 -0.556389
194.044000 52.720368 -108.558549 0.000000 0.000000 0.000000 0.826817 -0.562471
194.108000 52.447978 -107.608308 0.000000 0.000000 0.000000 0.823904 -0.566729
194.176000 51.832791 -106.820900 0.000000 0.000000 0.000000 0.818710 -0.574207
194.240000 52.175534 -105.908852 0.000000 0.000000 0.000000 0.818959 -0.573852
194.308000 51.449211 -105.238206 0.000000 0.000000 0.000000 0.812570 -0.582863
194.372000 51.762093 -104.318100 0.000000 0.000000 0.000000 0.812557 -0.582882
194.440000 51.108614 -103.565438 0.000000 0.000000 0.000000 0.805501 -0.592595
194.504000 50.491950 -102.784145 0.000000 0.000000 0.000000 0.800758 -0.598988
194.572000 50.008457 -101.935738 0.000000 0.000000 0.000000 0.797526 -0.603284
194.636000 50.300679 -101.002907 0.000000 0.000000 0.000000 0.797554 -0.603248
194.704000 50.541178 -100.060238 0.000000 0.000000 0.000000 0.797526 -0.603284
194.768000 49.919128 -99.282781 0.000000 0.000000 0.000000 0.792489 -0.609886
194.836000 49.310333 -98.515982 0.000000 0.000000 0.000000 0.788233 -0.615378
194.900000 48.688940 -97.736678 0.000000 0.000000 0.000000 0.784797 -0.619753
194.968000 48.912935 -96.781819 0.000000 0.000000 0.000000 0.784598 -0.620004
195.032000 48.336021 -95.980297 0.000000 0.000000 0.000000 0.780904 -0.624651
195.100000 47.481476 -95.483730 0.000000 0.000000 0.000000 0.768792 -0.639499
195.164000 47.577642 -94.488953 0.000000 0.000000 0.000000 0.768467 -0.639889
195.232000 47.761217 -93.533612 0.000000 0.000000 0.000000 0.768550 -0.639790
195.296000 47.904404 -92.575128 0.000000 0.000000 0.000000 0.768369 -0.640007
195.364000 48.041218 -91.602553 0.000000 0.000000 0.000000 0.768146 -0.640275
195.428000 47.569773 -90.729545 0.000000 0.000000 0.000000 0.765721 -0.643173
195.496000 47.904188 -89.806788 0.000000 0.000000 0.000000 0.766573 -0.642157
195.560000 48.083091 -88.847520 0.000000 0.000000 0.000000 0.766586 -0.642142
195.628000 48.262169 -87.881875 0.000000 0.000000 0.000000 0.766831 -0.641849
195.692000 47.644506 -87.108358 0.000000 0.000000 0.000000 0.761153 -0.648573
195.760000 46.690322 -86.809390 0.000000 0.000000 0.000000 0.722965 -0.690885
195.824000 45.704227 -86.645705 0.000000 0.000000 0.000000 -0.685243 0.728314
195.892000 44.709469 -86.564718 0.000000 0.000000 0.000000 -0.644834 0.764323
195.956000 43.712450 -86.618950 0.000000 0.000000 0.000000 -0.602180 0.798361
196.024000 42.729478 -86.793456 0.000000 0.000000 0.000000 -0.557532 0.830156
196.088000 41.790479 -87.081083 0.000000 0.000000 0.000000 -0.507626 0.861578
196.156000 40.857778 -87.441518 0.000000 0.000000 0.000000 -0.460703 0.887554
196.220000 39.986513 -87.914379 0.000000 0.000000 0.000000 -0.409250 0.912422
196.288000 38.988721 -87.980731 0.000000 0.000000 0.000000 -0.401850 0.915706
196.352000 38.018031 -87.845868 0.000000 0.000000 0.000000 -0.398262 0.917272
196.420000 37.218837 -87.295758 0.000000 0.000000 0.000000 -0.396913 0.917856
196.484000 36.584218 -86.536953 0.000000 0.000000 0.000000 -0.397060 0.917793
196.552000 35.898189 -85.860181 0.000000 0.000000 0.000000 -0.396969 0.917832
196.616000 35.201292 -85.171768 0.000000 0.000000 0.000000 -0.396858 0.917880
196.684000 34.420030 -84.599371 0.000000 0.000000 0.000000 -0.395880 0.918302
196.748000 33.681351 -83.974209 0.000000 0.000000 0.000000 -0.395410 0.918505
196.816000 32.939959 -83.353993 0.000000 0.000000 0.000000 -0.394403 0.918937
196.880000 32.123792 -82.813490 0.000000 0.000000 0.000000 -0.393276 0.919420
196.948000 31.308848 -82.292566 0.000000 0.000000 0.000000 -0.391582 0.920143
197.012000 30.607433 -81.620755 0.000000 0.000000 0.000000 -0.391400 0.920221
197.080000 29.806264 -81.075153 0.000000 0.000000 0.000000 -0.390340 0.920671
197.144000 29.190667 -80.320618 0.000000 0.000000 0.000000 -0.390477 0.920613
197.212000 28.610976 -79.531488 0.000000 0.000000 0.000000 -0.390889 0.920438
197.276000 27.611790 -79.533327 0.000000 0.000000 0.000000 -0.387330 0.921941
197.344000 26.900335 -78.830840 0.000000 0.000000 0.000000 -0.367970 0.929838
197.408000 26.196553 -79.533576 0.000000 0.000000 0.000000 -0.320802 0.947146
197.476000 25.443529 -78.878002 0.000000 0.000000 0.000000 -0.296211 0.955122
197.540000 24.813256 -79.613760 0.000000 0.000000 0.000000 -0.254263 0.967135
197.608000 24.169478 -80.293653 0.000000 0.000000 0.000000 -0.211877 0.977296
197.672000 23.546701 -81.022604 0.000000 0.000000 0.000000 -0.180232 0.983624
197.740000 23.056670 -81.891977 0.000000 0.000000 0.000000 -0.132625 0.991166
197.804000 22.722601 -82.771492 0.000000 0.000000 0.000000 -0.085037 0.996378
197.872000 21.786430 -82.509399 0.000000 0.000000 0.000000 -0.078470 0.996916
197.936000 20.807342 -82.474954 0.000000 0.000000 0.000000 -0.078274 0.996932
198.004000 19.831794 -82.489522 0.000000 0.000000 0.000000 -0.077200 0.997016
198.068000 18.865499 -82.344603 0.000000 0.000000 0.000000 -0.077314 0.997007
198.136000 17.902607 -82.204960 0.000000 0.000000 0.000000 -0.077758 0.996972
198.200000 16.936984 -82.082190 0.000000 0.000000 0.000000 -0.077774 0.996971
198.268000 15.960177 -82.067046 0.000000 0.000000 0.000000 -0.077041 0.997028
198.332000 14.990631 -81.912577 0.000000 0.000000 0.000000 -0.077061 0.997026
198.400000 14.015727 -81.904626 0.000000 0.000000 0.000000 -0.076879 0.997040
198.464000 13.040714 -81.898857 0.000000 0.000000 0.000000 -0.075914 0.997114
198.532000 12.341720 -81.221546 0.000000 0.000000 0.000000 -0.079120 0.996865
198.596000 11.367433 -81.242443 0.000000 0.000000 0.000000 -0.077932 0.996959
198.664000 10.393310 -81.236138 0.000000 0.000000 0.000000 -0.077195 0.997016
198.728000 9.689578 -80.564717 0.000000 0.000000 0.000000 -0.079996 0.996795
198.796000 10.663505 -80.551855 0.000000 0.000000 0.000000 -0.079140 0.996864
198.860000 10.101097 -79.773149 0.000000 0.000000 0.000000 -0.084106 0.996457
198.928000 11.077827 -79.802368 0.000000 0.000000 0.000000 -0.083274 0.996527
198.992000 12.053068 -79.792874 0.000000 0.000000 0.000000 -0.082680 0.996576
199.060000 13.026964 -79.759640 0.000000 0.000000 0.000000 -0.081976 0.996634
199.124000 12.055646 -79.701984 0.000000 0.000000 0.000000 -0.081211 0.996697
199.192000 11.081435 -79.710527 0.000000 0.000000 0.000000 -0.080685 0.996740
199.256000 10.170156 -80.059871 0.000000 0.000000 0.000000 -0.078612 0.996905
199.324000 9.201311 -79.984574 0.000000 0.000000 0.000000 -0.078328 0.996928
199.388000 10.172806 -79.988922 0.000000 0.000000 0.000000 -0.077141 0.997020
199.456000 11.146362 -79.974562 0.000000 0.000000 0.000000 -0.076379 0.997079
199.520000 12.118266 -79.943998 0.000000 0.000000 0.000000 -0.075658 0.997134
199.588000 13.088209 -79.829701 0.000000 0.000000 0.000000 -0.074446 0.997225
199.652000 14.061433 -79.797342 0.000000 0.000000 0.000000 -0.073542 0.997292
199.720000 15.034214 -79.765589 0.000000 0.000000 0.000000 -0.072823 0.997345
199.784000 16.001090 -79.714503 0.000000 0.000000 0.000000 -0.071913 0.997411
199.852000 16.970439 -79.623910 0.000000 0.000000 0.000000 -0.070830 0.997488
199.916000 17.939015 -79.568659 0.000000 0.000000 0.000000 -0.070048 0.997544
199.984000 18.902372 -79.435183 0.000000 0.000000 0.000000 -0.068647 0.997641
200.048000 17.935667 -79.570345 0.000000 0.000000 0.000000 -0.067568 0.997715
200.116000 16.971087 -79.595550 0.000000 0.000000 0.000000 -0.067039 0.997750
200.180000 16.056938 -79.925690 0.000000 0.000000 0.000000 -0.064661 0.997907
200.248000 15.091003 -80.018069 0.000000 0.000000 0.000000 -0.063017 0.998012
200.312000 14.133052 -80.189906 0.000000 0.000000 0.000000 -0.061201 0.998125
200.380000 13.162591 -80.257630 0.000000 0.000000 0.000000 -0.060481 0.998169
200.444000 12.195179 -80.333246 0.000000 0.000000 0.000000 -0.059251 0.998243
200.512000 11.619123 -79.548642 0.000000 0.000000 0.000000 -0.067170 0.997742
200.576000 10.622158 -79.617818 0.000000 0.000000 0.000000 -0.066115 0.997812
200.644000 9.629328 -79.675667 0.000000 0.000000 0.000000 -0.064859 0.997894
200.708000 10.628347 -79.634870 0.000000 0.000000 0.000000 -0.063834 0.997960
200.776000 9.932825 -78.916967 0.000000 0.000000 0.000000 -0.069292 0.997596
200.840000 8.959591 -79.004665 0.000000 0.000000 0.000000 -0.068254 0.997668
200.908000 8.106639 -79.487682 0.000000 0.000000 0.000000 -0.064874 0.997893
200.972000 7.138794 -79.584701 0.000000 0.000000 0.000000 -0.064008 0.997949
201.040000 6.172916 -79.390893 0.000000 0.000000 0.000000 -0.064111 0.997943
201.104000 5.691569 -78.543518 0.000000 0.000000 0.000000 -0.069914 0.997553
201.172000 4.724890 -78.650099 0.000000 0.000000 0.000000 -0.068300 0.997665
201.236000 3.756930 -78.749570 0.000000 0.000000 0.000000 -0.066786 0.997767
201.304000 2.800476 -78.911590 0.000000 0.000000 0.000000 -0.065112 0.997878
201.368000 1.853700 -79.139508 0.000000 0.000000 0.000000 -0.063074 0.998009
201.436000 0.876577 -79.275452 0.000000 0.000000 0.000000 -0.061485 0.998108
201.500000 -0.056594 -79.600043 0.000000 0.000000 0.000000 -0.059005 0.998258
201.568000 -0.617072 -78.808641 0.000000 0.000000 0.000000 -0.070070 0.997542
201.632000 0.010422 -79.518023 0.000000 0.000000 0.000000 -0.089841 0.995956
201.700000 1.008845 -79.564296 0.000000 0.000000 0.000000 -0.114331 0.993443
201.764000 0.020888 -79.415664 0.000000 0.000000 0.000000 -0.137472 0.990506
201.832000 -0.953173 -79.189444 0.000000 0.000000 0.000000 -0.162315 0.986739
201.896000 -0.778464 -78.213187 0.000000 0.000000 0.000000 -0.212097 0.977249
201.964000 -1.683153 -77.788286 0.000000 0.000000 0.000000 -0.237024 0.971504
202.028000 -1.364852 -76.859909 0.000000 0.000000 0.000000 -0.291634 0.956530
202.096000 -2.144690 -76.249652 0.000000 0.000000 0.000000 -0.316609 0.948556
202.160000 -1.703069 -75.355613 0.000000 0.000000 0.000000 -0.358039 0.933707
202.228000 -2.476240 -74.723349 0.000000 0.000000 0.000000 -0.382462 0.923971
202.292000 -1.871396 -73.927029 0.000000 0.000000 0.000000 -0.429420 0.903105
202.360000 -1.254986 -73.146899 0.000000 0.000000 0.000000 -0.472966 0.881081
202.424000 -0.780936 -72.299972 0.000000 0.000000 0.000000 -0.490875 0.871230
202.492000 -0.714481 -71.323590 0.000000 0.000000 0.000000 -0.494110 0.869399
202.556000 -1.002990 -70.366501 0.000000 0.000000 0.000000 -0.495548 0.868580
202.624000 -1.094855 -69.373866 0.000000 0.000000 0.000000 -0.498390 0.866953
202.688000 -0.898968 -68.402822 0.000000 0.000000 0.000000 -0.502460 0.864601
202.756000 -0.891140 -67.425731 0.000000 0.000000 0.000000 -0.506485 0.862249
202.820000 -0.677532 -66.449097 0.000000 0.000000 0.000000 -0.511617 0.859214
202.888000 -1.120200 -65.558780 0.000000 0.000000 0.000000 -0.511765 0.859125
202.952000 -1.582293 -64.680854 0.000000 0.000000 0.000000 -0.511819 0.859093
203.020000 -1.944360 -63.791797 0.000000 0.000000 0.000000 -0.512881 0.858460
203.084000 -2.224424 -62.860494 0.000000 0.000000 0.000000 -0.514418 0.857539
203.152000 -2.647900 -61.997303 0.000000 0.000000 0.000000 -0.514940 0.857226
203.216000 -3.084848 -61.153816 0.000000 0.000000 0.000000 -0.515041 0.857165
203.284000 -3.367662 -60.229832 0.000000 0.000000 0.000000 -0.516735 0.856145
203.348000 -3.799613 -59.339736 0.000000 0.000000 0.000000 -0.517259 0.855829
203.416000 -4.250504 -58.458299 0.000000 0.000000 0.000000 -0.517462 0.855706
203.480000 -4.680349 -57.567783 0.000000 0.000000 0.000000 -0.517981 0.855392
203.548000 -5.095023 -56.675714 0.000000 0.000000 0.000000 -0.518782 0.854907
203.612000 -5.489219 -55.774887 0.000000 0.000000 0.000000 -0.519195 0.854656
203.680000 -5.974622 -54.926616 0.000000 0.000000 0.000000 -0.518848 0.854867
203.744000 -6.452505 -54.094022 0.000000 0.000000 0.000000 -0.518585 0.855026
203.812000 -6.753686 -53.154420 0.000000 0.000000 0.000000 -0.520582 0.853812
203.876000 -7.238451 -52.331147 0.000000 0.000000 0.000000 -0.519792 0.854293
203.944000 -7.686533 -51.458134 0.000000 0.000000 0.000000 -0.519792 0.854293
204.008000 -8.078002 -50.544199 0.000000 0.000000 0.000000 -0.520493 0.853866
204.076000 -8.571437 -49.761423 0.000000 0.000000 0.000000 -0.525299 0.850917
204.140000 -9.023656 -48.878790 0.000000 0.000000 0.000000 -0.546721 0.837315
204.208000 -9.343144 -47.931528 0.000000 0.000000 0.000000 -0.571581 0.820546
204.272000 -8.721713 -47.200137 0.000000 0.000000 0.000000 -0.613772 0.789483
204.340000 -7.903041 -46.670031 0.000000 0.000000 0.000000 -0.664630 0.747173
204.404000 -8.153048 -45.704024 0.000000 0.000000 0.000000 -0.682918 0.730495
204.472000 -8.322893 -44.728215 0.000000 0.000000 0.000000 -0.701202 0.712962
204.536000 -8.427106 -43.733734 0.000000 0.000000 0.000000 0.718394 -0.695636
204.604000 -7.509178 -43.595376 0.000000 0.000000 0.000000 0.765436 -0.643512
204.668000 -7.623878 -44.542044 0.000000 0.000000 0.000000 0.779900 -0.625904
204.736000 -6.686493 -44.674173 0.000000 0.000000 0.000000 0.817242 -0.576294
204.800000 -6.800695 -45.664737 0.000000 0.000000 0.000000 0.831304 -0.555818
204.868000 -6.085788 -45.868531 0.000000 0.000000 0.000000 0.856031 -0.516924
204.932000 -6.429230 -46.807200 0.000000 0.000000 0.000000 0.868313 -0.496017
205.000000 -6.008558 -45.900799 0.000000 0.000000 0.000000 0.880778 -0.473529
205.064000 -5.512153 -45.033452 0.000000 0.000000 0.000000 0.891922 -0.452189
205.132000 -4.964482 -44.199227 0.000000 0.000000 0.000000 0.898626 -0.438716
205.196000 -4.446517 -43.375982 0.000000 0.000000 0.000000 0.898272 -0.439441
205.264000 -3.533741 -42.988705 0.000000 0.000000 0.000000 0.899656 -0.436600
205.328000 -2.945501 -42.190269 0.000000 0.000000 0.000000 0.899593 -0.436729
205.396000 -2.490816 -41.324955 0.000000 0.000000 0.000000 0.899110 -0.437722
205.460000 -1.501007 -41.454467 0.000000 0.000000 0.000000 0.903761 -0.428037
205.528000 -0.502623 -41.507191 0.000000 0.000000 0.000000 0.905874 -0.423548
205.592000 0.152675 -40.760804 0.000000 0.000000 0.000000 0.905983 -0.423314
205.660000 1.108812 -40.490538 0.000000 0.000000 0.000000 0.907621 -0.419791
205.724000 1.684678 -39.683462 0.000000 0.000000 0.000000 0.907391 -0.420287
205.792000 2.353838 -38.959568 0.000000 0.000000 0.000000 0.907516 -0.420018
205.856000 2.986508 -38.192239 0.000000 0.000000 0.000000 0.907523 -0.420002
205.924000 3.567201 -37.406588 0.000000 0.000000 0.000000 0.907226 -0.420643
205.988000 4.238333 -36.684747 0.000000 0.000000 0.000000 0.907322 -0.420436
206.056000 4.814175 -35.893571 0.000000 0.000000 0.000000 0.907119 -0.420875
206.120000 5.367180 -35.080566 0.000000 0.000000 0.000000 0.906987 -0.421158
206.188000 5.959172 -34.310611 0.000000 0.000000 0.000000 0.906870 -0.421410
206.252000 6.628651 -33.567916 0.000000 0.000000 0.000000 0.906841 -0.421473
206.320000 7.199531 -32.748087 0.000000 0.000000 0.000000 0.915005 -0.403442
206.384000 7.822146 -31.967392 0.000000 0.000000 0.000000 0.924398 -0.381429
206.452000 8.513919 -31.247985 0.000000 0.000000 0.000000 0.933991 -0.357298
206.516000 9.337426 -31.814522 0.000000 0.000000 0.000000 0.945128 -0.326700
206.584000 10.096853 -31.187704 0.000000 0.000000 0.000000 0.945116 -0.326735
206.648000 11.058281 -31.462755 0.000000 0.000000 0.000000 0.946847 -0.321684
206.716000 11.832285 -30.860308 0.000000 0.000000 0.000000 0.946844 -0.321693
206.780000 12.599777 -30.236922 0.000000 0.000000 0.000000 0.946861 -0.321643
206.848000 13.407732 -29.670410 0.000000 0.000000 0.000000 0.946948 -0.321386
206.912000 14.186942 -29.077866 0.000000 0.000000 0.000000 0.946954 -0.321368
206.980000 14.917556 -28.435741 0.000000 0.000000 0.000000 0.946795 -0.321837
207.044000 15.765532 -27.911807 0.000000 0.000000 0.000000 0.946975 -0.321306
207.112000 16.579165 -27.351683 0.000000 0.000000 0.000000 0.947036 -0.321126
207.176000 17.401502 -26.813329 0.000000 0.000000 0.000000 0.947186 -0.320685
207.244000 18.253719 -26.317951 0.000000 0.000000 0.000000 0.947409 -0.320024
207.308000 19.040279 -25.738743 0.000000 0.000000 0.000000 0.947453 -0.319894
207.376000 19.797401 -25.110336 0.000000 0.000000 0.000000 0.947198 -0.320649
207.440000 20.580936 -24.512689 0.000000 0.000000 0.000000 0.947237 -0.320535
207.508000 21.391147 -23.953542 0.000000 0.000000 0.000000 0.947431 -0.319961
207.572000 22.169967 -23.361958 0.000000 0.000000 0.000000 0.947389 -0.320084
207.640000 23.030904 -22.872130 0.000000 0.000000 0.000000 0.947816 -0.318818
207.704000 23.790157 -22.251326 0.000000 0.000000 0.000000 0.947786 -0.318908
207.772000 24.532365 -21.611856 0.000000 0.000000 0.000000 0.947600 -0.319460
207.836000 25.324264 -21.034070 0.000000 0.000000 0.000000 0.947668 -0.319258
207.904000 26.185877 -20.571759 0.000000 0.000000 0.000000 0.948141 -0.317849
207.968000 26.999664 -20.010630 0.000000 0.000000 0.000000 0.948174 -0.317751
208.036000 27.804740 -19.451864 0.000000 0.000000 0.000000 0.948338 -0.317261
208.100000 28.590696 -18.854121 0.000000 0.000000 0.000000 0.948235 -0.317569
208.168000 29.342934 -18.233314 0.000000 0.000000 0.000000 0.948093 -0.317994
208.232000 30.111037 -17.618347 0.000000 0.000000 0.000000 0.948003 -0.318262
208.300000 30.874691 -17.001307 0.000000 0.000000 0.000000 0.947815 -0.318820
208.364000 31.643930 -16.394728 0.000000 0.000000 0.000000 0.947699 -0.319167
208.432000 32.413980 -15.788013 0.000000 0.000000 0.000000 0.947654 -0.319298
208.496000 33.234590 -15.235369 0.000000 0.000000 0.000000 0.947842 -0.318741
208.564000 34.042340 -14.675763 0.000000 0.000000 0.000000 0.947886 -0.318609
208.628000 34.821951 -14.076512 0.000000 0.000000 0.000000 0.947889 -0.318602
208.696000 35.596052 -13.470921 0.000000 0.000000 0.000000 0.947806 -0.318848
208.760000 36.417660 -12.928276 0.000000 0.000000 0.000000 0.948056 -0.318104
208.828000 37.169387 -12.308961 0.000000 0.000000 0.000000 0.947868 -0.318662
208.892000 37.946432 -11.716870 0.000000 0.000000 0.000000 0.947916 -0.318521
208.960000 38.777181 -11.176226 0.000000 0.000000 0.000000 0.948089 -0.318006
209.024000 39.504227 -10.538075 0.000000 0.000000 0.000000 0.947827 -0.318784
209.092000 40.296117 -9.947794 0.000000 0.000000 0.000000 0.947772 -0.318948
209.156000 41.100667 -9.391398 0.000000 0.000000 0.000000 0.947947 -0.318428
209.224000 41.908331 -8.825308 0.000000 0.000000 0.000000 0.948120 -0.317913
209.288000 42.663174 -8.190607 0.000000 0.000000 0.000000 0.947978 -0.318335
209.356000 43.456791 -7.596540 0.000000 0.000000 0.000000 0.948003 -0.318260
209.420000 44.247904 -7.025166 0.000000 0.000000 0.000000 0.948024 -0.318199
209.488000 45.028532 -6.456977 0.000000 0.000000 0.000000 0.947984 -0.318319
209.552000 45.791429 -5.849584 0.000000 0.000000 0.000000 0.947853 -0.318708
209.620000 46.577377 -5.263758 0.000000 0.000000 0.000000 0.947858 -0.318692
209.684000 47.348946 -4.659321 0.000000 0.000000 0.000000 0.947812 -0.318829
209.752000 48.124374 -4.044411 0.000000 0.000000 0.000000 0.947925 -0.318494
209.816000 48.906383 -3.451472 0.000000 0.000000 0.000000 0.947934 -0.318468
209.884000 49.663802 -2.847644 0.000000 0.000000 0.000000 0.947695 -0.319177
209.948000 50.425338 -2.225605 0.000000 0.000000 0.000000 0.947582 -0.319514
210.016000 51.195236 -1.606499 0.000000 0.000000 0.000000 0.950529 -0.310635
210.080000 51.968408 -0.980528 0.000000 0.000000 0.000000 0.957548 -0.288273
210.148000 52.628233 -1.700129 0.000000 0.000000 0.000000 0.972312 -0.233685
210.212000 53.218359 -2.507371 0.000000 0.000000 0.000000 0.983754 -0.179524
210.280000 53.742567 -3.355270 0.000000 0.000000 0.000000 0.992268 -0.124111
210.344000 54.071461 -4.296905 0.000000 0.000000 0.000000 0.997454 -0.071308
210.412000 54.379481 -5.222822 0.000000 0.000000 0.000000 0.999894 -0.014552
210.476000 54.557291 -6.206729 0.000000 0.000000 0.000000 0.999448 0.033210
210.544000 54.672287 -7.198891 0.000000 0.000000 0.000000 0.996585 0.082572
210.608000 54.615668 -8.196215 0.000000 0.000000 0.000000 0.992929 0.118709
210.676000 54.748226 -9.173288 0.000000 0.000000 0.000000 0.991553 0.129703
210.740000 55.697519 -9.396371 0.000000 0.000000 0.000000 0.991596 0.129376
210.808000 55.711408 -10.396272 0.000000 0.000000 0.000000 0.989681 0.143286
210.872000 56.638113 -10.702843 0.000000 0.000000 0.000000 0.989635 0.143603
210.940000 57.593527 -10.865505 0.000000 0.000000 0.000000 0.989687 0.143250
211.004000 58.519254 -11.153317 0.000000 0.000000 0.000000 0.989638 0.143586
211.072000 57.878205 -10.410494 0.000000 0.000000 0.000000 0.989124 0.147082
211.136000 58.799710 -10.721432 0.000000 0.000000 0.000000 0.989179 0.146715
211.204000 59.766258 -10.916421 0.000000 0.000000 0.000000 0.989274 0.146074
211.268000 60.708094 -11.129777 0.000000 0.000000 0.000000 0.989276 0.146057
211.336000 61.644407 -11.389020 0.000000 0.000000 0.000000 0.989346 0.145586
211.400000 62.547689 -11.774044 0.000000 0.000000 0.000000 0.989266 0.146123
211.468000 63.515775 -11.777298 0.000000 0.000000 0.000000 0.989512 0.144453
211.532000 64.356088 -12.256857 0.000000 0.000000 0.000000 0.989311 0.145823
211.600000 64.725961 -13.175903 0.000000 0.000000 0.000000 0.987564 0.157220
211.664000 65.627555 -13.547674 0.000000 0.000000 0.000000 0.987422 0.158108
211.732000 66.049399 -14.450912 0.000000 0.000000 0.000000 0.985832 0.167737
211.796000 66.950852 -14.841006 0.000000 0.000000 0.000000 0.985712 0.168442
211.864000 67.366571 -13.934375 0.000000 0.000000 0.000000 0.987411 0.158173
211.928000 68.322959 -14.128035 0.000000 0.000000 0.000000 0.987469 0.157811
211.996000 69.262556 -14.399808 0.000000 0.000000 0.000000 0.987501 0.157616
212.060000 68.570398 -13.718445 0.000000 0.000000 0.000000 0.987059 0.160357
212.128000 69.204148 -14.459619 0.000000 0.000000 0.000000 0.986073 0.166311
212.192000 69.517028 -13.509831 0.000000 0.000000 0.000000 0.988681 0.150032
212.260000 70.223734 -14.192242 0.000000 0.000000 0.000000 0.988304 0.152496
212.324000 71.145661 -14.506442 0.000000 0.000000 0.000000 0.988250 0.152846
212.392000 71.847826 -15.158959 0.000000 0.000000 0.000000 0.988003 0.154432
212.456000 72.830623 -15.069279 0.000000 0.000000 0.000000 0.988344 0.152236
212.524000 73.130238 -14.116484 0.000000 0.000000 0.000000 0.990224 0.139484
212.588000 74.101115 -14.276707 0.000000 0.000000 0.000000 0.989537 0.144279
212.656000 73.130289 -14.216220 0.000000 0.000000 0.000000 0.985615 0.169007
212.720000 73.001087 -15.207019 0.000000 0.000000 0.000000 0.972874 0.231336
212.788000 72.041337 -14.927747 0.000000 0.000000 0.000000 0.966756 0.255700
212.852000 72.918154 -15.385570 0.000000 0.000000 0.000000 0.960391 0.278655
212.920000 73.822179 -15.794518 0.000000 0.000000 0.000000 0.952994 0.302990
212.984000 73.446594 -16.720144 0.000000 0.000000 0.000000 0.936762 0.349968
213.052000 72.901894 -17.557129 0.000000 0.000000 0.000000 0.921060 0.389421
213.116000 72.589727 -18.507153 0.000000 0.000000 0.000000 0.913311 0.407262
213.184000 73.260889 -19.212898 0.000000 0.000000 0.000000 0.913282 0.407327
213.248000 73.911372 -19.939864 0.000000 0.000000 0.000000 0.913273 0.407348
213.316000 74.572748 -20.669138 0.000000 0.000000 0.000000 0.913276 0.407342
213.380000 75.184813 -21.446337 0.000000 0.000000 0.000000 0.913197 0.407519
213.448000 75.848523 -22.187040 0.000000 0.000000 0.000000 0.913309 0.407268
213.512000 76.491828 -22.928148 0.000000 0.000000 0.000000 0.913294 0.407302
213.580000 77.179423 -23.624553 0.000000 0.000000 0.000000 0.913420 0.407019
213.644000 77.879589 -24.291184 0.000000 0.000000 0.000000 0.913572 0.406676
213.712000 78.514751 -25.026866 0.000000 0.000000 0.000000 0.913573 0.406674
213.776000 79.151950 -25.761117 0.000000 0.000000 0.000000 0.913446 0.406961
213.844000 79.850159 -26.435577 0.000000 0.000000 0.000000 0.913717 0.406350
213.908000 79.485162 -27.365541 0.000000 0.000000 0.000000 0.905755 0.423802
213.976000 80.038746 -28.196419 0.000000 0.000000 0.000000 0.894495 0.447078
214.040000 79.365977 -28.936271 0.000000 0.000000 0.000000 0.873661 0.486535
214.108000 79.590486 -29.893171 0.000000 0.000000 0.000000 0.859782 0.510661
214.172000 78.845565 -30.556754 0.000000 0.000000 0.000000 0.836148 0.548505
214.240000 78.009869 -31.105514 0.000000 0.000000 0.000000 0.809238 0.587481
214.304000 77.147347 -31.606658 0.000000 0.000000 0.000000 0.777822 0.628484
214.372000 76.360300 -32.014780 0.000000 0.000000 0.000000 0.745662 0.666325
214.436000 76.770427 -32.861588 0.000000 0.000000 0.000000 0.729386 0.684102
214.504000 76.957844 -33.842982 0.000000 0.000000 0.000000 0.711071 0.703121
214.568000 76.016717 -34.074734 0.000000 0.000000 0.000000 0.670678 0.741748
214.636000 75.947832 -34.824785 0.000000 0.000000 0.000000 0.658906 0.752225
214.700000 76.844542 -35.262967 0.000000 0.000000 0.000000 0.692762 0.721167
214.768000 77.824571 -35.449373 0.000000 0.000000 0.000000 0.734708 0.678384
214.832000 78.815462 -35.579887 0.000000 0.000000 0.000000 0.767885 0.640587
214.900000 79.774939 -35.301077 0.000000 0.000000 0.000000 0.819686 0.572813
214.964000 80.746789 -35.200923 0.000000 0.000000 0.000000 0.849530 0.527540
215.032000 81.509520 -35.011913 0.000000 0.000000 0.000000 0.878454 0.477828
215.096000 81.159853 -34.087122 0.000000 0.000000 0.000000 0.890161 0.455646
215.164000 82.076465 -33.704988 0.000000 0.000000 0.000000 0.934470 0.356043
215.228000 81.559028 -32.850849 0.000000 0.000000 0.000000 0.943014 0.332754
215.296000 80.918125 -32.087118 0.000000 0.000000 0.000000 0.951385 0.308004
215.360000 80.197486 -31.395695 0.000000 0.000000 0.000000 0.958707 0.284397
215.428000 79.446510 -30.735959 0.000000 0.000000 0.000000 0.965784 0.259348
215.492000 78.672375 -30.104356 0.000000 0.000000 0.000000 0.971745 0.236033
215.560000 77.840717 -29.552071 0.000000 0.000000 0.000000 0.977434 0.211242
215.624000 78.378923 -28.709579 0.000000 0.000000 0.000000 0.988624 0.150408
215.692000 78.769590 -27.798220 0.000000 0.000000 0.000000 0.996281 0.086165
215.756000 79.727019 -28.078242 0.000000 0.000000 0.000000 0.998092 0.061738
215.824000 79.897917 -27.106253 0.000000 0.000000 0.000000 0.999974 0.007174
215.888000 80.018524 -26.126676 0.000000 0.000000 0.000000 0.998860 -0.047730
215.956000 80.039437 -25.127993 0.000000 0.000000 0.000000 0.993470 -0.114095
216.020000 81.014804 -24.999973 0.000000 0.000000 0.000000 0.993479 -0.114016
216.088000 81.970667 -24.773586 0.000000 0.000000 0.000000 0.993458 -0.114197
216.152000 82.941083 -24.627954 0.000000 0.000000 0.000000 0.993508 -0.113764
216.220000 83.890596 -24.385295 0.000000 0.000000 0.000000 0.993483 -0.113982
216.284000 84.867661 -24.268894 0.000000 0.000000 0.000000 0.993491 -0.113914
216.352000 85.273085 -25.175958 0.000000 0.000000 0.000000 0.994108 -0.108397
216.416000 86.242236 -25.006409 0.000000 0.000000 0.000000 0.994110 -0.108372
216.484000 87.224768 -25.064248 0.000000 0.000000 0.000000 0.994192 -0.107623
216.548000 88.199208 -25.099362 0.000000 0.000000 0.000000 0.994240 -0.107177
216.616000 88.486229 -24.155207 0.000000 0.000000 0.000000 0.993724 -0.111856
216.680000 89.398302 -24.537946 0.000000 0.000000 0.000000 0.993916 -0.110145
216.748000 89.728374 -25.475418 0.000000 0.000000 0.000000 0.994693 -0.102889
216.812000 90.669336 -25.166517 0.000000 0.000000 0.000000 0.994694 -0.102881
216.880000 91.379093 -24.471393 0.000000 0.000000 0.000000 0.994440 -0.105308
216.944000 91.486166 -23.479517 0.000000 0.000000 0.000000 0.992572 -0.121660
217.012000 91.329408 -22.503288 0.000000 0.000000 0.000000 0.984977 -0.172684
217.076000 91.066381 -21.539296 0.000000 0.000000 0.000000 0.975125 -0.221654
217.144000 90.744567 -20.605271 0.000000 0.000000 0.000000 0.962626 -0.270833
217.208000 90.351354 -19.697751 0.000000 0.000000 0.000000 0.947598 -0.319464
217.276000 89.879142 -18.820336 0.000000 0.000000 0.000000 0.932091 -0.362224
217.340000 89.251394 -18.043002 0.000000 0.000000 0.000000 0.915335 -0.402694
217.408000 88.583352 -17.314735 0.000000 0.000000 0.000000 0.896317 -0.443414
217.472000 88.839348 -16.381456 0.000000 0.000000 0.000000 0.895931 -0.444194
217.540000 89.379225 -15.539897 0.000000 0.000000 0.000000 0.895794 -0.444469
217.604000 90.139242 -14.934261 0.000000 0.000000 0.000000 0.896145 -0.443762
217.672000 90.323098 -13.970060 0.000000 0.000000 0.000000 0.895766 -0.444525
217.736000 91.187282 -13.472337 0.000000 0.000000 0.000000 0.896353 -0.443342
217.804000 90.681406 -14.331152 0.000000 0.000000 0.000000 0.896143 -0.443765
217.868000 89.916144 -14.974648 0.000000 0.000000 0.000000 0.896555 -0.442932
217.936000 90.412170 -14.106832 0.000000 0.000000 0.000000 0.889903 -0.456149
218.000000 91.002983 -13.312717 0.000000 0.000000 0.000000 0.878978 -0.476863
218.068000 90.199578 -12.725118 0.000000 0.000000 0.000000 0.853208 -0.521571
218.132000 89.383424 -12.196364 0.000000 0.000000 0.000000 0.826278 -0.563262
218.200000 88.486812 -11.753548 0.000000 0.000000 0.000000 0.795193 -0.606357
218.264000 87.551361 -11.400355 0.000000 0.000000 0.000000 0.765279 -0.643698
218.332000 86.619393 -11.037962 0.000000 0.000000 0.000000 0.743930 -0.668258
218.396000 86.377997 -11.985548 0.000000 0.000000 0.000000 0.744323 -0.667820
218.464000 85.885665 -11.146437 0.000000 0.000000 0.000000 0.742434 -0.669919
218.528000 86.770934 -10.699349 0.000000 0.000000 0.000000 0.745328 -0.666698
218.596000 86.028844 -10.084642 0.000000 0.000000 0.000000 0.741653 -0.670783
218.660000 86.919785 -9.650473 0.000000 0.000000 0.000000 0.745077 -0.666978
218.728000 86.287019 -8.938853 0.000000 0.000000 0.000000 0.742430 -0.669924
218.792000 85.796641 -8.091133 0.000000 0.000000 0.000000 0.740498 -0.672059
218.860000 86.658258 -7.607753 0.000000 0.000000 0.000000 0.744659 -0.667445
218.924000 85.952187 -6.953706 0.000000 0.000000 0.000000 0.742283 -0.670086
218.992000 85.464396 -6.104093 0.000000 0.000000 0.000000 0.740272 -0.672308
219.056000 85.568137 -7.068490 0.000000 0.000000 0.000000 0.739904 -0.672713
219.124000 85.565029 -6.077845 0.000000 0.000000 0.000000 0.739563 -0.673088
219.188000 85.825137 -7.037378 0.000000 0.000000 0.000000 0.738753 -0.673976
219.256000 85.624955 -6.079794 0.000000 0.000000 0.000000 0.738281 -0.674493
219.320000 85.558864 -5.087503 0.000000 0.000000 0.000000 0.734982 -0.678087
219.388000 84.585535 -4.868969 0.000000 0.000000 0.000000 -0.701165 0.712999
219.452000 83.613446 -4.653063 0.000000 0.000000 0.000000 -0.671369 0.741123
219.520000 82.614503 -4.612180 0.000000 0.000000 0.000000 -0.638063 0.769984
219.584000 81.621954 -4.667435 0.000000 0.000000 0.000000 -0.608312 0.793698
219.652000 80.628774 -4.784023 0.000000 0.000000 0.000000 -0.570115 0.821565
219.716000 79.685343 -4.965609 0.000000 0.000000 0.000000 -0.536396 0.843966
219.784000 78.698722 -5.089121 0.000000 0.000000 0.000000 -0.514292 0.857615
219.848000 79.452869 -5.715486 0.000000 0.000000 0.000000 -0.513207 0.858265
219.916000 79.772298 -4.778612 0.000000 0.000000 0.000000 -0.517386 0.855752
219.980000 79.427293 -3.863087 0.000000 0.000000 0.000000 -0.517988 0.855388
220.048000 79.215748 -2.916215 0.000000 0.000000 0.000000 -0.518862 0.854858
220.112000 79.192588 -1.941608 0.000000 0.000000 0.000000 -0.520935 0.853597
220.180000 78.731544 -1.084742 0.000000 0.000000 0.000000 -0.520833 0.853658
220.244000 78.838959 -0.109773 0.000000 0.000000 0.000000 -0.523903 0.851778
220.312000 79.000404 0.860676 0.000000 0.000000 0.000000 -0.527349 0.849649
220.376000 78.603202 1.754010 0.000000 0.000000 0.000000 -0.527552 0.849523
220.444000 78.959439 2.679555 0.000000 0.000000 0.000000 -0.531549 0.847028
220.508000 78.425137 3.498011 0.000000 0.000000 0.000000 -0.531083 0.847320
220.576000 78.373870 4.469189 0.000000 0.000000 0.000000 -0.533647 0.845708
220.640000 77.969229 5.359544 0.000000 0.000000 0.000000 -0.533626 0.845721
220.708000 78.148922 6.328628 0.000000 0.000000 0.000000 -0.537295 0.843394
220.772000 77.777008 7.233135 0.000000 0.000000 0.000000 -0.537493 0.843268
220.840000 77.157994 7.993331 0.000000 0.000000 0.000000 -0.536215 0.844082
220.904000 77.740780 7.215557 0.000000 0.000000 0.000000 -0.535319 0.844650
220.972000 78.451502 6.539853 0.000000 0.000000 0.000000 -0.533569 0.845757
221.036000 77.845360 7.302492 0.000000 0.000000 0.000000 -0.532719 0.846292
221.104000 77.504280 8.218514 0.000000 0.000000 0.000000 -0.533466 0.845821
221.168000 78.081823 7.428144 0.000000 0.000000 0.000000 -0.532866 0.846200
221.236000 77.624337 8.292031 0.000000 0.000000 0.000000 -0.532712 0.846297
221.300000 77.179000 9.162569 0.000000 0.000000 0.000000 -0.532585 0.846377
221.368000 76.660790 9.991965 0.000000 0.000000 0.000000 -0.532146 0.846652
221.432000 76.223527 10.866457 0.000000 0.000000 0.000000 -0.532040 0.846719
221.500000 75.884508 11.783382 0.000000 0.000000 0.000000 -0.532564 0.846390
221.564000 75.461133 12.664798 0.000000 0.000000 0.000000 -0.532635 0.846345
221.632000 75.010053 13.531862 0.000000 0.000000 0.000000 -0.531939 0.846783
221.696000 74.561873 14.399862 0.000000 0.000000 0.000000 -0.531784 0.846880
221.764000 74.195461 15.305433 0.000000 0.000000 0.000000 -0.532238 0.846595
221.828000 73.630940 16.103500 0.000000 0.000000 0.000000 -0.531328 0.847166
221.896000 73.317837 17.028915 0.000000 0.000000 0.000000 -0.532233 0.846598
221.960000 72.947765 17.932313 0.000000 0.000000 0.000000 -0.532731 0.846285
222.028000 72.525500 18.813325 0.000000 0.000000 0.000000 -0.532757 0.846268
222.092000 73.060310 17.994862 0.000000 0.000000 0.000000 -0.531952 0.846775
222.160000 72.630038 18.871948 0.000000 0.000000 0.000000 -0.531761 0.846894
222.224000 72.298553 19.790243 0.000000 0.000000 0.000000 -0.532337 0.846533
222.292000 71.938766 20.697297 0.000000 0.000000 0.000000 -0.533386 0.845872
222.356000 71.476135 21.557760 0.000000 0.000000 0.000000 -0.533178 0.846003
222.424000 71.030153 22.426755 0.000000 0.000000 0.000000 -0.533052 0.846082
222.488000 70.589908 23.298578 0.000000 0.000000 0.000000 -0.532801 0.846241
222.556000 70.172689 24.181035 0.000000 0.000000 0.000000 -0.532750 0.846273
222.620000 69.740037 25.056626 0.000000 0.000000 0.000000 -0.532462 0.846454
222.688000 69.382472 25.964592 0.000000 0.000000 0.000000 -0.533306 0.845922
222.752000 68.395813 26.098063 0.000000 0.000000 0.000000 -0.526772 0.850007
222.820000 67.999238 26.989670 0.000000 0.000000 0.000000 -0.526908 0.849923
222.884000 67.026928 27.193450 0.000000 0.000000 0.000000 -0.520519 0.853850
222.952000 66.036750 27.103753 0.000000 0.000000 0.000000 -0.511506 0.859280
223.016000 65.502882 27.921297 0.000000 0.000000 0.000000 -0.510983 0.859591
223.084000 64.860469 28.656761 0.000000 0.000000 0.000000 -0.509612 0.860405
223.148000 63.889239 28.848736 0.000000 0.000000 0.000000 -0.503560 0.863960
223.216000 62.917362 28.635564 0.000000 0.000000 0.000000 -0.491343 0.870966
223.280000 62.599092 29.555943 0.000000 0.000000 0.000000 -0.492908 0.870081
223.348000 63.579038 29.735383 0.000000 0.000000 0.000000 -0.499698 0.866199
223.412000 64.213025 30.505643 0.000000 0.000000 0.000000 -0.530247 0.847843
223.480000 64.963039 31.162369 0.000000 0.000000 0.000000 -0.568236 0.822866
223.544000 65.610426 30.474037 0.000000 0.000000 0.000000 -0.587423 0.809280
223.612000 65.193098 31.382699 0.000000 0.000000 0.000000 -0.606727 0.794910
223.676000 64.947812 32.346949 0.000000 0.000000 0.000000 -0.624802 0.780783
223.744000 64.758796 33.326406 0.000000 0.000000 0.000000 -0.644006 0.765020
223.808000 64.544425 34.301681 0.000000 0.000000 0.000000 -0.661638 0.749824
223.876000 64.386558 35.289119 0.000000 0.000000 0.000000 -0.679899 0.733306
223.940000 64.312882 36.284461 0.000000 0.000000 0.000000 -0.696837 0.717229
224.008000 64.232615 37.279391 0.000000 0.000000 0.000000 0.714352 -0.699786
224.072000 64.113265 38.272186 0.000000 0.000000 0.000000 0.730370 -0.683051
224.140000 64.142530 39.271474 0.000000 0.000000 0.000000 0.747728 -0.664005
224.204000 64.183744 40.268272 0.000000 0.000000 0.000000 0.763606 -0.645682
224.272000 64.268592 41.259723 0.000000 0.000000 0.000000 0.779778 -0.626056
224.336000 65.267407 41.233490 0.000000 0.000000 0.000000 0.814402 -0.580301
224.404000 65.599002 42.141090 0.000000 0.000000 0.000000 0.821068 -0.570830
224.468000 65.948693 43.057443 0.000000 0.000000 0.000000 0.821257 -0.570559
224.536000 66.305381 43.970414 0.000000 0.000000 0.000000 0.821293 -0.570507
224.600000 66.633800 44.882890 0.000000 0.000000 0.000000 0.821107 -0.570775
224.668000 66.982584 45.796348 0.000000 0.000000 0.000000 0.821253 -0.570564
224.732000 67.363296 46.678232 0.000000 0.000000 0.000000 0.821360 -0.570410
224.800000 67.714788 47.592432 0.000000 0.000000 0.000000 0.821342 -0.570437
224.864000 68.061835 48.490612 0.000000 0.000000 0.000000 0.821333 -0.570449
224.932000 67.549411 49.302577 0.000000 0.000000 0.000000 0.818856 -0.573999
224.996000 66.994341 50.096580 0.000000 0.000000 0.000000 0.816257 -0.577689
225.064000 66.608561 50.961838 0.000000 0.000000 0.000000 0.814160 -0.580641
225.128000 65.830751 51.574696 0.000000 0.000000 0.000000 0.810467 -0.585784
225.196000 66.814782 51.434108 0.000000 0.000000 0.000000 0.820202 -0.572074
225.260000 67.746782 51.717240 0.000000 0.000000 0.000000 0.821171 -0.570683
225.328000 68.119501 52.586577 0.000000 0.000000 0.000000 0.821394 -0.570361
225.392000 69.022456 52.989244 0.000000 0.000000 0.000000 0.823876 -0.566770
225.460000 70.008031 53.144571 0.000000 0.000000 0.000000 0.827696 -0.561177
225.524000 70.359375 54.063129 0.000000 0.000000 0.000000 0.827658 -0.561232
225.592000 70.715107 54.974988 0.000000 0.000000 0.000000 0.827659 -0.561232
225.656000 71.712521 54.972371 0.000000 0.000000 0.000000 0.830553 -0.556940
225.724000 72.068344 55.888897 0.000000 0.000000 0.000000 0.830467 -0.557068
225.788000 73.059638 55.965075 0.000000 0.000000 0.000000 0.835368 -0.549692
225.856000 73.419908 56.879875 0.000000 0.000000 0.000000 0.835173 -0.549987
225.920000 73.795800 57.781102 0.000000 0.000000 0.000000 0.835045 -0.550182
225.988000 73.255776 58.618094 0.000000 0.000000 0.000000 0.832261 -0.554384
226.052000 73.748490 59.476238 0.000000 0.000000 0.000000 0.832534 -0.553974
226.120000 73.230679 60.329161 0.000000 0.000000 0.000000 0.829254 -0.558873
226.184000 73.533461 61.265974 0.000000 0.000000 0.000000 0.828951 -0.559322
226.252000 73.914033 62.173215 0.000000 0.000000 0.000000 0.829161 -0.559010
226.316000 74.296470 63.082590 0.000000 0.000000 0.000000 0.829226 -0.558914
226.384000 74.677113 63.986579 0.000000 0.000000 0.000000 0.829261 -0.558862
226.448000 75.027376 64.897448 0.000000 0.000000 0.000000 0.829239 -0.558894
226.516000 75.429730 65.782616 0.000000 0.000000 0.000000 0.829443 -0.558591
226.580000 75.762060 66.704417 0.000000 0.000000 0.000000 0.829290 -0.558818
226.648000 76.217763 67.578570 0.000000 0.000000 0.000000 0.829649 -0.558285
226.712000 76.479560 68.515645 0.000000 0.000000 0.000000 0.834499 -0.551010
226.780000 76.625156 69.496362 0.000000 0.000000 0.000000 0.847301 -0.531113
226.844000 77.525585 69.129333 0.000000 0.000000 0.000000 0.875185 -0.483789
226.912000 78.491522 69.178151 0.000000 0.000000 0.000000 0.893250 -0.449561
226.976000 78.833992 70.112152 0.000000 0.000000 0.000000 0.903950 -0.427638
227.044000 79.396245 70.931982 0.000000 0.000000 0.000000 0.914603 -0.404354
227.108000 78.859983 70.087959 0.000000 0.000000 0.000000 0.924192 -0.381927
227.176000 78.255880 69.295065 0.000000 0.000000 0.000000 0.933726 -0.357989
227.240000 77.631809 68.518078 0.000000 0.000000 0.000000 0.941928 -0.335816
227.308000 78.336023 67.848508 0.000000 0.000000 0.000000 0.959081 -0.283133
227.372000 78.924759 67.040391 0.000000 0.000000 0.000000 0.972842 -0.231471
227.440000 79.442751 66.185074 0.000000 0.000000 0.000000 0.984018 -0.178068
227.504000 79.909728 65.301805 0.000000 0.000000 0.000000 0.991837 -0.127513
227.572000 80.878295 65.548037 0.000000 0.000000 0.000000 0.994686 -0.102953
227.636000 81.255224 64.625712 0.000000 0.000000 0.000000 0.997957 -0.063884
227.704000 81.760952 63.771308 0.000000 0.000000 0.000000 0.998631 -0.052303
227.768000 81.565432 64.751176 0.000000 0.000000 0.000000 0.998269 -0.058810
227.836000 81.387809 65.735212 0.000000 0.000000 0.000000 0.998125 -0.061214
227.900000 82.032771 66.415639 0.000000 0.000000 0.000000 0.998022 -0.062870
227.968000 81.728050 67.366767 0.000000 0.000000 0.000000 0.998159 -0.060653
228.032000 80.759620 67.241981 0.000000 0.000000 0.000000 0.998159 -0.060653
228.100000 81.098410 66.304999 0.000000 0.000000 0.000000 0.998394 -0.056660
228.164000 82.067385 66.459673 0.000000 0.000000 0.000000 0.998382 -0.056857
228.232000 82.442892 67.383136 0.000000 0.000000 0.000000 0.998083 -0.061888
228.296000 82.519660 68.379243 0.000000 0.000000 0.000000 0.997838 -0.065728
228.364000 82.202896 69.326385 0.000000 0.000000 0.000000 0.997761 -0.066886
228.428000 82.481262 68.369585 0.000000 0.000000 0.000000 0.998134 -0.061061
228.496000 82.940711 69.252771 0.000000 0.000000 0.000000 0.997787 -0.066486
228.560000 83.512769 68.438100 0.000000 0.000000 0.000000 0.997991 -0.063361
228.628000 84.298075 68.995523 0.000000 0.000000 0.000000 0.997862 -0.065361
228.692000 84.846330 68.172737 0.000000 0.000000 0.000000 0.998021 -0.062874
228.760000 84.955072 69.164350 0.000000 0.000000 0.000000 0.997502 -0.070633
228.824000 85.326040 70.088133 0.000000 0.000000 0.000000 0.997003 -0.077359
228.892000 85.611984 71.036709 0.000000 0.000000 0.000000 0.996444 -0.084255
228.956000 86.058541 70.147155 0.000000 0.000000 0.000000 0.996852 -0.079286
229.024000 87.040448 70.267519 0.000000 0.000000 0.000000 0.996847 -0.079348
229.088000 87.105627 71.263127 0.000000 0.000000 0.000000 0.996095 -0.088287
229.156000 88.083451 71.365965 0.000000 0.000000 0.000000 0.996095 -0.088288
229.220000 89.049944 71.529907 0.000000 0.000000 0.000000 0.996079 -0.088466
229.288000 90.012668 71.728903 0.000000 0.000000 0.000000 0.994801 -0.101835
229.352000 90.970451 72.015030 0.000000 0.000000 0.000000 0.992165 -0.124935
229.420000 90.824003 72.965587 0.000000 0.000000 0.000000 0.985421 -0.170135
229.484000 90.924048 73.953400 0.000000 0.000000 0.000000 0.978582 -0.205856
229.552000 90.647736 74.879826 0.000000 0.000000 0.000000 0.968491 -0.249047
229.616000 90.444303 75.858857 0.000000 0.000000 0.000000 0.957059 -0.289894
229.684000 90.113421 76.801701 0.000000 0.000000 0.000000 0.943708 -0.330779
229.748000 89.644718 77.651117 0.000000 0.000000 0.000000 0.929553 -0.368688
229.816000 89.106777 78.443971 0.000000 0.000000 0.000000 0.912943 -0.408087
229.880000 88.519706 79.204445 0.000000 0.000000 0.000000 0.894865 -0.446337
229.948000 87.817809 79.907768 0.000000 0.000000 0.000000 0.871598 -0.490221
230.012000 87.200772 80.688215 0.000000 0.000000 0.000000 0.852430 -0.522841
230.080000 87.520569 81.619547 0.000000 0.000000 0.000000 0.851939 -0.523640
230.144000 87.172100 82.528202 0.000000 0.000000 0.000000 0.846921 -0.531718
230.212000 87.968654 83.105811 0.000000 0.000000 0.000000 0.848753 -0.528789
230.276000 87.745330 84.054186 0.000000 0.000000 0.000000 0.845473 -0.534018
230.344000 88.361134 84.808870 0.000000 0.000000 0.000000 0.846598 -0.532233
230.408000 89.034628 85.542487 0.000000 0.000000 0.000000 0.847742 -0.530408
230.476000 89.190732 86.506828 0.000000 0.000000 0.000000 0.846739 -0.532009
230.540000 90.059935 86.988475 0.000000 0.000000 0.000000 0.849047 -0.528318
230.608000 90.877637 87.536548 0.000000 0.000000 0.000000 0.851121 -0.524970
230.672000 91.688145 88.081922 0.000000 0.000000 0.000000 0.853104 -0.521740
230.740000 91.453223 89.053724 0.000000 0.000000 0.000000 0.851032 -0.525114
230.804000 92.334798 89.481594 0.000000 0.000000 0.000000 0.853580 -0.520962
230.872000 92.652892 90.398522 0.000000 0.000000 0.000000 0.853021 -0.521876
230.936000 93.495060 90.886029 0.000000 0.000000 0.000000 0.855245 -0.518224
231.004000 94.438829 91.116296 0.000000 0.000000 0.000000 0.860920 -0.508740
231.068000 95.046709 91.857466 0.000000 0.000000 0.000000 0.861810 -0.507232
231.136000 95.444353 92.764221 0.000000 0.000000 0.000000 0.861341 -0.508027
231.200000 95.649470 93.728319 0.000000 0.000000 0.000000 0.860028 -0.510247
231.268000 96.184308 94.519351 0.000000 0.000000 0.000000 0.860781 -0.508976
231.332000 96.564573 95.408631 0.000000 0.000000 0.000000 0.859883 -0.510490
231.400000 96.881121 96.343270 0.000000 0.000000 0.000000 0.859065 -0.511866
231.464000 97.220062 97.255527 0.000000 0.000000 0.000000 0.858250 -0.513233
231.532000 97.585267 98.164994 0.000000 0.000000 0.000000 0.857585 -0.514343
231.596000 97.510790 99.151514 0.000000 0.000000 0.000000 0.855126 -0.518421
231.664000 98.438758 99.472674 0.000000 0.000000 0.000000 0.860762 -0.509007
231.728000 98.925700 100.298599 0.000000 0.000000 0.000000 0.860595 -0.509289
231.796000 99.282336 101.206398 0.000000 0.000000 0.000000 0.859956 -0.510367
231.860000 99.551221 102.169045 0.000000 0.000000 0.000000 0.858455 -0.512889
231.928000 99.819089 103.132051 0.000000 0.000000 0.000000 0.856351 -0.516394
231.992000 100.351143 103.935677 0.000000 0.000000 0.000000 0.856648 -0.515901
232.060000 100.841809 104.806827 0.000000 0.000000 0.000000 0.856685 -0.515840
232.124000 100.654355 105.784629 0.000000 0.000000 0.000000 0.854799 -0.518959
232.192000 101.639116 105.622124 0.000000 0.000000 0.000000 0.888778 -0.458337
232.256000 102.610761 105.406399 0.000000 0.000000 0.000000 0.915603 -0.402085
232.324000 103.502397 104.989042 0.000000 0.000000 0.000000 0.941041 -0.338294
232.388000 104.103686 105.776273 0.000000 0.000000 0.000000 0.949122 -0.314910
232.456000 104.919697 105.198367 0.000000 0.000000 0.000000 0.968447 -0.249218
232.520000 105.751175 105.736581 0.000000 0.000000 0.000000 0.974261 -0.225421
232.588000 106.600042 106.258879 0.000000 0.000000 0.000000 0.979751 -0.200220
232.652000 107.465475 106.749160 0.000000 0.000000 0.000000 0.984211 -0.177000
232.720000 106.627015 106.205692 0.000000 0.000000 0.000000 0.988372 -0.152054
232.784000 105.737019 105.751938 0.000000 0.000000 0.000000 0.991660 -0.128884
232.852000 106.687140 106.050492 0.000000 0.000000 0.000000 0.993068 -0.117540
232.916000 107.619533 106.328191 0.000000 0.000000 0.000000 0.993037 -0.117800
232.984000 108.551375 106.635415 0.000000 0.000000 0.000000 0.992975 -0.118325
233.048000 109.454618 106.994980 0.000000 0.000000 0.000000 0.992903 -0.118927
233.116000 110.369680 107.305774 0.000000 0.000000 0.000000 0.992833 -0.119508
233.180000 111.303531 107.607285 0.000000 0.000000 0.000000 0.992777 -0.119976
233.248000 112.227221 107.906350 0.000000 0.000000 0.000000 0.992758 -0.120129
233.312000 113.189686 108.099888 0.000000 0.000000 0.000000 0.992826 -0.119571
233.380000 114.085757 108.499194 0.000000 0.000000 0.000000 0.992668 -0.120869
233.444000 114.990686 108.897573 0.000000 0.000000 0.000000 0.992501 -0.122239
233.512000 115.884138 109.302327 0.000000 0.000000 0.000000 0.992293 -0.123917
233.576000 116.773359 109.676090 0.000000 0.000000 0.000000 0.992216 -0.124531
233.644000 117.655995 110.099036 0.000000 0.000000 0.000000 0.992054 -0.125817
233.708000 118.543975 110.511253 0.000000 0.000000 0.000000 0.991928 -0.126800
233.776000 119.436335 110.941321 0.000000 0.000000 0.000000 0.991750 -0.128187
233.840000 120.389478 111.159991 0.000000 0.000000 0.000000 0.991776 -0.127989
233.908000 121.274689 111.563959 0.000000 0.000000 0.000000 0.991571 -0.129561
233.972000 122.053741 112.116858 0.000000 0.000000 0.000000 0.991353 -0.131224
234.040000 122.973184 112.490092 0.000000 0.000000 0.000000 0.993125 -0.117057
234.104000 123.915002 112.766856 0.000000 0.000000 0.000000 0.995556 -0.094167
234.172000 124.866871 113.044146 0.000000 0.000000 0.000000 0.997563 -0.069766
234.236000 125.059131 112.110670 0.000000 0.000000 0.000000 0.999963 -0.008643
234.304000 126.049666 112.175598 0.000000 0.000000 0.000000 0.999862 0.016601
234.368000 127.043230 112.210897 0.000000 0.000000 0.000000 0.999171 0.040714
234.436000 128.028196 112.186661 0.000000 0.000000 0.000000 0.997786 0.066503
234.500000 129.020517 112.126310 0.000000 0.000000 0.000000 0.996765 0.080366
234.568000 129.953164 111.904526 0.000000 0.000000 0.000000 0.996724 0.080872
234.632000 130.919643 111.754192 0.000000 0.000000 0.000000 0.996743 0.080649
234.700000 131.896736 111.655808 0.000000 0.000000 0.000000 0.996793 0.080029
234.764000 132.695830 111.232551 0.000000 0.000000 0.000000 0.996537 0.083154
234.832000 133.633147 110.961294 0.000000 0.000000 0.000000 0.996458 0.084093
234.896000 134.581676 110.769127 0.000000 0.000000 0.000000 0.996468 0.083969
234.964000 135.553762 110.599686 0.000000 0.000000 0.000000 0.996482 0.083804
235.028000 136.493279 110.289526 0.000000 0.000000 0.000000 0.996419 0.084559
235.096000 137.467668 110.124554 0.000000 0.000000 0.000000 0.996399 0.084789
235.160000 138.445325 110.077048 0.000000 0.000000 0.000000 0.996436 0.084347
235.228000 139.372987 109.763596 0.000000 0.000000 0.000000 0.996340 0.085473
235.292000 140.339426 109.602692 0.000000 0.000000 0.000000 0.996356 0.085292
235.360000 141.286286 109.364620 0.000000 0.000000 0.000000 0.996298 0.085966
235.424000 142.236542 109.115917 0.000000 0.000000 0.000000 0.996265 0.086347
235.492000 143.202953 108.938724 0.000000 0.000000 0.000000 0.996268 0.086309
235.556000 144.171246 108.776705 0.000000 0.000000 0.000000 0.996292 0.086034
235.624000 145.133282 108.589260 0.000000 0.000000 0.000000 0.996293 0.086025
235.688000 146.103310 108.433503 0.000000 0.000000 0.000000 0.996305 0.085891
235.756000 147.061762 108.236389 0.000000 0.000000 0.000000 0.996286 0.086103
235.820000 148.023133 108.046696 0.000000 0.000000 0.000000 0.996256 0.086457
235.888000 148.952697 107.743806 0.000000 0.000000 0.000000 0.996157 0.087591
235.952000 149.905503 107.528488 0.000000 0.000000 0.000000 0.996124 0.087962
236.020000 150.855756 107.293375 0.000000 0.000000 0.000000 0.996088 0.088366
236.084000 151.768331 106.973828 0.000000 0.000000 0.000000 0.995993 0.089435
236.152000 152.717442 106.746853 0.000000 0.000000 0.000000 0.995961 0.089788
236.216000 153.634575 106.429223 0.000000 0.000000 0.000000 0.995880 0.090684
236.284000 154.565373 106.147864 0.000000 0.000000 0.000000 0.995812 0.091420
236.348000 155.523586 105.955259 0.000000 0.000000 0.000000 0.995812 0.091420
236.416000 156.442677 105.609053 0.000000 0.000000 0.000000 0.995686 0.092787
236.480000 157.410216 105.451943 0.000000 0.000000 0.000000 0.995711 0.092515
236.548000 158.297353 105.100340 0.000000 0.000000 0.000000 0.995558 0.094154
236.612000 159.180689 104.722496 0.000000 0.000000 0.000000 0.995412 0.095679
236.680000 160.152675 104.548496 0.000000 0.000000 0.000000 0.995438 0.095415
236.744000 161.102009 104.319556 0.000000 0.000000 0.000000 0.995424 0.095556
236.812000 161.994619 103.949328 0.000000 0.000000 0.000000 0.995238 0.097471
236.876000 162.913164 103.636509 0.000000 0.000000 0.000000 0.995127 0.098601
236.944000 163.846016 103.355259 0.000000 0.000000 0.000000 0.995032 0.099558
237.008000 164.749273 102.997907 0.000000 0.000000 0.000000 0.994882 0.101041
237.076000 165.734204 102.900367 0.000000 0.000000 0.000000 0.994965 0.100227
237.140000 166.683739 102.657311 0.000000 0.000000 0.000000 0.994889 0.100976
237.208000 167.561748 102.229125 0.000000 0.000000 0.000000 0.994614 0.103648
237.272000 168.499884 101.970941 0.000000 0.000000 0.000000 0.994572 0.104053
237.340000 169.478786 101.909254 0.000000 0.000000 0.000000 0.994719 0.102631
237.404000 170.440302 101.734662 0.000000 0.000000 0.000000 0.994722 0.102605
237.472000 171.404371 101.519693 0.000000 0.000000 0.000000 0.994694 0.102874
237.536000 172.390901 101.440838 0.000000 0.000000 0.000000 0.994808 0.101772
237.604000 173.380150 101.391825 0.000000 0.000000 0.000000 0.995006 0.099814
237.668000 174.362613 101.372821 0.000000 0.000000 0.000000 0.995220 0.097656
237.736000 175.340216 101.220800 0.000000 0.000000 0.000000 0.995265 0.097199
237.800000 176.303325 101.007716 0.000000 0.000000 0.000000 0.995256 0.097290
237.868000 177.293985 100.993209 0.000000 0.000000 0.000000 0.995464 0.095136
237.932000 178.243450 100.750846 0.000000 0.000000 0.000000 0.995384 0.095968
238.000000 179.194455 100.564082 0.000000 0.000000 0.000000 0.995360 0.096217
238.064000 180.152639 100.549225 0.000000 0.000000 0.000000 0.995567 0.094050
238.132000 181.100926 100.288268 0.000000 0.000000 0.000000 0.995479 0.094982
238.196000 182.050880 100.111132 0.000000 0.000000 0.000000 0.994976 0.100117
238.264000 183.045813 100.038748 0.000000 0.000000 0.000000 0.992170 0.124895
238.328000 184.032031 99.890890 0.000000 0.000000 0.000000 0.988715 0.149807
238.396000 184.994710 99.633208 0.000000 0.000000 0.000000 0.984205 0.177034
238.460000 185.964296 99.409297 0.000000 0.000000 0.000000 0.979502 0.201435
238.528000 186.826671 98.904426 0.000000 0.000000 0.000000 0.972923 0.231131
238.592000 187.773329 98.616298 0.000000 0.000000 0.000000 0.967015 0.254719
238.660000 187.538543 97.644775 0.000000 0.000000 0.000000 0.946858 0.321651
238.724000 188.385870 97.124086 0.000000 0.000000 0.000000 0.938602 0.345001
238.792000 189.210301 96.571162 0.000000 0.000000 0.000000 0.929382 0.369120
238.856000 190.050754 96.031152 0.000000 0.000000 0.000000 0.920584 0.390544
238.924000 189.494254 95.201048 0.000000 0.000000 0.000000 0.886074 0.463543
238.988000 190.146112 94.448072 0.000000 0.000000 0.000000 0.874826 0.484437
239.056000 190.750721 93.655993 0.000000 0.000000 0.000000 0.862340 0.506330
239.120000 189.765942 93.507818 0.000000 0.000000 0.000000 0.848840 0.528650
239.188000 190.636340 93.999883 0.000000 0.000000 0.000000 0.838751 0.544515
239.252000 191.101878 93.129561 0.000000 0.000000 0.000000 0.826659 0.562702
239.320000 191.720970 93.895080 0.000000 0.000000 0.000000 0.824857 0.565341
239.384000 192.676494 94.188740 0.000000 0.000000 0.000000 0.827264 0.561814
239.452000 193.657252 94.340079 0.000000 0.000000 0.000000 0.831029 0.556229
239.516000 194.637785 94.473347 0.000000 0.000000 0.000000 0.833273 0.552861
239.584000 193.767778 93.983703 0.000000 0.000000 0.000000 0.829163 0.559007
239.648000 194.708076 94.276261 0.000000 0.000000 0.000000 0.833950 0.551840
239.716000 194.263464 93.393517 0.000000 0.000000 0.000000 0.832092 0.554638
239.780000 194.725834 94.272840 0.000000 0.000000 0.000000 0.830784 0.556595
239.848000 195.716792 94.241984 0.000000 0.000000 0.000000 0.832272 0.554367
239.912000 195.032960 93.523059 0.000000 0.000000 0.000000 0.828023 0.560694
239.980000 196.022241 93.556366 0.000000 0.000000 0.000000 0.829665 0.558262
240.044000 196.044914 94.486143 0.000000 0.000000 0.000000 0.829618 0.558331
240.112000 197.019233 94.701503 0.000000 0.000000 0.000000 0.825976 0.563705
240.176000 196.509994 95.553513 0.000000 0.000000 0.000000 0.812306 0.583231
240.244000 195.594990 95.156998 0.000000 0.000000 0.000000 0.780421 0.625255
240.308000 194.642717 94.851798 0.000000 0.000000 0.000000 0.747631 0.664115
240.376000 193.656173 94.699792 0.000000 0.000000 0.000000 0.714556 0.699578
240.440000 192.663173 94.584040 0.000000 0.000000 0.000000 0.677341 0.735669
240.508000 191.663845 94.619347 0.000000 0.000000 0.000000 0.636741 0.771077
240.572000 190.676874 94.756970 0.000000 0.000000 0.000000 0.594917 0.803787
240.640000 189.712966 95.013877 0.000000 0.000000 0.000000 0.548404 0.836214
240.704000 190.599319 95.424001 0.000000 0.000000 0.000000 0.546215 0.837645
240.772000 191.403978 94.831963 0.000000 0.000000 0.000000 0.551450 0.834208
240.836000 192.080737 94.097448 0.000000 0.000000 0.000000 0.556941 0.830552
240.904000 191.717361 93.195274 0.000000 0.000000 0.000000 0.556841 0.830619
240.968000 192.703944 93.280612 0.000000 0.000000 0.000000 0.553367 0.832937
241.036000 192.898026 94.230671 0.000000 0.000000 0.000000 0.553617 0.832771
241.100000 192.475637 93.356915 0.000000 0.000000 0.000000 0.553612 0.832775
241.168000 191.946355 92.514438 0.000000 0.000000 0.000000 0.553300 0.832982
241.232000 191.509165 91.623249 0.000000 0.000000 0.000000 0.553210 0.833042
241.300000 191.051699 90.753759 0.000000 0.000000 0.000000 0.553182 0.833060
241.364000 190.790387 89.792874 0.000000 0.000000 0.000000 0.553605 0.832779
241.432000 190.691421 88.822741 0.000000 0.000000 0.000000 0.554300 0.832317
241.496000 190.976813 87.864390 0.000000 0.000000 0.000000 0.555997 0.831184
241.564000 190.519776 86.978360 0.000000 0.000000 0.000000 0.556010 0.831176
241.628000 190.940690 87.851256 0.000000 0.000000 0.000000 0.555874 0.831267
241.696000 190.500942 86.964966 0.000000 0.000000 0.000000 0.556045 0.831152
241.760000 190.642266 85.976941 0.000000 0.000000 0.000000 0.557294 0.830315
241.828000 190.402878 85.010812 0.000000 0.000000 0.000000 0.557760 0.830002
241.892000 189.978884 84.126499 0.000000 0.000000 0.000000 0.557601 0.830109
241.960000 190.552941 84.900468 0.000000 0.000000 0.000000 0.557264 0.830335
242.024000 190.140395 84.023200 0.000000 0.000000 0.000000 0.557082 0.830458
242.092000 190.052850 83.035969 0.000000 0.000000 0.000000 0.557889 0.829916
242.156000 190.657705 82.251245 0.000000 0.000000 0.000000 0.568500 0.822683
242.224000 191.517889 81.747255 0.000000 0.000000 0.000000 0.604179 0.796848
242.288000 192.415638 81.312931 0.000000 0.000000 0.000000 0.638547 0.769583
242.356000 193.343224 81.030990 0.000000 0.000000 0.000000 0.677753 0.735290
242.420000 194.324707 80.875540 0.000000 0.000000 0.000000 0.712518 0.701654
242.488000 195.291759 80.718077 0.000000 0.000000 0.000000 0.741455 0.671002
242.552000 196.282501 80.690520 0.000000 0.000000 0.000000 0.769417 0.638747
242.620000 196.681284 79.784403 0.000000 0.000000 0.000000 0.774795 0.632213
242.684000 196.841040 78.825484 0.000000 0.000000 0.000000 0.774581 0.632474
242.752000 197.076873 77.879638 0.000000 0.000000 0.000000 0.774807 0.632198
242.816000 197.138010 76.894392 0.000000 0.000000 0.000000 0.774689 0.632343
242.884000 197.369391 75.930014 0.000000 0.000000 0.000000 0.774879 0.632110
242.948000 197.506777 74.961884 0.000000 0.000000 0.000000 0.774851 0.632144
243.016000 197.712128 74.005720 0.000000 0.000000 0.000000 0.775158 0.631767
243.080000 197.976839 73.058003 0.000000 0.000000 0.000000 0.775158 0.631767
243.148000 198.148017 72.099319 0.000000 0.000000 0.000000 0.775010 0.631948
243.212000 198.322511 71.134620 0.000000 0.000000 0.000000 0.774973 0.631994
243.280000 198.517156 70.176808 0.000000 0.000000 0.000000 0.774986 0.631978
243.344000 198.633072 69.214048 0.000000 0.000000 0.000000 0.774591 0.632463
243.412000 198.858453 68.254535 0.000000 0.000000 0.000000 0.774975 0.631992
243.476000 199.051192 67.300925 0.000000 0.000000 0.000000 0.774974 0.631993
243.544000 199.265599 66.336736 0.000000 0.000000 0.000000 0.774962 0.632008
243.608000 199.385402 65.370257 0.000000 0.000000 0.000000 0.774567 0.632492
243.676000 199.574428 64.408826 0.000000 0.000000 0.000000 0.774742 0.632277
243.740000 199.737353 63.438727 0.000000 0.000000 0.000000 0.774742 0.632277
243.808000 199.991209 62.499046 0.000000 0.000000 0.000000 0.775046 0.631905
243.872000 200.234580 61.552172 0.000000 0.000000 0.000000 0.775257 0.631646
243.940000 200.431235 60.588451 0.000000 0.000000 0.000000 0.775258 0.631645
244.004000 200.631563 59.640041 0.000000 0.000000 0.000000 0.775212 0.631701
244.072000 200.798263 58.669789 0.000000 0.000000 0.000000 0.775096 0.631844
244.136000 201.055809 57.732962 0.000000 0.000000 0.000000 0.775176 0.631745
244.204000 201.367746 56.808961 0.000000 0.000000 0.000000 0.775348 0.631535
244.268000 201.815920 55.945579 0.000000 0.000000 0.000000 0.776124 0.630580
244.336000 202.046738 55.002162 0.000000 0.000000 0.000000 0.775919 0.630832
244.400000 202.487103 54.124150 0.000000 0.000000 0.000000 0.776371 0.630276
244.468000 202.733609 53.186291 0.000000 0.000000 0.000000 0.776441 0.630190
244.532000 201.944823 52.573433 0.000000 0.000000 0.000000 0.769539 0.638599
244.600000 201.684485 51.616953 0.000000 0.000000 0.000000 0.768061 0.640377
244.664000 201.910605 50.653146 0.000000 0.000000 0.000000 0.768038 0.640404
244.732000 202.121706 49.704927 0.000000 0.000000 0.000000 0.768042 0.640400
244.796000 202.560777 48.806789 0.000000 0.000000 0.000000 0.768528 0.639816
244.864000 202.721965 47.834832 0.000000 0.000000 0.000000 0.768529 0.639814
244.928000 202.063411 47.130398 0.000000 0.000000 0.000000 0.765521 0.643410
244.996000 202.040624 46.158897 0.000000 0.000000 0.000000 0.765367 0.643594
245.060000 202.455207 45.275016 0.000000 0.000000 0.000000 0.765606 0.643310
245.128000 201.864035 44.469173 0.000000 0.000000 0.000000 0.757317 0.653048
245.192000 200.923821 44.130530 0.000000 0.000000 0.000000 0.726405 0.687267
245.260000 199.943780 43.932305 0.000000 0.000000 0.000000 0.690973 0.722880
245.324000 199.815171 44.540378 0.000000 0.000000 0.000000 0.672697 0.739918
245.392000 199.802014 45.540291 0.000000 0.000000 0.000000 0.653643 0.756803
245.456000 198.814528 45.556359 0.000000 0.000000 0.000000 0.615316 0.788281
245.524000 198.643896 44.593226 0.000000 0.000000 0.000000 0.609554 0.792744
245.588000 198.422938 43.641611 0.000000 0.000000 0.000000 0.609464 0.792814
245.656000 198.201947 42.679539 0.000000 0.000000 0.000000 0.609462 0.792815
245.720000 198.019311 41.709284 0.000000 0.000000 0.000000 0.609737 0.792604
245.788000 197.807190 40.750350 0.000000 0.000000 0.000000 0.609671 0.792654
245.852000 197.629934 39.788890 0.000000 0.000000 0.000000 0.609917 0.792466
245.920000 197.390716 38.834875 0.000000 0.000000 0.000000 0.609826 0.792535
245.984000 197.227008 37.882442 0.000000 0.000000 0.000000 0.610055 0.792359
246.052000 197.025821 36.920861 0.000000 0.000000 0.000000 0.610059 0.792356
246.116000 196.854003 35.953313 0.000000 0.000000 0.000000 0.610504 0.792013
246.184000 196.705919 34.981717 0.000000 0.000000 0.000000 0.610968 0.791656
246.248000 196.573334 34.009337 0.000000 0.000000 0.000000 0.611612 0.791158
246.316000 196.345455 33.063328 0.000000 0.000000 0.000000 0.611596 0.791170
246.380000 196.060790 32.126718 0.000000 0.000000 0.000000 0.611423 0.791304
246.448000 196.998599 31.780267 0.000000 0.000000 0.000000 0.626807 0.779174
246.512000 196.849592 30.807779 0.000000 0.000000 0.000000 0.627088 0.778948
246.580000 196.720989 29.826203 0.000000 0.000000 0.000000 0.627141 0.778905
246.644000 196.586192 28.859245 0.000000 0.000000 0.000000 0.627141 0.778905
246.712000 196.494531 27.887523 0.000000 0.000000 0.000000 0.627802 0.778373
246.776000 196.233378 26.954062 0.000000 0.000000 0.000000 0.627705 0.778451
246.844000 196.089245 25.977179 0.000000 0.000000 0.000000 0.627886 0.778305
246.908000 195.851311 25.023403 0.000000 0.000000 0.000000 0.627550 0.778577
246.976000 195.709208 24.056971 0.000000 0.000000 0.000000 0.627551 0.778575
247.040000 195.553780 23.077599 0.000000 0.000000 0.000000 0.627532 0.778591
247.108000 195.349728 22.131193 0.000000 0.000000 0.000000 0.627517 0.778603
247.172000 195.230254 21.163388 0.000000 0.000000 0.000000 0.627863 0.778324
247.240000 195.063142 20.203636 0.000000 0.000000 0.000000 0.627851 0.778333
247.304000 195.640550 19.388382 0.000000 0.000000 0.000000 0.631169 0.775645
247.372000 195.444288 18.423865 0.000000 0.000000 0.000000 0.631158 0.775655
247.436000 195.072883 19.335118 0.000000 0.000000 0.000000 0.633426 0.773803
247.504000 194.971304 18.354965 0.000000 0.000000 0.000000 0.633675 0.773600
247.568000 194.783123 17.382549 0.000000 0.000000 0.000000 0.633757 0.773532
247.636000 194.630699 16.415231 0.000000 0.000000 0.000000 0.633767 0.773524
247.700000 194.465836 15.445136 0.000000 0.000000 0.000000 0.633962 0.773364
247.768000 194.345633 14.474564 0.000000 0.000000 0.000000 0.633950 0.773374
247.832000 194.143081 13.522788 0.000000 0.000000 0.000000 0.633947 0.773377
247.900000 194.026421 12.544555 0.000000 0.000000 0.000000 0.634005 0.773329
247.964000 193.854912 11.568262 0.000000 0.000000 0.000000 0.634119 0.773236
248.032000 193.760819 10.602729 0.000000 0.000000 0.000000 0.634372 0.773028
248.096000 193.745476 11.602562 0.000000 0.000000 0.000000 0.634730 0.772734
248.164000 193.614034 10.631427 0.000000 0.000000 0.000000 0.634701 0.772758
248.228000 193.383941 9.685738 0.000000 0.000000 0.000000 0.634643 0.772806
248.296000 193.185890 8.723854 0.000000 0.000000 0.000000 0.634566 0.772869
248.360000 192.892244 7.792153 0.000000 0.000000 0.000000 0.634431 0.772980
248.428000 192.521998 6.863222 0.000000 0.000000 0.000000 0.634121 0.773234
248.492000 191.890436 6.119876 0.000000 0.000000 0.000000 0.633148 0.774031
248.560000 191.535731 5.221416 0.000000 0.000000 0.000000 0.632851 0.774273
248.624000 191.140968 4.304874 0.000000 0.000000 0.000000 0.632507 0.774555
248.692000 191.108804 3.311305 0.000000 0.000000 0.000000 0.632495 0.774564
248.756000 191.006541 2.348173 0.000000 0.000000 0.000000 0.632522 0.774542
248.824000 190.894937 1.366743 0.000000 0.000000 0.000000 0.641968 0.766731
248.888000 191.862712 1.119297 0.000000 0.000000 0.000000 0.679703 0.733487
248.956000 191.888770 0.130881 0.000000 0.000000 0.000000 0.698346 0.715760
249.020000 191.902351 -0.857340 0.000000 0.000000 0.000000 0.715163 0.698958
249.088000 192.040822 -1.824811 0.000000 0.000000 0.000000 0.733123 0.680097
249.152000 192.098296 -2.810162 0.000000 0.000000 0.000000 0.746162 0.665765
249.220000 192.439878 -3.720806 0.000000 0.000000 0.000000 0.746721 0.665137
249.284000 192.821218 -4.608552 0.000000 0.000000 0.000000 0.747223 0.664574
249.352000 193.259198 -5.482355 0.000000 0.000000 0.000000 0.747860 0.663856
249.416000 193.608091 -6.398650 0.000000 0.000000 0.000000 0.748453 0.663188
249.484000 194.037722 -7.252558 0.000000 0.000000 0.000000 0.749393 0.662126
249.548000 194.456725 -8.132287 0.000000 0.000000 0.000000 0.750031 0.661403
249.616000 194.830263 -9.025656 0.000000 0.000000 0.000000 0.750414 0.660968
249.680000 195.191215 -9.934023 0.000000 0.000000 0.000000 0.751080 0.660211
249.748000 195.474722 -10.873972 0.000000 0.000000 0.000000 0.751646 0.659567
249.812000 195.655903 -11.835409 0.000000 0.000000 0.000000 0.751777 0.659418
249.880000 196.072996 -12.711429 0.000000 0.000000 0.000000 0.752510 0.658580
249.944000 196.571726 -13.520721 0.000000 0.000000 0.000000 0.753481 0.657470
250.012000 197.100208 -14.334281 0.000000 0.000000 0.000000 0.754409 0.656405
250.076000 197.368024 -15.268643 0.000000 0.000000 0.000000 0.754674 0.656100
250.144000 197.006080 -14.340797 0.000000 0.000000 0.000000 0.755277 0.655406
250.208000 197.241842 -15.282794 0.000000 0.000000 0.000000 0.755595 0.655039
250.276000 197.549358 -16.213837 0.000000 0.000000 0.000000 0.755916 0.654669
250.340000 198.021592 -17.061502 0.000000 0.000000 0.000000 0.756527 0.653962
250.408000 197.842708 -16.106356 0.000000 0.000000 0.000000 0.756531 0.653957
250.472000 197.533165 -15.184650 0.000000 0.000000 0.000000 0.757014 0.653398
250.540000 198.068399 -16.003125 0.000000 0.000000 0.000000 0.757897 0.652375
250.604000 198.361443 -16.933486 0.000000 0.000000 0.000000 0.758211 0.652009
250.672000 198.662277 -17.862608 0.000000 0.000000 0.000000 0.758421 0.651766
250.736000 199.041845 -18.759910 0.000000 0.000000 0.000000 0.758838 0.651280
250.804000 199.573005 -19.563336 0.000000 0.000000 0.000000 0.759740 0.650227
250.868000 199.895669 -20.476131 0.000000 0.000000 0.000000 0.760095 0.649812
250.936000 200.091717 -21.427489 0.000000 0.000000 0.000000 0.760112 0.649793
251.000000 200.439968 -22.330822 0.000000 0.000000 0.000000 0.760377 0.649482
251.068000 199.964496 -21.487941 0.000000 0.000000 0.000000 0.761078 0.648660
251.132000 200.521482 -22.299328 0.000000 0.000000 0.000000 0.762232 0.647304
251.200000 201.490378 -22.389669 0.000000 0.000000 0.000000 0.780267 0.625447
251.264000 202.457444 -22.206445 0.000000 0.000000 0.000000 0.810528 0.585700
251.332000 203.435867 -22.004396 0.000000 0.000000 0.000000 0.840772 0.541390
251.396000 204.375586 -21.715155 0.000000 0.000000 0.000000 0.863795 0.503843
251.464000 205.291482 -21.321415 0.000000 0.000000 0.000000 0.889508 0.456920
251.528000 206.161127 -20.827753 0.000000 0.000000 0.000000 0.912120 0.409923
251.596000 206.978488 -20.264298 0.000000 0.000000 0.000000 0.931933 0.362631
251.660000 207.736785 -19.612438 0.000000 0.000000 0.000000 0.948274 0.317454
251.728000 208.407947 -18.883427 0.000000 0.000000 0.000000 0.962977 0.269582
251.792000 209.310176 -19.308945 0.000000 0.000000 0.000000 0.969234 0.246142
251.860000 209.868475 -18.505125 0.000000 0.000000 0.000000 0.979920 0.199392
251.924000 210.459717 -17.699385 0.000000 0.000000 0.000000 0.985828 0.167757
251.992000 211.337459 -18.134029 0.000000 0.000000 0.000000 0.985733 0.168316
252.056000 212.150590 -18.680734 0.000000 0.000000 0.000000 0.985477 0.169808
252.124000 212.831782 -19.387605 0.000000 0.000000 0.000000 0.985055 0.172239
252.188000 213.740245 -19.752389 0.000000 0.000000 0.000000 0.984990 0.172609
252.256000 214.622356 -20.160037 0.000000 0.000000 0.000000 0.984969 0.172732
252.320000 213.901491 -19.503274 0.000000 0.000000 0.000000 0.984599 0.174828
252.388000 212.974291 -19.205563 0.000000 0.000000 0.000000 0.984601 0.174816
252.452000 213.717973 -19.844185 0.000000 0.000000 0.000000 0.984312 0.176438
252.520000 214.487471 -20.450450 0.000000 0.000000 0.000000 0.984074 0.177762
252.584000 215.387359 -20.814553 0.000000 0.000000 0.000000 0.984090 0.177669
252.652000 216.295350 -21.156823 0.000000 0.000000 0.000000 0.984073 0.177763
252.716000 217.039361 -21.793088 0.000000 0.000000 0.000000 0.983739 0.179602
252.784000 217.929550 -22.197979 0.000000 0.000000 0.000000 0.983671 0.179976
252.848000 218.842741 -22.550302 0.000000 0.000000 0.000000 0.983662 0.180028
252.916000 219.746547 -22.909486 0.000000 0.000000 0.000000 0.983666 0.180005
252.980000 219.771579 -23.908713 0.000000 0.000000 0.000000 0.982775 0.184809
253.048000 220.680738 -24.268199 0.000000 0.000000 0.000000 0.982773 0.184816
253.112000 221.590142 -24.629064 0.000000 0.000000 0.000000 0.982770 0.184831
253.180000 220.955435 -25.379169 0.000000 0.000000 0.000000 0.983488 0.180975
253.244000 221.566564 -26.148817 0.000000 0.000000 0.000000 0.982954 0.183850
253.312000 222.319815 -26.773401 0.000000 0.000000 0.000000 0.982601 0.185731
253.376000 223.225582 -27.126618 0.000000 0.000000 0.000000 0.982623 0.185610
253.444000 224.073832 -27.592242 0.000000 0.000000 0.000000 0.982512 0.186197
253.508000 224.971267 -27.964735 0.000000 0.000000 0.000000 0.982516 0.186178
253.576000 225.763411 -28.517471 0.000000 0.000000 0.000000 0.982183 0.187925
253.640000 226.676674 -28.868132 0.000000 0.000000 0.000000 0.982185 0.187918
253.708000 227.584132 -29.232654 0.000000 0.000000 0.000000 0.982178 0.187955
253.772000 228.467636 -29.631148 0.000000 0.000000 0.000000 0.982155 0.188076
253.840000 229.380896 -29.962002 0.000000 0.000000 0.000000 0.982176 0.187965
253.904000 230.269510 -30.369614 0.000000 0.000000 0.000000 0.982137 0.188169
253.972000 231.183643 -30.715819 0.000000 0.000000 0.000000 0.982150 0.188097
254.036000 232.096098 -31.065630 0.000000 0.000000 0.000000 0.982185 0.187916
254.104000 233.007956 -31.412888 0.000000 0.000000 0.000000 0.982215 0.187761
254.168000 233.895645 -31.824736 0.000000 0.000000 0.000000 0.982151 0.188095
254.236000 233.369782 -32.634016 0.000000 0.000000 0.000000 0.982447 0.186540
254.300000 234.271560 -32.990804 0.000000 0.000000 0.000000 0.982453 0.186510
254.368000 235.166755 -33.386373 0.000000 0.000000 0.000000 0.982416 0.186703
254.432000 236.113469 -33.633776 0.000000 0.000000 0.000000 0.982591 0.185784
254.500000 237.009923 -34.036223 0.000000 0.000000 0.000000 0.982527 0.186121
254.564000 237.907489 -34.433262 0.000000 0.000000 0.000000 0.982508 0.186220
254.632000 238.815044 -34.795573 0.000000 0.000000 0.000000 0.982503 0.186247
254.696000 239.708057 -35.192697 0.000000 0.000000 0.000000 0.982477 0.186385
254.764000 240.598931 -35.585358 0.000000 0.000000 0.000000 0.982462 0.186463
254.828000 240.950534 -36.495851 0.000000 0.000000 0.000000 0.981069 0.193659
254.896000 241.869244 -36.829058 0.000000 0.000000 0.000000 0.981252 0.192730
254.960000 242.765285 -37.225844 0.000000 0.000000 0.000000 0.981189 0.193049
255.028000 243.626208 -37.662558 0.000000 0.000000 0.000000 0.981091 0.193548
255.092000 244.537661 -38.024349 0.000000 0.000000 0.000000 0.981124 0.193377
255.160000 245.459093 -38.342049 0.000000 0.000000 0.000000 0.981316 0.192401
255.224000 246.351558 -38.712857 0.000000 0.000000 0.000000 0.981438 0.191778
255.292000 247.223937 -39.151149 0.000000 0.000000 0.000000 0.981257 0.192701
255.356000 248.162145 -39.424038 0.000000 0.000000 0.000000 0.981514 0.191392
255.424000 249.070671 -39.781727 0.000000 0.000000 0.000000 0.981489 0.191516
255.488000 248.999514 -40.747538 0.000000 0.000000 0.000000 0.975314 0.220824
255.556000 249.863813 -41.197674 0.000000 0.000000 0.000000 0.975294 0.220912
255.620000 250.732765 -41.641127 0.000000 0.000000 0.000000 0.975301 0.220882
255.688000 251.019147 -42.582589 0.000000 0.000000 0.000000 0.973303 0.229526
255.752000 251.884430 -43.036294 0.000000 0.000000 0.000000 0.972904 0.231210
255.820000 251.612989 -43.992841 0.000000 0.000000 0.000000 0.956617 0.291348
255.884000 251.202859 -44.901911 0.000000 0.000000 0.000000 0.939072 0.343719
255.952000 250.679757 -45.753956 0.000000 0.000000 0.000000 0.917307 0.398180
256.016000 250.049753 -46.521192 0.000000 0.000000 0.000000 0.891462 0.453095
256.084000 249.320129 -47.187208 0.000000 0.000000 0.000000 0.859420 0.511270
256.148000 248.511453 -47.761120 0.000000 0.000000 0.000000 0.826984 0.562225
256.216000 247.638205 -48.229081 0.000000 0.000000 0.000000 0.789562 0.613671
256.280000 246.827613 -48.802429 0.000000 0.000000 0.000000 0.779319 0.626627
256.348000 246.296778 -49.626119 0.000000 0.000000 0.000000 0.774269 0.632857
256.412000 246.396887 -50.597943 0.000000 0.000000 0.000000 0.773318 0.634018
256.480000 246.070306 -49.674781 0.000000 0.000000 0.000000 0.773664 0.633596
256.544000 245.346580 -50.353367 0.000000 0.000000 0.000000 0.766641 0.642076
256.612000 245.605231 -51.292679 0.000000 0.000000 0.000000 0.766902 0.641764
256.676000 244.832852 -51.877931 0.000000 0.000000 0.000000 0.758498 0.651675
256.744000 244.949006 -52.847817 0.000000 0.000000 0.000000 0.758379 0.651814
256.808000 245.234843 -53.784954 0.000000 0.000000 0.000000 0.758705 0.651434
256.876000 244.795855 -52.917106 0.000000 0.000000 0.000000 0.759639 0.650345
256.940000 244.507272 -51.985369 0.000000 0.000000 0.000000 0.760010 0.649911
257.008000 243.844412 -52.720693 0.000000 0.000000 0.000000 0.754608 0.656176
257.072000 243.784111 -51.745713 0.000000 0.000000 0.000000 0.754172 0.656677
257.140000 243.369063 -52.633710 0.000000 0.000000 0.000000 0.752616 0.658460
257.204000 243.146295 -53.584362 0.000000 0.000000 0.000000 0.751574 0.659649
257.272000 242.794184 -54.497120 0.000000 0.000000 0.000000 0.750287 0.661112
257.336000 242.330390 -55.358068 0.000000 0.000000 0.000000 0.748667 0.662946
257.404000 242.157840 -56.317537 0.000000 0.000000 0.000000 0.747620 0.664126
257.468000 242.142813 -55.341610 0.000000 0.000000 0.000000 0.747136 0.664671
257.536000 242.043433 -56.312229 0.000000 0.000000 0.000000 0.746022 0.665921
257.600000 241.253743 -56.912959 0.000000 0.000000 0.000000 0.737315 0.675549
257.668000 240.987137 -55.969875 0.000000 0.000000 0.000000 0.737851 0.674963
257.732000 240.289048 -56.668590 0.000000 0.000000 0.000000 0.730917 0.682467
257.800000 240.056656 -55.719392 0.000000 0.000000 0.000000 0.731564 0.681773
257.864000 239.874506 -54.763706 0.000000 0.000000 0.000000 0.731937 0.681372
257.932000 239.619768 -53.830693 0.000000 0.000000 0.000000 0.732358 0.680920
257.996000 239.383690 -52.880771 0.000000 0.000000 0.000000 0.732956 0.680276
258.064000 239.123270 -51.934670 0.000000 0.000000 0.000000 0.733379 0.679820
258.128000 238.876124 -50.988282 0.000000 0.000000 0.000000 0.733918 0.679238
258.196000 239.090820 -51.939085 0.000000 0.000000 0.000000 0.734310 0.678814
258.260000 239.297995 -52.893419 0.000000 0.000000 0.000000 0.734856 0.678223
258.328000 239.548636 -53.841355 0.000000 0.000000 0.000000 0.735381 0.677654
258.392000 239.793649 -54.786079 0.000000 0.000000 0.000000 0.736008 0.676973
258.460000 239.994472 -55.741765 0.000000 0.000000 0.000000 0.736582 0.676348
258.524000 240.077900 -56.713043 0.000000 0.000000 0.000000 0.736634 0.676291
258.592000 240.312415 -57.671953 0.000000 0.000000 0.000000 0.737304 0.675561
258.656000 240.491291 -58.647690 0.000000 0.000000 0.000000 0.737819 0.674998
258.724000 240.784233 -59.511637 0.000000 0.000000 0.000000 0.738640 0.674100
258.788000 241.054999 -60.404547 0.000000 0.000000 0.000000 0.739191 0.673496
258.856000 240.133844 -60.761243 0.000000 0.000000 0.000000 0.711961 0.702219
258.920000 240.223070 -61.757224 0.000000 0.000000 0.000000 0.695576 0.718452
258.988000 240.152063 -60.760602 0.000000 0.000000 0.000000 0.677570 0.735459
259.052000 240.082247 -61.756627 0.000000 0.000000 0.000000 0.659808 0.751434
259.120000 239.988784 -62.751178 0.000000 0.000000 0.000000 0.640105 0.768287
259.184000 238.988824 -62.758353 0.000000 0.000000 0.000000 0.602980 0.797757
259.252000 237.998049 -62.626850 0.000000 0.000000 0.000000 0.557462 0.830203
259.316000 237.031671 -62.380822 0.000000 0.000000 0.000000 0.509922 0.860220
259.384000 236.097953 -62.039597 0.000000 0.000000 0.000000 0.467097 0.884206
259.448000 235.224658 -61.564930 0.000000 0.000000 0.000000 0.423989 0.905667
259.516000 234.397324 -61.031243 0.000000 0.000000 0.000000 0.371684 0.928360
259.580000 233.551387 -60.498025 0.000000 0.000000 0.000000 0.328233 0.944597
259.648000 232.784975 -59.867902 0.000000 0.000000 0.000000 0.282979 0.959126
259.712000 232.207727 -59.054081 0.000000 0.000000 0.000000 0.231761 0.972773
259.780000 231.354168 -59.568727 0.000000 0.000000 0.000000 0.206975 0.978346
259.844000 230.434654 -59.959072 0.000000 0.000000 0.000000 0.182676 0.983173
259.912000 229.522347 -60.367387 0.000000 0.000000 0.000000 0.157141 0.987576
259.976000 229.044900 -59.492137 0.000000 0.000000 0.000000 0.109423 0.993995
260.044000 228.717700 -58.563400 0.000000 0.000000 0.000000 0.051747 0.998660
260.108000 228.448027 -57.602021 0.000000 0.000000 0.000000 0.004055 0.999992
260.176000 227.464262 -57.767125 0.000000 0.000000 0.000000 -0.010238 0.999948
260.240000 226.484918 -57.757529 0.000000 0.000000 0.000000 -0.010212 0.999948
260.308000 225.509589 -57.728699 0.000000 0.000000 0.000000 -0.009892 0.999951
260.372000 224.531154 -57.713531 0.000000 0.000000 0.000000 -0.009879 0.999951
260.440000 223.556776 -57.645004 0.000000 0.000000 0.000000 -0.009925 0.999951
260.504000 222.576602 -57.617081 0.000000 0.000000 0.000000 -0.010368 0.999946
260.572000 221.595476 -57.534701 0.000000 0.000000 0.000000 -0.010753 0.999942
260.636000 220.617342 -57.464328 0.000000 0.000000 0.000000 -0.011408 0.999935
260.704000 219.637310 -57.432652 0.000000 0.000000 0.000000 -0.011691 0.999932
260.768000 218.659588 -57.396607 0.000000 0.000000 0.000000 -0.011676 0.999932
260.836000 217.686270 -57.442978 0.000000 0.000000 0.000000 -0.011147 0.999938
260.900000 216.703411 -57.436725 0.000000 0.000000 0.000000 -0.010907 0.999941
260.968000 215.721021 -57.399785 0.000000 0.000000 0.000000 -0.011099 0.999938
261.032000 214.740423 -57.471150 0.000000 0.000000 0.000000 -0.010725 0.999942
261.100000 213.765696 -57.495007 0.000000 0.000000 0.000000 -0.010532 0.999945
261.164000 212.784521 -57.566507 0.000000 0.000000 0.000000 -0.009962 0.999950
261.232000 211.806835 -57.555645 0.000000 0.000000 0.000000 -0.009741 0.999953
261.296000 210.826298 -57.517696 0.000000 0.000000 0.000000 -0.009721 0.999953
261.364000 209.850707 -57.436809 0.000000 0.000000 0.000000 -0.010101 0.999949
261.428000 208.863463 -57.487591 0.000000 0.000000 0.000000 -0.010170 0.999948
261.496000 208.637684 -56.514776 0.000000 0.000000 0.000000 -0.051213 0.998688
261.560000 207.637793 -56.527114 0.000000 0.000000 0.000000 -0.074665 0.997209
261.628000 206.645933 -56.449273 0.000000 0.000000 0.000000 -0.098705 0.995117
261.692000 206.726233 -55.454771 0.000000 0.000000 0.000000 -0.148103 0.988972
261.760000 205.773665 -55.170706 0.000000 0.000000 0.000000 -0.173045 0.984914
261.824000 205.950600 -54.186704 0.000000 0.000000 0.000000 -0.219019 0.975721
261.892000 206.238016 -53.230003 0.000000 0.000000 0.000000 -0.269785 0.962921
261.956000 206.665430 -52.326287 0.000000 0.000000 0.000000 -0.321570 0.946886
262.024000 206.673581 -51.330769 0.000000 0.000000 0.000000 -0.331711 0.943381
262.088000 205.713554 -51.536918 0.000000 0.000000 0.000000 -0.325811 0.945435
262.156000 205.874580 -50.552503 0.000000 0.000000 0.000000 -0.334432 0.942420
262.220000 206.393157 -51.379832 0.000000 0.000000 0.000000 -0.336316 0.941749
262.288000 205.618836 -50.803309 0.000000 0.000000 0.000000 -0.336084 0.941832
262.352000 205.650757 -49.811077 0.000000 0.000000 0.000000 -0.343355 0.939206
262.420000 204.766755 -49.422734 0.000000 0.000000 0.000000 -0.341969 0.939711
262.484000 205.176867 -50.306582 0.000000 0.000000 0.000000 -0.343937 0.938993
262.552000 204.241204 -50.048654 0.000000 0.000000 0.000000 -0.341927 0.939726
262.616000 203.458573 -49.477800 0.000000 0.000000 0.000000 -0.341900 0.939736
262.684000 203.274148 -48.495116 0.000000 0.000000 0.000000 -0.345808 0.938305
262.748000 203.270670 -47.529341 0.000000 0.000000 0.000000 -0.350181 0.936682
262.816000 202.830269 -46.661474 0.000000 0.000000 0.000000 -0.352008 0.935997
262.880000 203.701697 -47.059281 0.000000 0.000000 0.000000 -0.350594 0.936528
262.948000 204.490873 -47.591371 0.000000 0.000000 0.000000 -0.350155 0.936692
263.012000 205.371918 -47.972677 0.000000 0.000000 0.000000 -0.348769 0.937209
263.080000 205.860263 -47.105934 0.000000 0.000000 0.000000 -0.379570 0.925163
263.144000 206.457972 -46.309139 0.000000 0.000000 0.000000 -0.426180 0.904638
263.212000 207.138385 -45.577344 0.000000 0.000000 0.000000 -0.475924 0.879486
263.276000 207.885704 -44.922811 0.000000 0.000000 0.000000 -0.518528 0.855060
263.344000 208.678444 -44.317841 0.000000 0.000000 0.000000 -0.555674 0.831401
263.408000 209.353784 -43.586142 0.000000 0.000000 0.000000 -0.566418 0.824118
263.476000 208.404132 -43.302008 0.000000 0.000000 0.000000 -0.561155 0.827711
263.540000 209.248883 -43.831937 0.000000 0.000000 0.000000 -0.559406 0.828894
263.608000 208.817486 -42.964385 0.000000 0.000000 0.000000 -0.558991 0.829174
263.672000 208.445967 -42.068445 0.000000 0.000000 0.000000 -0.559040 0.829140
263.740000 207.461305 -41.905509 0.000000 0.000000 0.000000 -0.553182 0.833060
263.804000 206.668359 -41.340383 0.000000 0.000000 0.000000 -0.551041 0.834478
263.872000 205.679928 -41.490779 0.000000 0.000000 0.000000 -0.541572 0.840654
263.936000 204.708346 -41.279352 0.000000 0.000000 0.000000 -0.536570 0.843856
264.004000 203.809276 -40.879874 0.000000 0.000000 0.000000 -0.532484 0.846440
264.068000 202.820207 -40.930977 0.000000 0.000000 0.000000 -0.523090 0.852277
264.136000 202.240512 -40.134022 0.000000 0.000000 0.000000 -0.522633 0.852558
264.200000 201.731914 -39.310465 0.000000 0.000000 0.000000 -0.522096 0.852887
264.268000 201.208305 -38.467868 0.000000 0.000000 0.000000 -0.521829 0.853050
264.332000 200.347242 -37.971064 0.000000 0.000000 0.000000 -0.519320 0.854580
264.400000 201.019057 -38.669774 0.000000 0.000000 0.000000 -0.518354 0.855166
264.464000 201.464945 -39.524361 0.000000 0.000000 0.000000 -0.518339 0.855175
264.532000 200.584040 -39.082347 0.000000 0.000000 0.000000 -0.515375 0.856965
264.596000 199.594217 -39.065355 0.000000 0.000000 0.000000 -0.506460 0.862264
264.664000 200.484912 -38.615933 0.000000 0.000000 0.000000 -0.512155 0.858893
264.728000 199.704877 -38.023845 0.000000 0.000000 0.000000 -0.510652 0.859788
264.796000 200.500481 -37.418769 0.000000 0.000000 0.000000 -0.517589 0.855629
264.860000 199.545189 -37.174695 0.000000 0.000000 0.000000 -0.512586 0.858636
264.928000 198.551758 -37.111753 0.000000 0.000000 0.000000 -0.506431 0.862280
264.992000 198.050992 -36.278592 0.000000 0.000000 0.000000 -0.506397 0.862301
265.060000 197.071250 -36.097538 0.000000 0.000000 0.000000 -0.501256 0.865299
265.124000 196.205984 -35.604511 0.000000 0.000000 0.000000 -0.498087 0.867127
265.192000 195.219071 -35.479704 0.000000 0.000000 0.000000 -0.491495 0.870881
265.256000 194.232617 -35.364212 0.000000 0.000000 0.000000 -0.486017 0.873949
265.324000 193.314634 -34.979328 0.000000 0.000000 0.000000 -0.482074 0.876130
265.388000 192.342513 -35.164909 0.000000 0.000000 0.000000 -0.477269 0.878757
265.456000 193.009305 -34.420743 0.000000 0.000000 0.000000 -0.484463 0.874812
265.520000 193.704402 -35.123325 0.000000 0.000000 0.000000 -0.484131 0.874996
265.588000 194.455634 -34.465648 0.000000 0.000000 0.000000 -0.496597 0.867981
265.652000 193.479449 -34.262753 0.000000 0.000000 0.000000 -0.493567 0.869708
265.720000 194.245930 -33.620788 0.000000 0.000000 0.000000 -0.501879 0.864938
265.784000 193.756844 -32.772236 0.000000 0.000000 0.000000 -0.501899 0.864926
265.852000 192.779604 -32.917696 0.000000 0.000000 0.000000 -0.487323 0.873222
265.916000 192.022858 -32.275223 0.000000 0.000000 0.000000 -0.486188 0.873854
265.984000 191.052529 -32.452005 0.000000 0.000000 0.000000 -0.471541 0.881844
266.048000 190.064277 -32.375960 0.000000 0.000000 0.000000 -0.466964 0.884276
266.116000 190.911150 -32.892172 0.000000 0.000000 0.000000 -0.465780 0.884901
266.180000 189.942954 -32.675022 0.000000 0.000000 0.000000 -0.462161 0.886796
266.248000 188.986186 -32.467801 0.000000 0.000000 0.000000 -0.452745 0.891640
266.312000 188.046738 -32.507487 0.000000 0.000000 0.000000 -0.445349 0.895357
266.380000 187.068453 -32.324176 0.000000 0.000000 0.000000 -0.441772 0.897128
266.444000 186.095088 -32.287302 0.000000 0.000000 0.000000 -0.436680 0.899617
266.512000 185.169880 -31.922722 0.000000 0.000000 0.000000 -0.434073 0.900878
266.576000 184.196348 -31.740632 0.000000 0.000000 0.000000 -0.431519 0.902104
266.644000 183.221938 -31.919261 0.000000 0.000000 0.000000 -0.419265 0.907864
266.708000 184.057909 -32.444392 0.000000 0.000000 0.000000 -0.418265 0.908325
266.776000 183.076350 -32.596011 0.000000 0.000000 0.000000 -0.410914 0.911674
266.840000 182.111082 -32.841217 0.000000 0.000000 0.000000 -0.394694 0.918812
266.908000 181.292605 -33.403572 0.000000 0.000000 0.000000 -0.331634 0.943408
266.972000 180.553511 -34.077038 0.000000 0.000000 0.000000 -0.285529 0.958370
267.040000 179.905908 -34.838941 0.000000 0.000000 0.000000 -0.238991 0.971022
267.104000 179.361314 -35.667179 0.000000 0.000000 0.000000 -0.187870 0.982194
267.172000 178.905781 -36.554651 0.000000 0.000000 0.000000 -0.133300 0.991076
267.236000 178.567569 -37.492895 0.000000 0.000000 0.000000 -0.093432 0.995626
267.304000 177.612364 -37.303625 0.000000 0.000000 0.000000 -0.093471 0.995622
267.368000 177.104267 -38.159751 0.000000 0.000000 0.000000 -0.080264 0.996774
267.436000 176.140173 -37.965688 0.000000 0.000000 0.000000 -0.080195 0.996779
267.500000 175.162429 -37.834886 0.000000 0.000000 0.000000 -0.080045 0.996791
267.568000 174.570232 -38.638977 0.000000 0.000000 0.000000 -0.073929 0.997264
267.632000 174.049229 -39.480531 0.000000 0.000000 0.000000 -0.064881 0.997893
267.700000 173.145184 -39.126852 0.000000 0.000000 0.000000 -0.065748 0.997836
267.764000 172.189577 -38.959548 0.000000 0.000000 0.000000 -0.065623 0.997844
267.832000 171.225416 -38.839540 0.000000 0.000000 0.000000 -0.065221 0.997871
267.896000 170.256879 -38.637469 0.000000 0.000000 0.000000 -0.065546 0.997850
267.964000 169.279055 -38.583503 0.000000 0.000000 0.000000 -0.064814 0.997897
268.028000 168.319880 -38.430397 0.000000 0.000000 0.000000 -0.065121 0.997877
268.096000 167.321315 -38.383965 0.000000 0.000000 0.000000 -0.064329 0.997929
268.160000 166.355226 -38.280816 0.000000 0.000000 0.000000 -0.064160 0.997940
268.228000 165.393158 -38.107561 0.000000 0.000000 0.000000 -0.064277 0.997932
268.292000 164.711278 -38.826700 0.000000 0.000000 0.000000 -0.057687 0.998335
268.360000 163.725031 -38.746952 0.000000 0.000000 0.000000 -0.057292 0.998357
268.424000 163.271056 -39.636236 0.000000 0.000000 0.000000 -0.045160 0.998980
268.492000 162.371845 -39.281133 0.000000 0.000000 0.000000 -0.045975 0.998943
268.556000 161.388925 -39.259687 0.000000 0.000000 0.000000 -0.045925 0.998945
268.624000 160.419676 -39.382161 0.000000 0.000000 0.000000 -0.044224 0.999022
268.688000 159.449149 -39.367986 0.000000 0.000000 0.000000 -0.043903 0.999036
268.756000 158.498731 -39.484881 0.000000 0.000000 0.000000 -0.042296 0.999105
268.820000 157.523619 -39.427614 0.000000 0.000000 0.000000 -0.042304 0.999105
268.888000 156.550452 -39.469524 0.000000 0.000000 0.000000 -0.041427 0.999142
268.952000 156.381401 -38.526751 0.000000 0.000000 0.000000 -0.047231 0.998884
269.020000 156.504768 -37.543962 0.000000 0.000000 0.000000 -0.058110 0.998310
269.084000 155.537063 -37.605634 0.000000 0.000000 0.000000 -0.056535 0.998401
269.152000 154.566983 -37.479764 0.000000 0.000000 0.000000 -0.045971 0.998943
269.216000 154.457640 -38.429653 0.000000 0.000000 0.000000 0.003974 0.999992
269.284000 154.402948 -39.425153 0.000000 0.000000 0.000000 0.051180 0.998689
269.348000 154.420574 -40.424645 0.000000 0.000000 0.000000 0.101539 0.994832
269.416000 154.592258 -41.406939 0.000000 0.000000 0.000000 0.164223 0.986423
269.480000 153.622500 -41.645710 0.000000 0.000000 0.000000 0.187705 0.982225
269.548000 153.835057 -42.622781 0.000000 0.000000 0.000000 0.237895 0.971291
269.612000 152.968036 -43.119493 0.000000 0.000000 0.000000 0.261168 0.965293
269.680000 153.303866 -44.044048 0.000000 0.000000 0.000000 0.308590 0.951195
269.744000 153.741850 -44.911296 0.000000 0.000000 0.000000 0.350009 0.936746
269.812000 154.235347 -45.686049 0.000000 0.000000 0.000000 0.389569 0.920997
269.876000 154.786999 -46.507471 0.000000 0.000000 0.000000 0.431599 0.902066
269.944000 155.434081 -47.254550 0.000000 0.000000 0.000000 0.476388 0.879235
270.008000 156.101374 -47.966637 0.000000 0.000000 0.000000 0.512672 0.858585
270.076000 155.457556 -48.675262 0.000000 0.000000 0.000000 0.511448 0.859314
270.140000 154.836216 -49.402322 0.000000 0.000000 0.000000 0.510168 0.860075
270.208000 154.396472 -50.266727 0.000000 0.000000 0.000000 0.510365 0.859958
270.272000 153.938764 -51.130918 0.000000 0.000000 0.000000 0.510047 0.860147
270.340000 153.561762 -52.026613 0.000000 0.000000 0.000000 0.510918 0.859630
270.404000 153.082590 -52.872663 0.000000 0.000000 0.000000 0.510875 0.859655
270.472000 152.592915 -53.730364 0.000000 0.000000 0.000000 0.510816 0.859690
270.536000 152.159450 -54.600285 0.000000 0.000000 0.000000 0.510903 0.859638
270.604000 151.779127 -55.495819 0.000000 0.000000 0.000000 0.511951 0.859015
270.668000 151.268017 -56.318709 0.000000 0.000000 0.000000 0.511740 0.859140
270.736000 150.805330 -57.171210 0.000000 0.000000 0.000000 0.511782 0.859115
270.800000 150.248662 -57.961736 0.000000 0.000000 0.000000 0.511109 0.859516
270.868000 149.767506 -58.802921 0.000000 0.000000 0.000000 0.511081 0.859533
270.932000 149.044056 -59.446883 0.000000 0.000000 0.000000 0.509235 0.860628
271.000000 148.544351 -60.276459 0.000000 0.000000 0.000000 0.509095 0.860710
271.064000 147.896433 -60.990520 0.000000 0.000000 0.000000 0.508079 0.861310
271.132000 147.450257 -61.857502 0.000000 0.000000 0.000000 0.508134 0.861278
271.196000 146.776643 -62.596460 0.000000 0.000000 0.000000 0.506826 0.862049
271.264000 146.253815 -63.412188 0.000000 0.000000 0.000000 0.506458 0.862264
271.328000 145.266385 -63.271621 0.000000 0.000000 0.000000 0.495088 0.868843
271.396000 144.519974 -63.887549 0.000000 0.000000 0.000000 0.492970 0.870046
271.460000 143.837339 -64.575508 0.000000 0.000000 0.000000 0.491968 0.870613
271.528000 143.136751 -65.239763 0.000000 0.000000 0.000000 0.490608 0.871380
271.592000 142.377951 -65.864113 0.000000 0.000000 0.000000 0.488720 0.872441
271.660000 141.882201 -66.693676 0.000000 0.000000 0.000000 0.489273 0.872131
271.724000 140.992137 -67.081224 0.000000 0.000000 0.000000 0.485119 0.874448
271.792000 140.388062 -67.834686 0.000000 0.000000 0.000000 0.484759 0.874648
271.856000 139.425239 -68.045868 0.000000 0.000000 0.000000 0.479506 0.877539
271.924000 138.723061 -68.706233 0.000000 0.000000 0.000000 0.477602 0.878576
271.988000 138.040428 -69.412193 0.000000 0.000000 0.000000 0.476517 0.879165
272.056000 137.508786 -70.229708 0.000000 0.000000 0.000000 0.476286 0.879290
272.120000 136.699704 -70.762625 0.000000 0.000000 0.000000 0.473862 0.880599
272.188000 136.097206 -71.508131 0.000000 0.000000 0.000000 0.473643 0.880717
272.252000 135.463079 -72.261749 0.000000 0.000000 0.000000 0.472959 0.881084
272.320000 134.742625 -72.917139 0.000000 0.000000 0.000000 0.471656 0.881783
272.384000 134.087326 -73.641200 0.000000 0.000000 0.000000 0.470938 0.882166
272.452000 133.511051 -74.409375 0.000000 0.000000 0.000000 0.470884 0.882195
272.516000 132.795243 -75.048715 0.000000 0.000000 0.000000 0.468696 0.883359
272.584000 132.186073 -75.793515 0.000000 0.000000 0.000000 0.468416 0.883508
272.648000 131.619821 -76.601602 0.000000 0.000000 0.000000 0.468160 0.883644
272.716000 131.143956 -77.436237 0.000000 0.000000 0.000000 0.469767 0.882790
272.780000 130.560905 -78.205186 0.000000 0.000000 0.000000 0.469411 0.882980
272.848000 129.958687 -78.950695 0.000000 0.000000 0.000000 0.468593 0.883414
272.912000 129.613080 -78.016840 0.000000 0.000000 0.000000 0.465426 0.885087
272.980000 129.074192 -78.815631 0.000000 0.000000 0.000000 0.457528 0.889195
273.044000 128.178839 -78.370456 0.000000 0.000000 0.000000 0.410029 0.912073
273.112000 127.309989 -77.875401 0.000000 0.000000 0.000000 0.371425 0.928463
273.176000 126.499436 -77.291505 0.000000 0.000000 0.000000 0.325140 0.945666
273.244000 127.175088 -76.577839 0.000000 0.000000 0.000000 0.300680 0.953725
273.308000 126.877633 -75.685383 0.000000 0.000000 0.000000 0.265827 0.964021
273.376000 126.284644 -74.900868 0.000000 0.000000 0.000000 0.217247 0.976117
273.440000 125.441605 -75.438078 0.000000 0.000000 0.000000 0.193248 0.981150
273.508000 124.927372 -74.606553 0.000000 0.000000 0.000000 0.136326 0.990664
273.572000 124.594588 -73.679429 0.000000 0.000000 0.000000 0.089093 0.996023
273.640000 124.156992 -72.783155 0.000000 0.000000 0.000000 0.055813 0.998441
273.704000 123.385826 -72.148847 0.000000 0.000000 0.000000 0.049268 0.998786
273.772000 122.416616 -72.318894 0.000000 0.000000 0.000000 0.050038 0.998747
273.836000 121.513091 -72.673500 0.000000 0.000000 0.000000 0.051224 0.998687
273.904000 121.478982 -73.408653 0.000000 0.000000 0.000000 0.068209 0.997671
273.968000 120.639928 -72.871505 0.000000 0.000000 0.000000 0.062824 0.998025
274.036000 119.822755 -72.298920 0.000000 0.000000 0.000000 0.057437 0.998349
274.100000 118.827022 -72.255420 0.000000 0.000000 0.000000 0.056317 0.998413
274.168000 117.888216 -71.911726 0.000000 0.000000 0.000000 0.054000 0.998541
274.232000 116.897918 -72.045828 0.000000 0.000000 0.000000 0.040219 0.999191
274.300000 115.899595 -72.001423 0.000000 0.000000 0.000000 0.015259 0.999884
274.364000 114.903259 -72.075691 0.000000 0.000000 0.000000 -0.008685 0.999962
274.432000 114.823515 -71.088224 0.000000 0.000000 0.000000 -0.064489 0.997918
274.496000 114.830386 -70.102766 0.000000 0.000000 0.000000 -0.115861 0.993265
274.564000 114.894794 -69.104970 0.000000 0.000000 0.000000 -0.167280 0.985909
274.628000 115.108673 -68.128111 0.000000 0.000000 0.000000 -0.218660 0.975801
274.696000 115.390500 -67.170679 0.000000 0.000000 0.000000 -0.262790 0.964853
274.760000 115.185436 -66.195277 0.000000 0.000000 0.000000 -0.267410 0.963583
274.828000 114.992385 -65.253495 0.000000 0.000000 0.000000 -0.273263 0.961939
274.892000 114.964865 -64.266215 0.000000 0.000000 0.000000 -0.280311 0.959909
274.960000 114.565677 -63.358821 0.000000 0.000000 0.000000 -0.284734 0.958607
275.024000 114.345732 -62.392682 0.000000 0.000000 0.000000 -0.289763 0.957098
275.092000 113.529717 -61.859762 0.000000 0.000000 0.000000 -0.289481 0.957184
275.156000 113.238773 -60.930948 0.000000 0.000000 0.000000 -0.292992 0.956115
275.224000 112.443609 -61.533792 0.000000 0.000000 0.000000 -0.284078 0.958801
275.288000 111.649964 -60.976956 0.000000 0.000000 0.000000 -0.284081 0.958800
275.356000 111.209100 -60.098922 0.000000 0.000000 0.000000 -0.286324 0.958133
275.420000 110.317847 -60.549234 0.000000 0.000000 0.000000 -0.278852 0.960334
275.488000 109.406152 -60.313214 0.000000 0.000000 0.000000 -0.277227 0.960805
275.552000 108.619017 -59.703078 0.000000 0.000000 0.000000 -0.278015 0.960577
275.620000 108.211582 -58.796060 0.000000 0.000000 0.000000 -0.282320 0.959320
275.684000 107.976603 -57.846305 0.000000 0.000000 0.000000 -0.284460 0.958688
275.752000 107.059729 -58.244786 0.000000 0.000000 0.000000 -0.279550 0.960131
275.816000 106.415622 -57.531311 0.000000 0.000000 0.000000 -0.281558 0.959544
275.884000 105.547805 -57.112200 0.000000 0.000000 0.000000 -0.280315 0.959908
275.948000 104.682324 -57.512394 0.000000 0.000000 0.000000 -0.269570 0.962981
276.016000 103.910898 -56.944154 0.000000 0.000000 0.000000 -0.270484 0.962724
276.080000 103.234934 -56.229957 0.000000 0.000000 0.000000 -0.272333 0.962203
276.148000 102.420320 -55.650315 0.000000 0.000000 0.000000 -0.273179 0.961963
276.212000 101.602801 -55.147054 0.000000 0.000000 0.000000 -0.272798 0.962071
276.280000 100.914446 -54.469804 0.000000 0.000000 0.000000 -0.275103 0.961415
276.344000 100.247909 -54.823436 0.000000 0.000000 0.000000 -0.254968 0.966950
276.412000 99.493938 -54.231627 0.000000 0.000000 0.000000 -0.256611 0.966515
276.476000 98.643434 -53.783581 0.000000 0.000000 0.000000 -0.256382 0.966576
276.544000 97.798488 -54.183771 0.000000 0.000000 0.000000 -0.242840 0.970066
276.608000 96.887265 -53.774798 0.000000 0.000000 0.000000 -0.265824 0.964022
276.676000 96.045512 -53.236005 0.000000 0.000000 0.000000 -0.293275 0.956028
276.740000 96.393902 -52.341397 0.000000 0.000000 0.000000 -0.349371 0.936984
276.808000 96.882907 -51.483830 0.000000 0.000000 0.000000 -0.411249 0.911523
276.872000 97.399994 -50.673728 0.000000 0.000000 0.000000 -0.464864 0.885382
276.940000 98.081406 -49.972600 0.000000 0.000000 0.000000 -0.524518 0.851399
277.004000 98.830608 -49.394477 0.000000 0.000000 0.000000 -0.579041 0.815299
277.072000 99.700276 -48.913172 0.000000 0.000000 0.000000 -0.619345 0.785119
277.136000 100.651300 -48.608297 0.000000 0.000000 0.000000 -0.656672 0.754176
277.204000 101.612570 -48.334286 0.000000 0.000000 0.000000 -0.702682 0.711504
277.268000 101.762460 -49.322274 0.000000 0.000000 0.000000 0.719575 -0.694415
277.336000 101.830918 -50.317458 0.000000 0.000000 0.000000 0.736968 -0.675928
277.400000 101.847383 -49.318095 0.000000 0.000000 0.000000 0.753157 -0.657841
277.468000 101.885540 -48.318989 0.000000 0.000000 0.000000 0.769735 -0.638364
277.532000 102.081742 -47.338600 0.000000 0.000000 0.000000 0.785133 -0.619327
277.600000 102.016547 -46.363706 0.000000 0.000000 0.000000 0.787862 -0.615852
277.664000 102.215701 -45.395984 0.000000 0.000000 0.000000 0.787766 -0.615975
277.732000 102.426984 -44.425277 0.000000 0.000000 0.000000 0.787575 -0.616219
277.796000 102.500861 -43.441343 0.000000 0.000000 0.000000 0.786935 -0.617036
277.864000 102.605540 -42.455970 0.000000 0.000000 0.000000 0.786591 -0.617474
277.928000 102.738632 -41.495716 0.000000 0.000000 0.000000 0.785994 -0.618234
277.996000 102.957046 -40.538840 0.000000 0.000000 0.000000 0.786003 -0.618223
278.060000 103.181492 -39.577572 0.000000 0.000000 0.000000 0.786003 -0.618223
278.128000 103.395049 -38.605568 0.000000 0.000000 0.000000 0.786021 -0.618200
278.192000 103.498078 -37.642434 0.000000 0.000000 0.000000 0.785533 -0.618820
278.260000 103.556412 -36.680128 0.000000 0.000000 0.000000 0.784733 -0.619834
278.324000 103.789921 -35.719264 0.000000 0.000000 0.000000 0.784771 -0.619786
278.392000 103.931472 -34.739840 0.000000 0.000000 0.000000 0.784698 -0.619878
278.456000 104.190227 -33.789466 0.000000 0.000000 0.000000 0.784715 -0.619857
278.524000 104.465125 -32.840989 0.000000 0.000000 0.000000 0.784927 -0.619588
278.588000 104.664608 -31.881533 0.000000 0.000000 0.000000 0.784500 -0.620129
278.656000 104.849577 -30.917741 0.000000 0.000000 0.000000 0.784065 -0.620679
278.720000 104.990202 -29.945842 0.000000 0.000000 0.000000 0.783755 -0.621070
278.788000 105.101881 -28.975745 0.000000 0.000000 0.000000 0.782509 -0.622639
278.852000 105.337882 -28.021176 0.000000 0.000000 0.000000 0.782630 -0.622487
278.920000 105.436926 -27.047953 0.000000 0.000000 0.000000 0.782065 -0.623196
278.984000 105.682042 -26.087249 0.000000 0.000000 0.000000 0.782116 -0.623133
279.052000 105.928504 -25.130100 0.000000 0.000000 0.000000 0.782287 -0.622918
279.116000 106.160426 -24.178563 0.000000 0.000000 0.000000 0.782392 -0.622786
279.184000 106.328648 -23.211732 0.000000 0.000000 0.000000 0.781878 -0.623431
279.248000 106.431870 -22.243423 0.000000 0.000000 0.000000 0.781340 -0.624106
279.316000 106.600469 -21.272544 0.000000 0.000000 0.000000 0.781070 -0.624443
279.380000 106.651116 -20.293106 0.000000 0.000000 0.000000 0.780251 -0.625467
279.448000 106.708755 -19.327988 0.000000 0.000000 0.000000 0.779667 -0.626194
279.512000 107.029185 -18.390551 0.000000 0.000000 0.000000 0.779849 -0.625967
279.580000 107.331290 -17.451953 0.000000 0.000000 0.000000 0.780247 -0.625471
279.644000 107.431992 -16.483521 0.000000 0.000000 0.000000 0.779509 -0.626391
279.712000 107.517837 -15.509674 0.000000 0.000000 0.000000 0.779109 -0.626889
279.776000 107.782403 -14.563574 0.000000 0.000000 0.000000 0.779290 -0.626664
279.844000 107.902790 -13.594210 0.000000 0.000000 0.000000 0.778816 -0.627252
279.908000 108.177417 -12.645631 0.000000 0.000000 0.000000 0.779132 -0.626860
279.976000 108.408256 -11.684175 0.000000 0.000000 0.000000 0.779139 -0.626851
280.040000 108.627176 -10.726513 0.000000 0.000000 0.000000 0.779610 -0.626265
280.108000 108.793234 -9.742857 0.000000 0.000000 0.000000 0.794128 -0.607750
280.172000 108.952153 -8.759563 0.000000 0.000000 0.000000 0.808323 -0.588740
280.240000 109.301635 -7.858059 0.000000 0.000000 0.000000 0.823722 -0.566993
280.304000 109.619392 -6.927966 0.000000 0.000000 0.000000 0.828025 -0.560692
280.372000 109.982239 -6.017989 0.000000 0.000000 0.000000 0.828113 -0.560560
280.436000 110.247898 -5.084125 0.000000 0.000000 0.000000 0.827472 -0.561507
280.504000 110.567144 -4.158281 0.000000 0.000000 0.000000 0.827227 -0.561868
280.568000 111.009113 -3.267514 0.000000 0.000000 0.000000 0.827692 -0.561183
280.636000 111.471366 -2.389167 0.000000 0.000000 0.000000 0.828147 -0.560511
280.700000 111.746645 -1.458661 0.000000 0.000000 0.000000 0.827738 -0.561115
280.768000 112.128860 -0.548133 0.000000 0.000000 0.000000 0.827795 -0.561031
280.832000 112.483525 0.361686 0.000000 0.000000 0.000000 0.827707 -0.561161
280.900000 112.892825 1.262288 0.000000 0.000000 0.000000 0.827860 -0.560935
280.964000 113.322657 2.163601 0.000000 0.000000 0.000000 0.828328 -0.560243
281.032000 113.687155 3.075993 0.000000 0.000000 0.000000 0.828261 -0.560342
281.096000 114.059671 3.986778 0.000000 0.000000 0.000000 0.828224 -0.560397
281.164000 114.371012 4.909851 0.000000 0.000000 0.000000 0.827846 -0.560956
281.228000 114.734743 5.823953 0.000000 0.000000 0.000000 0.827769 -0.561069
281.296000 115.061872 6.741366 0.000000 0.000000 0.000000 0.827528 -0.561424
281.360000 115.454250 7.637919 0.000000 0.000000 0.000000 0.827545 -0.561400
281.428000 115.756962 8.570147 0.000000 0.000000 0.000000 0.827142 -0.561992
281.492000 116.115072 9.490504 0.000000 0.000000 0.000000 0.827180 -0.561938
281.560000 116.360425 10.442479 0.000000 0.000000 0.000000 0.826301 -0.563229
281.624000 116.731539 11.359194 0.000000 0.000000 0.000000 0.826398 -0.563086
281.692000 117.078958 12.279896 0.000000 0.000000 0.000000 0.826238 -0.563321
281.756000 117.392810 13.211240 0.000000 0.000000 0.000000 0.825782 -0.563989
281.824000 117.686446 14.144740 0.000000 0.000000 0.000000 0.825247 -0.564772
281.888000 118.013661 15.080838 0.000000 0.000000 0.000000 0.825121 -0.564956
281.956000 118.384463 16.002136 0.000000 0.000000 0.000000 0.825354 -0.564615
282.020000 118.745624 16.922395 0.000000 0.000000 0.000000 0.825649 -0.564184
282.088000 119.099206 17.839736 0.000000 0.000000 0.000000 0.825686 -0.564130
282.152000 119.394558 18.776403 0.000000 0.000000 0.000000 0.825372 -0.564589
282.220000 119.795100 19.681710 0.000000 0.000000 0.000000 0.825999 -0.563671
282.284000 120.170940 20.592971 0.000000 0.000000 0.000000 0.826043 -0.563607
282.352000 120.552255 21.500819 0.000000 0.000000 0.000000 0.826037 -0.563616
282.416000 120.937265 22.416647 0.000000 0.000000 0.000000 0.826370 -0.563128
282.484000 121.432105 23.272709 0.000000 0.000000 0.000000 0.826990 -0.562217
282.548000 121.942968 24.116254 0.000000 0.000000 0.000000 0.827905 -0.560868
282.616000 122.300760 25.037626 0.000000 0.000000 0.000000 0.827895 -0.560883
282.680000 122.720147 25.932907 0.000000 0.000000 0.000000 0.827340 -0.561701
282.748000 123.145788 26.828163 0.000000 0.000000 0.000000 0.827212 -0.561890
282.812000 123.547365 27.731799 0.000000 0.000000 0.000000 0.827343 -0.561697
282.880000 123.895635 28.649968 0.000000 0.000000 0.000000 0.827069 -0.562100
282.944000 124.407067 29.471339 0.000000 0.000000 0.000000 0.827799 -0.561026
283.012000 125.048747 30.161269 0.000000 0.000000 0.000000 0.828825 -0.559507
283.076000 126.043721 30.252474 0.000000 0.000000 0.000000 0.838707 -0.544583
283.144000 126.491291 31.142103 0.000000 0.000000 0.000000 0.838438 -0.544997
283.208000 127.046780 31.969191 0.000000 0.000000 0.000000 0.839154 -0.543894
283.276000 127.528425 32.822609 0.000000 0.000000 0.000000 0.839185 -0.543846
283.340000 128.094062 33.639236 0.000000 0.000000 0.000000 0.839967 -0.542637
283.408000 129.046404 33.339945 0.000000 0.000000 0.000000 0.848182 -0.529705
283.472000 129.639171 34.114812 0.000000 0.000000 0.000000 0.848950 -0.528472
283.540000 130.142726 34.971236 0.000000 0.000000 0.000000 0.849111 -0.528215
283.604000 130.646308 35.809946 0.000000 0.000000 0.000000 0.850077 -0.526658
283.672000 131.067740 36.695001 0.000000 0.000000 0.000000 0.850071 -0.526668
283.736000 131.684084 37.463525 0.000000 0.000000 0.000000 0.851034 -0.525110
283.804000 132.174425 38.294966 0.000000 0.000000 0.000000 0.850932 -0.525276
283.868000 132.799983 39.066642 0.000000 0.000000 0.000000 0.851755 -0.523940
283.936000 133.397921 39.822586 0.000000 0.000000 0.000000 0.852728 -0.522355
284.000000 134.060170 40.524577 0.000000 0.000000 0.000000 0.864987 -0.501794
284.068000 134.711303 41.256603 0.000000 0.000000 0.000000 0.879788 -0.475366
284.132000 135.562391 41.726536 0.000000 0.000000 0.000000 0.894991 -0.446084
284.200000 136.542090 41.722286 0.000000 0.000000 0.000000 0.914461 -0.404675
284.264000 137.435704 41.296422 0.000000 0.000000 0.000000 0.949737 -0.313050
284.332000 138.225767 40.691375 0.000000 0.000000 0.000000 0.967312 -0.253589
284.396000 138.906186 39.966900 0.000000 0.000000 0.000000 0.982899 -0.184147
284.464000 139.424232 39.121132 0.000000 0.000000 0.000000 0.991357 -0.131190
284.528000 138.769159 38.809551 0.000000 0.000000 0.000000 0.994251 -0.107073
284.596000 138.117856 38.704770 0.000000 0.000000 0.000000 0.996532 -0.083216
284.660000 139.080833 38.949911 0.000000 0.000000 0.000000 0.998279 -0.058643
284.728000 139.248083 37.973058 0.000000 0.000000 0.000000 0.999950 -0.009965
284.792000 139.221491 36.989530 0.000000 0.000000 0.000000 0.999663 0.025942
284.860000 139.216476 35.995222 0.000000 0.000000 0.000000 0.997714 0.067578
284.924000 139.238000 34.998074 0.000000 0.000000 0.000000 0.993057 0.117638
284.992000 139.479382 34.048704 0.000000 0.000000 0.000000 0.989478 0.144683
285.056000 139.851053 33.126793 0.000000 0.000000 0.000000 0.988191 0.153225
285.124000 140.784606 32.839902 0.000000 0.000000 0.000000 0.988200 0.153171
285.188000 139.853872 33.127497 0.000000 0.000000 0.000000 0.988158 0.153443
285.256000 140.318157 32.253286 0.000000 0.000000 0.000000 0.987062 0.160340
285.320000 141.240728 31.952757 0.000000 0.000000 0.000000 0.987077 0.160244
285.388000 142.178296 31.625735 0.000000 0.000000 0.000000 0.987059 0.160359
285.452000 143.126961 31.351907 0.000000 0.000000 0.000000 0.987098 0.160119
285.520000 142.717327 32.243623 0.000000 0.000000 0.000000 0.986252 0.165250
285.584000 142.286075 33.118900 0.000000 0.000000 0.000000 0.985604 0.169070
285.652000 143.197743 32.758746 0.000000 0.000000 0.000000 0.985548 0.169399
285.716000 144.135977 32.516972 0.000000 0.000000 0.000000 0.985652 0.168789
285.784000 145.059169 32.205066 0.000000 0.000000 0.000000 0.985697 0.168530
285.848000 145.987871 31.930123 0.000000 0.000000 0.000000 0.985672 0.168675
285.916000 146.914941 31.621493 0.000000 0.000000 0.000000 0.985676 0.168651
285.980000 147.832477 31.305893 0.000000 0.000000 0.000000 0.985686 0.168591
286.048000 148.764030 31.022474 0.000000 0.000000 0.000000 0.985729 0.168338
286.112000 149.650187 30.613611 0.000000 0.000000 0.000000 0.985566 0.169291
286.180000 150.572421 30.287910 0.000000 0.000000 0.000000 0.985577 0.169228
286.244000 151.504513 30.028258 0.000000 0.000000 0.000000 0.985627 0.168934
286.312000 152.365518 29.525247 0.000000 0.000000 0.000000 0.985496 0.169696
286.376000 153.299116 29.239925 0.000000 0.000000 0.000000 0.985508 0.169630
286.444000 154.227319 28.917343 0.000000 0.000000 0.000000 0.985510 0.169619
286.508000 155.146341 28.570585 0.000000 0.000000 0.000000 0.985525 0.169529
286.576000 156.053348 28.221371 0.000000 0.000000 0.000000 0.985504 0.169651
286.640000 156.998983 27.998689 0.000000 0.000000 0.000000 0.985594 0.169130
286.708000 157.926333 27.695638 0.000000 0.000000 0.000000 0.985617 0.168992
286.772000 158.841942 27.350456 0.000000 0.000000 0.000000 0.985607 0.169051
286.840000 159.733134 26.924931 0.000000 0.000000 0.000000 0.985484 0.169766
286.904000 160.655335 26.647070 0.000000 0.000000 0.000000 0.985545 0.169415
286.972000 161.608076 26.438885 0.000000 0.000000 0.000000 0.985662 0.168732
287.036000 162.535655 26.097141 0.000000 0.000000 0.000000 0.985675 0.168654
287.104000 163.480542 25.898759 0.000000 0.000000 0.000000 0.985839 0.167693
287.168000 164.448655 25.651161 0.000000 0.000000 0.000000 0.985848 0.167644
287.236000 165.365153 25.292545 0.000000 0.000000 0.000000 0.985816 0.167829
287.300000 166.315069 25.065938 0.000000 0.000000 0.000000 0.985998 0.166760
287.368000 167.242056 24.744614 0.000000 0.000000 0.000000 0.986008 0.166700
287.432000 168.190732 24.510875 0.000000 0.000000 0.000000 0.986204 0.165537
287.500000 169.126677 24.257125 0.000000 0.000000 0.000000 0.986250 0.165262
287.564000 170.048357 23.929994 0.000000 0.000000 0.000000 0.986283 0.165063
287.632000 170.997532 23.685012 0.000000 0.000000 0.000000 0.986336 0.164746
287.696000 171.939499 23.396169 0.000000 0.000000 0.000000 0.986387 0.164441
287.764000 172.867354 23.097061 0.000000 0.000000 0.000000 0.986390 0.164424
287.828000 173.811507 22.768263 0.000000 0.000000 0.000000 0.986366 0.164569
287.896000 174.744221 22.456514 0.000000 0.000000 0.000000 0.986371 0.164539
287.960000 175.660334 22.123586 0.000000 0.000000 0.000000 0.986322 0.164832
288.028000 176.600609 21.809614 0.000000 0.000000 0.000000 0.986304 0.164939
288.092000 177.511463 21.458387 0.000000 0.000000 0.000000 0.986248 0.165271
288.160000 178.428040 21.120989 0.000000 0.000000 0.000000 0.986250 0.165259
288.224000 179.366640 20.813815 0.000000 0.000000 0.000000 0.986247 0.165276
288.292000 180.316449 20.652118 0.000000 0.000000 0.000000 0.986469 0.163946
288.356000 181.274929 20.476632 0.000000 0.000000 0.000000 0.986562 0.163387
288.424000 182.023716 21.136770 0.000000 0.000000 0.000000 0.989998 0.141085
288.488000 182.682258 21.884729 0.000000 0.000000 0.000000 0.992315 0.123736
288.556000 182.682258 21.884729 0.000000 0.000000 0.000000 0.992315 0.123736
288.620000 183.615339 21.653953 0.000000 0.000000 0.000000 0.992337 0.123558
288.688000 184.558221 21.394437 0.000000 0.000000 0.000000 0.992314 0.123748
288.752000 185.498124 21.135582 0.000000 0.000000 0.000000 0.992277 0.124038
288.820000 186.442056 20.857175 0.000000 0.000000 0.000000 0.992277 0.124038
288.884000 187.382846 20.592683 0.000000 0.000000 0.000000 0.992213 0.124551
288.952000 188.276575 20.218640 0.000000 0.000000 0.000000 0.994684 0.102974
289.016000 188.610671 21.152728 0.000000 0.000000 0.000000 0.999461 0.032841
289.084000 189.562179 20.935882 0.000000 0.000000 0.000000 0.999976 0.006873
289.148000 189.651160 21.925277 0.000000 0.000000 0.000000 0.997864 -0.065325
289.216000 188.669927 21.968499 0.000000 0.000000 0.000000 0.995797 -0.091584
289.280000 188.506867 22.953467 0.000000 0.000000 0.000000 0.990153 -0.139993
289.348000 188.233946 23.908260 0.000000 0.000000 0.000000 0.980547 -0.196282
289.412000 187.903155 24.850122 0.000000 0.000000 0.000000 0.968623 -0.248534
289.480000 187.393687 25.699749 0.000000 0.000000 0.000000 0.955637 -0.294546
289.544000 186.873872 26.545554 0.000000 0.000000 0.000000 0.940738 -0.339134
289.612000 186.270252 27.341952 0.000000 0.000000 0.000000 0.918785 -0.394757
289.676000 185.636365 28.113166 0.000000 0.000000 0.000000 0.897025 -0.441979
289.744000 184.871528 28.755899 0.000000 0.000000 0.000000 0.874330 -0.485332
289.808000 184.051442 29.326707 0.000000 0.000000 0.000000 0.849977 -0.526819
289.876000 183.247272 29.918800 0.000000 0.000000 0.000000 0.823933 -0.566687
289.940000 182.760227 29.045768 0.000000 0.000000 0.000000 0.810106 -0.586284
290.008000 181.863756 29.460315 0.000000 0.000000 0.000000 0.777324 -0.629101
290.072000 182.037862 30.444976 0.000000 0.000000 0.000000 0.762121 -0.647434
290.140000 181.076761 30.673617 0.000000 0.000000 0.000000 0.725868 -0.687834
290.204000 181.141118 31.671220 0.000000 0.000000 0.000000 0.709113 -0.705095
290.272000 180.146994 31.779220 0.000000 0.000000 0.000000 -0.671908 0.740634
290.336000 180.032247 32.771686 0.000000 0.000000 0.000000 -0.653753 0.756708
290.404000 179.856184 33.756004 0.000000 0.000000 0.000000 -0.634219 0.773153
290.468000 178.862322 33.645417 0.000000 0.000000 0.000000 -0.596062 0.802938
290.536000 177.883396 33.455018 0.000000 0.000000 0.000000 -0.562787 0.826602
290.600000 178.305367 34.336531 0.000000 0.000000 0.000000 -0.565762 0.824569
290.668000 177.809184 35.176122 0.000000 0.000000 0.000000 -0.565295 0.824889
290.732000 177.920998 36.145384 0.000000 0.000000 0.000000 -0.567127 0.823630
290.800000 178.788249 36.637362 0.000000 0.000000 0.000000 -0.574741 0.818335
290.864000 179.167152 37.538932 0.000000 0.000000 0.000000 -0.578015 0.816026
290.932000 178.692346 38.397718 0.000000 0.000000 0.000000 -0.577644 0.816289
290.996000 177.774299 38.735145 0.000000 0.000000 0.000000 -0.573652 0.819099
291.064000 178.126965 39.652026 0.000000 0.000000 0.000000 -0.576475 0.817115
291.128000 178.830818 40.348778 0.000000 0.000000 0.000000 -0.582004 0.813186
291.196000 178.367813 41.207334 0.000000 0.000000 0.000000 -0.581346 0.813656
291.260000 177.924190 42.080382 0.000000 0.000000 0.000000 -0.581030 0.813882
291.328000 178.511166 42.874642 0.000000 0.000000 0.000000 -0.585836 0.810429
291.392000 178.719704 41.921963 0.000000 0.000000 0.000000 -0.586017 0.810299
291.460000 179.507378 42.528821 0.000000 0.000000 0.000000 -0.593534 0.804809
291.524000 178.924780 43.305880 0.000000 0.000000 0.000000 -0.592531 0.805548
291.592000 179.235530 42.382866 0.000000 0.000000 0.000000 -0.592474 0.805589
291.656000 178.318819 42.698136 0.000000 0.000000 0.000000 -0.589398 0.807843
291.724000 177.555208 43.254692 0.000000 0.000000 0.000000 -0.587820 0.808992
291.788000 177.983630 42.381995 0.000000 0.000000 0.000000 -0.587627 0.809132
291.856000 177.465904 43.208787 0.000000 0.000000 0.000000 -0.586741 0.809775
291.920000 176.961682 44.050715 0.000000 0.000000 0.000000 -0.585915 0.810373
291.988000 176.545356 44.931790 0.000000 0.000000 0.000000 -0.585723 0.810512
292.052000 175.867665 45.636495 0.000000 0.000000 0.000000 -0.584586 0.811332
292.120000 175.482462 46.559099 0.000000 0.000000 0.000000 -0.584263 0.811564
292.184000 175.033950 47.427376 0.000000 0.000000 0.000000 -0.583834 0.811873
292.252000 174.301314 48.075455 0.000000 0.000000 0.000000 -0.582266 0.812998
292.316000 173.474709 48.596312 0.000000 0.000000 0.000000 -0.579672 0.814850
292.384000 173.791519 47.667744 0.000000 0.000000 0.000000 -0.579396 0.815046
292.448000 173.160206 48.427329 0.000000 0.000000 0.000000 -0.578608 0.815606
292.516000 173.621725 47.574974 0.000000 0.000000 0.000000 -0.578440 0.815725
292.580000 173.227784 48.468256 0.000000 0.000000 0.000000 -0.578001 0.816036
292.648000 173.471984 47.519803 0.000000 0.000000 0.000000 -0.578468 0.815705
292.712000 173.806206 46.604483 0.000000 0.000000 0.000000 -0.578533 0.815659
292.780000 173.332670 47.462242 0.000000 0.000000 0.000000 -0.577840 0.816150
292.844000 173.673992 46.541325 0.000000 0.000000 0.000000 -0.577677 0.816266
292.912000 174.372556 45.871402 0.000000 0.000000 0.000000 -0.576536 0.817072
292.976000 174.758604 44.972949 0.000000 0.000000 0.000000 -0.576554 0.817059
293.044000 174.259448 45.808869 0.000000 0.000000 0.000000 -0.575982 0.817462
293.108000 173.669319 46.596317 0.000000 0.000000 0.000000 -0.574747 0.818332
293.176000 172.838160 47.066466 0.000000 0.000000 0.000000 -0.572866 0.819649
293.240000 173.168646 47.989368 0.000000 0.000000 0.000000 -0.576660 0.816984
293.308000 173.499803 47.068645 0.000000 0.000000 0.000000 -0.576623 0.817011
293.372000 173.107499 47.964852 0.000000 0.000000 0.000000 -0.576167 0.817332
293.440000 173.461898 47.053737 0.000000 0.000000 0.000000 -0.576418 0.817155
293.504000 172.697392 47.659862 0.000000 0.000000 0.000000 -0.574894 0.818228
293.572000 173.002008 46.736856 0.000000 0.000000 0.000000 -0.575055 0.818115
293.636000 172.247056 47.353947 0.000000 0.000000 0.000000 -0.573211 0.819408
293.704000 171.820871 48.236718 0.000000 0.000000 0.000000 -0.572512 0.819897
293.768000 172.084204 47.294434 0.000000 0.000000 0.000000 -0.572845 0.819663
293.836000 172.397349 46.365526 0.000000 0.000000 0.000000 -0.572871 0.819646
293.900000 172.040065 47.270290 0.000000 0.000000 0.000000 -0.572770 0.819716
293.968000 171.833987 48.228870 0.000000 0.000000 0.000000 -0.573352 0.819309
294.032000 171.617825 49.183898 0.000000 0.000000 0.000000 -0.574086 0.818795
294.100000 171.260463 50.095559 0.000000 0.000000 0.000000 -0.574028 0.818835
294.164000 170.958405 51.024520 0.000000 0.000000 0.000000 -0.574282 0.818657
294.232000 170.678235 51.962455 0.000000 0.000000 0.000000 -0.574596 0.818437
294.296000 170.951912 51.022615 0.000000 0.000000 0.000000 -0.574592 0.818440
294.364000 170.682838 51.963563 0.000000 0.000000 0.000000 -0.575129 0.818063
294.428000 170.246114 52.839444 0.000000 0.000000 0.000000 -0.574448 0.818541
294.496000 169.860156 53.739806 0.000000 0.000000 0.000000 -0.573988 0.818864
294.560000 169.514125 54.656437 0.000000 0.000000 0.000000 -0.573842 0.818966
294.628000 169.228293 55.594363 0.000000 0.000000 0.000000 -0.574188 0.818723
294.692000 168.859335 56.498703 0.000000 0.000000 0.000000 -0.573797 0.818998
294.760000 168.517295 57.415502 0.000000 0.000000 0.000000 -0.573594 0.819140
294.824000 168.152586 58.318235 0.000000 0.000000 0.000000 -0.573591 0.819142
294.892000 167.737757 59.193937 0.000000 0.000000 0.000000 -0.573241 0.819386
294.956000 168.056355 58.276712 0.000000 0.000000 0.000000 -0.573362 0.819302
295.024000 167.758996 59.210867 0.000000 0.000000 0.000000 -0.573641 0.819107
295.088000 167.221887 60.024622 0.000000 0.000000 0.000000 -0.572346 0.820012
295.156000 166.789310 60.898370 0.000000 0.000000 0.000000 -0.571485 0.820612
295.220000 166.454020 61.818616 0.000000 0.000000 0.000000 -0.571347 0.820709
295.288000 165.977853 62.668784 0.000000 0.000000 0.000000 -0.570455 0.821329
295.352000 165.545997 63.537764 0.000000 0.000000 0.000000 -0.569987 0.821653
295.420000 165.239971 64.465766 0.000000 0.000000 0.000000 -0.570159 0.821534
295.484000 164.770073 65.328884 0.000000 0.000000 0.000000 -0.569012 0.822329
295.552000 164.424439 66.241354 0.000000 0.000000 0.000000 -0.569108 0.822263
295.616000 164.104598 67.166436 0.000000 0.000000 0.000000 -0.569331 0.822108
295.684000 163.604800 68.027477 0.000000 0.000000 0.000000 -0.576251 0.817273
295.748000 163.163718 68.924925 0.000000 0.000000 0.000000 -0.594412 0.804161
295.816000 162.778114 69.847578 0.000000 0.000000 0.000000 -0.613508 0.789689
295.880000 162.503324 70.803762 0.000000 0.000000 0.000000 -0.631489 0.775385
295.948000 162.244535 71.768220 0.000000 0.000000 0.000000 -0.649776 0.760126
296.012000 162.053128 72.748983 0.000000 0.000000 0.000000 -0.667168 0.744907
296.080000 161.897871 73.735451 0.000000 0.000000 0.000000 -0.685411 0.728156
296.144000 162.871889 73.948344 0.000000 0.000000 0.000000 0.726100 -0.687589
296.212000 163.867886 74.037654 0.000000 0.000000 0.000000 0.770049 -0.637984
296.276000 164.848240 73.888235 0.000000 0.000000 0.000000 0.801224 -0.598365
296.344000 165.841301 73.785396 0.000000 0.000000 0.000000 0.816284 -0.577651
296.408000 165.664473 74.706246 0.000000 0.000000 0.000000 0.815427 -0.578860
296.476000 166.656192 74.605414 0.000000 0.000000 0.000000 0.819431 -0.573178
296.540000 167.622324 74.761485 0.000000 0.000000 0.000000 0.821552 -0.570134
296.608000 167.949280 75.688494 0.000000 0.000000 0.000000 0.821398 -0.570356
296.672000 168.943977 75.623125 0.000000 0.000000 0.000000 0.825858 -0.563878
296.740000 169.267886 76.548469 0.000000 0.000000 0.000000 0.825851 -0.563888
296.804000 169.554736 77.494059 0.000000 0.000000 0.000000 0.825781 -0.563991
296.872000 169.882071 78.416073 0.000000 0.000000 0.000000 0.825661 -0.564166
296.936000 170.277943 79.315129 0.000000 0.000000 0.000000 0.825661 -0.564166
297.004000 170.536446 80.241972 0.000000 0.000000 0.000000 0.825315 -0.564672
297.068000 170.940021 81.147993 0.000000 0.000000 0.000000 0.825371 -0.564591
297.136000 171.243739 82.069985 0.000000 0.000000 0.000000 0.825046 -0.565065
297.200000 171.639440 82.977068 0.000000 0.000000 0.000000 0.825149 -0.564914
297.268000 172.001408 83.889150 0.000000 0.000000 0.000000 0.825128 -0.564945
297.332000 172.388000 84.802227 0.000000 0.000000 0.000000 0.825191 -0.564854
297.400000 172.759153 85.715380 0.000000 0.000000 0.000000 0.825307 -0.564685
297.464000 173.130421 86.627297 0.000000 0.000000 0.000000 0.825452 -0.564472
297.532000 173.485331 87.550954 0.000000 0.000000 0.000000 0.825607 -0.564246
297.596000 173.857215 88.451773 0.000000 0.000000 0.000000 0.825752 -0.564033
297.664000 174.231169 89.365938 0.000000 0.000000 0.000000 0.825772 -0.564004
297.728000 174.543238 90.293382 0.000000 0.000000 0.000000 0.825485 -0.564425
297.796000 174.918685 91.195496 0.000000 0.000000 0.000000 0.825509 -0.564389
297.860000 175.271963 92.113602 0.000000 0.000000 0.000000 0.825412 -0.564530
297.928000 175.639804 93.026898 0.000000 0.000000 0.000000 0.825535 -0.564351
297.992000 175.992880 93.940540 0.000000 0.000000 0.000000 0.825602 -0.564252
298.060000 176.409387 94.826905 0.000000 0.000000 0.000000 0.825753 -0.564032
298.124000 176.712706 95.749534 0.000000 0.000000 0.000000 0.825325 -0.564658
298.192000 177.046927 96.665025 0.000000 0.000000 0.000000 0.825210 -0.564826
298.256000 177.409580 97.581587 0.000000 0.000000 0.000000 0.825309 -0.564682
298.324000 177.780562 98.492202 0.000000 0.000000 0.000000 0.825544 -0.564338
298.388000 178.132611 99.410607 0.000000 0.000000 0.000000 0.826799 -0.562497
298.456000 179.094250 99.244132 0.000000 0.000000 0.000000 0.850630 -0.525765
298.520000 180.045814 98.957437 0.000000 0.000000 0.000000 0.876192 -0.481963
298.588000 180.453158 99.863049 0.000000 0.000000 0.000000 0.888226 -0.459406
298.652000 181.312612 99.352631 0.000000 0.000000 0.000000 0.909370 -0.415989
298.720000 181.866371 100.173044 0.000000 0.000000 0.000000 0.919790 -0.392411
298.784000 182.649584 99.631977 0.000000 0.000000 0.000000 0.938165 -0.346189
298.852000 183.375465 98.997961 0.000000 0.000000 0.000000 0.959244 -0.282578
298.916000 183.939410 98.240459 0.000000 0.000000 0.000000 0.971362 -0.237606
298.984000 184.481599 97.404462 0.000000 0.000000 0.000000 0.982726 -0.185065
299.048000 184.869588 96.559126 0.000000 0.000000 0.000000 0.990949 -0.134242
299.116000 185.221679 95.623346 0.000000 0.000000 0.000000 0.997348 -0.072785
299.180000 185.498299 94.662401 0.000000 0.000000 0.000000 0.999777 -0.021107
299.248000 185.680558 93.681194 0.000000 0.000000 0.000000 0.999952 0.009840
299.312000 185.941554 92.719110 0.000000 0.000000 0.000000 0.999185 0.040369
299.380000 185.904693 91.719790 0.000000 0.000000 0.000000 0.995918 0.090259
299.444000 185.637754 90.761472 0.000000 0.000000 0.000000 0.990903 0.134578
299.512000 185.582069 89.764303 0.000000 0.000000 0.000000 0.986482 0.163867
299.576000 186.500283 90.083786 0.000000 0.000000 0.000000 0.986791 0.161996
299.644000 186.262416 89.114022 0.000000 0.000000 0.000000 0.984515 0.175298
299.708000 187.228468 89.165598 0.000000 0.000000 0.000000 0.984840 0.173466
299.776000 186.289667 88.994400 0.000000 0.000000 0.000000 0.985038 0.172337
299.840000 185.341303 88.918271 0.000000 0.000000 0.000000 0.985291 0.170884
299.908000 184.396662 88.765702 0.000000 0.000000 0.000000 0.985553 0.169367
299.972000 185.341228 88.997180 0.000000 0.000000 0.000000 0.986007 0.166707
300.040000 186.309820 89.081089 0.000000 0.000000 0.000000 0.986380 0.164485
300.104000 187.050551 89.741131 0.000000 0.000000 0.000000 0.987088 0.160179
300.172000 187.991693 89.405593 0.000000 0.000000 0.000000 0.987090 0.160168
300.236000 188.722383 90.074236 0.000000 0.000000 0.000000 0.987707 0.156319
300.304000 187.794601 90.423244 0.000000 0.000000 0.000000 0.987673 0.156529
300.368000 188.719454 90.063727 0.000000 0.000000 0.000000 0.987662 0.156599
300.436000 189.668728 89.781924 0.000000 0.000000 0.000000 0.987658 0.156628
300.500000 190.583436 89.424833 0.000000 0.000000 0.000000 0.987616 0.156888
300.568000 191.492800 89.070764 0.000000 0.000000 0.000000 0.987575 0.157151
300.632000 191.173954 88.123157 0.000000 0.000000 0.000000 0.985283 0.170929
300.700000 192.071410 87.709515 0.000000 0.000000 0.000000 0.985199 0.171415
300.764000 192.943620 87.237886 0.000000 0.000000 0.000000 0.985132 0.171797
300.832000 193.858130 86.859052 0.000000 0.000000 0.000000 0.985109 0.171929
300.896000 194.725972 86.381597 0.000000 0.000000 0.000000 0.984979 0.172676
300.964000 195.693662 86.254777 0.000000 0.000000 0.000000 0.985106 0.171949
301.028000 194.868826 86.771840 0.000000 0.000000 0.000000 0.986373 0.164524
301.096000 195.813194 86.452863 0.000000 0.000000 0.000000 0.990092 0.140421
301.160000 196.794678 86.263263 0.000000 0.000000 0.000000 0.993168 0.116695
301.228000 197.113597 87.155960 0.000000 0.000000 0.000000 0.997380 0.072347
301.292000 197.338943 88.124611 0.000000 0.000000 0.000000 0.999755 0.022143
301.360000 197.484366 89.044484 0.000000 0.000000 0.000000 0.999735 -0.023025
301.424000 197.647129 90.029009 0.000000 0.000000 0.000000 0.997578 -0.069553
301.492000 198.016341 90.948218 0.000000 0.000000 0.000000 0.994089 -0.108570
301.556000 197.956785 91.916625 0.000000 0.000000 0.000000 0.989035 -0.147680
301.624000 197.905924 92.899116 0.000000 0.000000 0.000000 0.981198 -0.193006
301.688000 198.159810 93.851136 0.000000 0.000000 0.000000 0.974099 -0.226122
301.756000 198.641773 94.696949 0.000000 0.000000 0.000000 0.972546 -0.232713
301.820000 199.222859 95.495655 0.000000 0.000000 0.000000 0.972013 -0.234927
301.888000 199.743328 96.314395 0.000000 0.000000 0.000000 0.971328 -0.237743
301.952000 200.289841 97.119766 0.000000 0.000000 0.000000 0.970728 -0.240180
302.020000 200.852005 97.925011 0.000000 0.000000 0.000000 0.969555 -0.244874
302.084000 201.422169 98.714911 0.000000 0.000000 0.000000 0.968884 -0.247516
302.152000 202.298006 99.127761 0.000000 0.000000 0.000000 0.968952 -0.247249
302.216000 202.784118 99.985057 0.000000 0.000000 0.000000 0.968352 -0.249588
302.284000 203.540766 100.595065 0.000000 0.000000 0.000000 0.967898 -0.251345
302.348000 204.315193 101.220927 0.000000 0.000000 0.000000 0.967617 -0.252422
302.416000 204.980788 101.939271 0.000000 0.000000 0.000000 0.967253 -0.253815
302.480000 205.614645 102.689344 0.000000 0.000000 0.000000 0.966846 -0.255361
302.548000 206.155039 103.503505 0.000000 0.000000 0.000000 0.966170 -0.257907
302.612000 206.883597 104.151405 0.000000 0.000000 0.000000 0.965778 -0.259372
302.680000 207.825282 103.920721 0.000000 0.000000 0.000000 0.968292 -0.249823
302.744000 208.788517 103.796694 0.000000 0.000000 0.000000 0.970095 -0.242728
302.812000 209.754110 103.536731 0.000000 0.000000 0.000000 0.972021 -0.234893
302.876000 210.621016 103.171201 0.000000 0.000000 0.000000 0.975070 -0.221897
302.944000 211.439097 102.610801 0.000000 0.000000 0.000000 0.979965 -0.199169
303.008000 212.224423 103.193406 0.000000 0.000000 0.000000 0.979654 -0.200692
303.076000 213.061198 102.655397 0.000000 0.000000 0.000000 0.982650 -0.185468
303.140000 213.819355 102.065397 0.000000 0.000000 0.000000 0.986515 -0.163669
303.208000 214.629772 102.611986 0.000000 0.000000 0.000000 0.986117 -0.166049
303.272000 215.556914 102.295808 0.000000 0.000000 0.000000 0.987588 -0.157064
303.340000 216.276829 101.611234 0.000000 0.000000 0.000000 0.991124 -0.132941
303.404000 217.084046 101.039035 0.000000 0.000000 0.000000 0.993086 -0.117387
303.472000 217.706449 100.279834 0.000000 0.000000 0.000000 0.996569 -0.082762
303.536000 218.334253 99.501884 0.000000 0.000000 0.000000 0.998099 -0.061632
303.604000 218.982672 98.742277 0.000000 0.000000 0.000000 0.999218 -0.039539
303.668000 219.896165 98.484868 0.000000 0.000000 0.000000 0.999467 -0.032659
303.736000 220.653503 97.902251 0.000000 0.000000 0.000000 0.999816 -0.019182
303.800000 221.314067 97.207226 0.000000 0.000000 0.000000 0.999989 -0.004664
303.868000 222.277735 97.337196 0.000000 0.000000 0.000000 0.999982 -0.006050
303.932000 222.642676 96.406466 0.000000 0.000000 0.000000 0.998881 0.047288
304.000000 223.620720 96.518224 0.000000 0.000000 0.000000 0.999029 0.044066
304.064000 224.170375 95.762826 0.000000 0.000000 0.000000 0.997861 0.065378
304.132000 224.492613 94.850777 0.000000 0.000000 0.000000 0.994008 0.109306
304.196000 224.544223 93.852200 0.000000 0.000000 0.000000 0.982763 0.184870
304.264000 225.451493 93.477160 0.000000 0.000000 0.000000 0.977247 0.212104
304.328000 225.370239 92.480554 0.000000 0.000000 0.000000 0.961234 0.275733
304.396000 226.287642 92.104226 0.000000 0.000000 0.000000 0.953920 0.300062
304.460000 225.885872 91.206521 0.000000 0.000000 0.000000 0.936790 0.349892
304.528000 226.692241 90.617232 0.000000 0.000000 0.000000 0.927776 0.373139
304.592000 226.162438 89.769676 0.000000 0.000000 0.000000 0.898373 0.439233
304.660000 226.838848 89.037671 0.000000 0.000000 0.000000 0.887204 0.461377
304.724000 226.170678 89.779513 0.000000 0.000000 0.000000 0.876401 0.481583
304.792000 226.806546 89.012152 0.000000 0.000000 0.000000 0.864219 0.503115
304.856000 227.337985 88.166928 0.000000 0.000000 0.000000 0.852080 0.523412
304.924000 226.500347 87.630014 0.000000 0.000000 0.000000 0.818022 0.575186
304.988000 226.883522 86.711708 0.000000 0.000000 0.000000 0.804276 0.594256
305.056000 227.192879 85.760946 0.000000 0.000000 0.000000 0.788764 0.614696
305.120000 226.265017 85.538021 0.000000 0.000000 0.000000 0.749180 0.662366
305.188000 226.380941 84.546258 0.000000 0.000000 0.000000 0.731686 0.681642
305.252000 225.395845 84.406920 0.000000 0.000000 0.000000 0.694808 0.719195
305.320000 224.413861 84.405260 0.000000 0.000000 0.000000 0.651447 0.758694
305.384000 223.416160 84.463096 0.000000 0.000000 0.000000 0.607691 0.794174
305.452000 222.459119 84.582246 0.000000 0.000000 0.000000 0.560572 0.828106
305.516000 221.506886 84.887617 0.000000 0.000000 0.000000 0.510722 0.859746
305.584000 220.623071 85.345904 0.000000 0.000000 0.000000 0.449144 0.893459
305.648000 219.791375 85.900434 0.000000 0.000000 0.000000 0.406141 0.913810
305.716000 218.998270 86.506580 0.000000 0.000000 0.000000 0.358293 0.933609
305.780000 218.256290 87.177002 0.000000 0.000000 0.000000 0.307901 0.951418
305.848000 217.651393 87.972369 0.000000 0.000000 0.000000 0.259559 0.965727
305.912000 217.509443 88.957983 0.000000 0.000000 0.000000 0.233110 0.972450
305.980000 217.006359 89.817134 0.000000 0.000000 0.000000 0.184569 0.982819
306.044000 216.535478 90.695738 0.000000 0.000000 0.000000 0.141512 0.989937
306.112000 216.209266 91.640767 0.000000 0.000000 0.000000 0.092312 0.995730
306.176000 215.898984 92.590994 0.000000 0.000000 0.000000 0.044729 0.998999
306.244000 215.716472 93.573635 0.000000 0.000000 0.000000 -0.008170 0.999967
306.308000 215.644782 94.568107 0.000000 0.000000 0.000000 -0.053218 0.998583
306.376000 215.712970 95.533872 0.000000 0.000000 0.000000 -0.098665 0.995121
306.440000 215.814393 96.528634 0.000000 0.000000 0.000000 -0.142750 0.989759
306.508000 216.038339 97.503204 0.000000 0.000000 0.000000 -0.194887 0.980826
306.572000 216.345867 98.441984 0.000000 0.000000 0.000000 -0.243375 0.969932
306.640000 215.491581 98.961371 0.000000 0.000000 0.000000 -0.268092 0.963393
306.704000 216.084305 98.158913 0.000000 0.000000 0.000000 -0.273966 0.961740
306.772000 216.061834 99.152440 0.000000 0.000000 0.000000 -0.276888 0.960902
306.836000 215.066199 99.242255 0.000000 0.000000 0.000000 -0.275726 0.961236
306.904000 214.576705 100.111159 0.000000 0.000000 0.000000 -0.277437 0.960744
306.968000 214.003329 100.927432 0.000000 0.000000 0.000000 -0.278395 0.960467
307.036000 213.329810 100.189060 0.000000 0.000000 0.000000 -0.251564 0.967841
307.100000 212.428506 100.621878 0.000000 0.000000 0.000000 -0.228973 0.973433
307.168000 211.536413 101.069505 0.000000 0.000000 0.000000 -0.204435 0.978880
307.232000 211.073464 100.223700 0.000000 0.000000 0.000000 -0.154975 0.987918
307.300000 210.750483 99.277343 0.000000 0.000000 0.000000 -0.100581 0.994929
307.364000 210.497867 98.314811 0.000000 0.000000 0.000000 -0.047621 0.998865
307.432000 210.324526 97.369466 0.000000 0.000000 0.000000 0.005658 0.999984
307.496000 210.218475 96.434066 0.000000 0.000000 0.000000 0.055428 0.998463
307.564000 210.157184 95.436849 0.000000 0.000000 0.000000 0.093337 0.995635
307.628000 209.407007 94.807272 0.000000 0.000000 0.000000 0.095355 0.995443
307.696000 208.427981 94.686515 0.000000 0.000000 0.000000 0.095367 0.995442
307.760000 207.481500 94.390662 0.000000 0.000000 0.000000 0.095534 0.995426
307.828000 206.636495 93.907928 0.000000 0.000000 0.000000 0.096888 0.995295
307.892000 206.038742 94.693547 0.000000 0.000000 0.000000 0.089863 0.995954
307.960000 205.302092 95.351423 0.000000 0.000000 0.000000 0.086555 0.996247
308.024000 204.342493 95.152439 0.000000 0.000000 0.000000 0.086576 0.996245
308.092000 203.826073 95.992843 0.000000 0.000000 0.000000 0.079425 0.996841
308.156000 202.919058 95.641971 0.000000 0.000000 0.000000 0.079814 0.996810
308.224000 202.473097 96.532236 0.000000 0.000000 0.000000 0.066282 0.997801
308.288000 201.479635 96.520624 0.000000 0.000000 0.000000 0.043728 0.999043
308.356000 201.306080 97.486902 0.000000 0.000000 0.000000 -0.004211 0.999991
308.420000 201.233329 98.477119 0.000000 0.000000 0.000000 -0.051863 0.998654
308.488000 201.265835 99.470186 0.000000 0.000000 0.000000 -0.102439 0.994739
308.552000 201.372964 100.458876 0.000000 0.000000 0.000000 -0.145579 0.989347
308.620000 201.555779 101.430726 0.000000 0.000000 0.000000 -0.192189 0.981358
308.684000 201.797162 102.400657 0.000000 0.000000 0.000000 -0.233630 0.972326
308.752000 202.637750 101.916232 0.000000 0.000000 0.000000 -0.233767 0.972293
308.816000 203.521152 101.517808 0.000000 0.000000 0.000000 -0.233484 0.972361
308.884000 202.706040 102.053566 0.000000 0.000000 0.000000 -0.233930 0.972253
308.948000 203.548003 101.568658 0.000000 0.000000 0.000000 -0.234393 0.972142
309.016000 203.370268 102.551741 0.000000 0.000000 0.000000 -0.237844 0.971303
309.080000 204.281298 102.206466 0.000000 0.000000 0.000000 -0.237440 0.971402
309.148000 203.363996 102.528682 0.000000 0.000000 0.000000 -0.237012 0.971507
309.212000 202.413942 102.814685 0.000000 0.000000 0.000000 -0.236794 0.971560
309.280000 203.078641 102.102143 0.000000 0.000000 0.000000 -0.237910 0.971287
309.344000 203.720650 101.364263 0.000000 0.000000 0.000000 -0.238805 0.971068
309.412000 204.636319 101.045577 0.000000 0.000000 0.000000 -0.238472 0.971149
309.476000 204.963840 101.672259 0.000000 0.000000 0.000000 -0.238472 0.971149
309.544000 204.083866 102.085323 0.000000 0.000000 0.000000 -0.238216 0.971212
309.608000 203.691357 102.978251 0.000000 0.000000 0.000000 -0.240092 0.970750
309.676000 202.845134 103.465175 0.000000 0.000000 0.000000 -0.240072 0.970755
309.740000 203.777647 103.125795 0.000000 0.000000 0.000000 -0.239324 0.970940
309.808000 203.007462 103.712815 0.000000 0.000000 0.000000 -0.240077 0.970754
309.872000 203.977703 103.537177 0.000000 0.000000 0.000000 -0.238951 0.971032
309.940000 202.987948 103.676354 0.000000 0.000000 0.000000 -0.237587 0.971366
310.004000 202.034977 103.851216 0.000000 0.000000 0.000000 -0.236643 0.971597
310.072000 201.071798 103.956092 0.000000 0.000000 0.000000 -0.235011 0.971993
310.136000 200.177902 104.359575 0.000000 0.000000 0.000000 -0.234737 0.972059
310.204000 199.543735 105.123224 0.000000 0.000000 0.000000 -0.236241 0.971695
310.268000 198.644020 105.514313 0.000000 0.000000 0.000000 -0.236046 0.971742
310.336000 197.709764 105.863512 0.000000 0.000000 0.000000 -0.235606 0.971849
310.400000 196.802400 106.233027 0.000000 0.000000 0.000000 -0.235559 0.971860
310.468000 195.866750 106.533055 0.000000 0.000000 0.000000 -0.234851 0.972031
310.532000 194.993225 106.966020 0.000000 0.000000 0.000000 -0.235165 0.971955
310.600000 194.060274 107.252617 0.000000 0.000000 0.000000 -0.234200 0.972188
310.664000 193.084655 107.331503 0.000000 0.000000 0.000000 -0.232510 0.972594
310.732000 192.113004 107.421887 0.000000 0.000000 0.000000 -0.230825 0.972995
310.796000 191.339905 108.022877 0.000000 0.000000 0.000000 -0.231558 0.972821
310.864000 190.357188 107.890254 0.000000 0.000000 0.000000 -0.228586 0.973524
310.928000 189.360626 107.948008 0.000000 0.000000 0.000000 -0.226379 0.974039
310.996000 188.415340 108.198713 0.000000 0.000000 0.000000 -0.225658 0.974207
311.060000 187.804079 108.965484 0.000000 0.000000 0.000000 -0.227425 0.973796
311.128000 187.262167 109.780354 0.000000 0.000000 0.000000 -0.229630 0.973278
311.192000 186.469408 110.359173 0.000000 0.000000 0.000000 -0.230515 0.973069
311.260000 185.544044 110.694432 0.000000 0.000000 0.000000 -0.229424 0.973327
311.324000 184.604184 110.956330 0.000000 0.000000 0.000000 -0.228559 0.973530
311.392000 183.729903 111.389564 0.000000 0.000000 0.000000 -0.228559 0.973530
311.456000 182.788100 111.687291 0.000000 0.000000 0.000000 -0.227778 0.973713
311.524000 181.895047 112.079806 0.000000 0.000000 0.000000 -0.227177 0.973853
311.588000 180.954874 112.335440 0.000000 0.000000 0.000000 -0.226261 0.974067
311.656000 180.012879 112.596268 0.000000 0.000000 0.000000 -0.225288 0.974292
311.720000 179.109039 112.975436 0.000000 0.000000 0.000000 -0.224511 0.974471
311.788000 178.222901 113.400651 0.000000 0.000000 0.000000 -0.224685 0.974432
311.852000 178.223509 113.391544 0.000000 0.000000 0.000000 -0.224327 0.974514
311.920000 178.198483 113.409467 0.000000 0.000000 0.000000 -0.224651 0.974439
311.984000 178.885827 112.687809 0.000000 0.000000 0.000000 -0.224702 0.974427
312.052000 178.888051 111.690846 0.000000 0.000000 0.000000 -0.225247 0.974302
312.116000 178.449134 110.792318 0.000000 0.000000 0.000000 -0.225247 0.974302
312.184000 178.449134 110.792318 0.000000 0.000000 0.000000 -0.225247 0.974302
312.248000 178.449134 110.792318 0.000000 0.000000 0.000000 -0.225247 0.974302
312.316000 178.010217 109.893790 0.000000 0.000000 0.000000 -0.225247 0.974302
312.380000 178.010217 109.893790 0.000000 0.000000 0.000000 -0.225247 0.974302
312.448000 178.010217 109.893790 0.000000 0.000000 0.000000 -0.225247 0.974302
312.512000 177.349750 109.143566 0.000000 0.000000 0.000000 -0.226170 0.974088
312.580000 177.349750 109.143566 0.000000 0.000000 0.000000 -0.226170 0.974088
312.644000 176.984005 108.213073 0.000000 0.000000 0.000000 -0.224933 0.974374
312.712000 176.984005 108.213073 0.000000 0.000000 0.000000 -0.224933 0.974374
312.776000 176.871883 107.219848 0.000000 0.000000 0.000000 -0.224933 0.974374
312.844000 176.871883 107.219848 0.000000 0.000000 0.000000 -0.224933 0.974374
312.908000 176.515242 106.287089 0.000000 0.000000 0.000000 -0.223337 0.974741
312.976000 176.181970 105.346269 0.000000 0.000000 0.000000 -0.225348 0.974278
313.040000 176.181970 105.346269 0.000000 0.000000 0.000000 -0.225348 0.974278
313.108000 175.905873 104.385194 0.000000 0.000000 0.000000 -0.225264 0.974298
313.172000 176.383979 103.511230 0.000000 0.000000 0.000000 -0.225222 0.974307
313.240000 176.383979 103.511230 0.000000 0.000000 0.000000 -0.225222 0.974307
313.304000 175.945108 102.612680 0.000000 0.000000 0.000000 -0.225222 0.974307
313.372000 175.945108 102.612680 0.000000 0.000000 0.000000 -0.225222 0.974307
313.436000 175.455807 101.741984 0.000000 0.000000 0.000000 -0.223662 0.974667
313.504000 175.455807 101.741984 0.000000 0.000000 0.000000 -0.223662 0.974667
313.568000 175.147514 101.105623 0.000000 0.000000 0.000000 -0.223662 0.974667
313.636000 174.494706 100.355729 0.000000 0.000000 0.000000 -0.223662 0.974667
313.700000 174.494706 100.355729 0.000000 0.000000 0.000000 -0.223662 0.974667
313.768000 174.494706 100.355729 0.000000 0.000000 0.000000 -0.223662 0.974667
313.832000 174.494706 100.355729 0.000000 0.000000 0.000000 -0.223662 0.974667
313.900000 173.904933 101.163259 0.000000 0.000000 0.000000 -0.223662 0.974667
313.964000 173.904933 101.163259 0.000000 0.000000 0.000000 -0.223662 0.974667
314.032000 173.904933 101.163259 0.000000 0.000000 0.000000 -0.223662 0.974667
314.096000 174.179601 100.205659 0.000000 0.000000 0.000000 -0.223662 0.974667
314.164000 174.179601 100.205659 0.000000 0.000000 0.000000 -0.223662 0.974667
314.228000 173.251966 99.833879 0.000000 0.000000 0.000000 -0.223662 0.974667
314.296000 173.251966 99.833879 0.000000 0.000000 0.000000 -0.223662 0.974667
314.360000 172.318235 99.498824 0.000000 0.000000 0.000000 -0.223662 0.974667
314.428000 172.318235 99.498824 0.000000 0.000000 0.000000 -0.223662 0.974667
314.492000 172.318235 99.498824 0.000000 0.000000 0.000000 -0.223662 0.974667
314.560000 172.318235 99.498824 0.000000 0.000000 0.000000 -0.223662 0.974667
314.624000 172.318235 99.498824 0.000000 0.000000 0.000000 -0.223662 0.974667
314.692000 172.318235 99.498824 0.000000 0.000000 0.000000 -0.223662 0.974667
314.756000 172.318235 99.498824 0.000000 0.000000 0.000000 -0.223662 0.974667
314.824000 173.249860 99.760282 0.000000 0.000000 0.000000 -0.223662 0.974667
314.888000 173.249860 99.760282 0.000000 0.000000 0.000000 -0.223662 0.974667
314.956000 173.249860 99.760282 0.000000 0.000000 0.000000 -0.223662 0.974667
315.020000 173.517727 98.988975 0.000000 0.000000 0.000000 -0.223662 0.974667
315.088000 173.249860 99.760282 0.000000 0.000000 0.000000 -0.223662 0.974667
315.152000 173.249860 99.760282 0.000000 0.000000 0.000000 -0.223662 0.974667
315.220000 173.249860 99.760282 0.000000 0.000000 0.000000 -0.223662 0.974667
315.284000 173.249860 99.760282 0.000000 0.000000 0.000000 -0.223662 0.974667
315.352000 173.249860 99.760282 0.000000 0.000000 0.000000 -0.223662 0.974667
315.416000 173.517727 98.988975 0.000000 0.000000 0.000000 -0.223662 0.974667
315.484000 173.249860 99.760282 0.000000 0.000000 0.000000 -0.223662 0.974667
315.548000 173.249860 99.760282 0.000000 0.000000 0.000000 -0.223662 0.974667
315.616000 172.981992 100.531588 0.000000 0.000000 0.000000 -0.223662 0.974667
315.680000 172.714125 101.302895 0.000000 0.000000 0.000000 -0.223662 0.974667
315.748000 172.714125 101.302895 0.000000 0.000000 0.000000 -0.223662 0.974667
315.812000 172.981992 100.531588 0.000000 0.000000 0.000000 -0.223662 0.974667
315.880000 172.981992 100.531588 0.000000 0.000000 0.000000 -0.223662 0.974667
315.944000 172.714125 101.302895 0.000000 0.000000 0.000000 -0.223662 0.974667
316.012000 172.981992 100.531588 0.000000 0.000000 0.000000 -0.223662 0.974667
316.076000 172.981992 100.531588 0.000000 0.000000 0.000000 -0.223662 0.974667
316.144000 173.249860 99.760282 0.000000 0.000000 0.000000 -0.223662 0.974667
316.208000 173.517727 98.988975 0.000000 0.000000 0.000000 -0.223662 0.974667
316.276000 173.785594 98.217669 0.000000 0.000000 0.000000 -0.223662 0.974667
316.340000 174.053462 97.446362 0.000000 0.000000 0.000000 -0.223662 0.974667
316.408000 174.053462 97.446362 0.000000 0.000000 0.000000 -0.223662 0.974667
316.472000 173.785594 98.217669 0.000000 0.000000 0.000000 -0.223662 0.974667
316.540000 174.053462 97.446362 0.000000 0.000000 0.000000 -0.223662 0.974667
316.604000 174.053462 97.446362 0.000000 0.000000 0.000000 -0.223662 0.974667
316.672000 174.321329 96.675056 0.000000 0.000000 0.000000 -0.223662 0.974667
316.736000 174.589197 95.903749 0.000000 0.000000 0.000000 -0.223662 0.974667
316.804000 174.857064 95.132443 0.000000 0.000000 0.000000 -0.223662 0.974667
316.868000 175.124932 94.361136 0.000000 0.000000 0.000000 -0.223662 0.974667
316.936000 175.124932 94.361136 0.000000 0.000000 0.000000 -0.223662 0.974667
317.000000 174.857064 95.132443 0.000000 0.000000 0.000000 -0.223662 0.974667
317.068000 174.857064 95.132443 0.000000 0.000000 0.000000 -0.223662 0.974667
317.132000 174.857064 95.132443 0.000000 0.000000 0.000000 -0.223662 0.974667
317.200000 174.857064 95.132443 0.000000 0.000000 0.000000 -0.223662 0.974667
317.264000 174.589197 95.903749 0.000000 0.000000 0.000000 -0.223662 0.974667
317.332000 174.589197 95.903749 0.000000 0.000000 0.000000 -0.223662 0.974667
317.396000 174.857064 95.132443 0.000000 0.000000 0.000000 -0.223662 0.974667
317.464000 174.857064 95.132443 0.000000 0.000000 0.000000 -0.223662 0.974667
317.528000 175.124932 94.361136 0.000000 0.000000 0.000000 -0.223662 0.974667
317.596000 175.392799 93.589830 0.000000 0.000000 0.000000 -0.223662 0.974667
317.660000 175.124932 94.361136 0.000000 0.000000 0.000000 -0.223662 0.974667
317.728000 175.392799 93.589830 0.000000 0.000000 0.000000 -0.223662 0.974667
317.792000 175.392799 93.589830 0.000000 0.000000 0.000000 -0.223662 0.974667
317.860000 175.660667 92.818523 0.000000 0.000000 0.000000 -0.223662 0.974667
317.924000 175.928534 92.047217 0.000000 0.000000 0.000000 -0.223662 0.974667
317.992000 175.928534 92.047217 0.000000 0.000000 0.000000 -0.223662 0.974667
318.056000 175.660667 92.818523 0.000000 0.000000 0.000000 -0.223662 0.974667
318.124000 175.928534 92.047217 0.000000 0.000000 0.000000 -0.223662 0.974667
318.188000 175.928534 92.047217 0.000000 0.000000 0.000000 -0.223662 0.974667
318.256000 175.928534 92.047217 0.000000 0.000000 0.000000 -0.223662 0.974667
318.320000 176.196402 91.275910 0.000000 0.000000 0.000000 -0.223662 0.974667
318.388000 176.196402 91.275910 0.000000 0.000000 0.000000 -0.223662 0.974667
318.452000 176.196402 91.275910 0.000000 0.000000 0.000000 -0.223662 0.974667
318.520000 176.196402 91.275910 0.000000 0.000000 0.000000 -0.223662 0.974667
318.584000 176.196402 91.275910 0.000000 0.000000 0.000000 -0.223662 0.974667
318.652000 176.196402 91.275910 0.000000 0.000000 0.000000 -0.223662 0.974667
318.716000 175.928534 92.047217 0.000000 0.000000 0.000000 -0.223662 0.974667
318.784000 175.928534 92.047217 0.000000 0.000000 0.000000 -0.223662 0.974667
318.848000 176.196402 91.275910 0.000000 0.000000 0.000000 -0.223662 0.974667
318.916000 176.196402 91.275910 0.000000 0.000000 0.000000 -0.223662 0.974667
318.980000 176.196402 91.275910 0.000000 0.000000 0.000000 -0.223662 0.974667
319.048000 176.196402 91.275910 0.000000 0.000000 0.000000 -0.223662 0.974667
319.112000 176.196402 91.275910 0.000000 0.000000 0.000000 -0.223662 0.974667
319.180000 176.196402 91.275910 0.000000 0.000000 0.000000 -0.223662 0.974667
319.244000 176.464269 90.504604 0.000000 0.000000 0.000000 -0.223662 0.974667
319.312000 176.464269 90.504604 0.000000 0.000000 0.000000 -0.223662 0.974667
319.376000 176.196402 91.275910 0.000000 0.000000 0.000000 -0.223662 0.974667
319.444000 176.196402 91.275910 0.000000 0.000000 0.000000 -0.223662 0.974667
319.508000 176.464269 90.504604 0.000000 0.000000 0.000000 -0.223662 0.974667
319.576000 176.464269 90.504604 0.000000 0.000000 0.000000 -0.223662 0.974667
319.640000 176.464269 90.504604 0.000000 0.000000 0.000000 -0.223662 0.974667
319.708000 176.732137 89.733297 0.000000 0.000000 0.000000 -0.223662 0.974667
319.772000 176.464269 90.504604 0.000000 0.000000 0.000000 -0.223662 0.974667
319.840000 176.464269 90.504604 0.000000 0.000000 0.000000 -0.223662 0.974667
319.904000 176.732137 89.733297 0.000000 0.000000 0.000000 -0.223662 0.974667
319.972000 176.732137 89.733297 0.000000 0.000000 0.000000 -0.223662 0.974667
320.036000 177.000004 88.961991 0.000000 0.000000 0.000000 -0.223662 0.974667
320.104000 177.000004 88.961991 0.000000 0.000000 0.000000 -0.223662 0.974667
320.168000 177.267872 88.190684 0.000000 0.000000 0.000000 -0.223662 0.974667
320.236000 177.535739 87.419378 0.000000 0.000000 0.000000 -0.223662 0.974667
320.300000 177.803607 86.648071 0.000000 0.000000 0.000000 -0.223662 0.974667
320.368000 177.803607 86.648071 0.000000 0.000000 0.000000 -0.223662 0.974667
320.432000 178.071474 85.876765 0.000000 0.000000 0.000000 -0.223662 0.974667
320.500000 177.803607 86.648071 0.000000 0.000000 0.000000 -0.223662 0.974667
320.564000 177.803607 86.648071 0.000000 0.000000 0.000000 -0.223662 0.974667
320.632000 177.535739 87.419378 0.000000 0.000000 0.000000 -0.223662 0.974667
320.696000 177.535739 87.419378 0.000000 0.000000 0.000000 -0.223662 0.974667
320.764000 177.803607 86.648071 0.000000 0.000000 0.000000 -0.223662 0.974667
320.828000 178.071474 85.876765 0.000000 0.000000 0.000000 -0.223662 0.974667
320.896000 178.071474 85.876765 0.000000 0.000000 0.000000 -0.223662 0.974667
320.960000 178.071474 85.876765 0.000000 0.000000 0.000000 -0.223662 0.974667
321.028000 178.339342 85.105459 0.000000 0.000000 0.000000 -0.223662 0.974667
321.092000 178.339342 85.105459 0.000000 0.000000 0.000000 -0.223662 0.974667
321.160000 178.339342 85.105459 0.000000 0.000000 0.000000 -0.223662 0.974667
321.224000 178.071474 85.876765 0.000000 0.000000 0.000000 -0.223662 0.974667
321.292000 178.339342 85.105459 0.000000 0.000000 0.000000 -0.223662 0.974667
321.356000 178.607209 84.334152 0.000000 0.000000 0.000000 -0.223662 0.974667
321.424000 178.875077 83.562846 0.000000 0.000000 0.000000 -0.223662 0.974667
321.488000 179.659062 82.943438 0.000000 0.000000 0.000000 -0.223662 0.974667
321.556000 179.659062 82.943438 0.000000 0.000000 0.000000 -0.223662 0.974667
321.620000 179.659062 82.943438 0.000000 0.000000 0.000000 -0.223662 0.974667
321.688000 179.659062 82.943438 0.000000 0.000000 0.000000 -0.223662 0.974667
321.752000 179.659062 82.943438 0.000000 0.000000 0.000000 -0.223662 0.974667
321.820000 179.926929 82.172132 0.000000 0.000000 0.000000 -0.223662 0.974667
321.884000 180.194797 81.400825 0.000000 0.000000 0.000000 -0.223662 0.974667
321.952000 180.194797 81.400825 0.000000 0.000000 0.000000 -0.223662 0.974667
322.016000 179.926929 82.172132 0.000000 0.000000 0.000000 -0.223662 0.974667
322.084000 180.194797 81.400825 0.000000 0.000000 0.000000 -0.223662 0.974667
322.148000 180.194797 81.400825 0.000000 0.000000 0.000000 -0.223662 0.974667
322.216000 180.194797 81.400825 0.000000 0.000000 0.000000 -0.223662 0.974667
322.280000 180.194797 81.400825 0.000000 0.000000 0.000000 -0.223662 0.974667
322.348000 180.194797 81.400825 0.000000 0.000000 0.000000 -0.223662 0.974667
322.412000 180.462664 80.629519 0.000000 0.000000 0.000000 -0.223662 0.974667
322.480000 180.730532 79.858212 0.000000 0.000000 0.000000 -0.223662 0.974667
322.544000 180.462664 80.629519 0.000000 0.000000 0.000000 -0.223662 0.974667
322.612000 180.462664 80.629519 0.000000 0.000000 0.000000 -0.223662 0.974667
322.676000 180.194797 81.400825 0.000000 0.000000 0.000000 -0.223662 0.974667
322.744000 180.194797 81.400825 0.000000 0.000000 0.000000 -0.223662 0.974667
322.808000 180.462664 80.629519 0.000000 0.000000 0.000000 -0.223662 0.974667
322.876000 180.462664 80.629519 0.000000 0.000000 0.000000 -0.223662 0.974667
322.940000 180.462664 80.629519 0.000000 0.000000 0.000000 -0.223662 0.974667
323.008000 180.462664 80.629519 0.000000 0.000000 0.000000 -0.223662 0.974667
323.072000 180.462664 80.629519 0.000000 0.000000 0.000000 -0.223662 0.974667
323.140000 180.462664 80.629519 0.000000 0.000000 0.000000 -0.223662 0.974667
323.204000 180.462664 80.629519 0.000000 0.000000 0.000000 -0.223662 0.974667
323.272000 180.462664 80.629519 0.000000 0.000000 0.000000 -0.223662 0.974667
323.336000 180.462664 80.629519 0.000000 0.000000 0.000000 -0.223662 0.974667
323.404000 180.194797 81.400825 0.000000 0.000000 0.000000 -0.223662 0.974667
323.468000 180.462664 80.629519 0.000000 0.000000 0.000000 -0.223662 0.974667
323.536000 180.462664 80.629519 0.000000 0.000000 0.000000 -0.223662 0.974667
323.600000 180.462664 80.629519 0.000000 0.000000 0.000000 -0.223662 0.974667
323.668000 180.194797 81.400825 0.000000 0.000000 0.000000 -0.223662 0.974667
323.732000 180.194797 81.400825 0.000000 0.000000 0.000000 -0.223662 0.974667
323.800000 180.194797 81.400825 0.000000 0.000000 0.000000 -0.223662 0.974667
323.864000 180.194797 81.400825 0.000000 0.000000 0.000000 -0.223662 0.974667
323.932000 180.194797 81.400825 0.000000 0.000000 0.000000 -0.223662 0.974667
323.996000 180.462664 80.629519 0.000000 0.000000 0.000000 -0.223662 0.974667
324.064000 180.462664 80.629519 0.000000 0.000000 0.000000 -0.223662 0.974667
324.128000 180.730532 79.858212 0.000000 0.000000 0.000000 -0.223662 0.974667
324.196000 180.998399 79.086906 0.000000 0.000000 0.000000 -0.223662 0.974667
324.260000 180.998399 79.086906 0.000000 0.000000 0.000000 -0.223662 0.974667
324.328000 180.998399 79.086906 0.000000 0.000000 0.000000 -0.223662 0.974667
324.392000 181.266267 78.315599 0.000000 0.000000 0.000000 -0.223662 0.974667
324.460000 181.266267 78.315599 0.000000 0.000000 0.000000 -0.223662 0.974667
324.524000 181.534134 77.544293 0.000000 0.000000 0.000000 -0.223662 0.974667
324.592000 181.802002 76.772986 0.000000 0.000000 0.000000 -0.223662 0.974667
324.656000 181.802002 76.772986 0.000000 0.000000 0.000000 -0.223662 0.974667
324.724000 181.534134 77.544293 0.000000 0.000000 0.000000 -0.223662 0.974667
324.788000 181.802002 76.772986 0.000000 0.000000 0.000000 -0.223662 0.974667
324.856000 181.802002 76.772986 0.000000 0.000000 0.000000 -0.223662 0.974667
324.920000 181.802002 76.772986 0.000000 0.000000 0.000000 -0.223662 0.974667
324.988000 181.802002 76.772986 0.000000 0.000000 0.000000 -0.223662 0.974667
325.052000 182.069869 76.001680 0.000000 0.000000 0.000000 -0.223662 0.974667
325.120000 182.337736 75.230374 0.000000 0.000000 0.000000 -0.223662 0.974667
325.184000 182.605604 74.459067 0.000000 0.000000 0.000000 -0.223662 0.974667
325.252000 183.234853 73.707052 0.000000 0.000000 0.000000 -0.223662 0.974667
325.316000 183.234853 73.707052 0.000000 0.000000 0.000000 -0.223662 0.974667
325.384000 183.234853 73.707052 0.000000 0.000000 0.000000 -0.223662 0.974667
325.448000 183.234853 73.707052 0.000000 0.000000 0.000000 -0.223662 0.974667
325.516000 183.234853 73.707052 0.000000 0.000000 0.000000 -0.223662 0.974667
325.580000 183.234853 73.707052 0.000000 0.000000 0.000000 -0.223662 0.974667
325.648000 183.502721 72.935746 0.000000 0.000000 0.000000 -0.223662 0.974667
