34.984000 0.000000 0.000000 0.000000 0.000000 0.000000 0.000000 1.000000
35.048000 0.000000 0.000000 0.000000 0.000000 0.000000 0.000000 1.000000
35.116000 0.000000 0.000000 0.000000 0.000000 0.000000 0.000000 1.000000
35.180000 0.000000 0.000000 0.000000 0.000000 0.000000 0.000000 1.000000
35.248000 0.000000 0.000000 0.000000 0.000000 0.000000 0.000000 1.000000
35.312000 0.000000 0.000000 0.000000 0.000000 0.000000 -0.000000 1.000000
35.380000 0.000000 0.000000 0.000000 0.000000 0.000000 -0.000000 1.000000
35.444000 0.000000 0.000000 0.000000 0.000000 0.000000 -0.000000 1.000000
35.512000 0.000000 0.000000 0.000000 0.000000 0.000000 0.000000 1.000000
35.576000 0.000000 0.000000 0.000000 0.000000 0.000000 0.000000 1.000000
35.644000 0.000000 0.000000 0.000000 0.000000 0.000000 0.000000 1.000000
35.708000 0.000000 0.000000 0.000000 0.000000 0.000000 0.000000 1.000000
35.776000 0.000000 0.000000 0.000000 0.000000 0.000000 0.000000 1.000000
35.840000 0.000000 0.000000 0.000000 0.000000 0.000000 0.000000 1.000000
35.908000 0.000000 0.000000 0.000000 0.000000 0.000000 0.000000 1.000000
35.972000 0.000000 0.000000 0.000000 0.000000 0.000000 0.000000 1.000000
36.040000 0.000000 0.000000 0.000000 0.000000 0.000000 0.000000 1.000000
36.104000 0.000000 0.000000 0.000000 0.000000 0.000000 0.000000 1.000000
36.172000 0.000000 0.000000 0.000000 0.000000 0.000000 0.000000 1.000000
36.236000 0.000000 0.000000 0.000000 0.000000 0.000000 0.000000 1.000000
36.304000 0.000000 0.000000 0.000000 0.000000 0.000000 0.000000 1.000000
36.368000 0.000000 0.000000 0.000000 0.000000 0.000000 0.000000 1.000000
36.436000 0.000000 0.000000 0.000000 0.000000 0.000000 0.000000 1.000000
36.500000 0.000000 0.000000 0.000000 0.000000 0.000000 0.000000 1.000000
36.568000 0.000000 0.000000 0.000000 0.000000 0.000000 0.000000 1.000000
36.632000 0.000000 0.000000 0.000000 0.000000 0.000000 0.000000 1.000000
36.700000 0.000000 0.000000 0.000000 0.000000 0.000000 0.000000 1.000000
36.764000 0.000000 0.000000 0.000000 0.000000 0.000000 0.000000 1.000000
36.832000 0.000000 0.000000 0.000000 0.000000 0.000000 0.000000 1.000000
36.896000 0.000000 0.000000 0.000000 0.000000 0.000000 0.000000 1.000000
36.964000 0.000000 0.000000 0.000000 0.000000 0.000000 0.000000 1.000000
37.028000 0.000000 0.000000 0.000000 0.000000 0.000000 0.000000 1.000000
37.096000 0.000000 0.000000 0.000000 0.000000 0.000000 0.000000 1.000000
37.160000 0.000000 0.000000 0.000000 0.000000 0.000000 0.000000 1.000000
37.228000 0.000000 0.000000 0.000000 0.000000 0.000000 0.000000 1.000000
37.292000 0.000000 0.000000 0.000000 0.000000 0.000000 0.000000 1.000000
37.360000 0.000000 0.000000 0.000000 0.000000 0.000000 0.000000 1.000000
37.424000 0.000000 0.000000 0.000000 0.000000 0.000000 -0.000000 1.000000
37.492000 0.000000 0.000000 0.000000 0.000000 0.000000 -0.000000 1.000000
37.556000 0.000000 0.000000 0.000000 0.000000 0.000000 -0.000000 1.000000
37.624000 0.000000 0.000000 0.000000 0.000000 0.000000 -0.000000 1.000000
37.688000 0.000000 0.000000 0.000000 0.000000 0.000000 -0.000000 1.000000
37.756000 0.000000 0.000000 0.000000 0.000000 0.000000 -0.000000 1.000000
37.820000 0.000000 0.000000 0.000000 0.000000 0.000000 -0.000000 1.000000
37.888000 0.000000 0.000000 0.000000 0.000000 0.000000 -0.000000 1.000000
37.952000 0.000000 0.000000 0.000000 0.000000 0.000000 -0.000000 1.000000
38.020000 0.000000 0.000000 0.000000 0.000000 0.000000 -0.000000 1.000000
38.084000 0.000000 0.000000 0.000000 0.000000 0.000000 -0.000000 1.000000
38.152000 0.000000 0.000000 0.000000 0.000000 0.000000 -0.000000 1.000000
38.216000 0.000000 0.000000 0.000000 0.000000 0.000000 -0.000000 1.000000
38.284000 0.000000 0.000000 0.000000 0.000000 0.000000 -0.000000 1.000000
38.348000 0.000000 0.000000 0.000000 0.000000 0.000000 -0.000000 1.000000
38.416000 0.000000 0.000000 0.000000 0.000000 0.000000 -0.000000 1.000000
38.480000 0.000000 0.000000 0.000000 0.000000 0.000000 -0.000000 1.000000
38.548000 0.000000 0.000000 0.000000 0.000000 0.000000 -0.000000 1.000000
38.612000 0.000000 0.000000 0.000000 0.000000 0.000000 -0.000000 1.000000
38.680000 0.000000 0.000000 0.000000 0.000000 0.000000 -0.000000 1.000000
38.744000 0.000000 0.000000 0.000000 0.000000 0.000000 -0.000000 1.000000
38.812000 0.000000 0.000000 0.000000 0.000000 0.000000 0.000000 1.000000
38.876000 0.000000 0.000000 0.000000 0.000000 0.000000 0.000000 1.000000
38.944000 0.000000 0.000000 0.000000 0.000000 0.000000 0.000000 1.000000
39.008000 0.000000 0.000000 0.000000 0.000000 0.000000 0.000000 1.000000
39.076000 0.000000 0.000000 0.000000 0.000000 0.000000 0.000000 1.000000
39.140000 0.000000 0.000000 0.000000 0.000000 0.000000 0.000000 1.000000
39.208000 0.000000 0.000000 0.000000 0.000000 0.000000 -0.000000 1.000000
39.272000 0.000000 0.000000 0.000000 0.000000 0.000000 -0.000000 1.000000
39.340000 0.000000 0.000000 0.000000 0.000000 0.000000 -0.000000 1.000000
39.404000 0.000000 0.000000 0.000000 0.000000 0.000000 -0.000000 1.000000
39.472000 0.000000 0.000000 0.000000 0.000000 0.000000 -0.000000 1.000000
39.536000 0.000000 0.000000 0.000000 0.000000 0.000000 -0.000000 1.000000
39.604000 0.000000 0.000000 0.000000 0.000000 0.000000 -0.000000 1.000000
39.668000 0.000000 0.000000 0.000000 0.000000 0.000000 -0.000000 1.000000
39.736000 0.000000 0.000000 0.000000 0.000000 0.000000 -0.000000 1.000000
39.800000 0.000000 0.000000 0.000000 0.000000 0.000000 -0.000000 1.000000
39.868000 0.000000 0.000000 0.000000 0.000000 0.000000 -0.000000 1.000000
39.932000 0.000000 0.000000 0.000000 0.000000 0.000000 -0.000000 1.000000
40.000000 0.000000 0.000000 0.000000 0.000000 0.000000 -0.000000 1.000000
40.064000 0.000000 0.000000 0.000000 0.000000 0.000000 -0.000000 1.000000
40.132000 0.000000 0.000000 0.000000 0.000000 0.000000 -0.000000 1.000000
40.196000 0.000000 0.000000 0.000000 0.000000 0.000000 -0.000000 1.000000
40.264000 0.000000 0.000000 0.000000 0.000000 0.000000 0.000000 1.000000
40.328000 0.000000 0.000000 0.000000 0.000000 0.000000 0.000000 1.000000
40.396000 0.000000 0.000000 0.000000 0.000000 0.000000 0.000000 1.000000
40.460000 0.000000 0.000000 0.000000 0.000000 0.000000 0.000000 1.000000
40.528000 0.000000 0.000000 0.000000 0.000000 0.000000 0.000000 1.000000
40.592000 0.000000 0.000000 0.000000 0.000000 0.000000 0.000000 1.000000
40.660000 0.000000 0.000000 0.000000 0.000000 0.000000 0.000000 1.000000
40.724000 0.000000 0.000000 0.000000 0.000000 0.000000 0.000000 1.000000
40.792000 0.000000 0.000000 0.000000 0.000000 0.000000 0.000000 1.000000
40.856000 0.000000 0.000000 0.000000 0.000000 0.000000 0.000000 1.000000
40.924000 0.000000 0.000000 0.000000 0.000000 0.000000 -0.000000 1.000000
40.988000 0.000000 0.000000 0.000000 0.000000 0.000000 -0.000000 1.000000
41.056000 0.000000 0.000000 0.000000 0.000000 0.000000 -0.000000 1.000000
41.120000 0.000000 0.000000 0.000000 0.000000 0.000000 -0.000000 1.000000
41.188000 0.000000 0.000000 0.000000 0.000000 0.000000 -0.000000 1.000000
41.252000 0.000000 0.000000 0.000000 0.000000 0.000000 -0.000000 1.000000
41.320000 0.000000 0.000000 0.000000 0.000000 0.000000 -0.000000 1.000000
41.384000 0.000000 0.000000 0.000000 0.000000 0.000000 0.000000 1.000000
41.452000 0.000000 0.000000 0.000000 0.000000 0.000000 0.000000 1.000000
41.516000 0.000000 0.000000 0.000000 0.000000 0.000000 0.000000 1.000000
41.584000 0.000000 0.000000 0.000000 0.000000 0.000000 0.000000 1.000000
41.648000 0.000000 0.000000 0.000000 0.000000 0.000000 0.000000 1.000000
41.716000 0.000000 0.000000 0.000000 0.000000 0.000000 0.000000 1.000000
41.780000 0.000000 0.000000 0.000000 0.000000 0.000000 0.000000 1.000000
41.848000 0.000000 0.000000 0.000000 0.000000 0.000000 0.000000 1.000000
41.912000 0.000000 0.000000 0.000000 0.000000 0.000000 0.000000 1.000000
41.980000 0.000000 0.000000 0.000000 0.000000 0.000000 0.000000 1.000000
42.044000 0.000000 0.000000 0.000000 0.000000 0.000000 0.000000 1.000000
42.112000 0.000000 0.000000 0.000000 0.000000 0.000000 0.000000 1.000000
42.176000 0.000000 0.000000 0.000000 0.000000 0.000000 0.000000 1.000000
42.244000 0.000000 0.000000 0.000000 0.000000 0.000000 0.000000 1.000000
42.308000 0.000000 0.000000 0.000000 0.000000 0.000000 0.000000 1.000000
42.376000 0.000000 0.000000 0.000000 0.000000 0.000000 0.000000 1.000000
42.440000 0.000000 0.000000 0.000000 0.000000 0.000000 0.000000 1.000000
42.508000 0.000000 0.000000 0.000000 0.000000 0.000000 0.000000 1.000000
42.572000 0.000000 0.000000 0.000000 0.000000 0.000000 0.000000 1.000000
42.640000 0.000000 0.000000 0.000000 0.000000 0.000000 0.000000 1.000000
42.704000 0.000000 0.000000 0.000000 0.000000 0.000000 0.000000 1.000000
42.772000 0.000000 0.000000 0.000000 0.000000 0.000000 0.000000 1.000000
42.836000 0.000000 0.000000 0.000000 0.000000 0.000000 0.000000 1.000000
42.904000 0.000000 0.000000 0.000000 0.000000 0.000000 0.000000 1.000000
42.968000 0.000000 0.000000 0.000000 0.000000 0.000000 0.000000 1.000000
43.036000 0.000000 0.000000 0.000000 0.000000 0.000000 0.000000 1.000000
43.100000 0.000000 0.000000 0.000000 0.000000 0.000000 0.000000 1.000000
43.168000 0.000000 0.000000 0.000000 0.000000 0.000000 0.000000 1.000000
43.232000 0.000000 0.000000 0.000000 0.000000 0.000000 0.000000 1.000000
43.300000 0.000000 0.000000 0.000000 0.000000 0.000000 0.000000 1.000000
43.364000 0.000000 0.000000 0.000000 0.000000 0.000000 0.000000 1.000000
43.432000 0.000000 0.000000 0.000000 0.000000 0.000000 0.000000 1.000000
43.496000 0.000000 0.000000 0.000000 0.000000 0.000000 0.000000 1.000000
43.564000 0.000000 0.000000 0.000000 0.000000 0.000000 0.000000 1.000000
43.628000 0.000000 0.000000 0.000000 0.000000 0.000000 0.000000 1.000000
43.696000 0.000000 0.000000 0.000000 0.000000 0.000000 0.000000 1.000000
43.760000 0.000000 0.000000 0.000000 0.000000 0.000000 0.000000 1.000000
43.828000 0.000000 0.000000 0.000000 0.000000 0.000000 0.000000 1.000000
43.892000 0.000000 0.000000 0.000000 0.000000 0.000000 0.000000 1.000000
43.960000 0.000000 0.000000 0.000000 0.000000 0.000000 0.000000 1.000000
44.024000 0.000000 0.000000 0.000000 0.000000 0.000000 0.000000 1.000000
44.092000 0.000000 0.000000 0.000000 0.000000 0.000000 0.000000 1.000000
44.156000 0.000000 0.000000 0.000000 0.000000 0.000000 0.000000 1.000000
44.224000 0.000000 0.000000 0.000000 0.000000 0.000000 0.000000 1.000000
44.288000 0.000000 0.000000 0.000000 0.000000 0.000000 0.000000 1.000000
44.356000 0.000000 0.000000 0.000000 0.000000 0.000000 0.000000 1.000000
44.420000 0.000000 0.000000 0.000000 0.000000 0.000000 0.000000 1.000000
44.488000 0.000000 0.000000 0.000000 0.000000 0.000000 0.000000 1.000000
44.552000 0.000000 0.000000 0.000000 0.000000 0.000000 0.000000 1.000000
44.620000 0.000000 0.000000 0.000000 0.000000 0.000000 0.000000 1.000000
44.684000 0.000000 0.000000 0.000000 0.000000 0.000000 0.000000 1.000000
44.752000 0.000000 0.000000 0.000000 0.000000 0.000000 0.000000 1.000000
44.816000 0.000000 0.000000 0.000000 0.000000 0.000000 0.000000 1.000000
44.884000 0.000000 0.000000 0.000000 0.000000 0.000000 0.000000 1.000000
44.948000 0.000000 0.000000 0.000000 0.000000 0.000000 0.000000 1.000000
45.016000 0.000000 0.000000 0.000000 0.000000 0.000000 0.000000 1.000000
45.080000 0.000000 0.000000 0.000000 0.000000 0.000000 0.000000 1.000000
45.148000 0.000000 0.000000 0.000000 0.000000 0.000000 0.000000 1.000000
45.212000 0.000000 0.000000 0.000000 0.000000 0.000000 0.000000 1.000000
45.280000 0.000000 0.000000 0.000000 0.000000 0.000000 0.000000 1.000000
45.344000 0.000000 0.000000 0.000000 0.000000 0.000000 0.000000 1.000000
45.412000 0.000000 0.000000 0.000000 0.000000 0.000000 0.000000 1.000000
45.476000 0.000000 0.000000 0.000000 0.000000 0.000000 0.000000 1.000000
45.544000 0.000000 0.000000 0.000000 0.000000 0.000000 0.000000 1.000000
45.608000 0.000000 0.000000 0.000000 0.000000 0.000000 0.000000 1.000000
45.676000 0.000000 0.000000 0.000000 0.000000 0.000000 0.000000 1.000000
45.740000 0.000000 0.000000 0.000000 0.000000 0.000000 0.000000 1.000000
45.808000 0.000000 0.000000 0.000000 0.000000 0.000000 0.000000 1.000000
45.872000 0.000000 0.000000 0.000000 0.000000 0.000000 0.000000 1.000000
45.940000 0.000000 0.000000 0.000000 0.000000 0.000000 0.000000 1.000000
46.004000 0.000000 0.000000 0.000000 0.000000 0.000000 0.000000 1.000000
46.072000 0.000000 0.000000 0.000000 0.000000 0.000000 0.000000 1.000000
46.136000 0.000000 0.000000 0.000000 0.000000 0.000000 0.000000 1.000000
46.204000 0.000000 0.000000 0.000000 0.000000 0.000000 0.000000 1.000000
46.268000 0.000000 0.000000 0.000000 0.000000 0.000000 0.000000 1.000000
46.336000 0.000000 0.000000 0.000000 0.000000 0.000000 0.000000 1.000000
46.400000 0.000000 0.000000 0.000000 0.000000 0.000000 0.000000 1.000000
46.468000 0.000000 0.000000 0.000000 0.000000 0.000000 0.000000 1.000000
46.532000 0.000000 0.000000 0.000000 0.000000 0.000000 0.000000 1.000000
46.600000 0.000000 0.000000 0.000000 0.000000 0.000000 0.000000 1.000000
46.664000 0.000000 0.000000 0.000000 0.000000 0.000000 0.000000 1.000000
46.732000 0.000000 0.000000 0.000000 0.000000 0.000000 0.000000 1.000000
46.796000 0.000000 0.000000 0.000000 0.000000 0.000000 0.000000 1.000000
46.864000 0.000000 0.000000 0.000000 0.000000 0.000000 0.000000 1.000000
46.928000 0.000000 0.000000 0.000000 0.000000 0.000000 0.000000 1.000000
46.996000 0.000000 0.000000 0.000000 0.000000 0.000000 0.000000 1.000000
47.060000 0.000000 0.000000 0.000000 0.000000 0.000000 0.000000 1.000000
47.128000 0.000000 0.000000 0.000000 0.000000 0.000000 0.000000 1.000000
47.192000 0.000000 0.000000 0.000000 0.000000 0.000000 0.000000 1.000000
47.260000 0.000000 0.000000 0.000000 0.000000 0.000000 0.000000 1.000000
47.324000 0.000000 0.000000 0.000000 0.000000 0.000000 0.000000 1.000000
47.392000 0.000000 0.000000 0.000000 0.000000 0.000000 0.000000 1.000000
47.456000 0.000000 0.000000 0.000000 0.000000 0.000000 0.000000 1.000000
47.524000 0.000000 0.000000 0.000000 0.000000 0.000000 0.000000 1.000000
47.588000 0.000000 0.000000 0.000000 0.000000 0.000000 0.000000 1.000000
47.656000 0.000000 0.000000 0.000000 0.000000 0.000000 0.000000 1.000000
47.720000 0.000000 0.000000 0.000000 0.000000 0.000000 0.000000 1.000000
47.788000 0.000000 0.000000 0.000000 0.000000 0.000000 0.000000 1.000000
47.852000 0.000000 0.000000 0.000000 0.000000 0.000000 0.000000 1.000000
47.920000 0.000000 0.000000 0.000000 0.000000 0.000000 0.000000 1.000000
47.984000 0.000000 0.000000 0.000000 0.000000 0.000000 0.000000 1.000000
48.052000 0.000000 0.000000 0.000000 0.000000 0.000000 0.000000 1.000000
48.116000 0.000000 0.000000 0.000000 0.000000 0.000000 0.000000 1.000000
48.184000 0.000000 0.000000 0.000000 0.000000 0.000000 0.000000 1.000000
48.248000 0.000000 0.000000 0.000000 0.000000 0.000000 0.000000 1.000000
48.316000 0.000000 0.000000 0.000000 0.000000 0.000000 0.000000 1.000000
48.380000 0.000000 0.000000 0.000000 0.000000 0.000000 0.000000 1.000000
48.448000 0.000000 0.000000 0.000000 0.000000 0.000000 0.000000 1.000000
48.512000 0.000000 0.000000 0.000000 0.000000 0.000000 0.000000 1.000000
48.580000 0.000000 0.000000 0.000000 0.000000 0.000000 0.000000 1.000000
48.644000 0.000000 0.000000 0.000000 0.000000 0.000000 0.000000 1.000000
48.712000 0.000000 0.000000 0.000000 0.000000 0.000000 0.000000 1.000000
48.776000 0.000000 0.000000 0.000000 0.000000 0.000000 0.000000 1.000000
48.844000 0.000000 0.000000 0.000000 0.000000 0.000000 0.000000 1.000000
48.908000 0.000000 0.000000 0.000000 0.000000 0.000000 0.000000 1.000000
48.976000 0.000000 0.000000 0.000000 0.000000 0.000000 0.000000 1.000000
49.040000 0.000000 0.000000 0.000000 0.000000 0.000000 0.000000 1.000000
49.108000 0.000000 0.000000 0.000000 0.000000 0.000000 0.000000 1.000000
49.172000 0.000000 0.000000 0.000000 0.000000 0.000000 0.000000 1.000000
49.240000 0.000000 0.000000 0.000000 0.000000 0.000000 0.000000 1.000000
49.304000 0.000000 0.000000 0.000000 0.000000 0.000000 0.000000 1.000000
49.372000 0.000000 0.000000 0.000000 0.000000 0.000000 0.000000 1.000000
49.436000 0.000000 0.000000 0.000000 0.000000 0.000000 0.000000 1.000000
49.504000 0.000000 0.000000 0.000000 0.000000 0.000000 0.000000 1.000000
49.568000 0.000000 0.000000 0.000000 0.000000 0.000000 0.000000 1.000000
49.636000 0.000000 0.000000 0.000000 0.000000 0.000000 0.000000 1.000000
49.700000 0.000000 0.000000 0.000000 0.000000 0.000000 0.000000 1.000000
49.768000 0.000000 0.000000 0.000000 0.000000 0.000000 0.000000 1.000000
49.832000 0.000000 0.000000 0.000000 0.000000 0.000000 0.000000 1.000000
49.900000 0.000000 0.000000 0.000000 0.000000 0.000000 0.000000 1.000000
49.964000 0.000000 0.000000 0.000000 0.000000 0.000000 0.000000 1.000000
50.032000 0.000000 0.000000 0.000000 0.000000 0.000000 0.000000 1.000000
50.096000 0.000000 0.000000 0.000000 0.000000 0.000000 0.000000 1.000000
50.164000 0.000000 0.000000 0.000000 0.000000 0.000000 0.000000 1.000000
50.228000 0.000000 0.000000 0.000000 0.000000 0.000000 0.000000 1.000000
50.296000 0.000000 0.000000 0.000000 0.000000 0.000000 0.000000 1.000000
50.360000 0.000000 0.000000 0.000000 0.000000 0.000000 0.000000 1.000000
50.428000 0.000000 0.000000 0.000000 0.000000 0.000000 0.000000 1.000000
50.492000 0.000000 0.000000 0.000000 0.000000 0.000000 0.000000 1.000000
50.560000 0.000000 0.000000 0.000000 0.000000 0.000000 0.000000 1.000000
50.624000 0.000000 0.000000 0.000000 0.000000 0.000000 0.000000 1.000000
50.692000 0.000000 0.000000 0.000000 0.000000 0.000000 0.000000 1.000000
50.756000 0.000000 0.000000 0.000000 0.000000 0.000000 0.000000 1.000000
50.824000 0.000000 0.000000 0.000000 0.000000 0.000000 0.000000 1.000000
50.888000 0.000000 0.000000 0.000000 0.000000 0.000000 0.000000 1.000000
50.956000 0.000000 0.000000 0.000000 0.000000 0.000000 0.000000 1.000000
51.020000 0.000000 0.000000 0.000000 0.000000 0.000000 0.000000 1.000000
51.088000 0.000000 0.000000 0.000000 0.000000 0.000000 0.000000 1.000000
51.152000 0.000000 0.000000 0.000000 0.000000 0.000000 0.000000 1.000000
51.220000 0.000000 0.000000 0.000000 0.000000 0.000000 0.000000 1.000000
51.284000 0.000000 0.000000 0.000000 0.000000 0.000000 0.000000 1.000000
51.352000 0.000000 0.000000 0.000000 0.000000 0.000000 0.000000 1.000000
51.416000 0.000000 0.000000 0.000000 0.000000 0.000000 0.000000 1.000000
51.484000 0.000000 0.000000 0.000000 0.000000 0.000000 0.000000 1.000000
51.548000 0.000000 0.000000 0.000000 0.000000 0.000000 0.000000 1.000000
51.616000 0.000000 0.000000 0.000000 0.000000 0.000000 0.000000 1.000000
51.680000 0.000000 0.000000 0.000000 0.000000 0.000000 0.000000 1.000000
51.748000 0.000000 0.000000 0.000000 0.000000 0.000000 0.000000 1.000000
51.812000 0.000000 0.000000 0.000000 0.000000 0.000000 0.000000 1.000000
51.880000 0.000000 0.000000 0.000000 0.000000 0.000000 0.000000 1.000000
51.944000 0.000000 0.000000 0.000000 0.000000 0.000000 0.000000 1.000000
52.012000 0.000000 0.000000 0.000000 0.000000 0.000000 0.000000 1.000000
52.076000 0.000000 0.000000 0.000000 0.000000 0.000000 0.000000 1.000000
52.144000 0.000000 0.000000 0.000000 0.000000 0.000000 0.000000 1.000000
52.208000 0.000000 0.000000 0.000000 0.000000 0.000000 0.000000 1.000000
52.276000 0.000000 0.000000 0.000000 0.000000 0.000000 0.000000 1.000000
52.340000 0.000000 0.000000 0.000000 0.000000 0.000000 0.000000 1.000000
52.408000 0.000000 0.000000 0.000000 0.000000 0.000000 0.000000 1.000000
52.472000 0.000000 0.000000 0.000000 0.000000 0.000000 0.000000 1.000000
52.540000 0.000000 0.000000 0.000000 0.000000 0.000000 0.000000 1.000000
52.604000 0.000000 0.000000 0.000000 0.000000 0.000000 0.000000 1.000000
52.672000 0.000000 0.000000 0.000000 0.000000 0.000000 0.000000 1.000000
52.736000 0.000000 0.000000 0.000000 0.000000 0.000000 0.000000 1.000000
52.804000 0.000000 0.000000 0.000000 0.000000 0.000000 0.000000 1.000000
52.868000 0.000000 0.000000 0.000000 0.000000 0.000000 0.000000 1.000000
52.936000 0.000000 0.000000 0.000000 0.000000 0.000000 0.000000 1.000000
53.000000 0.000000 0.000000 0.000000 0.000000 0.000000 0.000000 1.000000
53.068000 0.000000 0.000000 0.000000 0.000000 0.000000 0.000000 1.000000
53.132000 0.000000 0.000000 0.000000 0.000000 0.000000 0.000000 1.000000
53.200000 0.000000 0.000000 0.000000 0.000000 0.000000 0.000000 1.000000
53.264000 0.000000 0.000000 0.000000 0.000000 0.000000 0.000000 1.000000
53.332000 0.000000 0.000000 0.000000 0.000000 0.000000 0.000000 1.000000
53.396000 0.000000 0.000000 0.000000 0.000000 0.000000 0.000000 1.000000
53.464000 0.000000 0.000000 0.000000 0.000000 0.000000 0.000000 1.000000
53.528000 0.000000 0.000000 0.000000 0.000000 0.000000 0.000000 1.000000
53.596000 0.000000 0.000000 0.000000 0.000000 0.000000 0.000000 1.000000
53.660000 0.000000 0.000000 0.000000 0.000000 0.000000 0.000000 1.000000
53.728000 0.000000 0.000000 0.000000 0.000000 0.000000 0.000000 1.000000
53.792000 0.000000 0.000000 0.000000 0.000000 0.000000 0.000000 1.000000
53.860000 0.000000 0.000000 0.000000 0.000000 0.000000 0.000000 1.000000
53.924000 0.000000 0.000000 0.000000 0.000000 0.000000 0.000000 1.000000
53.992000 0.000000 0.000000 0.000000 0.000000 0.000000 0.000000 1.000000
54.056000 0.000000 0.000000 0.000000 0.000000 0.000000 0.000000 1.000000
54.124000 0.000000 0.000000 0.000000 0.000000 0.000000 0.000000 1.000000
54.188000 0.000000 0.000000 0.000000 0.000000 0.000000 0.000000 1.000000
54.256000 0.000000 0.000000 0.000000 0.000000 0.000000 0.000000 1.000000
54.320000 0.000000 0.000000 0.000000 0.000000 0.000000 0.000000 1.000000
54.388000 0.000000 0.000000 0.000000 0.000000 0.000000 0.000000 1.000000
54.452000 0.000000 0.000000 0.000000 0.000000 0.000000 0.000000 1.000000
54.520000 0.000000 0.000000 0.000000 0.000000 0.000000 0.000000 1.000000
54.584000 0.000000 0.000000 0.000000 0.000000 0.000000 0.000000 1.000000
54.652000 0.000000 0.000000 0.000000 0.000000 0.000000 0.000000 1.000000
54.716000 0.000000 0.000000 0.000000 0.000000 0.000000 0.000000 1.000000
54.784000 0.000000 0.000000 0.000000 0.000000 0.000000 0.000000 1.000000
54.848000 0.000000 0.000000 0.000000 0.000000 0.000000 0.000000 1.000000
54.916000 0.000000 0.000000 0.000000 0.000000 0.000000 0.000000 1.000000
54.980000 0.000000 0.000000 0.000000 0.000000 0.000000 0.000000 1.000000
55.048000 0.000000 0.000000 0.000000 0.000000 0.000000 0.000000 1.000000
55.112000 0.000000 0.000000 0.000000 0.000000 0.000000 0.000000 1.000000
55.180000 0.000000 0.000000 0.000000 0.000000 0.000000 0.000000 1.000000
55.244000 0.000000 0.000000 0.000000 0.000000 0.000000 0.000000 1.000000
55.312000 0.000000 0.000000 0.000000 0.000000 0.000000 0.000000 1.000000
55.376000 0.000000 0.000000 0.000000 0.000000 0.000000 0.000000 1.000000
55.444000 0.000000 0.000000 0.000000 0.000000 0.000000 0.000000 1.000000
55.508000 0.000000 0.000000 0.000000 0.000000 0.000000 0.000000 1.000000
55.576000 0.000000 0.000000 0.000000 0.000000 0.000000 0.000000 1.000000
55.640000 0.000000 0.000000 0.000000 0.000000 0.000000 0.000000 1.000000
55.708000 0.000000 0.000000 0.000000 0.000000 0.000000 0.000000 1.000000
55.772000 0.000000 0.000000 0.000000 0.000000 0.000000 0.000000 1.000000
55.840000 0.000000 0.000000 0.000000 0.000000 0.000000 0.000000 1.000000
55.904000 0.000000 0.000000 0.000000 0.000000 0.000000 0.000000 1.000000
55.972000 0.000000 0.000000 0.000000 0.000000 0.000000 0.000000 1.000000
56.036000 0.000000 0.000000 0.000000 0.000000 0.000000 0.000000 1.000000
56.104000 0.000000 0.000000 0.000000 0.000000 0.000000 0.000000 1.000000
56.168000 0.000000 0.000000 0.000000 0.000000 0.000000 0.000000 1.000000
56.236000 0.000000 0.000000 0.000000 0.000000 0.000000 0.000000 1.000000
56.300000 0.000000 0.000000 0.000000 0.000000 0.000000 0.000000 1.000000
56.368000 0.000000 0.000000 0.000000 0.000000 0.000000 0.000000 1.000000
56.432000 0.000000 0.000000 0.000000 0.000000 0.000000 0.000000 1.000000
56.500000 0.000000 0.000000 0.000000 0.000000 0.000000 0.000000 1.000000
56.564000 0.000000 0.000000 0.000000 0.000000 0.000000 0.000000 1.000000
56.632000 0.000000 0.000000 0.000000 0.000000 0.000000 0.000000 1.000000
56.696000 0.000000 0.000000 0.000000 0.000000 0.000000 0.000000 1.000000
56.764000 0.000000 0.000000 0.000000 0.000000 0.000000 0.000000 1.000000
56.828000 0.000000 0.000000 0.000000 0.000000 0.000000 0.000000 1.000000
56.896000 0.000000 0.000000 0.000000 0.000000 0.000000 0.000000 1.000000
56.960000 0.000000 0.000000 0.000000 0.000000 0.000000 0.000000 1.000000
57.028000 0.000000 0.000000 0.000000 0.000000 0.000000 0.000000 1.000000
57.092000 0.000000 0.000000 0.000000 0.000000 0.000000 0.000000 1.000000
57.160000 0.000000 0.000000 0.000000 0.000000 0.000000 0.000000 1.000000
57.224000 0.000000 0.000000 0.000000 0.000000 0.000000 0.000000 1.000000
57.292000 0.000000 0.000000 0.000000 0.000000 0.000000 0.000000 1.000000
57.356000 0.000000 0.000000 0.000000 0.000000 0.000000 0.000000 1.000000
57.424000 0.000000 0.000000 0.000000 0.000000 0.000000 0.000000 1.000000
57.488000 0.000000 0.000000 0.000000 0.000000 0.000000 0.000000 1.000000
57.556000 0.000000 0.000000 0.000000 0.000000 0.000000 0.000000 1.000000
57.620000 0.000000 0.000000 0.000000 0.000000 0.000000 0.000000 1.000000
57.688000 0.000000 0.000000 0.000000 0.000000 0.000000 0.000000 1.000000
57.752000 0.000000 0.000000 0.000000 0.000000 0.000000 0.000000 1.000000
57.820000 0.000000 0.000000 0.000000 0.000000 0.000000 0.000000 1.000000
57.884000 0.000000 0.000000 0.000000 0.000000 0.000000 0.000000 1.000000
57.952000 0.000000 0.000000 0.000000 0.000000 0.000000 0.000000 1.000000
58.016000 0.000000 0.000000 0.000000 0.000000 0.000000 0.000000 1.000000
58.084000 0.000000 0.000000 0.000000 0.000000 0.000000 0.000000 1.000000
58.148000 0.000000 0.000000 0.000000 0.000000 0.000000 0.000000 1.000000
58.216000 0.000000 0.000000 0.000000 0.000000 0.000000 0.000000 1.000000
58.280000 0.000000 0.000000 0.000000 0.000000 0.000000 0.000000 1.000000
58.348000 0.000000 0.000000 0.000000 0.000000 0.000000 0.000000 1.000000
58.412000 0.000000 0.000000 0.000000 0.000000 0.000000 0.000000 1.000000
58.480000 0.000000 0.000000 0.000000 0.000000 0.000000 0.000000 1.000000
58.544000 0.000000 0.000000 0.000000 0.000000 0.000000 0.000000 1.000000
58.612000 0.000000 0.000000 0.000000 0.000000 0.000000 0.000000 1.000000
58.676000 0.000000 0.000000 0.000000 0.000000 0.000000 0.000000 1.000000
58.744000 0.000000 0.000000 0.000000 0.000000 0.000000 0.000000 1.000000
58.808000 0.000000 0.000000 0.000000 0.000000 0.000000 0.000000 1.000000
58.876000 0.000000 0.000000 0.000000 0.000000 0.000000 0.000000 1.000000
58.940000 0.000000 0.000000 0.000000 0.000000 0.000000 0.000000 1.000000
59.008000 0.000000 0.000000 0.000000 0.000000 0.000000 0.000000 1.000000
59.072000 0.000000 0.000000 0.000000 0.000000 0.000000 0.000000 1.000000
59.140000 0.000000 0.000000 0.000000 0.000000 0.000000 0.000000 1.000000
59.204000 0.000000 0.000000 0.000000 0.000000 0.000000 0.000000 1.000000
59.272000 0.000000 0.000000 0.000000 0.000000 0.000000 0.000000 1.000000
59.336000 0.000000 0.000000 0.000000 0.000000 0.000000 0.000000 1.000000
59.404000 0.000000 0.000000 0.000000 0.000000 0.000000 0.000000 1.000000
59.468000 0.000000 0.000000 0.000000 0.000000 0.000000 0.000000 1.000000
59.536000 0.000000 0.000000 0.000000 0.000000 0.000000 0.000000 1.000000
59.600000 0.000000 0.000000 0.000000 0.000000 0.000000 0.000000 1.000000
59.668000 0.000000 0.000000 0.000000 0.000000 0.000000 0.000000 1.000000
59.732000 0.000000 0.000000 0.000000 0.000000 0.000000 0.000000 1.000000
59.800000 0.000000 0.000000 0.000000 0.000000 0.000000 0.000000 1.000000
59.864000 0.000000 0.000000 0.000000 0.000000 0.000000 0.000000 1.000000
59.932000 0.000000 0.000000 0.000000 0.000000 0.000000 0.000000 1.000000
59.996000 0.000000 0.000000 0.000000 0.000000 0.000000 0.000000 1.000000
60.064000 0.000000 0.000000 0.000000 0.000000 0.000000 0.000000 1.000000
60.128000 0.000000 0.000000 0.000000 0.000000 0.000000 0.000000 1.000000
60.196000 0.000000 0.000000 0.000000 0.000000 0.000000 0.000000 1.000000
60.260000 0.000000 0.000000 0.000000 0.000000 0.000000 0.000000 1.000000
60.328000 0.000000 0.000000 0.000000 0.000000 0.000000 0.000000 1.000000
60.392000 0.000000 0.000000 0.000000 0.000000 0.000000 0.000000 1.000000
60.460000 0.000000 0.000000 0.000000 0.000000 0.000000 0.000000 1.000000
60.524000 0.000000 0.000000 0.000000 0.000000 0.000000 0.000000 1.000000
60.592000 0.000000 0.000000 0.000000 0.000000 0.000000 0.000000 1.000000
60.656000 0.000000 0.000000 0.000000 0.000000 0.000000 0.000000 1.000000
60.724000 0.000000 0.000000 0.000000 0.000000 0.000000 0.000000 1.000000
60.788000 0.000000 0.000000 0.000000 0.000000 0.000000 0.000000 1.000000
60.856000 0.000000 0.000000 0.000000 0.000000 0.000000 0.000000 1.000000
60.920000 0.000000 0.000000 0.000000 0.000000 0.000000 0.000000 1.000000
60.988000 0.000000 0.000000 0.000000 0.000000 0.000000 0.000000 1.000000
61.052000 0.000000 0.000000 0.000000 0.000000 0.000000 0.000000 1.000000
61.120000 0.000000 0.000000 0.000000 0.000000 0.000000 0.000000 1.000000
61.184000 0.000000 0.000000 0.000000 0.000000 0.000000 0.000000 1.000000
61.252000 0.000000 0.000000 0.000000 0.000000 0.000000 0.000000 1.000000
61.316000 0.000000 0.000000 0.000000 0.000000 0.000000 0.000000 1.000000
61.384000 0.000000 0.000000 0.000000 0.000000 0.000000 0.000000 1.000000
61.448000 0.000000 0.000000 0.000000 0.000000 0.000000 0.000000 1.000000
61.516000 0.000000 0.000000 0.000000 0.000000 0.000000 0.000000 1.000000
61.580000 0.000000 0.000000 0.000000 0.000000 0.000000 0.000000 1.000000
61.648000 0.000000 0.000000 0.000000 0.000000 0.000000 0.000000 1.000000
61.712000 0.000000 0.000000 0.000000 0.000000 0.000000 0.000000 1.000000
61.780000 0.000000 0.000000 0.000000 0.000000 0.000000 0.000000 1.000000
61.844000 0.000000 0.000000 0.000000 0.000000 0.000000 0.000000 1.000000
61.912000 0.000000 0.000000 0.000000 0.000000 0.000000 0.000000 1.000000
61.976000 0.000000 0.000000 0.000000 0.000000 0.000000 0.000000 1.000000
62.044000 0.000000 0.000000 0.000000 0.000000 0.000000 0.000000 1.000000
62.108000 0.000000 0.000000 0.000000 0.000000 0.000000 0.000000 1.000000
62.176000 0.000000 0.000000 0.000000 0.000000 0.000000 0.000000 1.000000
62.240000 0.000000 0.000000 0.000000 0.000000 0.000000 0.000000 1.000000
62.308000 0.000000 0.000000 0.000000 0.000000 0.000000 0.000000 1.000000
62.372000 0.000000 0.000000 0.000000 0.000000 0.000000 0.000000 1.000000
62.440000 0.000000 0.000000 0.000000 0.000000 0.000000 0.000000 1.000000
62.504000 0.000000 0.000000 0.000000 0.000000 0.000000 0.000000 1.000000
62.572000 0.000000 0.000000 0.000000 0.000000 0.000000 0.000000 1.000000
62.636000 0.000000 0.000000 0.000000 0.000000 0.000000 0.000000 1.000000
62.704000 0.000000 0.000000 0.000000 0.000000 0.000000 0.000000 1.000000
62.768000 0.000000 0.000000 0.000000 0.000000 0.000000 0.000000 1.000000
62.836000 0.000000 0.000000 0.000000 0.000000 0.000000 0.000000 1.000000
62.900000 0.000000 0.000000 0.000000 0.000000 0.000000 0.000000 1.000000
62.968000 0.000000 0.000000 0.000000 0.000000 0.000000 0.000000 1.000000
63.032000 0.000000 0.000000 0.000000 0.000000 0.000000 0.000000 1.000000
63.100000 0.000000 0.000000 0.000000 0.000000 0.000000 0.000000 1.000000
63.164000 0.000000 0.000000 0.000000 0.000000 0.000000 0.000000 1.000000
63.232000 0.000000 0.000000 0.000000 0.000000 0.000000 0.000000 1.000000
63.296000 0.000000 0.000000 0.000000 0.000000 0.000000 0.000000 1.000000
63.364000 0.000000 0.000000 0.000000 0.000000 0.000000 0.000000 1.000000
63.428000 0.000000 0.000000 0.000000 0.000000 0.000000 0.000000 1.000000
63.496000 0.000000 0.000000 0.000000 0.000000 0.000000 0.000000 1.000000
63.560000 0.000000 0.000000 0.000000 0.000000 0.000000 0.000000 1.000000
63.628000 0.000000 0.000000 0.000000 0.000000 0.000000 0.000000 1.000000
63.692000 0.000000 0.000000 0.000000 0.000000 0.000000 0.000000 1.000000
63.760000 0.000000 0.000000 0.000000 0.000000 0.000000 0.000000 1.000000
63.824000 0.000000 0.000000 0.000000 0.000000 0.000000 0.000000 1.000000
63.892000 0.000000 0.000000 0.000000 0.000000 0.000000 0.000000 1.000000
63.956000 0.000000 0.000000 0.000000 0.000000 0.000000 0.000000 1.000000
64.024000 0.000000 0.000000 0.000000 0.000000 0.000000 0.000000 1.000000
64.088000 0.000000 0.000000 0.000000 0.000000 0.000000 0.000000 1.000000
64.156000 0.000000 0.000000 0.000000 0.000000 0.000000 0.000000 1.000000
64.220000 0.000000 0.000000 0.000000 0.000000 0.000000 0.000000 1.000000
64.288000 0.000000 0.000000 0.000000 0.000000 0.000000 0.000000 1.000000
64.352000 0.000000 0.000000 0.000000 0.000000 0.000000 0.000000 1.000000
64.420000 0.000000 0.000000 0.000000 0.000000 0.000000 0.000000 1.000000
64.484000 0.000000 0.000000 0.000000 0.000000 0.000000 0.000000 1.000000
64.552000 0.000000 0.000000 0.000000 0.000000 0.000000 0.000000 1.000000
64.616000 0.000000 0.000000 0.000000 0.000000 0.000000 0.000000 1.000000
64.684000 0.000000 0.000000 0.000000 0.000000 0.000000 0.000000 1.000000
64.748000 0.000000 0.000000 0.000000 0.000000 0.000000 0.000000 1.000000
64.816000 0.000000 0.000000 0.000000 0.000000 0.000000 0.000000 1.000000
64.880000 0.000000 0.000000 0.000000 0.000000 0.000000 0.000000 1.000000
64.948000 0.000000 0.000000 0.000000 0.000000 0.000000 0.000000 1.000000
65.012000 0.000000 0.000000 0.000000 0.000000 0.000000 0.000000 1.000000
65.080000 0.000000 0.000000 0.000000 0.000000 0.000000 0.000000 1.000000
65.144000 0.000000 0.000000 0.000000 0.000000 0.000000 0.000000 1.000000
65.212000 0.000000 0.000000 0.000000 0.000000 0.000000 0.000000 1.000000
65.276000 0.000000 0.000000 0.000000 0.000000 0.000000 0.000000 1.000000
65.344000 0.000000 0.000000 0.000000 0.000000 0.000000 0.000000 1.000000
65.408000 0.000000 0.000000 0.000000 0.000000 0.000000 0.000000 1.000000
65.476000 0.000000 0.000000 0.000000 0.000000 0.000000 0.000000 1.000000
65.540000 0.000000 0.000000 0.000000 0.000000 0.000000 0.000000 1.000000
65.608000 0.000000 0.000000 0.000000 0.000000 0.000000 0.000000 1.000000
65.672000 0.000000 0.000000 0.000000 0.000000 0.000000 0.000000 1.000000
65.740000 0.000000 0.000000 0.000000 0.000000 0.000000 0.000000 1.000000
65.804000 0.000000 0.000000 0.000000 0.000000 0.000000 0.000000 1.000000
65.872000 0.000000 0.000000 0.000000 0.000000 0.000000 0.000000 1.000000
65.936000 0.000000 0.000000 0.000000 0.000000 0.000000 0.000000 1.000000
66.004000 0.000000 0.000000 0.000000 0.000000 0.000000 0.000000 1.000000
66.068000 0.000000 0.000000 0.000000 0.000000 0.000000 0.000000 1.000000
66.136000 0.000000 0.000000 0.000000 0.000000 0.000000 0.000000 1.000000
66.200000 0.000000 0.000000 0.000000 0.000000 0.000000 0.000000 1.000000
66.268000 0.000000 0.000000 0.000000 0.000000 0.000000 0.000000 1.000000
66.332000 0.000000 0.000000 0.000000 0.000000 0.000000 0.000000 1.000000
66.400000 0.000000 0.000000 0.000000 0.000000 0.000000 0.000000 1.000000
66.464000 0.000000 0.000000 0.000000 0.000000 0.000000 0.000000 1.000000
66.532000 0.000000 0.000000 0.000000 0.000000 0.000000 0.000000 1.000000
66.596000 0.000000 0.000000 0.000000 0.000000 0.000000 0.000000 1.000000
66.664000 0.000000 0.000000 0.000000 0.000000 0.000000 0.000000 1.000000
66.728000 0.000000 0.000000 0.000000 0.000000 0.000000 0.000000 1.000000
66.796000 0.000000 0.000000 0.000000 0.000000 0.000000 0.000000 1.000000
66.860000 0.000000 0.000000 0.000000 0.000000 0.000000 0.000000 1.000000
66.928000 0.000000 0.000000 0.000000 0.000000 0.000000 0.000000 1.000000
66.992000 0.000000 0.000000 0.000000 0.000000 0.000000 0.000000 1.000000
67.060000 0.000000 0.000000 0.000000 0.000000 0.000000 0.000000 1.000000
67.124000 0.000000 0.000000 0.000000 0.000000 0.000000 0.000000 1.000000
67.192000 0.000000 0.000000 0.000000 0.000000 0.000000 0.000000 1.000000
67.256000 0.000000 0.000000 0.000000 0.000000 0.000000 0.000000 1.000000
67.324000 0.000000 0.000000 0.000000 0.000000 0.000000 0.000000 1.000000
67.388000 0.000000 0.000000 0.000000 0.000000 0.000000 0.000000 1.000000
67.456000 0.000000 0.000000 0.000000 0.000000 0.000000 0.000000 1.000000
67.520000 0.000000 0.000000 0.000000 0.000000 0.000000 0.000000 1.000000
67.588000 0.000000 0.000000 0.000000 0.000000 0.000000 0.000000 1.000000
67.652000 0.000000 0.000000 0.000000 0.000000 0.000000 0.000000 1.000000
67.720000 0.000000 0.000000 0.000000 0.000000 0.000000 0.000000 1.000000
67.784000 0.000000 0.000000 0.000000 0.000000 0.000000 0.000000 1.000000
67.852000 0.000000 0.000000 0.000000 0.000000 0.000000 0.000000 1.000000
67.916000 0.000000 0.000000 0.000000 0.000000 0.000000 0.000000 1.000000
67.984000 0.000000 0.000000 0.000000 0.000000 0.000000 0.000000 1.000000
68.048000 0.000000 0.000000 0.000000 0.000000 0.000000 0.000000 1.000000
68.116000 0.000000 0.000000 0.000000 0.000000 0.000000 0.000000 1.000000
68.180000 0.000000 0.000000 0.000000 0.000000 0.000000 0.000000 1.000000
68.248000 0.000000 0.000000 0.000000 0.000000 0.000000 0.000000 1.000000
68.312000 0.000000 0.000000 0.000000 0.000000 0.000000 0.000000 1.000000
68.380000 0.000000 0.000000 0.000000 0.000000 0.000000 0.000000 1.000000
68.444000 0.000000 0.000000 0.000000 0.000000 0.000000 0.000000 1.000000
68.512000 0.000000 0.000000 0.000000 0.000000 0.000000 0.000000 1.000000
68.576000 0.000000 0.000000 0.000000 0.000000 0.000000 0.000000 1.000000
68.644000 0.000000 0.000000 0.000000 0.000000 0.000000 0.000000 1.000000
68.708000 0.000000 0.000000 0.000000 0.000000 0.000000 0.000000 1.000000
68.776000 0.000000 0.000000 0.000000 0.000000 0.000000 0.000000 1.000000
68.840000 0.000000 0.000000 0.000000 0.000000 0.000000 0.000000 1.000000
68.908000 0.000000 0.000000 0.000000 0.000000 0.000000 0.000000 1.000000
68.972000 0.000000 0.000000 0.000000 0.000000 0.000000 0.000000 1.000000
69.040000 0.000000 0.000000 0.000000 0.000000 0.000000 0.000000 1.000000
69.104000 0.000000 0.000000 0.000000 0.000000 0.000000 0.000000 1.000000
69.172000 0.000000 0.000000 0.000000 0.000000 0.000000 0.000000 1.000000
69.236000 0.000000 0.000000 0.000000 0.000000 0.000000 0.000000 1.000000
69.304000 0.000000 0.000000 0.000000 0.000000 0.000000 0.000000 1.000000
69.368000 0.000000 0.000000 0.000000 0.000000 0.000000 0.000000 1.000000
69.436000 0.000000 0.000000 0.000000 0.000000 0.000000 0.000000 1.000000
69.500000 0.000000 0.000000 0.000000 0.000000 0.000000 0.000000 1.000000
69.568000 0.000000 0.000000 0.000000 0.000000 0.000000 0.000000 1.000000
69.632000 0.000000 0.000000 0.000000 0.000000 0.000000 0.000000 1.000000
69.700000 0.000000 0.000000 0.000000 0.000000 0.000000 0.000000 1.000000
69.764000 0.000000 0.000000 0.000000 0.000000 0.000000 0.000000 1.000000
69.832000 0.000000 0.000000 0.000000 0.000000 0.000000 0.000000 1.000000
69.896000 0.000000 0.000000 0.000000 0.000000 0.000000 0.000000 1.000000
69.964000 0.000000 0.000000 0.000000 0.000000 0.000000 0.000000 1.000000
70.028000 0.000000 0.000000 0.000000 0.000000 0.000000 0.000000 1.000000
70.096000 0.000000 0.000000 0.000000 0.000000 0.000000 0.000000 1.000000
70.160000 0.000000 0.000000 0.000000 0.000000 0.000000 0.000000 1.000000
70.228000 0.000000 0.000000 0.000000 0.000000 0.000000 0.000000 1.000000
70.292000 0.000000 0.000000 0.000000 0.000000 0.000000 0.000000 1.000000
70.360000 0.000000 0.000000 0.000000 0.000000 0.000000 0.000000 1.000000
70.424000 0.000000 0.000000 0.000000 0.000000 0.000000 0.000000 1.000000
70.492000 0.000000 0.000000 0.000000 0.000000 0.000000 0.000000 1.000000
70.556000 0.000000 0.000000 0.000000 0.000000 0.000000 0.000000 1.000000
70.624000 0.000000 0.000000 0.000000 0.000000 0.000000 0.000000 1.000000
70.688000 0.000000 0.000000 0.000000 0.000000 0.000000 0.000000 1.000000
70.756000 0.000000 0.000000 0.000000 0.000000 0.000000 0.000000 1.000000
70.820000 0.000000 0.000000 0.000000 0.000000 0.000000 0.000000 1.000000
70.888000 0.000000 0.000000 0.000000 0.000000 0.000000 0.000000 1.000000
70.952000 0.000000 0.000000 0.000000 0.000000 0.000000 0.000000 1.000000
71.020000 0.000000 0.000000 0.000000 0.000000 0.000000 0.000000 1.000000
71.084000 0.000000 0.000000 0.000000 0.000000 0.000000 0.000000 1.000000
71.152000 0.000000 0.000000 0.000000 0.000000 0.000000 0.000000 1.000000
71.216000 0.000000 0.000000 0.000000 0.000000 0.000000 0.000000 1.000000
71.284000 0.000000 0.000000 0.000000 0.000000 0.000000 0.000000 1.000000
71.348000 0.000000 0.000000 0.000000 0.000000 0.000000 0.000000 1.000000
71.416000 0.000000 0.000000 0.000000 0.000000 0.000000 0.000000 1.000000
71.480000 0.000000 0.000000 0.000000 0.000000 0.000000 0.000000 1.000000
71.548000 0.000000 0.000000 0.000000 0.000000 0.000000 0.000000 1.000000
71.612000 0.000000 0.000000 0.000000 0.000000 0.000000 0.000000 1.000000
71.680000 0.000000 0.000000 0.000000 0.000000 0.000000 0.000000 1.000000
71.744000 0.000000 0.000000 0.000000 0.000000 0.000000 0.000000 1.000000
71.812000 0.000000 0.000000 0.000000 0.000000 0.000000 0.000000 1.000000
71.876000 0.000000 0.000000 0.000000 0.000000 0.000000 0.000000 1.000000
71.944000 0.000000 0.000000 0.000000 0.000000 0.000000 0.000000 1.000000
72.008000 0.000000 0.000000 0.000000 0.000000 0.000000 0.000000 1.000000
72.076000 0.000000 0.000000 0.000000 0.000000 0.000000 0.000000 1.000000
72.140000 0.000000 0.000000 0.000000 0.000000 0.000000 0.000000 1.000000
137.612000 0.000000 0.000000 0.000000 0.000000 0.000000 0.000000 1.000000
137.680000 0.000000 0.000000 0.000000 0.000000 0.000000 0.000000 1.000000
137.744000 0.000000 0.000000 0.000000 0.000000 0.000000 0.000000 1.000000
137.812000 0.000000 0.000000 0.000000 0.000000 0.000000 0.000000 1.000000
137.876000 0.000000 0.000000 0.000000 0.000000 0.000000 0.000000 1.000000
137.944000 0.000000 0.000000 0.000000 0.000000 0.000000 0.000000 1.000000
138.008000 0.000000 0.000000 0.000000 0.000000 0.000000 0.000000 1.000000
138.076000 0.000000 0.000000 0.000000 0.000000 0.000000 0.000000 1.000000
138.140000 0.000000 0.000000 0.000000 0.000000 0.000000 0.000000 1.000000
138.208000 0.000000 0.000000 0.000000 0.000000 0.000000 0.000000 1.000000
138.272000 0.000000 0.000000 0.000000 0.000000 0.000000 0.000000 1.000000
138.340000 0.000000 0.000000 0.000000 0.000000 0.000000 0.000000 1.000000
138.404000 0.000000 0.000000 0.000000 0.000000 0.000000 0.000000 1.000000
138.472000 0.000000 0.000000 0.000000 0.000000 0.000000 0.000000 1.000000
138.536000 0.000000 0.000000 0.000000 0.000000 0.000000 0.000000 1.000000
138.604000 0.000000 0.000000 0.000000 0.000000 0.000000 0.000000 1.000000
138.668000 0.000000 0.000000 0.000000 0.000000 0.000000 0.000000 1.000000
138.736000 0.000000 0.000000 0.000000 0.000000 0.000000 0.000000 1.000000
138.800000 0.000000 0.000000 0.000000 0.000000 0.000000 0.000000 1.000000
138.868000 0.000000 0.000000 0.000000 0.000000 0.000000 0.000000 1.000000
138.932000 0.000000 0.000000 0.000000 0.000000 0.000000 0.000000 1.000000
139.000000 0.000000 0.000000 0.000000 0.000000 0.000000 0.000000 1.000000
139.064000 0.000000 0.000000 0.000000 0.000000 0.000000 0.000000 1.000000
139.132000 0.000000 0.000000 0.000000 0.000000 0.000000 0.000000 1.000000
139.196000 0.000000 0.000000 0.000000 0.000000 0.000000 0.000000 1.000000
139.264000 0.000000 0.000000 0.000000 0.000000 0.000000 0.000000 1.000000
139.328000 0.000000 0.000000 0.000000 0.000000 0.000000 0.000000 1.000000
139.396000 0.000000 0.000000 0.000000 0.000000 0.000000 0.000000 1.000000
139.460000 0.000000 0.000000 0.000000 0.000000 0.000000 0.000000 1.000000
139.528000 0.000000 0.000000 0.000000 0.000000 0.000000 0.000000 1.000000
139.592000 0.000000 0.000000 0.000000 0.000000 0.000000 0.000000 1.000000
139.660000 0.000000 0.000000 0.000000 0.000000 0.000000 0.000000 1.000000
139.724000 0.000000 0.000000 0.000000 0.000000 0.000000 0.000000 1.000000
139.792000 0.000000 0.000000 0.000000 0.000000 0.000000 0.000000 1.000000
139.856000 0.000000 0.000000 0.000000 0.000000 0.000000 0.000000 1.000000
139.924000 0.000000 0.000000 0.000000 0.000000 0.000000 0.000000 1.000000
139.988000 0.000000 0.000000 0.000000 0.000000 0.000000 0.000000 1.000000
140.056000 0.000000 0.000000 0.000000 0.000000 0.000000 0.000000 1.000000
140.120000 0.000000 0.000000 0.000000 0.000000 0.000000 0.000000 1.000000
140.188000 0.000000 0.000000 0.000000 0.000000 0.000000 0.000000 1.000000
140.252000 0.000000 0.000000 0.000000 0.000000 0.000000 0.000000 1.000000
140.320000 0.000000 0.000000 0.000000 0.000000 0.000000 0.000000 1.000000
140.384000 0.000000 0.000000 0.000000 0.000000 0.000000 0.000000 1.000000
140.452000 0.000000 0.000000 0.000000 0.000000 0.000000 0.000000 1.000000
140.516000 0.000000 0.000000 0.000000 0.000000 0.000000 0.000000 1.000000
140.584000 0.000000 0.000000 0.000000 0.000000 0.000000 0.000000 1.000000
140.648000 0.000000 0.000000 0.000000 0.000000 0.000000 0.000000 1.000000
140.716000 0.000000 0.000000 0.000000 0.000000 0.000000 0.000000 1.000000
140.780000 0.000000 0.000000 0.000000 0.000000 0.000000 0.000000 1.000000
140.848000 0.000000 0.000000 0.000000 0.000000 0.000000 0.000000 1.000000
140.912000 0.000000 0.000000 0.000000 0.000000 0.000000 0.000000 1.000000
140.980000 0.000000 0.000000 0.000000 0.000000 0.000000 0.000000 1.000000
141.044000 0.000000 0.000000 0.000000 0.000000 0.000000 0.000000 1.000000
141.112000 0.000000 0.000000 0.000000 0.000000 0.000000 0.000000 1.000000
141.176000 0.000000 0.000000 0.000000 0.000000 0.000000 0.000000 1.000000
141.244000 0.000000 0.000000 0.000000 0.000000 0.000000 0.000000 1.000000
141.308000 0.000000 0.000000 0.000000 0.000000 0.000000 0.000000 1.000000
141.376000 0.000000 0.000000 0.000000 0.000000 0.000000 0.000000 1.000000
141.440000 0.000000 0.000000 0.000000 0.000000 0.000000 0.000000 1.000000
141.508000 0.000000 0.000000 0.000000 0.000000 0.000000 0.000000 1.000000
141.572000 0.000000 0.000000 0.000000 0.000000 0.000000 0.000000 1.000000
141.640000 0.000000 0.000000 0.000000 0.000000 0.000000 0.000000 1.000000
141.704000 0.000000 0.000000 0.000000 0.000000 0.000000 0.000000 1.000000
141.772000 0.000000 0.000000 0.000000 0.000000 0.000000 0.000000 1.000000
141.836000 0.000000 0.000000 0.000000 0.000000 0.000000 0.000000 1.000000
141.904000 0.000000 0.000000 0.000000 0.000000 0.000000 0.000000 1.000000
141.968000 0.000000 0.000000 0.000000 0.000000 0.000000 0.000000 1.000000
142.036000 0.000000 0.000000 0.000000 0.000000 0.000000 0.000000 1.000000
142.100000 0.000000 0.000000 0.000000 0.000000 0.000000 0.000000 1.000000
142.168000 0.000000 0.000000 0.000000 0.000000 0.000000 0.000000 1.000000
142.232000 0.000000 0.000000 0.000000 0.000000 0.000000 0.000000 1.000000
142.300000 0.000000 0.000000 0.000000 0.000000 0.000000 0.000000 1.000000
142.364000 0.000000 0.000000 0.000000 0.000000 0.000000 0.000000 1.000000
142.432000 0.000000 0.000000 0.000000 0.000000 0.000000 0.000000 1.000000
142.496000 0.000000 0.000000 0.000000 0.000000 0.000000 0.000000 1.000000
142.564000 0.000000 0.000000 0.000000 0.000000 0.000000 0.000000 1.000000
142.628000 0.000000 0.000000 0.000000 0.000000 0.000000 0.000000 1.000000
142.696000 0.000000 0.000000 0.000000 0.000000 0.000000 0.000000 1.000000
142.760000 0.000000 0.000000 0.000000 0.000000 0.000000 0.000000 1.000000
142.828000 0.000000 0.000000 0.000000 0.000000 0.000000 0.000000 1.000000
142.892000 0.000000 0.000000 0.000000 0.000000 0.000000 0.000000 1.000000
142.960000 0.000000 0.000000 0.000000 0.000000 0.000000 0.000000 1.000000
143.024000 0.000000 0.000000 0.000000 0.000000 0.000000 0.000000 1.000000
143.092000 0.000000 0.000000 0.000000 0.000000 0.000000 0.000000 1.000000
143.156000 0.000000 0.000000 0.000000 0.000000 0.000000 0.000000 1.000000
143.224000 0.000000 0.000000 0.000000 0.000000 0.000000 0.000000 1.000000
143.288000 0.000000 0.000000 0.000000 0.000000 0.000000 0.000000 1.000000
143.356000 0.000000 0.000000 0.000000 0.000000 0.000000 0.000000 1.000000
143.420000 0.000000 0.000000 0.000000 0.000000 0.000000 0.000000 1.000000
143.488000 0.000000 0.000000 0.000000 0.000000 0.000000 0.000000 1.000000
143.552000 0.000000 0.000000 0.000000 0.000000 0.000000 0.000000 1.000000
143.620000 0.000000 0.000000 0.000000 0.000000 0.000000 0.000000 1.000000
143.684000 0.000000 0.000000 0.000000 0.000000 0.000000 0.000000 1.000000
143.752000 0.000000 0.000000 0.000000 0.000000 0.000000 0.000000 1.000000
143.816000 0.000000 0.000000 0.000000 0.000000 0.000000 0.000000 1.000000
143.884000 0.000000 0.000000 0.000000 0.000000 0.000000 0.000000 1.000000
143.948000 0.000000 0.000000 0.000000 0.000000 0.000000 0.000000 1.000000
144.016000 0.000000 0.000000 0.000000 0.000000 0.000000 0.000000 1.000000
144.080000 0.000000 0.000000 0.000000 0.000000 0.000000 0.000000 1.000000
144.148000 0.000000 0.000000 0.000000 0.000000 0.000000 0.000000 1.000000
144.212000 0.000000 0.000000 0.000000 0.000000 0.000000 0.000000 1.000000
144.280000 0.000000 0.000000 0.000000 0.000000 0.000000 0.000000 1.000000
144.344000 0.000000 0.000000 0.000000 0.000000 0.000000 0.000000 1.000000
144.412000 0.000000 0.000000 0.000000 0.000000 0.000000 0.000000 1.000000
144.476000 0.000000 0.000000 0.000000 0.000000 0.000000 0.000000 1.000000
144.544000 0.000000 0.000000 0.000000 0.000000 0.000000 0.000000 1.000000
144.608000 0.000000 0.000000 0.000000 0.000000 0.000000 0.000000 1.000000
144.676000 0.000000 0.000000 0.000000 0.000000 0.000000 0.000000 1.000000
144.740000 0.000000 0.000000 0.000000 0.000000 0.000000 0.000000 1.000000
144.808000 0.000000 0.000000 0.000000 0.000000 0.000000 0.000000 1.000000
144.872000 0.000000 0.000000 0.000000 0.000000 0.000000 0.000000 1.000000
144.940000 0.000000 0.000000 0.000000 0.000000 0.000000 0.000000 1.000000
145.004000 0.000000 0.000000 0.000000 0.000000 0.000000 0.000000 1.000000
145.072000 0.000000 0.000000 0.000000 0.000000 0.000000 0.000000 1.000000
145.136000 0.000000 0.000000 0.000000 0.000000 0.000000 0.000000 1.000000
145.204000 0.000000 0.000000 0.000000 0.000000 0.000000 0.000000 1.000000
145.268000 0.000000 0.000000 0.000000 0.000000 0.000000 0.000000 1.000000
145.336000 0.000000 0.000000 0.000000 0.000000 0.000000 0.000000 1.000000
145.400000 0.000000 0.000000 0.000000 0.000000 0.000000 0.000000 1.000000
145.468000 0.000000 0.000000 0.000000 0.000000 0.000000 0.000000 1.000000
145.532000 0.000000 0.000000 0.000000 0.000000 0.000000 0.000000 1.000000
145.600000 0.000000 0.000000 0.000000 0.000000 0.000000 0.000000 1.000000
145.664000 0.000000 0.000000 0.000000 0.000000 0.000000 0.000000 1.000000
145.732000 0.000000 0.000000 0.000000 0.000000 0.000000 0.000000 1.000000
145.796000 0.000000 0.000000 0.000000 0.000000 0.000000 0.000000 1.000000
145.864000 0.000000 0.000000 0.000000 0.000000 0.000000 0.000000 1.000000
145.928000 0.000000 0.000000 0.000000 0.000000 0.000000 0.000000 1.000000
145.996000 0.000000 0.000000 0.000000 0.000000 0.000000 0.000000 1.000000
146.060000 0.000000 0.000000 0.000000 0.000000 0.000000 0.000000 1.000000
146.128000 0.000000 0.000000 0.000000 0.000000 0.000000 0.000000 1.000000
146.192000 0.000000 0.000000 0.000000 0.000000 0.000000 0.000000 1.000000
146.260000 0.000000 0.000000 0.000000 0.000000 0.000000 0.000000 1.000000
146.324000 0.000000 0.000000 0.000000 0.000000 0.000000 0.000000 1.000000
146.392000 0.000000 0.000000 0.000000 0.000000 0.000000 0.000000 1.000000
146.456000 0.000000 0.000000 0.000000 0.000000 0.000000 0.000000 1.000000
146.524000 0.000000 0.000000 0.000000 0.000000 0.000000 0.000000 1.000000
146.588000 0.000000 0.000000 0.000000 0.000000 0.000000 0.000000 1.000000
146.656000 0.000000 0.000000 0.000000 0.000000 0.000000 0.000000 1.000000
146.720000 0.000000 0.000000 0.000000 0.000000 0.000000 0.000000 1.000000
146.788000 0.000000 0.000000 0.000000 0.000000 0.000000 0.000000 1.000000
146.852000 0.000000 0.000000 0.000000 0.000000 0.000000 0.000000 1.000000
146.920000 0.000000 0.000000 0.000000 0.000000 0.000000 0.000000 1.000000
146.984000 0.000000 0.000000 0.000000 0.000000 0.000000 0.000000 1.000000
147.052000 0.000000 0.000000 0.000000 0.000000 0.000000 0.000000 1.000000
147.116000 0.000000 0.000000 0.000000 0.000000 0.000000 0.000000 1.000000
147.184000 0.000000 0.000000 0.000000 0.000000 0.000000 0.000000 1.000000
147.248000 0.000000 0.000000 0.000000 0.000000 0.000000 0.000000 1.000000
147.316000 0.000000 0.000000 0.000000 0.000000 0.000000 0.000000 1.000000
147.380000 0.000000 0.000000 0.000000 0.000000 0.000000 0.000000 1.000000
147.448000 0.000000 0.000000 0.000000 0.000000 0.000000 0.000000 1.000000
147.512000 0.000000 0.000000 0.000000 0.000000 0.000000 0.000000 1.000000
147.580000 0.000000 0.000000 0.000000 0.000000 0.000000 0.000000 1.000000
147.644000 0.000000 0.000000 0.000000 0.000000 0.000000 0.000000 1.000000
147.712000 0.000000 0.000000 0.000000 0.000000 0.000000 0.000000 1.000000
147.776000 0.000000 0.000000 0.000000 0.000000 0.000000 0.000000 1.000000
147.844000 0.000000 0.000000 0.000000 0.000000 0.000000 0.000000 1.000000
147.908000 0.000000 0.000000 0.000000 0.000000 0.000000 0.000000 1.000000
147.976000 0.000000 0.000000 0.000000 0.000000 0.000000 0.000000 1.000000
148.040000 0.000000 0.000000 0.000000 0.000000 0.000000 0.000000 1.000000
148.108000 0.000000 0.000000 0.000000 0.000000 0.000000 0.000000 1.000000
148.172000 0.000000 0.000000 0.000000 0.000000 0.000000 0.000000 1.000000
148.240000 0.000000 0.000000 0.000000 0.000000 0.000000 0.000000 1.000000
148.304000 0.000000 0.000000 0.000000 0.000000 0.000000 0.000000 1.000000
148.372000 0.000000 0.000000 0.000000 0.000000 0.000000 0.000000 1.000000
148.436000 0.000000 0.000000 0.000000 0.000000 0.000000 0.000000 1.000000
148.504000 0.000000 0.000000 0.000000 0.000000 0.000000 0.000000 1.000000
148.568000 0.000000 0.000000 0.000000 0.000000 0.000000 0.000000 1.000000
148.636000 0.000000 0.000000 0.000000 0.000000 0.000000 0.000000 1.000000
148.700000 0.000000 0.000000 0.000000 0.000000 0.000000 0.000000 1.000000
148.768000 0.000000 0.000000 0.000000 0.000000 0.000000 0.000000 1.000000
148.832000 0.000000 0.000000 0.000000 0.000000 0.000000 0.000000 1.000000
148.900000 0.000000 0.000000 0.000000 0.000000 0.000000 0.000000 1.000000
148.964000 0.000000 0.000000 0.000000 0.000000 0.000000 0.000000 1.000000
149.032000 0.000000 0.000000 0.000000 0.000000 0.000000 0.000000 1.000000
149.096000 0.000000 0.000000 0.000000 0.000000 0.000000 0.000000 1.000000
149.164000 0.000000 0.000000 0.000000 0.000000 0.000000 0.000000 1.000000
149.228000 0.000000 0.000000 0.000000 0.000000 0.000000 0.000000 1.000000
149.296000 0.000000 0.000000 0.000000 0.000000 0.000000 0.000000 1.000000
149.360000 0.000000 0.000000 0.000000 0.000000 0.000000 0.000000 1.000000
149.428000 0.000000 0.000000 0.000000 0.000000 0.000000 0.000000 1.000000
149.492000 0.000000 0.000000 0.000000 0.000000 0.000000 0.000000 1.000000
149.560000 0.000000 0.000000 0.000000 0.000000 0.000000 0.000000 1.000000
149.624000 0.000000 0.000000 0.000000 0.000000 0.000000 0.000000 1.000000
149.692000 0.000000 0.000000 0.000000 0.000000 0.000000 0.000000 1.000000
149.756000 0.000000 0.000000 0.000000 0.000000 0.000000 0.000000 1.000000
149.824000 0.000000 0.000000 0.000000 0.000000 0.000000 0.000000 1.000000
149.888000 0.000000 0.000000 0.000000 0.000000 0.000000 0.000000 1.000000
149.956000 0.000000 0.000000 0.000000 0.000000 0.000000 0.000000 1.000000
150.020000 0.000000 0.000000 0.000000 0.000000 0.000000 0.000000 1.000000
150.088000 0.000000 0.000000 0.000000 0.000000 0.000000 0.000000 1.000000
150.152000 0.000000 0.000000 0.000000 0.000000 0.000000 0.000000 1.000000
150.220000 0.000000 0.000000 0.000000 0.000000 0.000000 0.000000 1.000000
150.284000 0.000000 0.000000 0.000000 0.000000 0.000000 0.000000 1.000000
150.352000 0.000000 0.000000 0.000000 0.000000 0.000000 0.000000 1.000000
150.416000 0.000000 0.000000 0.000000 0.000000 0.000000 0.000000 1.000000
150.484000 0.000000 0.000000 0.000000 0.000000 0.000000 0.000000 1.000000
150.548000 0.000000 0.000000 0.000000 0.000000 0.000000 0.000000 1.000000
150.616000 0.000000 0.000000 0.000000 0.000000 0.000000 0.000000 1.000000
150.680000 0.000000 0.000000 0.000000 0.000000 0.000000 0.000000 1.000000
150.748000 0.000000 0.000000 0.000000 0.000000 0.000000 0.000000 1.000000
150.812000 0.000000 0.000000 0.000000 0.000000 0.000000 0.000000 1.000000
150.880000 0.000000 0.000000 0.000000 0.000000 0.000000 0.000000 1.000000
150.944000 0.000000 0.000000 0.000000 0.000000 0.000000 0.000000 1.000000
151.012000 0.000000 0.000000 0.000000 0.000000 0.000000 0.000000 1.000000
151.076000 0.000000 0.000000 0.000000 0.000000 0.000000 0.000000 1.000000
151.144000 0.000000 0.000000 0.000000 0.000000 0.000000 0.000000 1.000000
151.208000 0.000000 0.000000 0.000000 0.000000 0.000000 0.000000 1.000000
151.276000 0.000000 0.000000 0.000000 0.000000 0.000000 0.000000 1.000000
151.340000 0.000000 0.000000 0.000000 0.000000 0.000000 0.000000 1.000000
151.408000 0.000000 0.000000 0.000000 0.000000 0.000000 0.000000 1.000000
151.472000 0.000000 0.000000 0.000000 0.000000 0.000000 0.000000 1.000000
151.540000 0.000000 0.000000 0.000000 0.000000 0.000000 0.000000 1.000000
151.604000 0.000000 0.000000 0.000000 0.000000 0.000000 0.000000 1.000000
151.672000 0.000000 0.000000 0.000000 0.000000 0.000000 0.000000 1.000000
151.736000 0.000000 0.000000 0.000000 0.000000 0.000000 0.000000 1.000000
151.804000 0.000000 0.000000 0.000000 0.000000 0.000000 0.000000 1.000000
151.868000 0.000000 0.000000 0.000000 0.000000 0.000000 0.000000 1.000000
151.936000 0.000000 0.000000 0.000000 0.000000 0.000000 0.000000 1.000000
152.000000 0.000000 0.000000 0.000000 0.000000 0.000000 0.000000 1.000000
152.068000 0.000000 0.000000 0.000000 0.000000 0.000000 0.000000 1.000000
152.132000 0.000000 0.000000 0.000000 0.000000 0.000000 0.000000 1.000000
152.200000 0.000000 0.000000 0.000000 0.000000 0.000000 0.000000 1.000000
152.264000 0.000000 0.000000 0.000000 0.000000 0.000000 0.000000 1.000000
152.332000 0.000000 0.000000 0.000000 0.000000 0.000000 0.000000 1.000000
152.396000 0.000000 0.000000 0.000000 0.000000 0.000000 0.000000 1.000000
152.464000 0.000000 0.000000 0.000000 0.000000 0.000000 0.000000 1.000000
152.528000 0.000000 0.000000 0.000000 0.000000 0.000000 0.000000 1.000000
152.596000 0.000000 0.000000 0.000000 0.000000 0.000000 0.000000 1.000000
152.660000 0.000000 0.000000 0.000000 0.000000 0.000000 0.000000 1.000000
152.728000 0.000000 0.000000 0.000000 0.000000 0.000000 0.000000 1.000000
152.792000 0.000000 0.000000 0.000000 0.000000 0.000000 0.000000 1.000000
152.860000 0.000000 0.000000 0.000000 0.000000 0.000000 0.000000 1.000000
152.924000 0.000000 0.000000 0.000000 0.000000 0.000000 0.000000 1.000000
152.992000 0.000000 0.000000 0.000000 0.000000 0.000000 0.000000 1.000000
153.056000 0.000000 0.000000 0.000000 0.000000 0.000000 0.000000 1.000000
153.124000 0.000000 0.000000 0.000000 0.000000 0.000000 0.000000 1.000000
153.188000 0.000000 0.000000 0.000000 0.000000 0.000000 0.000000 1.000000
153.256000 0.000000 0.000000 0.000000 0.000000 0.000000 0.000000 1.000000
153.320000 0.000000 0.000000 0.000000 0.000000 0.000000 0.000000 1.000000
153.388000 0.000000 0.000000 0.000000 0.000000 0.000000 0.000000 1.000000
153.452000 0.000000 0.000000 0.000000 0.000000 0.000000 0.000000 1.000000
153.520000 0.000000 0.000000 0.000000 0.000000 0.000000 0.000000 1.000000
153.584000 0.000000 0.000000 0.000000 0.000000 0.000000 0.000000 1.000000
153.652000 0.000000 0.000000 0.000000 0.000000 0.000000 0.000000 1.000000
153.716000 0.000000 0.000000 0.000000 0.000000 0.000000 0.000000 1.000000
153.784000 0.000000 0.000000 0.000000 0.000000 0.000000 0.000000 1.000000
153.848000 0.000000 0.000000 0.000000 0.000000 0.000000 0.000000 1.000000
153.916000 0.000000 0.000000 0.000000 0.000000 0.000000 0.000000 1.000000
153.980000 0.000000 0.000000 0.000000 0.000000 0.000000 0.000000 1.000000
154.048000 0.000000 0.000000 0.000000 0.000000 0.000000 0.000000 1.000000
154.112000 0.000000 0.000000 0.000000 0.000000 0.000000 0.000000 1.000000
154.180000 0.000000 0.000000 0.000000 0.000000 0.000000 0.000000 1.000000
154.244000 0.000000 0.000000 0.000000 0.000000 0.000000 0.000000 1.000000
154.312000 0.000000 0.000000 0.000000 0.000000 0.000000 0.000000 1.000000
154.376000 0.000000 0.000000 0.000000 0.000000 0.000000 0.000000 1.000000
154.444000 0.000000 0.000000 0.000000 0.000000 0.000000 0.000000 1.000000
154.508000 0.000000 0.000000 0.000000 0.000000 0.000000 0.000000 1.000000
154.576000 0.000000 0.000000 0.000000 0.000000 0.000000 0.000000 1.000000
154.640000 0.000000 0.000000 0.000000 0.000000 0.000000 0.000000 1.000000
154.708000 0.000000 0.000000 0.000000 0.000000 0.000000 0.000000 1.000000
154.772000 0.000000 0.000000 0.000000 0.000000 0.000000 0.000000 1.000000
154.840000 0.000000 0.000000 0.000000 0.000000 0.000000 0.000000 1.000000
154.904000 0.000000 0.000000 0.000000 0.000000 0.000000 0.000000 1.000000
154.972000 0.000000 0.000000 0.000000 0.000000 0.000000 0.000000 1.000000
155.036000 0.000000 0.000000 0.000000 0.000000 0.000000 0.000000 1.000000
155.104000 0.000000 0.000000 0.000000 0.000000 0.000000 0.000000 1.000000
155.168000 0.000000 0.000000 0.000000 0.000000 0.000000 0.000000 1.000000
155.236000 0.000000 0.000000 0.000000 0.000000 0.000000 0.000000 1.000000
155.300000 0.000000 0.000000 0.000000 0.000000 0.000000 0.000000 1.000000
155.368000 0.000000 0.000000 0.000000 0.000000 0.000000 0.000000 1.000000
155.432000 0.000000 0.000000 0.000000 0.000000 0.000000 0.000000 1.000000
155.500000 0.000000 0.000000 0.000000 0.000000 0.000000 0.000000 1.000000
155.564000 0.000000 0.000000 0.000000 0.000000 0.000000 0.000000 1.000000
155.632000 0.000000 0.000000 0.000000 0.000000 0.000000 0.000000 1.000000
155.696000 0.000000 0.000000 0.000000 0.000000 0.000000 0.000000 1.000000
155.764000 0.000000 0.000000 0.000000 0.000000 0.000000 0.000000 1.000000
155.828000 0.000000 0.000000 0.000000 0.000000 0.000000 0.000000 1.000000
155.896000 0.000000 0.000000 0.000000 0.000000 0.000000 0.000000 1.000000
155.960000 0.000000 0.000000 0.000000 0.000000 0.000000 0.000000 1.000000
156.028000 0.000000 0.000000 0.000000 0.000000 0.000000 0.000000 1.000000
156.092000 0.000000 0.000000 0.000000 0.000000 0.000000 0.000000 1.000000
156.160000 0.000000 0.000000 0.000000 0.000000 0.000000 0.000000 1.000000
156.224000 0.000000 0.000000 0.000000 0.000000 0.000000 0.000000 1.000000
156.292000 0.000000 0.000000 0.000000 0.000000 0.000000 0.000000 1.000000
156.356000 0.000000 0.000000 0.000000 0.000000 0.000000 0.000000 1.000000
156.424000 0.000000 0.000000 0.000000 0.000000 0.000000 0.000000 1.000000
156.488000 0.000000 0.000000 0.000000 0.000000 0.000000 0.000000 1.000000
156.556000 0.000000 0.000000 0.000000 0.000000 0.000000 0.000000 1.000000
156.620000 0.000000 0.000000 0.000000 0.000000 0.000000 0.000000 1.000000
156.688000 0.000000 0.000000 0.000000 0.000000 0.000000 0.000000 1.000000
156.752000 0.000000 0.000000 0.000000 0.000000 0.000000 0.000000 1.000000
156.820000 0.000000 0.000000 0.000000 0.000000 0.000000 0.000000 1.000000
156.884000 0.000000 0.000000 0.000000 0.000000 0.000000 0.000000 1.000000
156.952000 0.000000 0.000000 0.000000 0.000000 0.000000 0.000000 1.000000
157.016000 0.000000 0.000000 0.000000 0.000000 0.000000 0.000000 1.000000
157.084000 0.000000 0.000000 0.000000 0.000000 0.000000 0.000000 1.000000
157.148000 0.000000 0.000000 0.000000 0.000000 0.000000 0.000000 1.000000
157.216000 0.000000 0.000000 0.000000 0.000000 0.000000 0.000000 1.000000
157.280000 0.000000 0.000000 0.000000 0.000000 0.000000 0.000000 1.000000
157.348000 0.000000 0.000000 0.000000 0.000000 0.000000 0.000000 1.000000
157.412000 0.000000 0.000000 0.000000 0.000000 0.000000 0.000000 1.000000
157.480000 0.000000 0.000000 0.000000 0.000000 0.000000 0.000000 1.000000
157.544000 0.000000 0.000000 0.000000 0.000000 0.000000 0.000000 1.000000
157.612000 0.000000 0.000000 0.000000 0.000000 0.000000 0.000000 1.000000
157.676000 0.000000 0.000000 0.000000 0.000000 0.000000 0.000000 1.000000
157.744000 0.000000 0.000000 0.000000 0.000000 0.000000 0.000000 1.000000
157.808000 0.000000 0.000000 0.000000 0.000000 0.000000 0.000000 1.000000
157.876000 0.000000 0.000000 0.000000 0.000000 0.000000 0.000000 1.000000
157.940000 0.000000 0.000000 0.000000 0.000000 0.000000 0.000000 1.000000
158.008000 0.000000 0.000000 0.000000 0.000000 0.000000 0.000000 1.000000
158.072000 0.000000 0.000000 0.000000 0.000000 0.000000 0.000000 1.000000
158.140000 0.000000 0.000000 0.000000 0.000000 0.000000 0.000000 1.000000
158.204000 0.000000 0.000000 0.000000 0.000000 0.000000 0.000000 1.000000
158.272000 0.000000 0.000000 0.000000 0.000000 0.000000 0.000000 1.000000
158.336000 0.000000 0.000000 0.000000 0.000000 0.000000 0.000000 1.000000
158.404000 0.000000 0.000000 0.000000 0.000000 0.000000 0.000000 1.000000
158.468000 0.000000 0.000000 0.000000 0.000000 0.000000 0.000000 1.000000
158.536000 0.000000 0.000000 0.000000 0.000000 0.000000 0.000000 1.000000
158.600000 0.000000 0.000000 0.000000 0.000000 0.000000 0.000000 1.000000
158.668000 0.000000 0.000000 0.000000 0.000000 0.000000 0.000000 1.000000
158.732000 0.000000 0.000000 0.000000 0.000000 0.000000 0.000000 1.000000
158.800000 0.000000 0.000000 0.000000 0.000000 0.000000 0.000000 1.000000
158.864000 0.000000 0.000000 0.000000 0.000000 0.000000 0.000000 1.000000
158.932000 0.000000 0.000000 0.000000 0.000000 0.000000 0.000000 1.000000
158.996000 0.000000 0.000000 0.000000 0.000000 0.000000 0.000000 1.000000
159.064000 0.000000 0.000000 0.000000 0.000000 0.000000 0.000000 1.000000
159.128000 0.000000 0.000000 0.000000 0.000000 0.000000 0.000000 1.000000
159.196000 0.000000 0.000000 0.000000 0.000000 0.000000 0.000000 1.000000
159.260000 0.000000 0.000000 0.000000 0.000000 0.000000 0.000000 1.000000
159.328000 0.000000 0.000000 0.000000 0.000000 0.000000 0.000000 1.000000
159.392000 0.000000 0.000000 0.000000 0.000000 0.000000 0.000000 1.000000
159.460000 0.000000 0.000000 0.000000 0.000000 0.000000 0.000000 1.000000
159.524000 0.000000 0.000000 0.000000 0.000000 0.000000 0.000000 1.000000
159.592000 0.000000 0.000000 0.000000 0.000000 0.000000 0.000000 1.000000
159.656000 0.000000 0.000000 0.000000 0.000000 0.000000 0.000000 1.000000
159.724000 0.000000 0.000000 0.000000 0.000000 0.000000 0.000000 1.000000
159.788000 0.000000 0.000000 0.000000 0.000000 0.000000 0.000000 1.000000
159.856000 0.000000 0.000000 0.000000 0.000000 0.000000 0.000000 1.000000
159.920000 0.000000 0.000000 0.000000 0.000000 0.000000 0.000000 1.000000
159.988000 0.000000 0.000000 0.000000 0.000000 0.000000 0.000000 1.000000
160.052000 0.000000 0.000000 0.000000 0.000000 0.000000 0.000000 1.000000
160.120000 0.000000 0.000000 0.000000 0.000000 0.000000 0.000000 1.000000
160.184000 0.000000 0.000000 0.000000 0.000000 0.000000 0.000000 1.000000
160.252000 0.000000 0.000000 0.000000 0.000000 0.000000 0.000000 1.000000
160.316000 0.000000 0.000000 0.000000 0.000000 0.000000 0.000000 1.000000
160.384000 0.000000 0.000000 0.000000 0.000000 0.000000 0.000000 1.000000
160.448000 0.000000 0.000000 0.000000 0.000000 0.000000 0.000000 1.000000
160.516000 0.000000 0.000000 0.000000 0.000000 0.000000 0.000000 1.000000
160.580000 0.000000 0.000000 0.000000 0.000000 0.000000 0.000000 1.000000
160.648000 0.000000 0.000000 0.000000 0.000000 0.000000 0.000000 1.000000
160.712000 0.000000 0.000000 0.000000 0.000000 0.000000 0.000000 1.000000
160.780000 0.000000 0.000000 0.000000 0.000000 0.000000 0.000000 1.000000
160.844000 0.000000 0.000000 0.000000 0.000000 0.000000 0.000000 1.000000
160.912000 0.000000 0.000000 0.000000 0.000000 0.000000 0.000000 1.000000
160.976000 0.000000 0.000000 0.000000 0.000000 0.000000 0.000000 1.000000
161.044000 0.000000 0.000000 0.000000 0.000000 0.000000 0.000000 1.000000
161.108000 0.000000 0.000000 0.000000 0.000000 0.000000 0.000000 1.000000
161.176000 0.000000 0.000000 0.000000 0.000000 0.000000 0.000000 1.000000
161.240000 0.000000 0.000000 0.000000 0.000000 0.000000 0.000000 1.000000
161.308000 0.000000 0.000000 0.000000 0.000000 0.000000 0.000000 1.000000
161.372000 0.000000 0.000000 0.000000 0.000000 0.000000 0.000000 1.000000
161.440000 0.000000 0.000000 0.000000 0.000000 0.000000 0.000000 1.000000
161.504000 0.000000 0.000000 0.000000 0.000000 0.000000 0.000000 1.000000
161.572000 0.000000 0.000000 0.000000 0.000000 0.000000 0.000000 1.000000
161.636000 0.000000 0.000000 0.000000 0.000000 0.000000 0.000000 1.000000
161.704000 0.000000 0.000000 0.000000 0.000000 0.000000 0.000000 1.000000
161.768000 0.000000 0.000000 0.000000 0.000000 0.000000 0.000000 1.000000
161.836000 0.000000 0.000000 0.000000 0.000000 0.000000 0.000000 1.000000
161.900000 0.000000 0.000000 0.000000 0.000000 0.000000 0.000000 1.000000
161.968000 0.000000 0.000000 0.000000 0.000000 0.000000 0.000000 1.000000
162.032000 0.000000 0.000000 0.000000 0.000000 0.000000 0.000000 1.000000
162.100000 0.000000 0.000000 0.000000 0.000000 0.000000 0.000000 1.000000
162.164000 0.000000 0.000000 0.000000 0.000000 0.000000 0.000000 1.000000
162.232000 0.000000 0.000000 0.000000 0.000000 0.000000 0.000000 1.000000
162.296000 0.000000 0.000000 0.000000 0.000000 0.000000 0.000000 1.000000
162.364000 0.000000 0.000000 0.000000 0.000000 0.000000 0.000000 1.000000
162.428000 0.000000 0.000000 0.000000 0.000000 0.000000 0.000000 1.000000
162.496000 0.000000 0.000000 0.000000 0.000000 0.000000 0.000000 1.000000
162.560000 0.000000 0.000000 0.000000 0.000000 0.000000 0.000000 1.000000
162.628000 0.000000 0.000000 0.000000 0.000000 0.000000 0.000000 1.000000
162.692000 0.000000 0.000000 0.000000 0.000000 0.000000 0.000000 1.000000
162.760000 0.000000 0.000000 0.000000 0.000000 0.000000 0.000000 1.000000
162.824000 0.000000 0.000000 0.000000 0.000000 0.000000 0.000000 1.000000
162.892000 0.000000 0.000000 0.000000 0.000000 0.000000 0.000000 1.000000
162.956000 0.000000 0.000000 0.000000 0.000000 0.000000 0.000000 1.000000
163.024000 0.000000 0.000000 0.000000 0.000000 0.000000 0.000000 1.000000
163.088000 0.000000 0.000000 0.000000 0.000000 0.000000 0.000000 1.000000
163.156000 0.000000 0.000000 0.000000 0.000000 0.000000 0.000000 1.000000
163.220000 0.000000 0.000000 0.000000 0.000000 0.000000 0.000000 1.000000
163.288000 0.000000 0.000000 0.000000 0.000000 0.000000 0.000000 1.000000
163.352000 0.000000 0.000000 0.000000 0.000000 0.000000 0.000000 1.000000
163.420000 0.000000 0.000000 0.000000 0.000000 0.000000 0.000000 1.000000
163.484000 0.000000 0.000000 0.000000 0.000000 0.000000 0.000000 1.000000
163.552000 0.000000 0.000000 0.000000 0.000000 0.000000 0.000000 1.000000
163.616000 0.000000 0.000000 0.000000 0.000000 0.000000 0.000000 1.000000
163.684000 0.000000 0.000000 0.000000 0.000000 0.000000 0.000000 1.000000
163.748000 0.000000 0.000000 0.000000 0.000000 0.000000 0.000000 1.000000
163.816000 0.000000 0.000000 0.000000 0.000000 0.000000 0.000000 1.000000
163.880000 0.000000 0.000000 0.000000 0.000000 0.000000 0.000000 1.000000
163.948000 0.000000 0.000000 0.000000 0.000000 0.000000 0.000000 1.000000
164.012000 0.000000 0.000000 0.000000 0.000000 0.000000 0.000000 1.000000
164.080000 0.000000 0.000000 0.000000 0.000000 0.000000 0.000000 1.000000
164.144000 0.000000 0.000000 0.000000 0.000000 0.000000 0.000000 1.000000
164.212000 0.000000 0.000000 0.000000 0.000000 0.000000 0.000000 1.000000
164.276000 0.000000 0.000000 0.000000 0.000000 0.000000 0.000000 1.000000
164.344000 0.000000 0.000000 0.000000 0.000000 0.000000 0.000000 1.000000
164.408000 0.000000 0.000000 0.000000 0.000000 0.000000 0.000000 1.000000
164.476000 0.000000 0.000000 0.000000 0.000000 0.000000 0.000000 1.000000
164.540000 0.000000 0.000000 0.000000 0.000000 0.000000 0.000000 1.000000
164.608000 0.000000 0.000000 0.000000 0.000000 0.000000 0.000000 1.000000
164.672000 0.000000 0.000000 0.000000 0.000000 0.000000 0.000000 1.000000
164.740000 0.000000 0.000000 0.000000 0.000000 0.000000 0.000000 1.000000
164.804000 0.000000 0.000000 0.000000 0.000000 0.000000 0.000000 1.000000
164.872000 0.000000 0.000000 0.000000 0.000000 0.000000 0.000000 1.000000
164.936000 0.000000 0.000000 0.000000 0.000000 0.000000 0.000000 1.000000
165.004000 0.000000 0.000000 0.000000 0.000000 0.000000 0.000000 1.000000
165.068000 0.000000 0.000000 0.000000 0.000000 0.000000 0.000000 1.000000
165.136000 0.000000 0.000000 0.000000 0.000000 0.000000 0.000000 1.000000
165.200000 0.000000 0.000000 0.000000 0.000000 0.000000 0.000000 1.000000
165.268000 0.000000 0.000000 0.000000 0.000000 0.000000 0.000000 1.000000
165.332000 0.000000 0.000000 0.000000 0.000000 0.000000 0.000000 1.000000
165.400000 0.000000 0.000000 0.000000 0.000000 0.000000 0.000000 1.000000
165.464000 0.000000 0.000000 0.000000 0.000000 0.000000 0.000000 1.000000
165.532000 0.000000 0.000000 0.000000 0.000000 0.000000 0.000000 1.000000
165.596000 0.000000 0.000000 0.000000 0.000000 0.000000 0.000000 1.000000
165.664000 0.000000 0.000000 0.000000 0.000000 0.000000 0.000000 1.000000
165.728000 0.000000 0.000000 0.000000 0.000000 0.000000 0.000000 1.000000
165.796000 0.000000 0.000000 0.000000 0.000000 0.000000 0.000000 1.000000
165.860000 0.000000 0.000000 0.000000 0.000000 0.000000 0.000000 1.000000
165.928000 0.000000 0.000000 0.000000 0.000000 0.000000 0.000000 1.000000
165.992000 0.000000 0.000000 0.000000 0.000000 0.000000 0.000000 1.000000
166.060000 0.000000 0.000000 0.000000 0.000000 0.000000 0.000000 1.000000
166.124000 0.000000 0.000000 0.000000 0.000000 0.000000 0.000000 1.000000
166.192000 0.000000 0.000000 0.000000 0.000000 0.000000 0.000000 1.000000
166.256000 0.000000 0.000000 0.000000 0.000000 0.000000 0.000000 1.000000
166.324000 0.000000 0.000000 0.000000 0.000000 0.000000 0.000000 1.000000
166.388000 0.000000 0.000000 0.000000 0.000000 0.000000 0.000000 1.000000
166.456000 0.000000 0.000000 0.000000 0.000000 0.000000 0.000000 1.000000
166.520000 0.000000 0.000000 0.000000 0.000000 0.000000 0.000000 1.000000
166.588000 0.000000 0.000000 0.000000 0.000000 0.000000 0.000000 1.000000
166.652000 0.000000 0.000000 0.000000 0.000000 0.000000 0.000000 1.000000
166.720000 0.000000 0.000000 0.000000 0.000000 0.000000 0.000000 1.000000
166.784000 0.000000 0.000000 0.000000 0.000000 0.000000 0.000000 1.000000
166.852000 0.000000 0.000000 0.000000 0.000000 0.000000 0.000000 1.000000
166.916000 0.000000 0.000000 0.000000 0.000000 0.000000 0.000000 1.000000
166.984000 0.000000 0.000000 0.000000 0.000000 0.000000 0.000000 1.000000
167.048000 0.000000 0.000000 0.000000 0.000000 0.000000 0.000000 1.000000
167.116000 0.000000 0.000000 0.000000 0.000000 0.000000 0.000000 1.000000
167.180000 0.000000 0.000000 0.000000 0.000000 0.000000 0.000000 1.000000
167.248000 0.000000 0.000000 0.000000 0.000000 0.000000 0.000000 1.000000
167.312000 0.000000 0.000000 0.000000 0.000000 0.000000 0.000000 1.000000
167.380000 0.000000 0.000000 0.000000 0.000000 0.000000 0.000000 1.000000
167.444000 0.000000 0.000000 0.000000 0.000000 0.000000 0.000000 1.000000
167.512000 0.000000 0.000000 0.000000 0.000000 0.000000 0.000000 1.000000
167.576000 0.000000 0.000000 0.000000 0.000000 0.000000 0.000000 1.000000
167.644000 0.000000 0.000000 0.000000 0.000000 0.000000 0.000000 1.000000
167.708000 0.000000 0.000000 0.000000 0.000000 0.000000 0.000000 1.000000
167.776000 0.000000 0.000000 0.000000 0.000000 0.000000 0.000000 1.000000
167.840000 0.000000 0.000000 0.000000 0.000000 0.000000 0.000000 1.000000
167.908000 0.000000 0.000000 0.000000 0.000000 0.000000 0.000000 1.000000
167.972000 0.000000 0.000000 0.000000 0.000000 0.000000 0.000000 1.000000
168.040000 0.000000 0.000000 0.000000 0.000000 0.000000 0.000000 1.000000
168.104000 0.000000 0.000000 0.000000 0.000000 0.000000 0.000000 1.000000
168.172000 0.000000 0.000000 0.000000 0.000000 0.000000 0.000000 1.000000
168.236000 0.000000 0.000000 0.000000 0.000000 0.000000 0.000000 1.000000
168.304000 0.000000 0.000000 0.000000 0.000000 0.000000 0.000000 1.000000
168.368000 0.000000 0.000000 0.000000 0.000000 0.000000 0.000000 1.000000
168.436000 0.000000 0.000000 0.000000 0.000000 0.000000 0.000000 1.000000
168.500000 0.000000 0.000000 0.000000 0.000000 0.000000 0.000000 1.000000
168.568000 0.000000 0.000000 0.000000 0.000000 0.000000 0.000000 1.000000
168.632000 0.001757 0.000310 0.000000 0.000000 0.000000 -0.000253 1.000000
168.700000 0.005064 -0.000169 0.000000 0.000000 0.000000 0.000441 1.000000
168.764000 -0.026751 0.002024 0.000000 0.000000 0.000000 0.000333 1.000000
168.832000 -0.060109 -0.001079 0.000000 0.000000 0.000000 0.000481 1.000000
168.896000 -0.090204 -0.011894 0.000000 0.000000 0.000000 0.001733 0.999998
168.964000 -0.123010 -0.016376 0.000000 0.000000 0.000000 0.002565 0.999997
169.028000 -0.154289 -0.019287 0.000000 0.000000 0.000000 0.002692 0.999996
169.096000 -0.168721 -0.018381 0.000000 0.000000 0.000000 0.002471 0.999997
169.160000 -0.199750 -0.023983 0.000000 0.000000 0.000000 0.003239 0.999995
169.228000 -0.232908 -0.019627 0.000000 0.000000 0.000000 0.002678 0.999996
169.292000 -0.264023 -0.024331 0.000000 0.000000 0.000000 0.003318 0.999994
169.360000 -0.297072 -0.030050 0.000000 0.000000 0.000000 0.003887 0.999992
169.424000 -0.328059 -0.035212 0.000000 0.000000 0.000000 0.004475 0.999990
169.492000 -0.361447 -0.035556 0.000000 0.000000 0.000000 0.004543 0.999990
169.556000 -0.392885 -0.032102 0.000000 0.000000 0.000000 0.004005 0.999992
169.624000 -0.425474 -0.037963 0.000000 0.000000 0.000000 0.004438 0.999990
169.688000 -0.454494 -0.050749 0.000000 0.000000 0.000000 0.006041 0.999982
169.756000 -0.487218 -0.045808 0.000000 0.000000 0.000000 0.005667 0.999984
169.820000 -0.518077 -0.052884 0.000000 0.000000 0.000000 0.006216 0.999981
169.888000 -0.550792 -0.060218 0.000000 0.000000 0.000000 0.007031 0.999975
169.952000 -0.582436 -0.063428 0.000000 0.000000 0.000000 0.007746 0.999970
170.020000 -0.585397 -0.065548 0.000000 0.000000 0.000000 0.011818 0.999930
170.084000 -0.585397 -0.065548 0.000000 0.000000 0.000000 0.054723 0.998502
170.152000 -0.585397 -0.065548 0.000000 0.000000 0.000000 0.101882 0.994796
170.216000 -0.585397 -0.065548 0.000000 0.000000 0.000000 0.146981 0.989139
170.284000 -0.585397 -0.065548 0.000000 0.000000 0.000000 0.202854 0.979209
170.348000 -0.585397 -0.065548 0.000000 0.000000 0.000000 0.254525 0.967066
170.416000 -0.585397 -0.065548 0.000000 0.000000 0.000000 0.312236 0.950005
170.480000 -0.585397 -0.065548 0.000000 0.000000 0.000000 0.363249 0.931692
170.548000 -0.585397 -0.065548 0.000000 0.000000 0.000000 0.417664 0.908602
170.612000 -0.585397 -0.065548 0.000000 0.000000 0.000000 0.469605 0.882877
170.680000 -0.585397 -0.065548 0.000000 0.000000 0.000000 0.519366 0.854552
170.744000 -0.577594 -0.069124 0.000000 0.000000 0.000000 0.546602 0.837393
170.812000 -0.572666 -0.066478 0.000000 0.000000 0.000000 0.552491 0.833519
170.876000 -0.587842 -0.094562 0.000000 0.000000 0.000000 0.552569 0.833467
170.944000 -0.601194 -0.124887 0.000000 0.000000 0.000000 0.552459 0.833540
171.008000 -0.608823 -0.154957 0.000000 0.000000 0.000000 0.553107 0.833110
171.076000 -0.627101 -0.182646 0.000000 0.000000 0.000000 0.552566 0.833469
171.140000 -0.633883 -0.212951 0.000000 0.000000 0.000000 0.553171 0.833068
171.208000 -0.642037 -0.245697 0.000000 0.000000 0.000000 0.553769 0.832670
171.272000 -0.650726 -0.275906 0.000000 0.000000 0.000000 0.553909 0.832577
171.340000 -0.663497 -0.306611 0.000000 0.000000 0.000000 0.553627 0.832765
171.404000 -0.669171 -0.337529 0.000000 0.000000 0.000000 0.554163 0.832408
171.472000 -0.676969 -0.369983 0.000000 0.000000 0.000000 0.554723 0.832035
171.536000 -0.684167 -0.400432 0.000000 0.000000 0.000000 0.555642 0.831422
171.604000 -0.696955 -0.431229 0.000000 0.000000 0.000000 0.555689 0.831390
171.668000 -0.716141 -0.455957 0.000000 0.000000 0.000000 0.554575 0.832134
171.736000 -0.710254 -0.422531 0.000000 0.000000 0.000000 0.555093 0.831788
171.800000 -0.719959 -0.452302 0.000000 0.000000 0.000000 0.555702 0.831381
171.868000 -0.733902 -0.482316 0.000000 0.000000 0.000000 0.555694 0.831387
171.932000 -0.755203 -0.504886 0.000000 0.000000 0.000000 0.554710 0.832044
172.000000 -0.764869 -0.537174 0.000000 0.000000 0.000000 0.555227 0.831699
172.064000 -0.770913 -0.568511 0.000000 0.000000 0.000000 0.555512 0.831508
172.132000 -0.778005 -0.601409 0.000000 0.000000 0.000000 0.556101 0.831114
172.196000 -0.790185 -0.630631 0.000000 0.000000 0.000000 0.556026 0.831165
172.264000 -0.796721 -0.663628 0.000000 0.000000 0.000000 0.556841 0.830619
172.328000 -0.803215 -0.694927 0.000000 0.000000 0.000000 0.557395 0.830247
172.396000 -0.811065 -0.727764 0.000000 0.000000 0.000000 0.557893 0.829913
172.460000 -0.824855 -0.756309 0.000000 0.000000 0.000000 0.557305 0.830308
172.528000 -0.830843 -0.789196 0.000000 0.000000 0.000000 0.557885 0.829919
172.592000 -0.824734 -0.758167 0.000000 0.000000 0.000000 0.558850 0.829269
172.660000 -0.847061 -0.782649 0.000000 0.000000 0.000000 0.557643 0.830081
172.724000 -0.858012 -0.811887 0.000000 0.000000 0.000000 0.557552 0.830142
172.792000 -0.841163 -0.783358 0.000000 0.000000 0.000000 0.556525 0.830831
172.856000 -0.862911 -0.806055 0.000000 0.000000 0.000000 0.555280 0.831663
172.924000 -0.868993 -0.839390 0.000000 0.000000 0.000000 0.556190 0.831055
172.988000 -0.874216 -0.870588 0.000000 0.000000 0.000000 0.556874 0.830597
173.056000 -0.893269 -0.898602 0.000000 0.000000 0.000000 0.555923 0.831233
173.120000 -0.915923 -0.920332 0.000000 0.000000 0.000000 0.554575 0.832134
173.188000 -0.942288 -0.940749 0.000000 0.000000 0.000000 0.552587 0.833455
173.252000 -0.924734 -0.914574 0.000000 0.000000 0.000000 0.551588 0.834116
173.320000 -0.954287 -0.930170 0.000000 0.000000 0.000000 0.549540 0.835468
173.384000 -0.966061 -0.959142 0.000000 0.000000 0.000000 0.549595 0.835431
173.452000 -0.948944 -0.930858 0.000000 0.000000 0.000000 0.548640 0.836059
173.516000 -0.970548 -0.953445 0.000000 0.000000 0.000000 0.547396 0.836874
173.584000 -0.989949 -0.980698 0.000000 0.000000 0.000000 0.546099 0.837721
173.648000 -1.010275 -1.004596 0.000000 0.000000 0.000000 0.545178 0.838320
173.716000 -1.034157 -1.027436 0.000000 0.000000 0.000000 0.543942 0.839123
173.780000 -1.062601 -1.041021 0.000000 0.000000 0.000000 0.541641 0.840610
173.848000 -1.080205 -1.069569 0.000000 0.000000 0.000000 0.541674 0.840589
173.912000 -1.102132 -1.092223 0.000000 0.000000 0.000000 0.540177 0.841552
173.980000 -1.123238 -1.117819 0.000000 0.000000 0.000000 0.539095 0.842245
174.044000 -1.142636 -1.142474 0.000000 0.000000 0.000000 0.538071 0.842899
174.112000 -1.155696 -1.173349 0.000000 0.000000 0.000000 0.528372 0.849013
174.176000 -1.185867 -1.162850 0.000000 0.000000 0.000000 0.483971 0.875084
174.244000 -1.216741 -1.148864 0.000000 0.000000 0.000000 0.440546 0.897730
174.308000 -1.233336 -1.176060 0.000000 0.000000 0.000000 0.420186 0.907438
174.376000 -1.253087 -1.203665 0.000000 0.000000 0.000000 0.398097 0.917343
174.440000 -1.276754 -1.182701 0.000000 0.000000 0.000000 0.354126 0.935198
174.508000 -1.302367 -1.160417 0.000000 0.000000 0.000000 0.306796 0.951775
174.572000 -1.322704 -1.135942 0.000000 0.000000 0.000000 0.268806 0.963194
174.640000 -1.353930 -1.149039 0.000000 0.000000 0.000000 0.260956 0.965351
174.704000 -1.380681 -1.165069 0.000000 0.000000 0.000000 0.260889 0.965369
174.772000 -1.403403 -1.189326 0.000000 0.000000 0.000000 0.261551 0.965190
174.836000 -1.413404 -1.200523 0.000000 0.000000 0.000000 0.262675 0.964884
174.904000 -1.413404 -1.200523 0.000000 0.000000 0.000000 0.262675 0.964884
174.968000 -1.426695 -1.211245 0.000000 0.000000 0.000000 0.262852 0.964836
175.036000 -1.455764 -1.225025 0.000000 0.000000 0.000000 0.262153 0.965026
175.100000 -1.477919 -1.248114 0.000000 0.000000 0.000000 0.262595 0.964906
175.168000 -1.500569 -1.273464 0.000000 0.000000 0.000000 0.263449 0.964673
175.232000 -1.522522 -1.296745 0.000000 0.000000 0.000000 0.264308 0.964438
175.300000 -1.546695 -1.319851 0.000000 0.000000 0.000000 0.265231 0.964185
175.364000 -1.570882 -1.299618 0.000000 0.000000 0.000000 0.243587 0.969879
175.432000 -1.545080 -1.277711 0.000000 0.000000 0.000000 0.219159 0.975689
175.496000 -1.570861 -1.295557 0.000000 0.000000 0.000000 0.195449 0.980714
175.564000 -1.599618 -1.313486 0.000000 0.000000 0.000000 0.169983 0.985447
175.628000 -1.628984 -1.323702 0.000000 0.000000 0.000000 0.160527 0.987031
175.696000 -1.660725 -1.333490 0.000000 0.000000 0.000000 0.160494 0.987037
175.760000 -1.688112 -1.348020 0.000000 0.000000 0.000000 0.160957 0.986961
175.828000 -1.719390 -1.359632 0.000000 0.000000 0.000000 0.161016 0.986952
175.892000 -1.749160 -1.369762 0.000000 0.000000 0.000000 0.161024 0.986950
175.960000 -1.780516 -1.380966 0.000000 0.000000 0.000000 0.165888 0.986145
176.024000 -1.805805 -1.380692 0.000000 0.000000 0.000000 0.188146 0.982141
176.092000 -1.801641 -1.397065 0.000000 0.000000 0.000000 0.221731 0.975108
176.156000 -1.829657 -1.412437 0.000000 0.000000 0.000000 0.245179 0.969478
176.224000 -1.857360 -1.431331 0.000000 0.000000 0.000000 0.270425 0.962741
176.288000 -1.882020 -1.450439 0.000000 0.000000 0.000000 0.293777 0.955874
176.356000 -1.910774 -1.468535 0.000000 0.000000 0.000000 0.317504 0.948257
176.420000 -1.891062 -1.493723 0.000000 0.000000 0.000000 0.364355 0.931260
176.488000 -1.874917 -1.523637 0.000000 0.000000 0.000000 0.405927 0.913906
176.552000 -1.895121 -1.547799 0.000000 0.000000 0.000000 0.409116 0.912482
176.620000 -1.917854 -1.572720 0.000000 0.000000 0.000000 0.408646 0.912693
176.684000 -1.939816 -1.595474 0.000000 0.000000 0.000000 0.408720 0.912660
176.752000 -1.961638 -1.620614 0.000000 0.000000 0.000000 0.408692 0.912672
176.816000 -1.983226 -1.643785 0.000000 0.000000 0.000000 0.408428 0.912791
176.884000 -2.005896 -1.668723 0.000000 0.000000 0.000000 0.405367 0.914154
176.948000 -2.031517 -1.649578 0.000000 0.000000 0.000000 0.351504 0.936186
177.016000 -2.052613 -1.675846 0.000000 0.000000 0.000000 0.328615 0.944464
177.080000 -2.073362 -1.652156 0.000000 0.000000 0.000000 0.283200 0.959061
177.148000 -2.093425 -1.624792 0.000000 0.000000 0.000000 0.229631 0.973278
177.212000 -2.069600 -1.603760 0.000000 0.000000 0.000000 0.205688 0.978618
177.280000 -2.101254 -1.616137 0.000000 0.000000 0.000000 0.180876 0.983506
177.344000 -2.130146 -1.628460 0.000000 0.000000 0.000000 0.157560 0.987509
177.412000 -2.161533 -1.640524 0.000000 0.000000 0.000000 0.155791 0.987790
177.476000 -2.191197 -1.650291 0.000000 0.000000 0.000000 0.155837 0.987783
177.544000 -2.223656 -1.659592 0.000000 0.000000 0.000000 0.155653 0.987812
177.608000 -2.253666 -1.668494 0.000000 0.000000 0.000000 0.155653 0.987812
177.676000 -2.220885 -1.661711 0.000000 0.000000 0.000000 0.155339 0.987861
177.740000 -2.247667 -1.677773 0.000000 0.000000 0.000000 0.155758 0.987795
177.808000 -2.278893 -1.688362 0.000000 0.000000 0.000000 0.155766 0.987794
177.872000 -2.308284 -1.700153 0.000000 0.000000 0.000000 0.156119 0.987738
177.940000 -2.340603 -1.709754 0.000000 0.000000 0.000000 0.156060 0.987748
178.004000 -2.370389 -1.719991 0.000000 0.000000 0.000000 0.156457 0.987685
178.072000 -2.401181 -1.732675 0.000000 0.000000 0.000000 0.156866 0.987620
178.136000 -2.429470 -1.746711 0.000000 0.000000 0.000000 0.157000 0.987599
178.204000 -2.461218 -1.756970 0.000000 0.000000 0.000000 0.156941 0.987608
178.268000 -2.489868 -1.769639 0.000000 0.000000 0.000000 0.156954 0.987606
178.336000 -2.518536 -1.786015 0.000000 0.000000 0.000000 0.157537 0.987513
178.400000 -2.548302 -1.796017 0.000000 0.000000 0.000000 0.157548 0.987511
178.468000 -2.580250 -1.806518 0.000000 0.000000 0.000000 0.157548 0.987511
178.532000 -2.609873 -1.816422 0.000000 0.000000 0.000000 0.157581 0.987506
178.600000 -2.642090 -1.825622 0.000000 0.000000 0.000000 0.157581 0.987506
178.664000 -2.672372 -1.833966 0.000000 0.000000 0.000000 0.157607 0.987502
178.732000 -2.702164 -1.848550 0.000000 0.000000 0.000000 0.158026 0.987435
178.796000 -2.732243 -1.857660 0.000000 0.000000 0.000000 0.157781 0.987474
178.864000 -2.763662 -1.866259 0.000000 0.000000 0.000000 0.157537 0.987513
178.928000 -2.794002 -1.875238 0.000000 0.000000 0.000000 0.157562 0.987509
178.996000 -2.825725 -1.885124 0.000000 0.000000 0.000000 0.157657 0.987494
179.060000 -2.855859 -1.891999 0.000000 0.000000 0.000000 0.157372 0.987539
179.128000 -2.887118 -1.902240 0.000000 0.000000 0.000000 0.157382 0.987538
179.192000 -2.917204 -1.911687 0.000000 0.000000 0.000000 0.157410 0.987533
179.260000 -2.948943 -1.922275 0.000000 0.000000 0.000000 0.157650 0.987495
179.324000 -2.979175 -1.930913 0.000000 0.000000 0.000000 0.157650 0.987495
179.392000 -3.010653 -1.940562 0.000000 0.000000 0.000000 0.157665 0.987493
179.456000 -3.039840 -1.951745 0.000000 0.000000 0.000000 0.157635 0.987497
179.524000 -3.072751 -1.957295 0.000000 0.000000 0.000000 0.157230 0.987562
179.588000 -3.101497 -1.969988 0.000000 0.000000 0.000000 0.157235 0.987561
179.656000 -3.133350 -1.978662 0.000000 0.000000 0.000000 0.157158 0.987574
179.720000 -3.162513 -1.990175 0.000000 0.000000 0.000000 0.157199 0.987567
179.788000 -3.194729 -1.997998 0.000000 0.000000 0.000000 0.156996 0.987599
179.852000 -3.221957 -2.012629 0.000000 0.000000 0.000000 0.166849 0.985983
179.920000 -3.212732 -2.044849 0.000000 0.000000 0.000000 0.218282 0.975886
179.984000 -3.202529 -2.075132 0.000000 0.000000 0.000000 0.262348 0.964973
180.052000 -3.187516 -2.105612 0.000000 0.000000 0.000000 0.314690 0.949195
180.116000 -3.170616 -2.132676 0.000000 0.000000 0.000000 0.358601 0.933491
180.184000 -3.151201 -2.160576 0.000000 0.000000 0.000000 0.403517 0.914972
180.248000 -3.173017 -2.183975 0.000000 0.000000 0.000000 0.425363 0.905023
180.316000 -3.149604 -2.208532 0.000000 0.000000 0.000000 0.473769 0.880649
180.380000 -3.126401 -2.229981 0.000000 0.000000 0.000000 0.511108 0.859517
180.448000 -3.149473 -2.254423 0.000000 0.000000 0.000000 0.509928 0.860217
180.512000 -3.168335 -2.279593 0.000000 0.000000 0.000000 0.509468 0.860490
180.580000 -3.190364 -2.304563 0.000000 0.000000 0.000000 0.508380 0.861133
180.644000 -3.177672 -2.275945 0.000000 0.000000 0.000000 0.508564 0.861024
180.712000 -3.198207 -2.301694 0.000000 0.000000 0.000000 0.508212 0.861232
180.776000 -3.215588 -2.328092 0.000000 0.000000 0.000000 0.507912 0.861409
180.844000 -3.228884 -2.358436 0.000000 0.000000 0.000000 0.508357 0.861146
180.908000 -3.253530 -2.377410 0.000000 0.000000 0.000000 0.506478 0.862253
180.976000 -3.268100 -2.407336 0.000000 0.000000 0.000000 0.506545 0.862214
181.040000 -3.275717 -2.437684 0.000000 0.000000 0.000000 0.507083 0.861897
181.108000 -3.290839 -2.467369 0.000000 0.000000 0.000000 0.507029 0.861929
181.172000 -3.279308 -2.438357 0.000000 0.000000 0.000000 0.507337 0.861748
181.240000 -3.291140 -2.470007 0.000000 0.000000 0.000000 0.507696 0.861536
181.304000 -3.305239 -2.497892 0.000000 0.000000 0.000000 0.508083 0.861308
181.372000 -3.324731 -2.524805 0.000000 0.000000 0.000000 0.507382 0.861721
181.436000 -3.340286 -2.551860 0.000000 0.000000 0.000000 0.507314 0.861761
181.504000 -3.306652 -2.548187 0.000000 0.000000 0.000000 0.503155 0.864196
181.568000 -3.293753 -2.519804 0.000000 0.000000 0.000000 0.503343 0.864087
181.636000 -3.327218 -2.518417 0.000000 0.000000 0.000000 0.496394 0.868098
181.700000 -3.351062 -2.538717 0.000000 0.000000 0.000000 0.494660 0.869086
181.768000 -3.380468 -2.554496 0.000000 0.000000 0.000000 0.492182 0.870492
181.832000 -3.412045 -2.557319 0.000000 0.000000 0.000000 0.487617 0.873058
181.900000 -3.442517 -2.570993 0.000000 0.000000 0.000000 0.484541 0.874769
181.964000 -3.469668 -2.586185 0.000000 0.000000 0.000000 0.482385 0.875960
182.032000 -3.485680 -2.615235 0.000000 0.000000 0.000000 0.482705 0.875783
182.096000 -3.504565 -2.640134 0.000000 0.000000 0.000000 0.482699 0.875786
182.164000 -3.521434 -2.668637 0.000000 0.000000 0.000000 0.482439 0.875929
182.228000 -3.548422 -2.684812 0.000000 0.000000 0.000000 0.480233 0.877141
182.296000 -3.581197 -2.691847 0.000000 0.000000 0.000000 0.475780 0.879564
182.360000 -3.609772 -2.704263 0.000000 0.000000 0.000000 0.472694 0.881227
182.428000 -3.629190 -2.731124 0.000000 0.000000 0.000000 0.472933 0.881098
182.492000 -3.645405 -2.758015 0.000000 0.000000 0.000000 0.473019 0.881052
182.560000 -3.661578 -2.786913 0.000000 0.000000 0.000000 0.473283 0.880910
182.624000 -3.677973 -2.813412 0.000000 0.000000 0.000000 0.473592 0.880744
182.692000 -3.683693 -2.845808 0.000000 0.000000 0.000000 0.474948 0.880014
182.756000 -3.670239 -2.817690 0.000000 0.000000 0.000000 0.475257 0.879847
182.824000 -3.688356 -2.846198 0.000000 0.000000 0.000000 0.475202 0.879877
182.888000 -3.699973 -2.875213 0.000000 0.000000 0.000000 0.475864 0.879519
182.956000 -3.717923 -2.903253 0.000000 0.000000 0.000000 0.475885 0.879508
183.020000 -3.733619 -2.930148 0.000000 0.000000 0.000000 0.475985 0.879453
183.088000 -3.751651 -2.958467 0.000000 0.000000 0.000000 0.476009 0.879441
183.152000 -3.768287 -2.985182 0.000000 0.000000 0.000000 0.475997 0.879447
183.220000 -3.785759 -3.013743 0.000000 0.000000 0.000000 0.476106 0.879388
183.284000 -3.802970 -3.040160 0.000000 0.000000 0.000000 0.476299 0.879284
183.352000 -3.822707 -3.067413 0.000000 0.000000 0.000000 0.475829 0.879538
183.416000 -3.841076 -3.092706 0.000000 0.000000 0.000000 0.475615 0.879654
183.484000 -3.823213 -3.121056 0.000000 0.000000 0.000000 0.481725 0.876322
183.548000 -3.823213 -3.121056 0.000000 0.000000 0.000000 0.481725 0.876322
183.616000 -3.840704 -3.149369 0.000000 0.000000 0.000000 0.481700 0.876336
183.680000 -3.828055 -3.178189 0.000000 0.000000 0.000000 0.485922 0.874002
183.748000 -3.839014 -3.146197 0.000000 0.000000 0.000000 0.489248 0.872145
183.812000 -3.865305 -3.163302 0.000000 0.000000 0.000000 0.487381 0.873189
183.880000 -3.849125 -3.134194 0.000000 0.000000 0.000000 0.487533 0.873105
183.944000 -3.833171 -3.107434 0.000000 0.000000 0.000000 0.487578 0.873079
184.012000 -3.838504 -3.140157 0.000000 0.000000 0.000000 0.489189 0.872178
184.076000 -3.843401 -3.170875 0.000000 0.000000 0.000000 0.490523 0.871428
184.144000 -3.875248 -3.180285 0.000000 0.000000 0.000000 0.487689 0.873018
184.208000 -3.857711 -3.206017 0.000000 0.000000 0.000000 0.492441 0.870346
184.276000 -3.853203 -3.239008 0.000000 0.000000 0.000000 0.495341 0.868699
184.340000 -3.878816 -3.258068 0.000000 0.000000 0.000000 0.493283 0.869869
184.408000 -3.897061 -3.286462 0.000000 0.000000 0.000000 0.493168 0.869934
184.472000 -3.924611 -3.301891 0.000000 0.000000 0.000000 0.490619 0.871374
184.540000 -3.935770 -3.333189 0.000000 0.000000 0.000000 0.491469 0.870895
184.604000 -3.936740 -3.364344 0.000000 0.000000 0.000000 0.493471 0.869762
184.672000 -3.967372 -3.376805 0.000000 0.000000 0.000000 0.490790 0.871278
184.736000 -3.962558 -3.407287 0.000000 0.000000 0.000000 0.493035 0.870009
184.804000 -3.981355 -3.434705 0.000000 0.000000 0.000000 0.492513 0.870305
184.868000 -3.999818 -3.460055 0.000000 0.000000 0.000000 0.492079 0.870551
184.936000 -4.000915 -3.493519 0.000000 0.000000 0.000000 0.494022 0.869449
185.000000 -4.031640 -3.501700 0.000000 0.000000 0.000000 0.489543 0.871979
185.068000 -4.051771 -3.528373 0.000000 0.000000 0.000000 0.489108 0.872223
185.132000 -4.064814 -3.556837 0.000000 0.000000 0.000000 0.489546 0.871977
185.200000 -4.089324 -3.579847 0.000000 0.000000 0.000000 0.488063 0.872809
185.264000 -4.106133 -3.606557 0.000000 0.000000 0.000000 0.488174 0.872746
185.332000 -4.126228 -3.633086 0.000000 0.000000 0.000000 0.487571 0.873083
185.396000 -4.143498 -3.659330 0.000000 0.000000 0.000000 0.487486 0.873131
185.464000 -4.157367 -3.689568 0.000000 0.000000 0.000000 0.487906 0.872896
185.528000 -4.176392 -3.714328 0.000000 0.000000 0.000000 0.487595 0.873070
185.596000 -4.196136 -3.741289 0.000000 0.000000 0.000000 0.487230 0.873273
185.660000 -4.223705 -3.756209 0.000000 0.000000 0.000000 0.484311 0.874896
185.728000 -4.245582 -3.781086 0.000000 0.000000 0.000000 0.483682 0.875244
185.792000 -4.262047 -3.808110 0.000000 0.000000 0.000000 0.483914 0.875116
185.860000 -4.294807 -3.816535 0.000000 0.000000 0.000000 0.477224 0.878782
185.924000 -4.310403 -3.843598 0.000000 0.000000 0.000000 0.477408 0.878682
185.992000 -4.330495 -3.869978 0.000000 0.000000 0.000000 0.476970 0.878919
186.056000 -4.347042 -3.896621 0.000000 0.000000 0.000000 0.476933 0.878940
186.124000 -4.366771 -3.923453 0.000000 0.000000 0.000000 0.476513 0.879168
186.188000 -4.386970 -3.947454 0.000000 0.000000 0.000000 0.476049 0.879419
186.256000 -4.404336 -3.976036 0.000000 0.000000 0.000000 0.476280 0.879293
186.320000 -4.420762 -4.002728 0.000000 0.000000 0.000000 0.476380 0.879239
186.388000 -4.439396 -4.030458 0.000000 0.000000 0.000000 0.476272 0.879298
186.452000 -4.455438 -4.057497 0.000000 0.000000 0.000000 0.476688 0.879073
186.520000 -4.470412 -4.086993 0.000000 0.000000 0.000000 0.477256 0.878764
186.584000 -4.491161 -4.111124 0.000000 0.000000 0.000000 0.476442 0.879206
186.652000 -4.509833 -4.138708 0.000000 0.000000 0.000000 0.476160 0.879359
186.716000 -4.526561 -4.165156 0.000000 0.000000 0.000000 0.476330 0.879266
186.784000 -4.548613 -4.190194 0.000000 0.000000 0.000000 0.475080 0.879942
186.848000 -4.567163 -4.215542 0.000000 0.000000 0.000000 0.474724 0.880135
186.916000 -4.587599 -4.241532 0.000000 0.000000 0.000000 0.473959 0.880547
186.980000 -4.601574 -4.269276 0.000000 0.000000 0.000000 0.474401 0.880309
187.048000 -4.622210 -4.295395 0.000000 0.000000 0.000000 0.473511 0.880788
187.112000 -4.638248 -4.322173 0.000000 0.000000 0.000000 0.473596 0.880742
187.180000 -4.653890 -4.352239 0.000000 0.000000 0.000000 0.457375 0.889274
187.244000 -4.674901 -4.376354 0.000000 0.000000 0.000000 0.436120 0.899889
187.312000 -4.695823 -4.403145 0.000000 0.000000 0.000000 0.413579 0.910468
187.376000 -4.723495 -4.387141 0.000000 0.000000 0.000000 0.366306 0.930494
187.444000 -4.750232 -4.367019 0.000000 0.000000 0.000000 0.313523 0.949581
187.508000 -4.775380 -4.386795 0.000000 0.000000 0.000000 0.289810 0.957084
187.576000 -4.795760 -4.362558 0.000000 0.000000 0.000000 0.227498 0.973779
187.640000 -4.812880 -4.335744 0.000000 0.000000 0.000000 0.179351 0.983785
187.708000 -4.829028 -4.306401 0.000000 0.000000 0.000000 0.115882 0.993263
187.772000 -4.842412 -4.278918 0.000000 0.000000 0.000000 0.069534 0.997580
187.840000 -4.852373 -4.246697 0.000000 0.000000 0.000000 0.016323 0.999867
187.904000 -4.857170 -4.215920 0.000000 0.000000 0.000000 -0.039884 0.999204
187.972000 -4.860291 -4.182816 0.000000 0.000000 0.000000 -0.091539 0.995801
188.036000 -4.891684 -4.176873 0.000000 0.000000 0.000000 -0.116078 0.993240
188.104000 -4.924896 -4.170069 0.000000 0.000000 0.000000 -0.141800 0.989895
188.168000 -4.955022 -4.159915 0.000000 0.000000 0.000000 -0.166669 0.986013
188.236000 -4.987499 -4.151055 0.000000 0.000000 0.000000 -0.192056 0.981384
188.300000 -5.017404 -4.139694 0.000000 0.000000 0.000000 -0.215988 0.976396
188.368000 -5.007045 -4.109438 0.000000 0.000000 0.000000 -0.274526 0.961580
188.432000 -5.036045 -4.096347 0.000000 0.000000 0.000000 -0.297646 0.954676
188.500000 -5.065164 -4.078849 0.000000 0.000000 0.000000 -0.322229 0.946662
188.564000 -5.092980 -4.063041 0.000000 0.000000 0.000000 -0.345120 0.938558
188.632000 -5.120970 -4.043771 0.000000 0.000000 0.000000 -0.369155 0.929368
188.696000 -5.145560 -4.023321 0.000000 0.000000 0.000000 -0.391999 0.919966
188.764000 -5.169745 -3.999732 0.000000 0.000000 0.000000 -0.415746 0.909481
188.828000 -5.192056 -3.976851 0.000000 0.000000 0.000000 -0.438079 0.898936
188.896000 -5.167651 -3.953441 0.000000 0.000000 0.000000 -0.485488 0.874243
188.960000 -5.145134 -3.931963 0.000000 0.000000 0.000000 -0.541136 0.840935
189.028000 -5.115361 -3.915567 0.000000 0.000000 0.000000 -0.598322 0.801256
189.092000 -5.127015 -3.886042 0.000000 0.000000 0.000000 -0.611205 0.791473
189.160000 -5.112240 -3.855871 0.000000 0.000000 0.000000 -0.614892 0.788612
189.224000 -5.100820 -3.825981 0.000000 0.000000 0.000000 -0.617579 0.786509
189.292000 -5.086210 -3.795506 0.000000 0.000000 0.000000 -0.621510 0.783406
189.356000 -5.099076 -3.767010 0.000000 0.000000 0.000000 -0.621135 0.783704
189.424000 -5.132126 -3.759311 0.000000 0.000000 0.000000 -0.616182 0.787604
189.488000 -5.118853 -3.730498 0.000000 0.000000 0.000000 -0.620068 0.784548
189.556000 -5.098511 -3.703300 0.000000 0.000000 0.000000 -0.625609 0.780137
189.620000 -5.098228 -3.672140 0.000000 0.000000 0.000000 -0.626441 0.779469
189.688000 -5.115268 -3.643965 0.000000 0.000000 0.000000 -0.625299 0.780385
189.752000 -5.103891 -3.614595 0.000000 0.000000 0.000000 -0.628602 0.777727
189.820000 -5.137497 -3.611217 0.000000 0.000000 0.000000 -0.622712 0.782451
189.884000 -5.114989 -3.589691 0.000000 0.000000 0.000000 -0.627663 0.778485
189.952000 -5.135524 -3.565109 0.000000 0.000000 0.000000 -0.625791 0.779991
190.016000 -5.125185 -3.535469 0.000000 0.000000 0.000000 -0.628322 0.777954
190.084000 -5.134931 -3.567555 0.000000 0.000000 0.000000 -0.630254 0.776389
190.148000 -5.131328 -3.536055 0.000000 0.000000 0.000000 -0.631435 0.775429
190.216000 -5.140910 -3.504288 0.000000 0.000000 0.000000 -0.631047 0.775744
190.280000 -5.140595 -3.473343 0.000000 0.000000 0.000000 -0.631997 0.774971
190.348000 -5.161597 -3.447035 0.000000 0.000000 0.000000 -0.630151 0.776473
190.412000 -5.161232 -3.416034 0.000000 0.000000 0.000000 -0.631251 0.775579
190.480000 -5.172444 -3.386031 0.000000 0.000000 0.000000 -0.630640 0.776076
190.544000 -5.190173 -3.360902 0.000000 0.000000 0.000000 -0.629144 0.777289
190.612000 -5.206578 -3.332545 0.000000 0.000000 0.000000 -0.627946 0.778257
190.676000 -5.192407 -3.359541 0.000000 0.000000 0.000000 -0.627001 0.779019
190.744000 -5.204193 -3.329131 0.000000 0.000000 0.000000 -0.626588 0.779350
190.808000 -5.216226 -3.301556 0.000000 0.000000 0.000000 -0.625908 0.779897
190.876000 -5.224443 -3.269312 0.000000 0.000000 0.000000 -0.625679 0.780081
190.940000 -5.199483 -3.251193 0.000000 0.000000 0.000000 -0.636499 0.771278
191.008000 -5.198936 -3.218605 0.000000 0.000000 0.000000 -0.638040 0.770003
191.072000 -5.209571 -3.188968 0.000000 0.000000 0.000000 -0.637408 0.770526
191.140000 -5.208609 -3.156777 0.000000 0.000000 0.000000 -0.639230 0.769016
191.204000 -5.214674 -3.125844 0.000000 0.000000 0.000000 -0.638833 0.769346
191.272000 -5.192281 -3.100264 0.000000 0.000000 0.000000 -0.643658 0.765313
191.336000 -5.203881 -3.070662 0.000000 0.000000 0.000000 -0.642999 0.765867
191.404000 -5.215230 -3.038621 0.000000 0.000000 0.000000 -0.655351 0.755325
191.468000 -5.185346 -3.027388 0.000000 0.000000 0.000000 -0.692737 0.721191
191.536000 -5.152239 -3.021063 0.000000 0.000000 0.000000 0.734769 -0.678317
191.600000 -5.120918 -3.019550 0.000000 0.000000 0.000000 0.765236 -0.643750
191.668000 -5.088721 -3.021488 0.000000 0.000000 0.000000 0.798061 -0.602577
191.732000 -5.058006 -3.026951 0.000000 0.000000 0.000000 0.828920 -0.559367
191.800000 -5.025359 -3.035254 0.000000 0.000000 0.000000 0.860953 -0.508684
191.864000 -5.016170 -3.005789 0.000000 0.000000 0.000000 0.863528 -0.504301
191.932000 -5.004951 -2.973806 0.000000 0.000000 0.000000 0.863008 -0.505190
191.996000 -4.994474 -2.943635 0.000000 0.000000 0.000000 0.862450 -0.506141
192.064000 -4.974205 -2.917667 0.000000 0.000000 0.000000 0.863021 -0.505167
192.128000 -4.963207 -2.896719 0.000000 0.000000 0.000000 0.862965 -0.505263
192.196000 -4.952930 -2.865362 0.000000 0.000000 0.000000 0.862379 -0.506262
192.260000 -4.942418 -2.837027 0.000000 0.000000 0.000000 0.861879 -0.507115
192.328000 -4.930129 -2.806169 0.000000 0.000000 0.000000 0.861405 -0.507918
192.392000 -4.940872 -2.776262 0.000000 0.000000 0.000000 0.859454 -0.511213
192.460000 -4.929647 -2.744357 0.000000 0.000000 0.000000 0.858982 -0.512006
192.524000 -4.920053 -2.714721 0.000000 0.000000 0.000000 0.858266 -0.513206
192.592000 -4.906894 -2.684197 0.000000 0.000000 0.000000 0.858072 -0.513530
192.656000 -4.898259 -2.653519 0.000000 0.000000 0.000000 0.857230 -0.514933
192.724000 -4.889525 -2.621303 0.000000 0.000000 0.000000 0.856382 -0.516343
192.788000 -4.897442 -2.590736 0.000000 0.000000 0.000000 0.854395 -0.519624
192.856000 -4.889641 -2.558603 0.000000 0.000000 0.000000 0.853389 -0.521275
192.920000 -4.896446 -2.527388 0.000000 0.000000 0.000000 0.851209 -0.524827
192.988000 -4.899820 -2.493687 0.000000 0.000000 0.000000 0.849684 -0.527292
193.052000 -4.892952 -2.462822 0.000000 0.000000 0.000000 0.848729 -0.528828
193.120000 -4.897740 -2.429372 0.000000 0.000000 0.000000 0.846848 -0.531835
193.184000 -4.891342 -2.398425 0.000000 0.000000 0.000000 0.845848 -0.533425
193.252000 -4.901807 -2.366082 0.000000 0.000000 0.000000 0.842901 -0.538069
193.316000 -4.914419 -2.336677 0.000000 0.000000 0.000000 0.839967 -0.542637
193.384000 -4.906941 -2.303757 0.000000 0.000000 0.000000 0.839171 -0.543868
193.448000 -4.912917 -2.272571 0.000000 0.000000 0.000000 0.837001 -0.547201
193.516000 -4.925584 -2.241222 0.000000 0.000000 0.000000 0.833261 -0.552880
193.580000 -4.922175 -2.210709 0.000000 0.000000 0.000000 0.831826 -0.555037
193.648000 -4.917948 -2.177747 0.000000 0.000000 0.000000 0.830311 -0.557300
193.712000 -4.915460 -2.146772 0.000000 0.000000 0.000000 0.828650 -0.559767
193.780000 -4.913926 -2.113851 0.000000 0.000000 0.000000 0.826908 -0.562337
193.844000 -4.931898 -2.087375 0.000000 0.000000 0.000000 0.823264 -0.567659
193.912000 -4.921215 -2.055908 0.000000 0.000000 0.000000 0.823181 -0.567779
193.976000 -4.911787 -2.026258 0.000000 0.000000 0.000000 0.822852 -0.568256
194.044000 -4.934924 -2.001599 0.000000 0.000000 0.000000 0.818029 -0.575177
194.108000 -4.952609 -1.975339 0.000000 0.000000 0.000000 0.814548 -0.580096
194.176000 -4.939620 -1.944368 0.000000 0.000000 0.000000 0.814812 -0.579725
194.240000 -4.929695 -1.914726 0.000000 0.000000 0.000000 0.814804 -0.579736
194.308000 -4.954499 -1.892399 0.000000 0.000000 0.000000 0.806842 -0.590768
194.372000 -4.940664 -1.864317 0.000000 0.000000 0.000000 0.807412 -0.589988
194.440000 -4.911249 -1.847266 0.000000 0.000000 0.000000 0.809200 -0.587533
194.504000 -4.893279 -1.820854 0.000000 0.000000 0.000000 0.809925 -0.586534
194.572000 -4.913952 -1.793871 0.000000 0.000000 0.000000 0.804158 -0.594415
194.636000 -4.904402 -1.764055 0.000000 0.000000 0.000000 0.804157 -0.594417
194.704000 -4.904612 -1.730869 0.000000 0.000000 0.000000 0.803168 -0.595752
194.768000 -4.930341 -1.711938 0.000000 0.000000 0.000000 0.794005 -0.607912
194.836000 -4.920292 -1.679578 0.000000 0.000000 0.000000 0.794212 -0.607640
194.900000 -4.905730 -1.651588 0.000000 0.000000 0.000000 0.794997 -0.606613
194.968000 -4.897787 -1.619188 0.000000 0.000000 0.000000 0.794911 -0.606727
195.032000 -4.882727 -1.591436 0.000000 0.000000 0.000000 0.795699 -0.605692
195.100000 -4.863898 -1.563185 0.000000 0.000000 0.000000 0.796564 -0.604554
195.164000 -4.859474 -1.532403 0.000000 0.000000 0.000000 0.796040 -0.605244
195.232000 -4.849714 -1.500504 0.000000 0.000000 0.000000 0.796071 -0.605203
195.296000 -4.845780 -1.469190 0.000000 0.000000 0.000000 0.795885 -0.605447
195.364000 -4.836023 -1.437324 0.000000 0.000000 0.000000 0.796099 -0.605166
195.428000 -4.822477 -1.408804 0.000000 0.000000 0.000000 0.796764 -0.604290
195.496000 -4.812620 -1.376497 0.000000 0.000000 0.000000 0.796948 -0.604048
195.560000 -4.796328 -1.349282 0.000000 0.000000 0.000000 0.798000 -0.602658
195.628000 -4.786962 -1.317049 0.000000 0.000000 0.000000 0.798000 -0.602658
195.692000 -4.799689 -1.288617 0.000000 0.000000 0.000000 0.793274 -0.608865
195.760000 -4.785544 -1.257752 0.000000 0.000000 0.000000 0.778227 -0.627983
195.824000 -4.797452 -1.287447 0.000000 0.000000 0.000000 0.762950 -0.646457
195.892000 -4.788613 -1.254653 0.000000 0.000000 0.000000 0.745988 -0.665960
195.956000 -4.819495 -1.246765 0.000000 0.000000 0.000000 0.708707 -0.705503
196.024000 -4.852955 -1.242822 0.000000 0.000000 0.000000 -0.668830 0.743416
196.088000 -4.884939 -1.242108 0.000000 0.000000 0.000000 -0.628518 0.777795
196.156000 -4.918203 -1.248248 0.000000 0.000000 0.000000 -0.569975 0.821662
196.220000 -4.949278 -1.255684 0.000000 0.000000 0.000000 -0.527746 0.849403
196.288000 -4.963352 -1.225430 0.000000 0.000000 0.000000 -0.525325 0.850902
196.352000 -4.978639 -1.197996 0.000000 0.000000 0.000000 -0.524734 0.851266
196.420000 -4.996404 -1.170491 0.000000 0.000000 0.000000 -0.523834 0.851820
196.484000 -5.009518 -1.141942 0.000000 0.000000 0.000000 -0.523839 0.851817
196.552000 -5.029122 -1.115255 0.000000 0.000000 0.000000 -0.523154 0.852238
196.616000 -5.044724 -1.088374 0.000000 0.000000 0.000000 -0.522787 0.852464
196.684000 -5.044724 -1.088374 0.000000 0.000000 0.000000 -0.522787 0.852464
196.748000 -5.060080 -1.061220 0.000000 0.000000 0.000000 -0.522636 0.852556
196.816000 -5.073646 -1.030826 0.000000 0.000000 0.000000 -0.522814 0.852447
196.880000 -5.092934 -1.006401 0.000000 0.000000 0.000000 -0.521990 0.852952
196.948000 -5.114003 -0.980786 0.000000 0.000000 0.000000 -0.520497 0.853864
197.012000 -5.128201 -0.952563 0.000000 0.000000 0.000000 -0.520656 0.853767
197.080000 -5.148528 -0.926480 0.000000 0.000000 0.000000 -0.519609 0.854404
197.144000 -5.159074 -0.897090 0.000000 0.000000 0.000000 -0.520048 0.854137
197.212000 -5.172924 -0.866801 0.000000 0.000000 0.000000 -0.520259 0.854008
197.276000 -5.204265 -0.866972 0.000000 0.000000 0.000000 -0.511021 0.859568
197.344000 -5.235519 -0.880214 0.000000 0.000000 0.000000 -0.468620 0.883400
197.408000 -5.264858 -0.892933 0.000000 0.000000 0.000000 -0.424242 0.905549
197.476000 -5.284657 -0.865332 0.000000 0.000000 0.000000 -0.400757 0.916184
197.540000 -5.309719 -0.885170 0.000000 0.000000 0.000000 -0.353276 0.935519
197.608000 -5.332055 -0.905824 0.000000 0.000000 0.000000 -0.308043 0.951373
197.672000 -5.352572 -0.928756 0.000000 0.000000 0.000000 -0.261061 0.965322
197.740000 -5.371263 -0.954191 0.000000 0.000000 0.000000 -0.214868 0.976643
197.804000 -5.387676 -0.979642 0.000000 0.000000 0.000000 -0.169836 0.985472
197.872000 -5.420255 -0.973593 0.000000 0.000000 0.000000 -0.161984 0.986793
197.936000 -5.451786 -0.968138 0.000000 0.000000 0.000000 -0.161285 0.986908
198.004000 -5.483542 -0.957774 0.000000 0.000000 0.000000 -0.161291 0.986907
198.068000 -5.514342 -0.951230 0.000000 0.000000 0.000000 -0.160905 0.986970
198.136000 -5.547040 -0.944649 0.000000 0.000000 0.000000 -0.160504 0.987035
198.200000 -5.577055 -0.936938 0.000000 0.000000 0.000000 -0.160382 0.987055
198.268000 -5.609734 -0.927883 0.000000 0.000000 0.000000 -0.160513 0.987034
198.332000 -5.639665 -0.919243 0.000000 0.000000 0.000000 -0.160282 0.987071
198.400000 -5.672332 -0.913528 0.000000 0.000000 0.000000 -0.159609 0.987180
198.464000 -5.694175 -0.890728 0.000000 0.000000 0.000000 -0.162329 0.986737
198.532000 -5.719936 -0.869301 0.000000 0.000000 0.000000 -0.164017 0.986458
198.596000 -5.744982 -0.851145 0.000000 0.000000 0.000000 -0.165834 0.986154
198.664000 -5.772015 -0.831443 0.000000 0.000000 0.000000 -0.167226 0.985919
198.728000 -5.792327 -0.807963 0.000000 0.000000 0.000000 -0.170224 0.985405
198.796000 -5.814529 -0.782805 0.000000 0.000000 0.000000 -0.172922 0.984936
198.860000 -5.839360 -0.762622 0.000000 0.000000 0.000000 -0.174364 0.984681
198.928000 -5.871875 -0.757105 0.000000 0.000000 0.000000 -0.173281 0.984872
198.992000 -5.902351 -0.750797 0.000000 0.000000 0.000000 -0.172103 0.985079
199.060000 -5.935265 -0.744671 0.000000 0.000000 0.000000 -0.171194 0.985237
199.124000 -5.965915 -0.739067 0.000000 0.000000 0.000000 -0.170471 0.985363
199.192000 -5.998492 -0.732951 0.000000 0.000000 0.000000 -0.170001 0.985444
199.256000 -6.022840 -0.712784 0.000000 0.000000 0.000000 -0.172056 0.985087
199.324000 -6.055967 -0.708042 0.000000 0.000000 0.000000 -0.171226 0.985232
199.388000 -6.086741 -0.703183 0.000000 0.000000 0.000000 -0.170133 0.985421
199.456000 -6.119936 -0.696089 0.000000 0.000000 0.000000 -0.169283 0.985567
199.520000 -6.150770 -0.691842 0.000000 0.000000 0.000000 -0.168725 0.985663
199.588000 -6.183780 -0.686475 0.000000 0.000000 0.000000 -0.167949 0.985796
199.652000 -6.207748 -0.665979 0.000000 0.000000 0.000000 -0.170033 0.985438
199.720000 -6.241241 -0.660254 0.000000 0.000000 0.000000 -0.169111 0.985597
199.784000 -6.259397 -0.634165 0.000000 0.000000 0.000000 -0.172952 0.984930
199.852000 -6.292859 -0.628220 0.000000 0.000000 0.000000 -0.171933 0.985109
199.916000 -6.323981 -0.626562 0.000000 0.000000 0.000000 -0.170858 0.985296
199.984000 -6.357330 -0.621102 0.000000 0.000000 0.000000 -0.170073 0.985431
200.048000 -6.388432 -0.616832 0.000000 0.000000 0.000000 -0.168836 0.985644
200.116000 -6.420697 -0.609899 0.000000 0.000000 0.000000 -0.168449 0.985710
200.180000 -6.452042 -0.605372 0.000000 0.000000 0.000000 -0.167569 0.985860
200.248000 -6.484614 -0.601560 0.000000 0.000000 0.000000 -0.166484 0.986044
200.312000 -6.516133 -0.597648 0.000000 0.000000 0.000000 -0.165452 0.986218
200.380000 -6.549072 -0.592125 0.000000 0.000000 0.000000 -0.164281 0.986414
200.444000 -6.580175 -0.588070 0.000000 0.000000 0.000000 -0.163101 0.986609
200.512000 -6.613319 -0.584774 0.000000 0.000000 0.000000 -0.161672 0.986845
200.576000 -6.645061 -0.581614 0.000000 0.000000 0.000000 -0.160430 0.987047
200.644000 -6.677914 -0.575294 0.000000 0.000000 0.000000 -0.159459 0.987205
200.708000 -6.709884 -0.573919 0.000000 0.000000 0.000000 -0.157893 0.987456
200.776000 -6.727836 -0.547300 0.000000 0.000000 0.000000 -0.164101 0.986444
200.840000 -6.758914 -0.543655 0.000000 0.000000 0.000000 -0.162820 0.986656
200.908000 -6.791115 -0.532855 0.000000 0.000000 0.000000 -0.162039 0.986784
200.972000 -6.822126 -0.529373 0.000000 0.000000 0.000000 -0.161214 0.986920
201.040000 -6.853506 -0.517549 0.000000 0.000000 0.000000 -0.161268 0.986911
201.104000 -6.884737 -0.514412 0.000000 0.000000 0.000000 -0.159913 0.987131
201.172000 -6.885901 -0.509874 0.000000 0.000000 0.000000 -0.160768 0.986992
201.236000 -6.917725 -0.506766 0.000000 0.000000 0.000000 -0.159451 0.987206
201.304000 -6.950349 -0.503550 0.000000 0.000000 0.000000 -0.157874 0.987459
201.368000 -6.980977 -0.503524 0.000000 0.000000 0.000000 -0.156198 0.987726
201.436000 -7.007505 -0.482803 0.000000 0.000000 0.000000 -0.158546 0.987352
201.500000 -7.038655 -0.483466 0.000000 0.000000 0.000000 -0.156647 0.987655
201.568000 -7.070823 -0.476109 0.000000 0.000000 0.000000 -0.161361 0.986896
201.632000 -7.044660 -0.478330 0.000000 0.000000 0.000000 -0.184416 0.982848
201.700000 -7.011780 -0.486836 0.000000 0.000000 0.000000 -0.208445 0.978034
201.764000 -7.041393 -0.474784 0.000000 0.000000 0.000000 -0.231277 0.972888
201.832000 -7.072500 -0.461135 0.000000 0.000000 0.000000 -0.255474 0.966816
201.896000 -7.062594 -0.432304 0.000000 0.000000 0.000000 -0.303241 0.952914
201.964000 -7.048248 -0.403087 0.000000 0.000000 0.000000 -0.352724 0.935727
202.028000 -7.076203 -0.387591 0.000000 0.000000 0.000000 -0.375925 0.926650
202.096000 -7.099883 -0.363459 0.000000 0.000000 0.000000 -0.400093 0.916475
202.160000 -7.081794 -0.337216 0.000000 0.000000 0.000000 -0.443373 0.896337
202.228000 -7.059476 -0.312091 0.000000 0.000000 0.000000 -0.486944 0.873433
202.292000 -7.034964 -0.291715 0.000000 0.000000 0.000000 -0.532990 0.846122
202.360000 -7.007392 -0.272128 0.000000 0.000000 0.000000 -0.576752 0.816919
202.424000 -6.990136 -0.245351 0.000000 0.000000 0.000000 -0.591552 0.806267
202.492000 -6.973815 -0.216395 0.000000 0.000000 0.000000 -0.596941 0.802285
202.556000 -6.968896 -0.184927 0.000000 0.000000 0.000000 -0.599451 0.800411
202.624000 -6.958636 -0.153654 0.000000 0.000000 0.000000 -0.602581 0.798058
202.688000 -6.950096 -0.122945 0.000000 0.000000 0.000000 -0.606065 0.795415
202.756000 -6.932846 -0.094337 0.000000 0.000000 0.000000 -0.612427 0.790527
202.820000 -6.916929 -0.066692 0.000000 0.000000 0.000000 -0.617735 0.786387
202.888000 -6.922356 -0.034432 0.000000 0.000000 0.000000 -0.618241 0.785989
202.952000 -6.929600 -0.003439 0.000000 0.000000 0.000000 -0.618458 0.785818
203.020000 -6.938126 0.028400 0.000000 0.000000 0.000000 -0.618414 0.785852
203.084000 -6.936318 0.060318 0.000000 0.000000 0.000000 -0.620114 0.784512
203.152000 -6.941344 0.093670 0.000000 0.000000 0.000000 -0.620732 0.784023
203.216000 -6.949093 0.123297 0.000000 0.000000 0.000000 -0.620835 0.783941
203.284000 -6.956175 0.155622 0.000000 0.000000 0.000000 -0.621222 0.783635
203.348000 -6.961100 0.186920 0.000000 0.000000 0.000000 -0.621755 0.783212
203.416000 -6.967164 0.220014 0.000000 0.000000 0.000000 -0.622175 0.782879
203.480000 -6.972122 0.251203 0.000000 0.000000 0.000000 -0.622560 0.782572
203.548000 -6.979420 0.282465 0.000000 0.000000 0.000000 -0.622484 0.782633
203.612000 -6.986520 0.313536 0.000000 0.000000 0.000000 -0.622432 0.782674
203.680000 -6.993855 0.346345 0.000000 0.000000 0.000000 -0.622691 0.782468
203.744000 -6.999849 0.376216 0.000000 0.000000 0.000000 -0.623156 0.782097
203.812000 -7.008410 0.409062 0.000000 0.000000 0.000000 -0.622922 0.782284
203.876000 -7.015688 0.438009 0.000000 0.000000 0.000000 -0.622505 0.782616
203.944000 -7.019769 0.455595 0.000000 0.000000 0.000000 -0.622540 0.782588
204.008000 -7.026867 0.486486 0.000000 0.000000 0.000000 -0.622572 0.782562
204.076000 -7.038818 0.517227 0.000000 0.000000 0.000000 -0.626420 0.779486
204.140000 -7.044004 0.548717 0.000000 0.000000 0.000000 -0.646542 0.762879
204.208000 -7.047154 0.582505 0.000000 0.000000 0.000000 -0.668754 0.743484
204.272000 -7.019769 0.595713 0.000000 0.000000 0.000000 0.711588 -0.702597
204.340000 -6.987755 0.604838 0.000000 0.000000 0.000000 0.757093 -0.653307
204.404000 -6.983022 0.636472 0.000000 0.000000 0.000000 0.774853 -0.632141
204.472000 -6.980833 0.670377 0.000000 0.000000 0.000000 0.790880 -0.611971
204.536000 -6.976235 0.702034 0.000000 0.000000 0.000000 0.805661 -0.592377
204.604000 -6.945547 0.699263 0.000000 0.000000 0.000000 0.845625 -0.533778
204.668000 -6.955419 0.670010 0.000000 0.000000 0.000000 0.857284 -0.514845
204.736000 -6.967061 0.638963 0.000000 0.000000 0.000000 0.869840 -0.493334
204.800000 -6.977907 0.609098 0.000000 0.000000 0.000000 0.881836 -0.471557
204.868000 -6.992469 0.578452 0.000000 0.000000 0.000000 0.893753 -0.448560
204.932000 -7.007611 0.550269 0.000000 0.000000 0.000000 0.904308 -0.426881
205.000000 -6.987829 0.577886 0.000000 0.000000 0.000000 0.915060 -0.403317
205.064000 -6.968840 0.603635 0.000000 0.000000 0.000000 0.924505 -0.381169
205.132000 -6.945882 0.628709 0.000000 0.000000 0.000000 0.930107 -0.367290
205.196000 -6.923204 0.651285 0.000000 0.000000 0.000000 0.930142 -0.367201
205.264000 -6.900929 0.676089 0.000000 0.000000 0.000000 0.929846 -0.367948
205.328000 -6.880816 0.700225 0.000000 0.000000 0.000000 0.929690 -0.368343
205.396000 -6.859932 0.726239 0.000000 0.000000 0.000000 0.929510 -0.368796
205.460000 -6.839062 0.750009 0.000000 0.000000 0.000000 0.929327 -0.369257
205.528000 -6.805298 0.753545 0.000000 0.000000 0.000000 0.930951 -0.365143
205.592000 -6.783987 0.776674 0.000000 0.000000 0.000000 0.930754 -0.365647
205.660000 -6.757920 0.797977 0.000000 0.000000 0.000000 0.930869 -0.365353
205.724000 -6.736584 0.821266 0.000000 0.000000 0.000000 0.930732 -0.365702
205.792000 -6.710897 0.842784 0.000000 0.000000 0.000000 0.930869 -0.365353
205.856000 -6.687098 0.863617 0.000000 0.000000 0.000000 0.930857 -0.365384
205.924000 -6.665303 0.889287 0.000000 0.000000 0.000000 0.930637 -0.365945
205.988000 -6.642117 0.910788 0.000000 0.000000 0.000000 0.930534 -0.366205
206.056000 -6.616139 0.932052 0.000000 0.000000 0.000000 0.930651 -0.365908
206.120000 -6.593487 0.954090 0.000000 0.000000 0.000000 0.930572 -0.366110
206.188000 -6.571654 0.980087 0.000000 0.000000 0.000000 0.930362 -0.366642
206.252000 -6.546790 1.000140 0.000000 0.000000 0.000000 0.930508 -0.366272
206.320000 -6.525381 1.026413 0.000000 0.000000 0.000000 0.937277 -0.348585
206.384000 -6.502312 1.048512 0.000000 0.000000 0.000000 0.945475 -0.325696
206.452000 -6.477086 1.071254 0.000000 0.000000 0.000000 0.953672 -0.300848
206.516000 -6.450967 1.089486 0.000000 0.000000 0.000000 0.958120 -0.286367
206.584000 -6.420580 1.103335 0.000000 0.000000 0.000000 0.958373 -0.285520
206.648000 -6.396558 1.123808 0.000000 0.000000 0.000000 0.958098 -0.286439
206.716000 -6.366559 1.139791 0.000000 0.000000 0.000000 0.958242 -0.285957
206.780000 -6.338698 1.154908 0.000000 0.000000 0.000000 0.958368 -0.285535
206.848000 -6.310406 1.172794 0.000000 0.000000 0.000000 0.958330 -0.285662
206.912000 -6.283687 1.189553 0.000000 0.000000 0.000000 0.958319 -0.285701
206.980000 -6.254506 1.206298 0.000000 0.000000 0.000000 0.958421 -0.285357
207.044000 -6.229950 1.225746 0.000000 0.000000 0.000000 0.958246 -0.285946
207.112000 -6.199765 1.240515 0.000000 0.000000 0.000000 0.958448 -0.285266
207.176000 -6.170794 1.253862 0.000000 0.000000 0.000000 0.958779 -0.284154
207.244000 -6.141532 1.270057 0.000000 0.000000 0.000000 0.958829 -0.283986
207.308000 -6.113838 1.284989 0.000000 0.000000 0.000000 0.959002 -0.283401
207.376000 -6.083243 1.299039 0.000000 0.000000 0.000000 0.959317 -0.282332
207.440000 -6.057293 1.317351 0.000000 0.000000 0.000000 0.959187 -0.282772
207.508000 -6.031021 1.337747 0.000000 0.000000 0.000000 0.958935 -0.283625
207.572000 -6.005411 1.355762 0.000000 0.000000 0.000000 0.958843 -0.283937
207.640000 -5.977462 1.374098 0.000000 0.000000 0.000000 0.958804 -0.284067
207.704000 -5.950750 1.390363 0.000000 0.000000 0.000000 0.958849 -0.283915
207.772000 -5.922039 1.407951 0.000000 0.000000 0.000000 0.958866 -0.283859
207.836000 -5.898826 1.428793 0.000000 0.000000 0.000000 0.958503 -0.285081
207.904000 -5.869493 1.444929 0.000000 0.000000 0.000000 0.958657 -0.284563
207.968000 -5.841658 1.459540 0.000000 0.000000 0.000000 0.958889 -0.283780
208.036000 -5.813260 1.476707 0.000000 0.000000 0.000000 0.958986 -0.283455
208.100000 -5.788059 1.495246 0.000000 0.000000 0.000000 0.958780 -0.284149
208.168000 -5.759103 1.512069 0.000000 0.000000 0.000000 0.958909 -0.283713
208.232000 -5.732600 1.528939 0.000000 0.000000 0.000000 0.958831 -0.283978
208.300000 -5.706489 1.549666 0.000000 0.000000 0.000000 0.958499 -0.285096
208.364000 -5.680838 1.567247 0.000000 0.000000 0.000000 0.958475 -0.285177
208.432000 -5.653784 1.586022 0.000000 0.000000 0.000000 0.958408 -0.285400
208.496000 -5.628644 1.604699 0.000000 0.000000 0.000000 0.958193 -0.286124
208.564000 -5.601009 1.622887 0.000000 0.000000 0.000000 0.958158 -0.286241
208.628000 -5.575057 1.640287 0.000000 0.000000 0.000000 0.958078 -0.286508
208.696000 -5.548096 1.659636 0.000000 0.000000 0.000000 0.957941 -0.286964
208.760000 -5.520519 1.675194 0.000000 0.000000 0.000000 0.958170 -0.286200
208.828000 -5.492695 1.693075 0.000000 0.000000 0.000000 0.958166 -0.286212
208.892000 -5.465387 1.708725 0.000000 0.000000 0.000000 0.958489 -0.285130
208.960000 -5.438351 1.728684 0.000000 0.000000 0.000000 0.958258 -0.285904
209.024000 -5.412099 1.746241 0.000000 0.000000 0.000000 0.958331 -0.285659
209.092000 -5.384129 1.764368 0.000000 0.000000 0.000000 0.958264 -0.285884
209.156000 -5.356306 1.780144 0.000000 0.000000 0.000000 0.958489 -0.285128
209.224000 -5.327704 1.797495 0.000000 0.000000 0.000000 0.958614 -0.284708
209.288000 -5.301106 1.814722 0.000000 0.000000 0.000000 0.958627 -0.284666
209.356000 -5.271742 1.831625 0.000000 0.000000 0.000000 0.958841 -0.283943
209.420000 -5.244509 1.848015 0.000000 0.000000 0.000000 0.958879 -0.283816
209.488000 -5.216948 1.865692 0.000000 0.000000 0.000000 0.958808 -0.284053
209.552000 -5.190220 1.882420 0.000000 0.000000 0.000000 0.958828 -0.283988
209.620000 -5.162269 1.899599 0.000000 0.000000 0.000000 0.958955 -0.283559
209.684000 -5.135793 1.916413 0.000000 0.000000 0.000000 0.958999 -0.283408
209.752000 -5.107989 1.934955 0.000000 0.000000 0.000000 0.959037 -0.283281
209.816000 -5.082897 1.952738 0.000000 0.000000 0.000000 0.958779 -0.284151
209.884000 -5.054391 1.970552 0.000000 0.000000 0.000000 0.958911 -0.283707
209.948000 -5.029281 1.988391 0.000000 0.000000 0.000000 0.958406 -0.285409
210.016000 -5.001956 2.008006 0.000000 0.000000 0.000000 0.960966 -0.276667
210.080000 -4.980604 1.984238 0.000000 0.000000 0.000000 0.972614 -0.232425
210.148000 -4.959958 1.957253 0.000000 0.000000 0.000000 0.984408 -0.175898
210.212000 -4.944165 1.929586 0.000000 0.000000 0.000000 0.992016 -0.126116
210.280000 -4.931869 1.898496 0.000000 0.000000 0.000000 0.997345 -0.072817
210.344000 -4.923189 1.867754 0.000000 0.000000 0.000000 0.999747 -0.022477
210.412000 -4.916875 1.835589 0.000000 0.000000 0.000000 0.999675 0.025508
210.476000 -4.914564 1.803694 0.000000 0.000000 0.000000 0.997619 0.068973
210.544000 -4.914378 1.769782 0.000000 0.000000 0.000000 0.992151 0.125044
210.608000 -4.883965 1.762068 0.000000 0.000000 0.000000 0.991035 0.133601
210.676000 -4.877160 1.728941 0.000000 0.000000 0.000000 0.989472 0.144724
210.740000 -4.847132 1.720510 0.000000 0.000000 0.000000 0.989474 0.144709
210.808000 -4.815082 1.713619 0.000000 0.000000 0.000000 0.989522 0.144380
210.872000 -4.802239 1.684496 0.000000 0.000000 0.000000 0.988396 0.151898
210.940000 -4.769818 1.677376 0.000000 0.000000 0.000000 0.988446 0.151574
211.004000 -4.740303 1.666726 0.000000 0.000000 0.000000 0.988344 0.152234
211.072000 -4.720415 1.639437 0.000000 0.000000 0.000000 0.987565 0.157213
211.136000 -4.689746 1.638147 0.000000 0.000000 0.000000 0.987737 0.156125
211.204000 -4.657511 1.630652 0.000000 0.000000 0.000000 0.987783 0.155838
211.268000 -4.626877 1.628717 0.000000 0.000000 0.000000 0.987880 0.155222
211.336000 -4.594275 1.629183 0.000000 0.000000 0.000000 0.988120 0.153682
211.400000 -4.590617 1.635252 0.000000 0.000000 0.000000 0.989183 0.146684
211.468000 -4.558655 1.626551 0.000000 0.000000 0.000000 0.989208 0.146515
211.532000 -4.527819 1.629603 0.000000 0.000000 0.000000 0.989425 0.145046
211.600000 -4.509488 1.601939 0.000000 0.000000 0.000000 0.988285 0.152622
211.664000 -4.479338 1.594004 0.000000 0.000000 0.000000 0.988239 0.152916
211.732000 -4.445995 1.598198 0.000000 0.000000 0.000000 0.988523 0.151069
211.796000 -4.423390 1.576239 0.000000 0.000000 0.000000 0.987930 0.154898
211.864000 -4.390504 1.568886 0.000000 0.000000 0.000000 0.987994 0.154490
211.928000 -4.360512 1.559646 0.000000 0.000000 0.000000 0.987997 0.154471
211.996000 -4.327706 1.552263 0.000000 0.000000 0.000000 0.988061 0.154061
212.060000 -4.296926 1.546639 0.000000 0.000000 0.000000 0.988148 0.153504
212.128000 -4.263882 1.547911 0.000000 0.000000 0.000000 0.988432 0.151662
212.192000 -4.234936 1.535701 0.000000 0.000000 0.000000 0.988314 0.152433
212.260000 -4.203509 1.523950 0.000000 0.000000 0.000000 0.988300 0.152522
212.324000 -4.172755 1.518646 0.000000 0.000000 0.000000 0.988437 0.151631
212.392000 -4.141204 1.508237 0.000000 0.000000 0.000000 0.988432 0.151666
212.456000 -4.111352 1.498776 0.000000 0.000000 0.000000 0.988440 0.151610
212.524000 -4.079367 1.489570 0.000000 0.000000 0.000000 0.988423 0.151721
212.588000 -4.048846 1.481592 0.000000 0.000000 0.000000 0.987652 0.156661
212.656000 -4.059926 1.486692 0.000000 0.000000 0.000000 0.983679 0.179933
212.720000 -4.066672 1.455437 0.000000 0.000000 0.000000 0.968283 0.249857
212.788000 -4.036167 1.441132 0.000000 0.000000 0.000000 0.961768 0.273867
212.852000 -4.008195 1.426439 0.000000 0.000000 0.000000 0.954997 0.296614
212.920000 -4.036172 1.441536 0.000000 0.000000 0.000000 0.947132 0.320843
212.984000 -4.011104 1.422091 0.000000 0.000000 0.000000 0.939239 0.343265
213.052000 -4.027287 1.393692 0.000000 0.000000 0.000000 0.926485 0.376332
213.116000 -4.004071 1.372491 0.000000 0.000000 0.000000 0.923165 0.384403
213.184000 -3.980703 1.348697 0.000000 0.000000 0.000000 0.923182 0.384363
213.248000 -3.958153 1.326875 0.000000 0.000000 0.000000 0.923139 0.384466
213.316000 -3.934212 1.303425 0.000000 0.000000 0.000000 0.923129 0.384490
213.380000 -3.913386 1.279896 0.000000 0.000000 0.000000 0.922992 0.384818
213.448000 -3.890212 1.255848 0.000000 0.000000 0.000000 0.922922 0.384987
213.512000 -3.867989 1.234073 0.000000 0.000000 0.000000 0.923030 0.384728
213.580000 -3.844443 1.210520 0.000000 0.000000 0.000000 0.923081 0.384606
213.644000 -3.823194 1.187022 0.000000 0.000000 0.000000 0.923010 0.384775
213.712000 -3.800089 1.162769 0.000000 0.000000 0.000000 0.922944 0.384935
213.776000 -3.776220 1.142558 0.000000 0.000000 0.000000 0.923113 0.384528
213.844000 -3.752630 1.118876 0.000000 0.000000 0.000000 0.923111 0.384533
213.908000 -3.757614 1.087501 0.000000 0.000000 0.000000 0.917202 0.398421
213.976000 -3.777709 1.060191 0.000000 0.000000 0.000000 0.896050 0.443952
214.040000 -3.797310 1.035311 0.000000 0.000000 0.000000 0.876416 0.481555
214.108000 -3.822115 1.012163 0.000000 0.000000 0.000000 0.851789 0.523885
214.172000 -3.847516 0.992713 0.000000 0.000000 0.000000 0.826222 0.563344
214.240000 -3.876630 0.975438 0.000000 0.000000 0.000000 0.797388 0.603467
214.304000 -3.905530 0.962428 0.000000 0.000000 0.000000 0.765031 0.643994
214.372000 -3.933635 0.953872 0.000000 0.000000 0.000000 0.724625 0.689143
214.436000 -3.927461 0.922482 0.000000 0.000000 0.000000 0.707421 0.706793
214.504000 -3.921484 0.890425 0.000000 0.000000 0.000000 0.687796 0.725904
214.568000 -3.915064 0.859084 0.000000 0.000000 0.000000 0.670107 0.742265
214.636000 -3.912536 0.838384 0.000000 0.000000 0.000000 0.660265 0.751032
214.700000 -3.919497 0.807247 0.000000 0.000000 0.000000 0.677424 0.735593
214.768000 -3.887867 0.796957 0.000000 0.000000 0.000000 0.715377 0.698739
214.832000 -3.856353 0.791452 0.000000 0.000000 0.000000 0.748268 0.663397
214.900000 -3.829816 0.790148 0.000000 0.000000 0.000000 0.792387 0.610019
214.964000 -3.828024 0.800756 0.000000 0.000000 0.000000 0.807917 0.589296
215.032000 -3.800895 0.803047 0.000000 0.000000 0.000000 0.840666 0.541554
215.096000 -3.808718 0.834040 0.000000 0.000000 0.000000 0.853787 0.520622
215.164000 -3.796373 0.803574 0.000000 0.000000 0.000000 0.867411 0.497592
215.228000 -3.806804 0.833777 0.000000 0.000000 0.000000 0.878978 0.476862
215.296000 -3.819747 0.865184 0.000000 0.000000 0.000000 0.891090 0.453827
215.360000 -3.833409 0.894111 0.000000 0.000000 0.000000 0.901900 0.431945
215.428000 -3.815662 0.865168 0.000000 0.000000 0.000000 0.912834 0.408331
215.492000 -3.796261 0.839754 0.000000 0.000000 0.000000 0.922540 0.385901
215.560000 -3.773970 0.814148 0.000000 0.000000 0.000000 0.932249 0.361817
215.624000 -3.748747 0.833713 0.000000 0.000000 0.000000 0.949668 0.313258
215.692000 -3.725017 0.857831 0.000000 0.000000 0.000000 0.967714 0.252052
215.756000 -3.706097 0.883588 0.000000 0.000000 0.000000 0.981510 0.191412
215.824000 -3.735533 0.899936 0.000000 0.000000 0.000000 0.986167 0.165753
215.888000 -3.721756 0.928753 0.000000 0.000000 0.000000 0.993558 0.113327
215.956000 -3.754978 0.935756 0.000000 0.000000 0.000000 0.996085 0.088402
216.020000 -3.724938 0.926980 0.000000 0.000000 0.000000 0.996083 0.088420
216.088000 -3.692242 0.920065 0.000000 0.000000 0.000000 0.996094 0.088295
216.152000 -3.664342 0.907265 0.000000 0.000000 0.000000 0.996043 0.088876
216.220000 -3.631255 0.902744 0.000000 0.000000 0.000000 0.996039 0.088921
216.284000 -3.600760 0.895552 0.000000 0.000000 0.000000 0.996050 0.088797
216.352000 -3.574663 0.874906 0.000000 0.000000 0.000000 0.995955 0.089848
216.416000 -3.544975 0.864746 0.000000 0.000000 0.000000 0.995909 0.090367
216.484000 -3.512215 0.857132 0.000000 0.000000 0.000000 0.995893 0.090536
216.548000 -3.483584 0.844300 0.000000 0.000000 0.000000 0.995843 0.091087
216.616000 -3.451734 0.834012 0.000000 0.000000 0.000000 0.995812 0.091424
216.680000 -3.431604 0.858748 0.000000 0.000000 0.000000 0.996363 0.085210
216.748000 -3.399243 0.849977 0.000000 0.000000 0.000000 0.996329 0.085607
216.812000 -3.430431 0.854666 0.000000 0.000000 0.000000 0.996325 0.085648
216.880000 -3.421012 0.822024 0.000000 0.000000 0.000000 0.995963 0.089770
216.944000 -3.389539 0.819596 0.000000 0.000000 0.000000 0.996797 0.079973
217.012000 -3.381749 0.852512 0.000000 0.000000 0.000000 0.999564 0.029523
217.076000 -3.378209 0.884040 0.000000 0.000000 0.000000 0.999894 -0.014546
217.144000 -3.377160 0.917910 0.000000 0.000000 0.000000 0.997991 -0.063360
217.208000 -3.376917 0.949654 0.000000 0.000000 0.000000 0.993328 -0.115325
217.276000 -3.379658 0.983368 0.000000 0.000000 0.000000 0.987141 -0.159855
217.340000 -3.386720 1.014419 0.000000 0.000000 0.000000 0.978950 -0.204102
217.408000 -3.398887 1.045887 0.000000 0.000000 0.000000 0.968968 -0.247185
217.472000 -3.375850 1.068082 0.000000 0.000000 0.000000 0.968783 -0.247909
217.540000 -3.351830 1.091759 0.000000 0.000000 0.000000 0.968588 -0.248670
217.604000 -3.374731 1.070235 0.000000 0.000000 0.000000 0.968460 -0.249171
217.672000 -3.341706 1.066837 0.000000 0.000000 0.000000 0.969037 -0.246915
217.736000 -3.313457 1.080810 0.000000 0.000000 0.000000 0.969040 -0.246904
217.804000 -3.336632 1.056927 0.000000 0.000000 0.000000 0.968925 -0.247356
217.868000 -3.367531 1.048615 0.000000 0.000000 0.000000 0.969090 -0.246709
217.936000 -3.338705 1.065668 0.000000 0.000000 0.000000 0.965559 -0.260183
218.000000 -3.352993 1.094212 0.000000 0.000000 0.000000 0.951428 -0.307873
218.068000 -3.369499 1.123800 0.000000 0.000000 0.000000 0.934901 -0.354910
218.132000 -3.344412 1.143604 0.000000 0.000000 0.000000 0.926074 -0.377343
218.200000 -3.319959 1.167209 0.000000 0.000000 0.000000 0.916113 -0.400920
218.264000 -3.340729 1.190932 0.000000 0.000000 0.000000 0.896421 -0.443204
218.332000 -3.320453 1.218192 0.000000 0.000000 0.000000 0.888089 -0.459671
218.396000 -3.297736 1.240519 0.000000 0.000000 0.000000 0.888347 -0.459174
218.464000 -3.277900 1.267270 0.000000 0.000000 0.000000 0.888489 -0.458897
218.528000 -3.260535 1.293112 0.000000 0.000000 0.000000 0.888477 -0.458920
218.596000 -3.239851 1.319470 0.000000 0.000000 0.000000 0.888477 -0.458920
218.660000 -3.228489 1.349057 0.000000 0.000000 0.000000 0.888026 -0.459793
218.728000 -3.211624 1.377602 0.000000 0.000000 0.000000 0.887895 -0.460047
218.792000 -3.234389 1.355981 0.000000 0.000000 0.000000 0.888133 -0.459586
218.860000 -3.214937 1.383443 0.000000 0.000000 0.000000 0.888027 -0.459791
218.924000 -3.210351 1.414311 0.000000 0.000000 0.000000 0.887480 -0.460845
218.992000 -3.189883 1.440940 0.000000 0.000000 0.000000 0.887612 -0.460592
219.056000 -3.158688 1.440912 0.000000 0.000000 0.000000 0.889814 -0.456324
219.124000 -3.145590 1.471542 0.000000 0.000000 0.000000 0.889578 -0.456783
219.188000 -3.128430 1.497669 0.000000 0.000000 0.000000 0.889500 -0.456935
219.256000 -3.094906 1.494521 0.000000 0.000000 0.000000 0.891772 -0.452485
219.320000 -3.076734 1.520729 0.000000 0.000000 0.000000 0.889744 -0.456459
219.388000 -3.099989 1.545514 0.000000 0.000000 0.000000 0.867972 -0.496614
219.452000 -3.124516 1.565525 0.000000 0.000000 0.000000 0.844687 -0.535260
219.520000 -3.110318 1.596409 0.000000 0.000000 0.000000 0.831361 -0.555732
219.584000 -3.098591 1.626141 0.000000 0.000000 0.000000 0.818489 -0.574522
219.652000 -3.089199 1.658469 0.000000 0.000000 0.000000 0.804060 -0.594548
219.716000 -3.117910 1.672439 0.000000 0.000000 0.000000 0.776810 -0.629735
219.784000 -3.147425 1.688861 0.000000 0.000000 0.000000 0.759376 -0.650653
219.848000 -3.152736 1.720371 0.000000 0.000000 0.000000 0.758342 -0.651857
219.916000 -3.157168 1.754080 0.000000 0.000000 0.000000 0.757257 -0.653118
219.980000 -3.162124 1.785678 0.000000 0.000000 0.000000 0.756330 -0.654191
220.048000 -3.154724 1.818392 0.000000 0.000000 0.000000 0.756357 -0.654159
220.112000 -3.142411 1.847760 0.000000 0.000000 0.000000 0.757249 -0.653126
220.180000 -3.140199 1.880481 0.000000 0.000000 0.000000 0.757037 -0.653373
220.244000 -3.139926 1.912311 0.000000 0.000000 0.000000 0.756647 -0.653823
220.312000 -3.148601 1.945079 0.000000 0.000000 0.000000 0.755318 -0.655358
220.376000 -3.148357 1.977075 0.000000 0.000000 0.000000 0.754879 -0.655865
220.444000 -3.146035 2.010587 0.000000 0.000000 0.000000 0.754572 -0.656217
220.508000 -3.152151 2.041993 0.000000 0.000000 0.000000 0.753509 -0.657438
220.576000 -3.130027 2.067371 0.000000 0.000000 0.000000 0.755956 -0.654623
220.640000 -3.120821 2.097570 0.000000 0.000000 0.000000 0.756689 -0.653775
220.708000 -3.125664 2.131118 0.000000 0.000000 0.000000 0.755654 -0.654972
220.772000 -3.124705 2.162285 0.000000 0.000000 0.000000 0.755353 -0.655318
220.840000 -3.120160 2.194980 0.000000 0.000000 0.000000 0.755183 -0.655514
220.904000 -3.125317 2.226536 0.000000 0.000000 0.000000 0.754188 -0.656658
220.972000 -3.124693 2.260344 0.000000 0.000000 0.000000 0.753637 -0.657291
221.036000 -3.120420 2.291158 0.000000 0.000000 0.000000 0.753462 -0.657492
221.104000 -3.123097 2.324339 0.000000 0.000000 0.000000 0.752773 -0.658280
221.168000 -3.122009 2.355210 0.000000 0.000000 0.000000 0.752590 -0.658490
221.236000 -3.121135 2.388641 0.000000 0.000000 0.000000 0.752266 -0.658860
221.300000 -3.118790 2.420464 0.000000 0.000000 0.000000 0.752018 -0.659143
221.368000 -3.114600 2.453329 0.000000 0.000000 0.000000 0.751943 -0.659228
221.432000 -3.110810 2.484134 0.000000 0.000000 0.000000 0.751614 -0.659604
221.500000 -3.104854 2.516570 0.000000 0.000000 0.000000 0.751796 -0.659396
221.564000 -3.106715 2.547947 0.000000 0.000000 0.000000 0.750993 -0.660310
221.632000 -3.103693 2.580856 0.000000 0.000000 0.000000 0.750819 -0.660508
221.696000 -3.098026 2.611339 0.000000 0.000000 0.000000 0.751143 -0.660140
221.764000 -3.093451 2.643823 0.000000 0.000000 0.000000 0.750906 -0.660410
221.828000 -3.093086 2.675199 0.000000 0.000000 0.000000 0.750484 -0.660888
221.896000 -3.094638 2.708454 0.000000 0.000000 0.000000 0.749871 -0.661584
221.960000 -3.095448 2.739968 0.000000 0.000000 0.000000 0.749349 -0.662175
222.028000 -3.095478 2.773709 0.000000 0.000000 0.000000 0.748881 -0.662704
222.092000 -3.097144 2.804902 0.000000 0.000000 0.000000 0.748128 -0.663555
222.160000 -3.090718 2.837499 0.000000 0.000000 0.000000 0.748765 -0.662836
222.224000 -3.086525 2.868595 0.000000 0.000000 0.000000 0.748903 -0.662680
222.292000 -3.084595 2.902062 0.000000 0.000000 0.000000 0.748466 -0.663173
222.356000 -3.083340 2.933297 0.000000 0.000000 0.000000 0.748191 -0.663483
222.424000 -3.077441 2.966121 0.000000 0.000000 0.000000 0.748353 -0.663300
222.488000 -3.072984 2.997211 0.000000 0.000000 0.000000 0.748709 -0.662898
222.556000 -3.071477 3.031029 0.000000 0.000000 0.000000 0.748446 -0.663196
222.620000 -3.065153 3.061426 0.000000 0.000000 0.000000 0.748619 -0.663001
222.688000 -3.062956 3.094941 0.000000 0.000000 0.000000 0.748184 -0.663491
222.752000 -3.062663 3.125646 0.000000 0.000000 0.000000 0.747820 -0.663902
222.820000 -3.060881 3.158960 0.000000 0.000000 0.000000 0.747358 -0.664422
222.884000 -3.040265 3.183069 0.000000 0.000000 0.000000 0.751251 -0.660016
222.952000 -3.032659 3.214905 0.000000 0.000000 0.000000 0.751964 -0.659204
223.016000 -3.028799 3.246086 0.000000 0.000000 0.000000 0.751999 -0.659164
223.084000 -3.028623 3.279494 0.000000 0.000000 0.000000 0.751485 -0.659750
223.148000 -3.019937 3.309733 0.000000 0.000000 0.000000 0.752356 -0.658757
223.216000 -3.050589 3.324161 0.000000 0.000000 0.000000 0.743879 -0.668314
223.280000 -3.030335 3.348724 0.000000 0.000000 0.000000 0.747304 -0.664483
223.348000 -3.038913 3.380499 0.000000 0.000000 0.000000 0.755973 -0.654603
223.412000 -3.007222 3.384681 0.000000 0.000000 0.000000 0.785374 -0.619022
223.480000 -2.974367 3.386874 0.000000 0.000000 0.000000 0.814058 -0.580783
223.544000 -2.984505 3.360741 0.000000 0.000000 0.000000 0.827067 -0.562103
223.612000 -2.974841 3.393244 0.000000 0.000000 0.000000 0.840664 -0.541558
223.676000 -2.943265 3.388255 0.000000 0.000000 0.000000 0.864001 -0.503490
223.744000 -2.924933 3.416862 0.000000 0.000000 0.000000 0.876405 -0.481575
223.808000 -2.907955 3.443808 0.000000 0.000000 0.000000 0.887408 -0.460986
223.876000 -2.890379 3.472895 0.000000 0.000000 0.000000 0.898334 -0.439314
223.940000 -2.873213 3.499890 0.000000 0.000000 0.000000 0.908190 -0.418559
224.008000 -2.853116 3.527304 0.000000 0.000000 0.000000 0.918301 -0.395884
224.072000 -2.833400 3.552475 0.000000 0.000000 0.000000 0.927138 -0.374721
224.140000 -2.809864 3.576990 0.000000 0.000000 0.000000 0.936619 -0.350349
224.204000 -2.787574 3.599870 0.000000 0.000000 0.000000 0.944940 -0.327244
224.272000 -2.761702 3.621738 0.000000 0.000000 0.000000 0.952975 -0.303048
224.336000 -2.738495 3.643688 0.000000 0.000000 0.000000 0.960009 -0.279969
224.404000 -2.711542 3.663537 0.000000 0.000000 0.000000 0.963011 -0.269464
224.468000 -2.685054 3.680391 0.000000 0.000000 0.000000 0.963008 -0.269472
224.536000 -2.656637 3.697541 0.000000 0.000000 0.000000 0.963062 -0.269279
224.600000 -2.629082 3.712485 0.000000 0.000000 0.000000 0.963169 -0.268899
224.668000 -2.600624 3.730135 0.000000 0.000000 0.000000 0.963166 -0.268909
224.732000 -2.573929 3.746679 0.000000 0.000000 0.000000 0.963169 -0.268898
224.800000 -2.545769 3.764190 0.000000 0.000000 0.000000 0.963137 -0.269010
224.864000 -2.518219 3.779192 0.000000 0.000000 0.000000 0.963177 -0.268869
224.932000 -2.488924 3.794363 0.000000 0.000000 0.000000 0.963332 -0.268314
224.996000 -2.462354 3.811325 0.000000 0.000000 0.000000 0.963321 -0.268352
225.064000 -2.462354 3.811325 0.000000 0.000000 0.000000 0.963321 -0.268352
225.128000 -2.494006 3.806704 0.000000 0.000000 0.000000 0.963732 -0.266871
225.196000 -2.465273 3.788637 0.000000 0.000000 0.000000 0.966074 -0.258265
225.260000 -2.446929 3.814761 0.000000 0.000000 0.000000 0.965612 -0.259986
225.328000 -2.418273 3.831349 0.000000 0.000000 0.000000 0.965606 -0.260009
225.392000 -2.418273 3.831349 0.000000 0.000000 0.000000 0.965606 -0.260009
225.460000 -2.384466 3.827830 0.000000 0.000000 0.000000 0.966555 -0.256460
225.524000 -2.356624 3.842620 0.000000 0.000000 0.000000 0.966645 -0.256119
225.592000 -2.339433 3.871816 0.000000 0.000000 0.000000 0.966014 -0.258490
225.656000 -2.370454 3.879403 0.000000 0.000000 0.000000 0.966831 -0.255417
225.724000 -2.342351 3.897500 0.000000 0.000000 0.000000 0.966771 -0.255643
225.788000 -2.315594 3.913939 0.000000 0.000000 0.000000 0.966741 -0.255759
225.856000 -2.288212 3.932287 0.000000 0.000000 0.000000 0.966582 -0.256358
225.920000 -2.257350 3.925227 0.000000 0.000000 0.000000 0.967828 -0.251613
225.988000 -2.227078 3.939185 0.000000 0.000000 0.000000 0.968018 -0.250879
226.052000 -2.200720 3.955714 0.000000 0.000000 0.000000 0.967888 -0.251382
226.120000 -2.171869 3.972723 0.000000 0.000000 0.000000 0.967859 -0.251495
226.184000 -2.159581 4.002127 0.000000 0.000000 0.000000 0.966974 -0.254875
226.252000 -2.131087 4.018923 0.000000 0.000000 0.000000 0.966893 -0.255181
226.316000 -2.103188 4.033441 0.000000 0.000000 0.000000 0.967016 -0.254715
226.384000 -2.074864 4.051265 0.000000 0.000000 0.000000 0.966971 -0.254887
226.448000 -2.047549 4.066963 0.000000 0.000000 0.000000 0.966965 -0.254909
226.516000 -2.018811 4.084357 0.000000 0.000000 0.000000 0.966845 -0.255364
226.580000 -1.991889 4.100841 0.000000 0.000000 0.000000 0.966726 -0.255815
226.648000 -1.963185 4.118037 0.000000 0.000000 0.000000 0.966648 -0.256107
226.712000 -1.937502 4.136196 0.000000 0.000000 0.000000 0.968919 -0.247379
226.780000 -1.912081 4.158731 0.000000 0.000000 0.000000 0.974785 -0.223147
226.844000 -1.896111 4.132074 0.000000 0.000000 0.000000 0.984987 -0.172627
226.912000 -1.866949 4.148910 0.000000 0.000000 0.000000 0.989061 -0.147504
226.976000 -1.838781 4.163991 0.000000 0.000000 0.000000 0.992406 -0.123002
227.044000 -1.809140 4.180400 0.000000 0.000000 0.000000 0.995264 -0.097214
227.108000 -1.799605 4.152081 0.000000 0.000000 0.000000 0.999578 -0.029063
227.176000 -1.766099 4.157069 0.000000 0.000000 0.000000 0.999996 -0.002975
227.240000 -1.797845 4.153865 0.000000 0.000000 0.000000 0.999784 0.020766
227.308000 -1.795020 4.122543 0.000000 0.000000 0.000000 0.997273 0.073801
227.372000 -1.826995 4.122676 0.000000 0.000000 0.000000 0.995279 0.097060
227.440000 -1.793210 4.119010 0.000000 0.000000 0.000000 0.992574 0.121642
227.504000 -1.761938 4.112254 0.000000 0.000000 0.000000 0.989489 0.144605
227.572000 -1.729592 4.101804 0.000000 0.000000 0.000000 0.985568 0.169279
227.636000 -1.700168 4.089519 0.000000 0.000000 0.000000 0.981318 0.192392
227.704000 -1.700168 4.089519 0.000000 0.000000 0.000000 0.981318 0.192392
227.768000 -1.716069 4.116341 0.000000 0.000000 0.000000 0.981078 0.193614
227.836000 -1.713850 4.082967 0.000000 0.000000 0.000000 0.980832 0.194855
227.900000 -1.683687 4.073166 0.000000 0.000000 0.000000 0.980806 0.194987
227.968000 -1.652465 4.060810 0.000000 0.000000 0.000000 0.980844 0.194797
228.032000 -1.624006 4.048198 0.000000 0.000000 0.000000 0.980824 0.194893
228.100000 -1.590839 4.044519 0.000000 0.000000 0.000000 0.980985 0.194083
228.164000 -1.560862 4.034635 0.000000 0.000000 0.000000 0.981052 0.193742
228.232000 -1.528894 4.025389 0.000000 0.000000 0.000000 0.981070 0.193651
228.296000 -1.559811 4.026289 0.000000 0.000000 0.000000 0.981278 0.192597
228.364000 -1.527389 4.024929 0.000000 0.000000 0.000000 0.981427 0.191836
228.428000 -1.500390 4.008909 0.000000 0.000000 0.000000 0.981333 0.192316
228.496000 -1.467354 4.010109 0.000000 0.000000 0.000000 0.981700 0.190434
228.560000 -1.438106 3.998997 0.000000 0.000000 0.000000 0.981747 0.190194
228.628000 -1.410032 3.983070 0.000000 0.000000 0.000000 0.981645 0.190716
228.692000 -1.379787 3.974962 0.000000 0.000000 0.000000 0.981700 0.190435
228.760000 -1.347670 3.963844 0.000000 0.000000 0.000000 0.981708 0.190391
228.824000 -1.319970 3.948437 0.000000 0.000000 0.000000 0.981655 0.190668
228.892000 -1.309044 3.916883 0.000000 0.000000 0.000000 0.980902 0.194503
228.956000 -1.281906 3.901278 0.000000 0.000000 0.000000 0.980813 0.194951
229.024000 -1.249355 3.891865 0.000000 0.000000 0.000000 0.980868 0.194675
229.088000 -1.219673 3.879908 0.000000 0.000000 0.000000 0.980909 0.194469
229.156000 -1.188285 3.867107 0.000000 0.000000 0.000000 0.980949 0.194267
229.220000 -1.160433 3.852650 0.000000 0.000000 0.000000 0.980946 0.194281
229.288000 -1.129596 3.839764 0.000000 0.000000 0.000000 0.983418 0.181356
229.352000 -1.113648 3.867473 0.000000 0.000000 0.000000 0.991188 0.132462
229.420000 -1.097903 3.897543 0.000000 0.000000 0.000000 0.996382 0.084993
229.484000 -1.066716 3.894710 0.000000 0.000000 0.000000 0.998157 0.060680
229.552000 -1.060302 3.926381 0.000000 0.000000 0.000000 0.999845 0.017625
229.616000 -1.052951 3.956550 0.000000 0.000000 0.000000 0.999834 -0.018239
229.684000 -1.047286 3.989980 0.000000 0.000000 0.000000 0.998167 -0.060515
229.748000 -1.046906 4.020467 0.000000 0.000000 0.000000 0.994985 -0.100026
229.816000 -1.048592 4.054174 0.000000 0.000000 0.000000 0.989159 -0.146849
229.880000 -1.050159 4.085737 0.000000 0.000000 0.000000 0.981965 -0.189062
229.948000 -1.056578 4.118231 0.000000 0.000000 0.000000 0.973386 -0.229172
230.012000 -1.062339 4.149380 0.000000 0.000000 0.000000 0.965560 -0.260182
230.080000 -1.034996 4.168236 0.000000 0.000000 0.000000 0.965367 -0.260896
230.144000 -1.003231 4.170306 0.000000 0.000000 0.000000 0.966203 -0.257781
230.212000 -0.970980 4.174285 0.000000 0.000000 0.000000 0.966969 -0.254895
230.276000 -0.951837 4.199620 0.000000 0.000000 0.000000 0.966379 -0.257122
230.344000 -0.918987 4.206775 0.000000 0.000000 0.000000 0.967062 -0.254542
230.408000 -0.899698 4.231754 0.000000 0.000000 0.000000 0.966521 -0.256589
230.476000 -0.876888 4.256217 0.000000 0.000000 0.000000 0.965983 -0.258606
230.540000 -0.845518 4.257715 0.000000 0.000000 0.000000 0.966861 -0.255304
230.608000 -0.811929 4.255712 0.000000 0.000000 0.000000 0.968009 -0.250917
230.672000 -0.794585 4.281985 0.000000 0.000000 0.000000 0.966875 -0.255249
230.740000 -0.781679 4.313116 0.000000 0.000000 0.000000 0.965826 -0.259190
230.804000 -0.751958 4.305552 0.000000 0.000000 0.000000 0.967379 -0.253332
230.872000 -0.724718 4.324503 0.000000 0.000000 0.000000 0.967243 -0.253852
230.936000 -0.703138 4.347797 0.000000 0.000000 0.000000 0.966616 -0.256231
231.004000 -0.670838 4.354887 0.000000 0.000000 0.000000 0.967365 -0.253386
231.068000 -0.643048 4.368569 0.000000 0.000000 0.000000 0.967573 -0.252593
231.136000 -0.617012 4.389913 0.000000 0.000000 0.000000 0.967242 -0.253855
231.200000 -0.596094 4.412976 0.000000 0.000000 0.000000 0.966434 -0.256916
231.268000 -0.564571 4.401374 0.000000 0.000000 0.000000 0.969340 -0.245725
231.332000 -0.537872 4.417108 0.000000 0.000000 0.000000 0.968989 -0.247104
231.400000 -0.504152 4.412999 0.000000 0.000000 0.000000 0.970953 -0.239271
231.464000 -0.473630 4.405964 0.000000 0.000000 0.000000 0.973158 -0.230138
231.532000 -0.439840 4.409734 0.000000 0.000000 0.000000 0.974367 -0.224965
231.596000 -0.409115 4.410512 0.000000 0.000000 0.000000 0.975709 -0.219071
231.664000 -0.378926 4.395273 0.000000 0.000000 0.000000 0.979011 -0.203808
231.728000 -0.348956 4.390796 0.000000 0.000000 0.000000 0.980694 -0.195550
231.796000 -0.319127 4.407092 0.000000 0.000000 0.000000 0.980300 -0.197515
231.860000 -0.289623 4.394887 0.000000 0.000000 0.000000 0.982835 -0.184488
231.928000 -0.260211 4.411921 0.000000 0.000000 0.000000 0.982261 -0.187519
231.992000 -0.229478 4.404434 0.000000 0.000000 0.000000 0.984019 -0.178062
232.060000 -0.197549 4.393222 0.000000 0.000000 0.000000 0.986046 -0.166472
232.124000 -0.169278 4.378328 0.000000 0.000000 0.000000 0.988960 -0.148181
232.192000 -0.146751 4.352946 0.000000 0.000000 0.000000 0.996166 -0.087483
232.256000 -0.131889 4.325385 0.000000 0.000000 0.000000 0.999754 -0.022201
232.324000 -0.121178 4.293478 0.000000 0.000000 0.000000 0.998643 0.052082
232.388000 -0.089195 4.293124 0.000000 0.000000 0.000000 0.997048 0.076780
232.456000 -0.055205 4.293472 0.000000 0.000000 0.000000 0.994696 0.102861
232.520000 -0.023414 4.291440 0.000000 0.000000 0.000000 0.991878 0.127192
232.588000 0.010091 4.286952 0.000000 0.000000 0.000000 0.988323 0.152376
232.652000 0.041119 4.279805 0.000000 0.000000 0.000000 0.984429 0.175782
232.720000 0.074144 4.272188 0.000000 0.000000 0.000000 0.979762 0.200165
232.784000 0.043157 4.280011 0.000000 0.000000 0.000000 0.974840 0.222907
232.852000 0.074853 4.268069 0.000000 0.000000 0.000000 0.972203 0.234137
232.916000 0.102225 4.252252 0.000000 0.000000 0.000000 0.972125 0.234463
232.984000 0.132155 4.237815 0.000000 0.000000 0.000000 0.972120 0.234482
233.048000 0.162174 4.227944 0.000000 0.000000 0.000000 0.972388 0.233369
233.116000 0.194001 4.218349 0.000000 0.000000 0.000000 0.972666 0.232207
233.180000 0.223588 4.207978 0.000000 0.000000 0.000000 0.972885 0.231290
233.248000 0.253798 4.197913 0.000000 0.000000 0.000000 0.973056 0.230568
233.312000 0.282619 4.186079 0.000000 0.000000 0.000000 0.973127 0.230269
233.380000 0.312719 4.171461 0.000000 0.000000 0.000000 0.973181 0.230041
233.444000 0.342482 4.162521 0.000000 0.000000 0.000000 0.973405 0.229090
233.512000 0.374747 4.152655 0.000000 0.000000 0.000000 0.973667 0.227977
233.576000 0.405569 4.144146 0.000000 0.000000 0.000000 0.973904 0.226960
233.644000 0.437677 4.134754 0.000000 0.000000 0.000000 0.974215 0.225621
233.708000 0.467817 4.125315 0.000000 0.000000 0.000000 0.974460 0.224561
233.776000 0.500246 4.115119 0.000000 0.000000 0.000000 0.974709 0.223479
233.840000 0.530548 4.107392 0.000000 0.000000 0.000000 0.974995 0.222229
233.908000 0.560902 4.094203 0.000000 0.000000 0.000000 0.975148 0.221555
233.972000 0.591423 4.085525 0.000000 0.000000 0.000000 0.975435 0.220286
234.040000 0.623773 4.075322 0.000000 0.000000 0.000000 0.972119 0.234489
234.104000 0.652659 4.061701 0.000000 0.000000 0.000000 0.966356 0.257208
234.172000 0.683988 4.048524 0.000000 0.000000 0.000000 0.959691 0.281058
234.236000 0.711877 4.033500 0.000000 0.000000 0.000000 0.952837 0.303482
234.304000 0.694931 4.004656 0.000000 0.000000 0.000000 0.930202 0.367047
234.368000 0.720277 3.985336 0.000000 0.000000 0.000000 0.921117 0.389287
234.436000 0.746444 3.963968 0.000000 0.000000 0.000000 0.910742 0.412976
234.500000 0.769126 3.942043 0.000000 0.000000 0.000000 0.904788 0.425862
234.568000 0.787947 3.915027 0.000000 0.000000 0.000000 0.904686 0.426079
234.632000 0.805769 3.889474 0.000000 0.000000 0.000000 0.904572 0.426320
234.700000 0.824341 3.862076 0.000000 0.000000 0.000000 0.904381 0.426726
234.764000 0.841657 3.836088 0.000000 0.000000 0.000000 0.904167 0.427179
234.832000 0.861169 3.809127 0.000000 0.000000 0.000000 0.903971 0.427593
234.896000 0.879902 3.783343 0.000000 0.000000 0.000000 0.903820 0.427913
234.964000 0.900849 3.757393 0.000000 0.000000 0.000000 0.903866 0.427816
235.028000 0.923038 3.735193 0.000000 0.000000 0.000000 0.904067 0.427390
235.096000 0.944423 3.709540 0.000000 0.000000 0.000000 0.904017 0.427497
235.160000 0.964337 3.685522 0.000000 0.000000 0.000000 0.904088 0.427347
235.228000 0.984900 3.659067 0.000000 0.000000 0.000000 0.903997 0.427540
235.292000 1.004618 3.634610 0.000000 0.000000 0.000000 0.903980 0.427575
235.360000 1.026153 3.609001 0.000000 0.000000 0.000000 0.903922 0.427697
235.424000 1.042669 3.581787 0.000000 0.000000 0.000000 0.903545 0.428493
235.492000 1.065635 3.557528 0.000000 0.000000 0.000000 0.903882 0.427781
235.556000 1.086399 3.533720 0.000000 0.000000 0.000000 0.904132 0.427254
235.624000 1.105098 3.506453 0.000000 0.000000 0.000000 0.903676 0.428216
235.688000 1.123225 3.480952 0.000000 0.000000 0.000000 0.903642 0.428289
235.756000 1.143708 3.454257 0.000000 0.000000 0.000000 0.903555 0.428471
235.820000 1.162545 3.429531 0.000000 0.000000 0.000000 0.903316 0.428975
235.888000 1.180852 3.402013 0.000000 0.000000 0.000000 0.903065 0.429505
235.952000 1.196911 3.375354 0.000000 0.000000 0.000000 0.902664 0.430347
236.020000 1.216301 3.348301 0.000000 0.000000 0.000000 0.902511 0.430666
236.084000 1.233884 3.322762 0.000000 0.000000 0.000000 0.902326 0.431054
236.152000 1.250332 3.294127 0.000000 0.000000 0.000000 0.901930 0.431883
236.216000 1.264105 3.266521 0.000000 0.000000 0.000000 0.901368 0.433054
236.284000 1.280654 3.238011 0.000000 0.000000 0.000000 0.900960 0.433901
236.348000 1.302623 3.215420 0.000000 0.000000 0.000000 0.901306 0.433184
236.416000 1.318134 3.186616 0.000000 0.000000 0.000000 0.900673 0.434497
236.480000 1.333923 3.159787 0.000000 0.000000 0.000000 0.900128 0.435626
236.548000 1.349586 3.130730 0.000000 0.000000 0.000000 0.899518 0.436884
236.612000 1.365215 3.104011 0.000000 0.000000 0.000000 0.899129 0.437684
236.680000 1.383168 3.076246 0.000000 0.000000 0.000000 0.898889 0.438176
236.744000 1.397195 3.048713 0.000000 0.000000 0.000000 0.898273 0.439439
236.812000 1.413315 3.019939 0.000000 0.000000 0.000000 0.897791 0.440422
236.876000 1.427719 2.992367 0.000000 0.000000 0.000000 0.897236 0.441551
236.944000 1.446300 2.964808 0.000000 0.000000 0.000000 0.896977 0.442077
237.008000 1.458881 2.936740 0.000000 0.000000 0.000000 0.896295 0.443458
237.076000 1.473883 2.907304 0.000000 0.000000 0.000000 0.895554 0.444953
237.140000 1.490986 2.880692 0.000000 0.000000 0.000000 0.895177 0.445711
237.208000 1.505040 2.851122 0.000000 0.000000 0.000000 0.894410 0.447247
237.272000 1.523635 2.826006 0.000000 0.000000 0.000000 0.894493 0.447081
237.340000 1.537859 2.796213 0.000000 0.000000 0.000000 0.893793 0.448481
237.404000 1.556581 2.772259 0.000000 0.000000 0.000000 0.893778 0.448509
237.472000 1.575855 2.745035 0.000000 0.000000 0.000000 0.893581 0.448902
237.536000 1.596326 2.720728 0.000000 0.000000 0.000000 0.893838 0.448389
237.604000 1.618592 2.695524 0.000000 0.000000 0.000000 0.894221 0.447626
237.668000 1.641613 2.673748 0.000000 0.000000 0.000000 0.894978 0.446111
237.736000 1.666383 2.651015 0.000000 0.000000 0.000000 0.895963 0.444129
237.800000 1.684992 2.625414 0.000000 0.000000 0.000000 0.895813 0.444431
237.868000 1.706321 2.599671 0.000000 0.000000 0.000000 0.896021 0.444013
237.932000 1.725561 2.575454 0.000000 0.000000 0.000000 0.896078 0.443896
238.000000 1.744656 2.548441 0.000000 0.000000 0.000000 0.896065 0.443923
238.064000 1.768703 2.528039 0.000000 0.000000 0.000000 0.897252 0.441518
238.132000 1.785455 2.499316 0.000000 0.000000 0.000000 0.896641 0.442759
238.196000 1.799889 2.471710 0.000000 0.000000 0.000000 0.893363 0.449335
238.264000 1.823551 2.447360 0.000000 0.000000 0.000000 0.882020 0.471212
238.328000 1.842688 2.421840 0.000000 0.000000 0.000000 0.869718 0.493549
238.396000 1.860212 2.392762 0.000000 0.000000 0.000000 0.855518 0.517774
238.460000 1.839389 2.368796 0.000000 0.000000 0.000000 0.822747 0.568408
238.528000 1.851625 2.337283 0.000000 0.000000 0.000000 0.806556 0.591158
238.592000 1.861737 2.307390 0.000000 0.000000 0.000000 0.790888 0.611960
238.660000 1.833108 2.291317 0.000000 0.000000 0.000000 0.745455 0.666555
238.724000 1.802973 2.282060 0.000000 0.000000 0.000000 0.701714 0.712459
238.792000 1.804628 2.248274 0.000000 0.000000 0.000000 0.682505 0.730881
238.856000 1.804070 2.216620 0.000000 0.000000 0.000000 0.663729 0.747974
238.924000 1.801832 2.183193 0.000000 0.000000 0.000000 0.644539 0.764572
238.988000 1.799371 2.151639 0.000000 0.000000 0.000000 0.626109 0.779735
239.056000 1.802597 2.185445 0.000000 0.000000 0.000000 0.606594 0.795012
239.120000 1.797353 2.153928 0.000000 0.000000 0.000000 0.587807 0.809001
239.188000 1.764110 2.160935 0.000000 0.000000 0.000000 0.538506 0.842622
239.252000 1.773505 2.130901 0.000000 0.000000 0.000000 0.517568 0.855642
239.320000 1.757633 2.101201 0.000000 0.000000 0.000000 0.517531 0.855665
239.384000 1.757633 2.101201 0.000000 0.000000 0.000000 0.517531 0.855665
239.452000 1.767787 2.069628 0.000000 0.000000 0.000000 0.517436 0.855722
239.516000 1.767787 2.069628 0.000000 0.000000 0.000000 0.517436 0.855722
239.584000 1.795384 2.049873 0.000000 0.000000 0.000000 0.523316 0.852139
239.648000 1.817102 2.027755 0.000000 0.000000 0.000000 0.525801 0.850608
239.716000 1.801496 1.998121 0.000000 0.000000 0.000000 0.525663 0.850693
239.780000 1.788167 1.969545 0.000000 0.000000 0.000000 0.525880 0.850559
239.848000 1.809603 1.943608 0.000000 0.000000 0.000000 0.528843 0.848720
239.912000 1.834923 1.924301 0.000000 0.000000 0.000000 0.534692 0.845047
239.980000 1.825505 1.894453 0.000000 0.000000 0.000000 0.534802 0.844977
240.044000 1.850021 1.873888 0.000000 0.000000 0.000000 0.540523 0.841329
240.112000 1.831920 1.902105 0.000000 0.000000 0.000000 0.530138 0.847911
240.176000 1.805410 1.920006 0.000000 0.000000 0.000000 0.498760 0.866740
240.244000 1.776830 1.937737 0.000000 0.000000 0.000000 0.461794 0.886987
240.308000 1.749085 1.953413 0.000000 0.000000 0.000000 0.424100 0.905615
240.376000 1.721217 1.972768 0.000000 0.000000 0.000000 0.371950 0.928253
240.440000 1.696730 1.993337 0.000000 0.000000 0.000000 0.326954 0.945040
240.508000 1.675013 2.018820 0.000000 0.000000 0.000000 0.274061 0.961712
240.572000 1.646681 2.004347 0.000000 0.000000 0.000000 0.251397 0.967884
240.640000 1.628798 2.033151 0.000000 0.000000 0.000000 0.204042 0.978962
240.704000 1.621993 2.001883 0.000000 0.000000 0.000000 0.207125 0.978314
240.772000 1.598739 2.026136 0.000000 0.000000 0.000000 0.200398 0.979715
240.836000 1.589253 1.995699 0.000000 0.000000 0.000000 0.203244 0.979128
240.904000 1.557992 1.983308 0.000000 0.000000 0.000000 0.203058 0.979167
240.968000 1.543501 1.954831 0.000000 0.000000 0.000000 0.204944 0.978774
241.036000 1.569978 1.976132 0.000000 0.000000 0.000000 0.205607 0.978635
241.100000 1.540713 1.964624 0.000000 0.000000 0.000000 0.205607 0.978635
241.168000 1.509298 1.952497 0.000000 0.000000 0.000000 0.205508 0.978655
241.232000 1.479939 1.940688 0.000000 0.000000 0.000000 0.205367 0.978685
241.300000 1.506378 1.961990 0.000000 0.000000 0.000000 0.206001 0.978552
241.364000 1.537335 1.968428 0.000000 0.000000 0.000000 0.205387 0.978681
241.432000 1.506912 1.955568 0.000000 0.000000 0.000000 0.205357 0.978687
241.496000 1.479408 1.940890 0.000000 0.000000 0.000000 0.205632 0.978629
241.564000 1.463121 1.911082 0.000000 0.000000 0.000000 0.208655 0.977989
241.628000 1.492490 1.920877 0.000000 0.000000 0.000000 0.208604 0.978000
241.696000 1.467002 1.898636 0.000000 0.000000 0.000000 0.209630 0.977781
241.760000 1.441741 1.879014 0.000000 0.000000 0.000000 0.210142 0.977671
241.828000 1.413083 1.861008 0.000000 0.000000 0.000000 0.210664 0.977558
241.892000 1.383986 1.849467 0.000000 0.000000 0.000000 0.210668 0.977558
241.960000 1.351896 1.845832 0.000000 0.000000 0.000000 0.209819 0.977740
242.024000 1.323723 1.831268 0.000000 0.000000 0.000000 0.209948 0.977713
242.092000 1.291884 1.819871 0.000000 0.000000 0.000000 0.210054 0.977690
242.156000 1.294316 1.788170 0.000000 0.000000 0.000000 0.227336 0.973816
242.224000 1.304922 1.756266 0.000000 0.000000 0.000000 0.268639 0.963241
242.288000 1.319315 1.727957 0.000000 0.000000 0.000000 0.312613 0.949881
242.356000 1.334724 1.697684 0.000000 0.000000 0.000000 0.359826 0.933020
242.420000 1.352205 1.671049 0.000000 0.000000 0.000000 0.401516 0.915852
242.488000 1.374564 1.645462 0.000000 0.000000 0.000000 0.447134 0.894467
242.552000 1.395850 1.621899 0.000000 0.000000 0.000000 0.483808 0.875174
242.620000 1.378953 1.593180 0.000000 0.000000 0.000000 0.490610 0.871379
242.684000 1.363989 1.565205 0.000000 0.000000 0.000000 0.490699 0.871329
242.752000 1.345542 1.537389 0.000000 0.000000 0.000000 0.490625 0.871371
242.816000 1.331301 1.509041 0.000000 0.000000 0.000000 0.490668 0.871347
242.884000 1.315922 1.479501 0.000000 0.000000 0.000000 0.490889 0.871222
242.948000 1.300615 1.451803 0.000000 0.000000 0.000000 0.491116 0.871094
243.016000 1.283341 1.423195 0.000000 0.000000 0.000000 0.491304 0.870988
243.080000 1.268855 1.395134 0.000000 0.000000 0.000000 0.491310 0.870984
243.148000 1.250524 1.367459 0.000000 0.000000 0.000000 0.491091 0.871108
243.212000 1.233680 1.341009 0.000000 0.000000 0.000000 0.491098 0.871105
243.280000 1.216388 1.312603 0.000000 0.000000 0.000000 0.491142 0.871080
243.344000 1.198835 1.286715 0.000000 0.000000 0.000000 0.491142 0.871080
243.412000 1.182065 1.257919 0.000000 0.000000 0.000000 0.491624 0.870808
243.476000 1.164770 1.231905 0.000000 0.000000 0.000000 0.491290 0.870996
243.544000 1.147259 1.203233 0.000000 0.000000 0.000000 0.491290 0.870996
243.608000 1.130052 1.176786 0.000000 0.000000 0.000000 0.491121 0.871092
243.676000 1.113506 1.148034 0.000000 0.000000 0.000000 0.491332 0.870972
243.740000 1.098165 1.120385 0.000000 0.000000 0.000000 0.491676 0.870778
243.808000 1.079970 1.092735 0.000000 0.000000 0.000000 0.491617 0.870812
243.872000 1.065266 1.065133 0.000000 0.000000 0.000000 0.491574 0.870836
243.940000 1.048968 1.036189 0.000000 0.000000 0.000000 0.491732 0.870747
244.004000 1.033171 1.009023 0.000000 0.000000 0.000000 0.491789 0.870715
244.072000 1.019156 0.979233 0.000000 0.000000 0.000000 0.491852 0.870679
244.136000 1.004535 0.951562 0.000000 0.000000 0.000000 0.492061 0.870561
244.204000 0.993909 0.920765 0.000000 0.000000 0.000000 0.492703 0.870197
244.268000 0.978328 0.893594 0.000000 0.000000 0.000000 0.492536 0.870292
244.336000 0.963906 0.863136 0.000000 0.000000 0.000000 0.492804 0.870140
244.400000 0.953646 0.833409 0.000000 0.000000 0.000000 0.493257 0.869883
244.468000 0.937442 0.803685 0.000000 0.000000 0.000000 0.493136 0.869952
244.532000 0.908553 0.790441 0.000000 0.000000 0.000000 0.489701 0.871890
244.600000 0.880817 0.771746 0.000000 0.000000 0.000000 0.487512 0.873116
244.664000 0.862231 0.745773 0.000000 0.000000 0.000000 0.487303 0.873233
244.732000 0.846425 0.716005 0.000000 0.000000 0.000000 0.487462 0.873144
244.796000 0.841185 0.684850 0.000000 0.000000 0.000000 0.488682 0.872462
244.864000 0.823361 0.656215 0.000000 0.000000 0.000000 0.488708 0.872448
244.928000 0.810542 0.627316 0.000000 0.000000 0.000000 0.488744 0.872427
244.996000 0.796375 0.596811 0.000000 0.000000 0.000000 0.488850 0.872368
245.060000 0.781218 0.569277 0.000000 0.000000 0.000000 0.488879 0.872352
245.128000 0.747295 0.567074 0.000000 0.000000 0.000000 0.474095 0.880474
245.192000 0.718285 0.580467 0.000000 0.000000 0.000000 0.433629 0.901091
245.260000 0.688531 0.596713 0.000000 0.000000 0.000000 0.386175 0.922426
245.324000 0.662212 0.614569 0.000000 0.000000 0.000000 0.336975 0.941514
245.392000 0.640329 0.589745 0.000000 0.000000 0.000000 0.312794 0.949821
245.456000 0.618576 0.613096 0.000000 0.000000 0.000000 0.260984 0.965343
245.524000 0.590190 0.595247 0.000000 0.000000 0.000000 0.253666 0.967292
245.588000 0.563545 0.578446 0.000000 0.000000 0.000000 0.253446 0.967349
245.656000 0.535577 0.560584 0.000000 0.000000 0.000000 0.253851 0.967243
245.720000 0.508128 0.546001 0.000000 0.000000 0.000000 0.253738 0.967273
245.788000 0.480391 0.528205 0.000000 0.000000 0.000000 0.253866 0.967239
245.852000 0.453661 0.511806 0.000000 0.000000 0.000000 0.253911 0.967228
245.920000 0.426209 0.492929 0.000000 0.000000 0.000000 0.254428 0.967092
245.984000 0.399452 0.476564 0.000000 0.000000 0.000000 0.254421 0.967093
246.052000 0.371762 0.458497 0.000000 0.000000 0.000000 0.254789 0.966997
246.116000 0.344761 0.442763 0.000000 0.000000 0.000000 0.254843 0.966983
246.184000 0.316163 0.426320 0.000000 0.000000 0.000000 0.254882 0.966972
246.248000 0.289314 0.410117 0.000000 0.000000 0.000000 0.254895 0.966969
246.316000 0.259607 0.394753 0.000000 0.000000 0.000000 0.254616 0.967042
246.380000 0.231611 0.380276 0.000000 0.000000 0.000000 0.254616 0.967042
246.448000 0.204120 0.361974 0.000000 0.000000 0.000000 0.255018 0.966936
246.512000 0.176041 0.348004 0.000000 0.000000 0.000000 0.255018 0.966936
246.580000 0.147944 0.330475 0.000000 0.000000 0.000000 0.255018 0.966936
246.644000 0.120559 0.315451 0.000000 0.000000 0.000000 0.254855 0.966979
246.712000 0.092241 0.297709 0.000000 0.000000 0.000000 0.254799 0.966994
246.776000 0.065817 0.280852 0.000000 0.000000 0.000000 0.254803 0.966993
246.844000 0.037154 0.264253 0.000000 0.000000 0.000000 0.254803 0.966993
246.908000 0.013254 0.244832 0.000000 0.000000 0.000000 0.255377 0.966842
246.976000 -0.015664 0.228783 0.000000 0.000000 0.000000 0.255354 0.966848
247.040000 -0.042425 0.212862 0.000000 0.000000 0.000000 0.255568 0.966791
247.108000 -0.072321 0.198127 0.000000 0.000000 0.000000 0.255568 0.966791
247.172000 -0.069328 0.166490 0.000000 0.000000 0.000000 0.266066 0.963955
247.240000 -0.096209 0.146333 0.000000 0.000000 0.000000 0.266532 0.963826
247.304000 -0.121701 0.127533 0.000000 0.000000 0.000000 0.266934 0.963715
247.372000 -0.111424 0.095416 0.000000 0.000000 0.000000 0.280991 0.959710
247.436000 -0.107971 0.063629 0.000000 0.000000 0.000000 0.292004 0.956417
247.504000 -0.105651 0.029893 0.000000 0.000000 0.000000 0.299987 0.953943
247.568000 -0.130928 0.011407 0.000000 0.000000 0.000000 0.300208 0.953874
247.636000 -0.159836 -0.005169 0.000000 0.000000 0.000000 0.299945 0.953956
247.700000 -0.184798 -0.024873 0.000000 0.000000 0.000000 0.300172 0.953885
247.768000 -0.214124 -0.041122 0.000000 0.000000 0.000000 0.299847 0.953987
247.832000 -0.238153 -0.061032 0.000000 0.000000 0.000000 0.300279 0.953851
247.900000 -0.264997 -0.080490 0.000000 0.000000 0.000000 0.300401 0.953813
247.964000 -0.290681 -0.099001 0.000000 0.000000 0.000000 0.300607 0.953748
248.032000 -0.317150 -0.120318 0.000000 0.000000 0.000000 0.300659 0.953732
248.096000 -0.341892 -0.140518 0.000000 0.000000 0.000000 0.301213 0.953557
248.164000 -0.367696 -0.160885 0.000000 0.000000 0.000000 0.301567 0.953445
248.228000 -0.394997 -0.176829 0.000000 0.000000 0.000000 0.301566 0.953445
248.296000 -0.425045 -0.190888 0.000000 0.000000 0.000000 0.301086 0.953597
248.360000 -0.451012 -0.209116 0.000000 0.000000 0.000000 0.300887 0.953660
248.428000 -0.478977 -0.228451 0.000000 0.000000 0.000000 0.300649 0.953735
248.492000 -0.508243 -0.240982 0.000000 0.000000 0.000000 0.299795 0.954004
248.560000 -0.533874 -0.262698 0.000000 0.000000 0.000000 0.300082 0.953913
248.624000 -0.563466 -0.274732 0.000000 0.000000 0.000000 0.299383 0.954133
248.692000 -0.587573 -0.298392 0.000000 0.000000 0.000000 0.299506 0.954094
248.756000 -0.612688 -0.316981 0.000000 0.000000 0.000000 0.299492 0.954099
248.824000 -0.639718 -0.337591 0.000000 0.000000 0.000000 0.310919 0.950437
248.888000 -0.663891 -0.357467 0.000000 0.000000 0.000000 0.332475 0.943112
248.956000 -0.689186 -0.379908 0.000000 0.000000 0.000000 0.356369 0.934345
249.020000 -0.711813 -0.402319 0.000000 0.000000 0.000000 0.378874 0.925448
249.088000 -0.734965 -0.426373 0.000000 0.000000 0.000000 0.402483 0.915428
249.152000 -0.758296 -0.447412 0.000000 0.000000 0.000000 0.420471 0.907306
249.220000 -0.777676 -0.474396 0.000000 0.000000 0.000000 0.420728 0.907187
249.284000 -0.794073 -0.501375 0.000000 0.000000 0.000000 0.420972 0.907073
249.352000 -0.811841 -0.529429 0.000000 0.000000 0.000000 0.421578 0.906792
249.416000 -0.827142 -0.556331 0.000000 0.000000 0.000000 0.422023 0.906585
249.484000 -0.841870 -0.586136 0.000000 0.000000 0.000000 0.422669 0.906284
249.548000 -0.856671 -0.613186 0.000000 0.000000 0.000000 0.423103 0.906081
249.616000 -0.870833 -0.642919 0.000000 0.000000 0.000000 0.423795 0.905758
249.680000 -0.887256 -0.669659 0.000000 0.000000 0.000000 0.424325 0.905510
249.748000 -0.906555 -0.696923 0.000000 0.000000 0.000000 0.424829 0.905273
249.812000 -0.890056 -0.670209 0.000000 0.000000 0.000000 0.425339 0.905034
249.880000 -0.906259 -0.699374 0.000000 0.000000 0.000000 0.425777 0.904828
249.944000 -0.923238 -0.725645 0.000000 0.000000 0.000000 0.426280 0.904591
250.012000 -0.934322 -0.756719 0.000000 0.000000 0.000000 0.427070 0.904219
250.076000 -0.948864 -0.784420 0.000000 0.000000 0.000000 0.427657 0.903941
250.144000 -0.965141 -0.814122 0.000000 0.000000 0.000000 0.428466 0.903558
250.208000 -0.982981 -0.839779 0.000000 0.000000 0.000000 0.428976 0.903316
250.276000 -1.004596 -0.865466 0.000000 0.000000 0.000000 0.429171 0.903223
250.340000 -1.020891 -0.892647 0.000000 0.000000 0.000000 0.429791 0.902929
250.408000 -1.029863 -0.924603 0.000000 0.000000 0.000000 0.431402 0.902160
250.472000 -1.046669 -0.950480 0.000000 0.000000 0.000000 0.431546 0.902091
250.540000 -1.062401 -0.979798 0.000000 0.000000 0.000000 0.432122 0.901815
250.604000 -1.078432 -1.007057 0.000000 0.000000 0.000000 0.432434 0.901666
250.672000 -1.097305 -1.034533 0.000000 0.000000 0.000000 0.432582 0.901595
250.736000 -1.117156 -1.059152 0.000000 0.000000 0.000000 0.432650 0.901562
250.804000 -1.133725 -1.088608 0.000000 0.000000 0.000000 0.432967 0.901410
250.868000 -1.148829 -1.115926 0.000000 0.000000 0.000000 0.433414 0.901195
250.936000 -1.155916 -1.148238 0.000000 0.000000 0.000000 0.435165 0.900351
251.000000 -1.144078 -1.118526 0.000000 0.000000 0.000000 0.436103 0.899897
251.068000 -1.164230 -1.144872 0.000000 0.000000 0.000000 0.435902 0.899994
251.132000 -1.140135 -1.123816 0.000000 0.000000 0.000000 0.435376 0.900249
251.200000 -1.117610 -1.148752 0.000000 0.000000 0.000000 0.465986 0.884792
251.264000 -1.093743 -1.170059 0.000000 0.000000 0.000000 0.507112 0.861880
251.332000 -1.108468 -1.200566 0.000000 0.000000 0.000000 0.529236 0.848475
251.396000 -1.083181 -1.219198 0.000000 0.000000 0.000000 0.564805 0.825224
251.464000 -1.054871 -1.233343 0.000000 0.000000 0.000000 0.604284 0.796769
251.528000 -1.024839 -1.244369 0.000000 0.000000 0.000000 0.642397 0.766372
251.596000 -0.992757 -1.251891 0.000000 0.000000 0.000000 0.682762 0.730641
251.660000 -0.961250 -1.257249 0.000000 0.000000 0.000000 0.717060 0.697012
251.728000 -0.928691 -1.259689 0.000000 0.000000 0.000000 0.750227 0.661180
251.792000 -0.896706 -1.259501 0.000000 0.000000 0.000000 0.781689 0.623668
251.860000 -0.862783 -1.257821 0.000000 0.000000 0.000000 0.810211 0.586138
251.924000 -0.830930 -1.254791 0.000000 0.000000 0.000000 0.829355 0.558722
251.992000 -0.816562 -1.284773 0.000000 0.000000 0.000000 0.829597 0.558362
252.056000 -0.819642 -1.315940 0.000000 0.000000 0.000000 0.828206 0.560423
252.124000 -0.842360 -1.290685 0.000000 0.000000 0.000000 0.828845 0.559479
252.188000 -0.835698 -1.321292 0.000000 0.000000 0.000000 0.828229 0.560390
252.256000 -0.823716 -1.352606 0.000000 0.000000 0.000000 0.828285 0.560307
252.320000 -0.843129 -1.327288 0.000000 0.000000 0.000000 0.828968 0.559295
252.388000 -0.824267 -1.355370 0.000000 0.000000 0.000000 0.829545 0.558440
252.452000 -0.845533 -1.331525 0.000000 0.000000 0.000000 0.830343 0.557253
252.520000 -0.823959 -1.357800 0.000000 0.000000 0.000000 0.831044 0.556207
252.584000 -0.819603 -1.388753 0.000000 0.000000 0.000000 0.830362 0.557224
252.652000 -0.804079 -1.418310 0.000000 0.000000 0.000000 0.830678 0.556753
252.716000 -0.794054 -1.447755 0.000000 0.000000 0.000000 0.830669 0.556766
252.784000 -0.781683 -1.479044 0.000000 0.000000 0.000000 0.830632 0.556821
252.848000 -0.769947 -1.508189 0.000000 0.000000 0.000000 0.830568 0.556917
252.916000 -0.756886 -1.538965 0.000000 0.000000 0.000000 0.830522 0.556986
252.980000 -0.745851 -1.568862 0.000000 0.000000 0.000000 0.830525 0.556982
253.048000 -0.734005 -1.599968 0.000000 0.000000 0.000000 0.830342 0.557254
253.112000 -0.722583 -1.629140 0.000000 0.000000 0.000000 0.830319 0.557288
253.180000 -0.745284 -1.604062 0.000000 0.000000 0.000000 0.830970 0.556317
253.244000 -0.723312 -1.627210 0.000000 0.000000 0.000000 0.831595 0.555383
253.312000 -0.700693 -1.652426 0.000000 0.000000 0.000000 0.832441 0.554113
253.376000 -0.688434 -1.681511 0.000000 0.000000 0.000000 0.832432 0.554127
253.444000 -0.674637 -1.711837 0.000000 0.000000 0.000000 0.832604 0.553869
253.508000 -0.663085 -1.741019 0.000000 0.000000 0.000000 0.832567 0.553925
253.576000 -0.650133 -1.771526 0.000000 0.000000 0.000000 0.832771 0.553618
253.640000 -0.637894 -1.800048 0.000000 0.000000 0.000000 0.832794 0.553583
253.708000 -0.626681 -1.831185 0.000000 0.000000 0.000000 0.832635 0.553823
253.772000 -0.615685 -1.859947 0.000000 0.000000 0.000000 0.832506 0.554017
253.840000 -0.603607 -1.891478 0.000000 0.000000 0.000000 0.832280 0.554356
253.904000 -0.614040 -1.919090 0.000000 0.000000 0.000000 0.829780 0.558090
253.972000 -0.601650 -1.949509 0.000000 0.000000 0.000000 0.829955 0.557831
254.036000 -0.590689 -1.978549 0.000000 0.000000 0.000000 0.829899 0.557913
254.104000 -0.579056 -2.009662 0.000000 0.000000 0.000000 0.829786 0.558081
254.168000 -0.568757 -2.039246 0.000000 0.000000 0.000000 0.829493 0.558517
254.236000 -0.556318 -2.070109 0.000000 0.000000 0.000000 0.829626 0.558319
254.300000 -0.545005 -2.098778 0.000000 0.000000 0.000000 0.829640 0.558299
254.368000 -0.533417 -2.129788 0.000000 0.000000 0.000000 0.829554 0.558426
254.432000 -0.521598 -2.159335 0.000000 0.000000 0.000000 0.829439 0.558597
254.500000 -0.510647 -2.190784 0.000000 0.000000 0.000000 0.829349 0.558730
254.564000 -0.498697 -2.219460 0.000000 0.000000 0.000000 0.829418 0.558628
254.632000 -0.486513 -2.250394 0.000000 0.000000 0.000000 0.829427 0.558614
254.696000 -0.474937 -2.279170 0.000000 0.000000 0.000000 0.829532 0.558459
254.764000 -0.462186 -2.309662 0.000000 0.000000 0.000000 0.829770 0.558106
254.828000 -0.450606 -2.338638 0.000000 0.000000 0.000000 0.829738 0.558153
254.896000 -0.437966 -2.369487 0.000000 0.000000 0.000000 0.829700 0.558209
254.960000 -0.428084 -2.398707 0.000000 0.000000 0.000000 0.829606 0.558350
255.028000 -0.416193 -2.429698 0.000000 0.000000 0.000000 0.829528 0.558466
255.092000 -0.405626 -2.459128 0.000000 0.000000 0.000000 0.829328 0.558762
255.160000 -0.393729 -2.490129 0.000000 0.000000 0.000000 0.829162 0.559008
255.224000 -0.383556 -2.519744 0.000000 0.000000 0.000000 0.828889 0.559413
255.292000 -0.371349 -2.550597 0.000000 0.000000 0.000000 0.828962 0.559305
255.356000 -0.358677 -2.579195 0.000000 0.000000 0.000000 0.829282 0.558830
255.424000 -0.346536 -2.609645 0.000000 0.000000 0.000000 0.829321 0.558772
255.488000 -0.335402 -2.638830 0.000000 0.000000 0.000000 0.829356 0.558720
255.556000 -0.324906 -2.670183 0.000000 0.000000 0.000000 0.829003 0.559244
255.620000 -0.313003 -2.699018 0.000000 0.000000 0.000000 0.829086 0.559121
255.688000 -0.300875 -2.729953 0.000000 0.000000 0.000000 0.829150 0.559026
255.752000 -0.288065 -2.758705 0.000000 0.000000 0.000000 0.828481 0.560017
255.820000 -0.270552 -2.787631 0.000000 0.000000 0.000000 0.814904 0.579595
255.884000 -0.298544 -2.802953 0.000000 0.000000 0.000000 0.780597 0.625034
255.952000 -0.329539 -2.816485 0.000000 0.000000 0.000000 0.744230 0.667924
256.016000 -0.360351 -2.824723 0.000000 0.000000 0.000000 0.703585 0.710611
256.084000 -0.393873 -2.829959 0.000000 0.000000 0.000000 0.658484 0.752595
256.148000 -0.425777 -2.828987 0.000000 0.000000 0.000000 0.617274 0.786748
256.216000 -0.459017 -2.825946 0.000000 0.000000 0.000000 0.566309 0.824193
256.280000 -0.490455 -2.829543 0.000000 0.000000 0.000000 0.553206 0.833044
256.348000 -0.522962 -2.839077 0.000000 0.000000 0.000000 0.545443 0.838148
256.412000 -0.553781 -2.843161 0.000000 0.000000 0.000000 0.536041 0.844192
256.480000 -0.587506 -2.846726 0.000000 0.000000 0.000000 0.526638 0.850090
256.544000 -0.605547 -2.872233 0.000000 0.000000 0.000000 0.525539 0.850769
256.612000 -0.618589 -2.902823 0.000000 0.000000 0.000000 0.526071 0.850440
256.676000 -0.629866 -2.932018 0.000000 0.000000 0.000000 0.526682 0.850063
256.744000 -0.651408 -2.958147 0.000000 0.000000 0.000000 0.525241 0.850953
256.808000 -0.682673 -2.956273 0.000000 0.000000 0.000000 0.511997 0.858987
256.876000 -0.704175 -2.982544 0.000000 0.000000 0.000000 0.511674 0.859180
256.940000 -0.735684 -2.981869 0.000000 0.000000 0.000000 0.499029 0.866585
257.008000 -0.764678 -2.998697 0.000000 0.000000 0.000000 0.495336 0.868702
257.072000 -0.745964 -2.973671 0.000000 0.000000 0.000000 0.494881 0.868961
257.140000 -0.773267 -2.993078 0.000000 0.000000 0.000000 0.493947 0.869492
257.204000 -0.804677 -2.996807 0.000000 0.000000 0.000000 0.488156 0.872756
257.272000 -0.789695 -2.967126 0.000000 0.000000 0.000000 0.488567 0.872527
257.336000 -0.821057 -2.966965 0.000000 0.000000 0.000000 0.477969 0.878377
257.404000 -0.847746 -2.987396 0.000000 0.000000 0.000000 0.475649 0.879635
257.468000 -0.879229 -2.984723 0.000000 0.000000 0.000000 0.463089 0.886312
257.536000 -0.895566 -3.014298 0.000000 0.000000 0.000000 0.463519 0.886087
257.600000 -0.872892 -3.036825 0.000000 0.000000 0.000000 0.470282 0.882516
257.668000 -0.888453 -3.066226 0.000000 0.000000 0.000000 0.470560 0.882368
257.732000 -0.908220 -3.090960 0.000000 0.000000 0.000000 0.470055 0.882637
257.800000 -0.926748 -3.118891 0.000000 0.000000 0.000000 0.470335 0.882488
257.864000 -0.957749 -3.125126 0.000000 0.000000 0.000000 0.463921 0.885877
257.932000 -0.990190 -3.131819 0.000000 0.000000 0.000000 0.459185 0.888341
257.996000 -1.009568 -3.156463 0.000000 0.000000 0.000000 0.458980 0.888447
258.064000 -1.033312 -3.179653 0.000000 0.000000 0.000000 0.458356 0.888769
258.128000 -1.050874 -3.206246 0.000000 0.000000 0.000000 0.458757 0.888562
258.196000 -1.084734 -3.205580 0.000000 0.000000 0.000000 0.451974 0.892031
258.260000 -1.115971 -3.212082 0.000000 0.000000 0.000000 0.448385 0.893841
258.328000 -1.131914 -3.241403 0.000000 0.000000 0.000000 0.449287 0.893388
258.392000 -1.148236 -3.268079 0.000000 0.000000 0.000000 0.450011 0.893023
258.460000 -1.166176 -3.295999 0.000000 0.000000 0.000000 0.450644 0.892704
258.524000 -1.184730 -3.321504 0.000000 0.000000 0.000000 0.450471 0.892791
258.592000 -1.201323 -3.349661 0.000000 0.000000 0.000000 0.450941 0.892554
258.656000 -1.219501 -3.375100 0.000000 0.000000 0.000000 0.451155 0.892446
258.724000 -1.235320 -3.404554 0.000000 0.000000 0.000000 0.451887 0.892075
258.788000 -1.250602 -3.431757 0.000000 0.000000 0.000000 0.452453 0.891788
258.856000 -1.268922 -3.459691 0.000000 0.000000 0.000000 0.438662 0.898652
258.920000 -1.297158 -3.444650 0.000000 0.000000 0.000000 0.387094 0.922040
258.988000 -1.320448 -3.469361 0.000000 0.000000 0.000000 0.363620 0.931547
259.052000 -1.343339 -3.491708 0.000000 0.000000 0.000000 0.341325 0.939946
259.120000 -1.367881 -3.468226 0.000000 0.000000 0.000000 0.289675 0.957125
259.184000 -1.393900 -3.486836 0.000000 0.000000 0.000000 0.266157 0.963930
259.252000 -1.413250 -3.459279 0.000000 0.000000 0.000000 0.217667 0.976023
259.316000 -1.429906 -3.432030 0.000000 0.000000 0.000000 0.167905 0.985803
259.384000 -1.445396 -3.402684 0.000000 0.000000 0.000000 0.120622 0.992699
259.448000 -1.458328 -3.373422 0.000000 0.000000 0.000000 0.070746 0.997494
259.516000 -1.469437 -3.341476 0.000000 0.000000 0.000000 0.021979 0.999758
259.580000 -1.501403 -3.342309 0.000000 0.000000 0.000000 -0.002416 0.999997
259.648000 -1.503693 -3.309131 0.000000 0.000000 0.000000 -0.060810 0.998149
259.712000 -1.503003 -3.277423 0.000000 0.000000 0.000000 -0.112729 0.993626
259.780000 -1.536399 -3.271441 0.000000 0.000000 0.000000 -0.137843 0.990454
259.844000 -1.530115 -3.241337 0.000000 0.000000 0.000000 -0.189449 0.981890
259.912000 -1.561583 -3.228743 0.000000 0.000000 0.000000 -0.214919 0.976632
259.976000 -1.553843 -3.198717 0.000000 0.000000 0.000000 -0.262322 0.964980
260.044000 -1.541977 -3.167551 0.000000 0.000000 0.000000 -0.313271 0.949664
260.108000 -1.525291 -3.141350 0.000000 0.000000 0.000000 -0.360972 0.932577
260.176000 -1.551861 -3.120784 0.000000 0.000000 0.000000 -0.374166 0.927362
260.240000 -1.571883 -3.096648 0.000000 0.000000 0.000000 -0.375065 0.926999
260.308000 -1.594127 -3.071514 0.000000 0.000000 0.000000 -0.375631 0.926769
260.372000 -1.614892 -3.048109 0.000000 0.000000 0.000000 -0.376153 0.926558
260.440000 -1.639634 -3.025335 0.000000 0.000000 0.000000 -0.376266 0.926512
260.504000 -1.660655 -3.001961 0.000000 0.000000 0.000000 -0.376486 0.926422
260.572000 -1.683973 -2.977906 0.000000 0.000000 0.000000 -0.376964 0.926228
260.636000 -1.708073 -2.957167 0.000000 0.000000 0.000000 -0.376837 0.926280
260.704000 -1.731985 -2.933659 0.000000 0.000000 0.000000 -0.377463 0.926025
260.768000 -1.755463 -2.912450 0.000000 0.000000 0.000000 -0.377362 0.926066
260.836000 -1.780904 -2.891366 0.000000 0.000000 0.000000 -0.376739 0.926319
260.900000 -1.803704 -2.869584 0.000000 0.000000 0.000000 -0.376819 0.926287
260.968000 -1.824190 -2.843250 0.000000 0.000000 0.000000 -0.377759 0.925904
261.032000 -1.848158 -2.823075 0.000000 0.000000 0.000000 -0.377947 0.925827
261.100000 -1.869994 -2.797933 0.000000 0.000000 0.000000 -0.377924 0.925836
261.164000 -1.893706 -2.777529 0.000000 0.000000 0.000000 -0.377391 0.926054
261.232000 -1.918696 -2.755286 0.000000 0.000000 0.000000 -0.377392 0.926054
261.296000 -1.939297 -2.731775 0.000000 0.000000 0.000000 -0.377967 0.925819
261.364000 -1.966894 -2.712649 0.000000 0.000000 0.000000 -0.377436 0.926036
261.428000 -1.995975 -2.702535 0.000000 0.000000 0.000000 -0.375504 0.926821
261.496000 -2.019308 -2.678104 0.000000 0.000000 0.000000 -0.395747 0.918359
261.560000 -1.999722 -2.653329 0.000000 0.000000 0.000000 -0.440303 0.897849
261.628000 -2.020502 -2.626720 0.000000 0.000000 0.000000 -0.461878 0.886943
261.692000 -1.997690 -2.604440 0.000000 0.000000 0.000000 -0.503215 0.864161
261.760000 -1.970368 -2.584357 0.000000 0.000000 0.000000 -0.546588 0.837401
261.824000 -1.944264 -2.565990 0.000000 0.000000 0.000000 -0.586423 0.810005
261.892000 -1.914029 -2.551061 0.000000 0.000000 0.000000 -0.627997 0.778216
261.956000 -1.883840 -2.540526 0.000000 0.000000 0.000000 -0.665540 0.746362
262.024000 -1.907504 -2.516837 0.000000 0.000000 0.000000 -0.665078 0.746774
262.088000 -1.918077 -2.487431 0.000000 0.000000 0.000000 -0.664085 0.747657
262.156000 -1.916626 -2.453594 0.000000 0.000000 0.000000 -0.664518 0.747272
262.220000 -1.890488 -2.435217 0.000000 0.000000 0.000000 -0.671586 0.740926
262.288000 -1.891273 -2.402110 0.000000 0.000000 0.000000 -0.671928 0.740617
262.352000 -1.874048 -2.375809 0.000000 0.000000 0.000000 -0.675131 0.737697
262.420000 -1.885826 -2.345020 0.000000 0.000000 0.000000 -0.674045 0.738690
262.484000 -1.864625 -2.321528 0.000000 0.000000 0.000000 -0.678511 0.734590
262.552000 -1.844230 -2.294533 0.000000 0.000000 0.000000 -0.682014 0.731339
262.616000 -1.856865 -2.266208 0.000000 0.000000 0.000000 -0.680825 0.732446
262.684000 -1.859150 -2.232808 0.000000 0.000000 0.000000 -0.680830 0.732442
262.748000 -1.861869 -2.201532 0.000000 0.000000 0.000000 -0.680899 0.732377
262.816000 -1.870605 -2.170237 0.000000 0.000000 0.000000 -0.679985 0.733226
262.880000 -1.878206 -2.140749 0.000000 0.000000 0.000000 -0.679441 0.733730
262.948000 -1.887754 -2.109669 0.000000 0.000000 0.000000 -0.678580 0.734526
263.012000 -1.900355 -2.081594 0.000000 0.000000 0.000000 -0.677505 0.735518
263.080000 -1.869117 -2.068190 0.000000 0.000000 0.000000 -0.700023 0.714120
263.144000 -1.837699 -2.062395 0.000000 0.000000 0.000000 0.731456 -0.681889
263.212000 -1.834155 -2.096168 0.000000 0.000000 0.000000 0.748826 -0.662767
263.276000 -1.802625 -2.096219 0.000000 0.000000 0.000000 0.777682 -0.628657
263.344000 -1.769604 -2.099130 0.000000 0.000000 0.000000 0.811445 -0.584429
263.408000 -1.737609 -2.098974 0.000000 0.000000 0.000000 0.820700 -0.571359
263.476000 -1.722594 -2.070341 0.000000 0.000000 0.000000 0.820955 -0.570993
263.540000 -1.742676 -2.092310 0.000000 0.000000 0.000000 0.821846 -0.569709
263.608000 -1.731680 -2.061716 0.000000 0.000000 0.000000 0.821686 -0.569941
263.672000 -1.722606 -2.033308 0.000000 0.000000 0.000000 0.821575 -0.570101
263.740000 -1.713526 -2.002193 0.000000 0.000000 0.000000 0.821152 -0.570710
263.804000 -1.704989 -1.971358 0.000000 0.000000 0.000000 0.820903 -0.571067
263.872000 -1.695652 -1.939388 0.000000 0.000000 0.000000 0.820739 -0.571303
263.936000 -1.708875 -1.911014 0.000000 0.000000 0.000000 0.818499 -0.574507
264.004000 -1.733517 -1.889151 0.000000 0.000000 0.000000 0.813064 -0.582175
264.068000 -1.725753 -1.858401 0.000000 0.000000 0.000000 0.812710 -0.582668
264.136000 -1.720342 -1.825818 0.000000 0.000000 0.000000 0.812305 -0.583233
264.200000 -1.713521 -1.794974 0.000000 0.000000 0.000000 0.812003 -0.583654
264.268000 -1.704781 -1.762841 0.000000 0.000000 0.000000 0.811818 -0.583910
264.332000 -1.696911 -1.733022 0.000000 0.000000 0.000000 0.811522 -0.584321
264.400000 -1.675823 -1.706576 0.000000 0.000000 0.000000 0.813105 -0.582118
264.464000 -1.668083 -1.677868 0.000000 0.000000 0.000000 0.812802 -0.582541
264.532000 -1.659097 -1.645558 0.000000 0.000000 0.000000 0.812570 -0.582863
264.596000 -1.638089 -1.622695 0.000000 0.000000 0.000000 0.814399 -0.580306
264.664000 -1.630079 -1.590980 0.000000 0.000000 0.000000 0.813946 -0.580940
264.728000 -1.621172 -1.560444 0.000000 0.000000 0.000000 0.813946 -0.580940
264.796000 -1.613292 -1.527464 0.000000 0.000000 0.000000 0.813581 -0.581452
264.860000 -1.605473 -1.496751 0.000000 0.000000 0.000000 0.813190 -0.581998
264.928000 -1.620089 -1.466937 0.000000 0.000000 0.000000 0.808795 -0.588091
264.992000 -1.611112 -1.436859 0.000000 0.000000 0.000000 0.808615 -0.588339
265.060000 -1.607304 -1.403415 0.000000 0.000000 0.000000 0.808127 -0.589008
265.124000 -1.629792 -1.381708 0.000000 0.000000 0.000000 0.803504 -0.595299
265.192000 -1.622735 -1.348879 0.000000 0.000000 0.000000 0.803004 -0.595974
265.256000 -1.617041 -1.317863 0.000000 0.000000 0.000000 0.802514 -0.596633
265.324000 -1.611707 -1.285137 0.000000 0.000000 0.000000 0.802138 -0.597139
265.388000 -1.626585 -1.257237 0.000000 0.000000 0.000000 0.798805 -0.601591
265.456000 -1.617945 -1.225077 0.000000 0.000000 0.000000 0.798675 -0.601763
265.520000 -1.612303 -1.193808 0.000000 0.000000 0.000000 0.798456 -0.602053
265.588000 -1.607436 -1.161337 0.000000 0.000000 0.000000 0.797687 -0.603071
265.652000 -1.602654 -1.130075 0.000000 0.000000 0.000000 0.797016 -0.603958
265.720000 -1.597928 -1.096904 0.000000 0.000000 0.000000 0.796499 -0.604639
265.784000 -1.594332 -1.066134 0.000000 0.000000 0.000000 0.795818 -0.605535
265.852000 -1.590111 -1.033087 0.000000 0.000000 0.000000 0.794954 -0.606670
265.916000 -1.586165 -1.002832 0.000000 0.000000 0.000000 0.794166 -0.607701
265.984000 -1.588495 -0.969005 0.000000 0.000000 0.000000 0.792872 -0.609388
266.048000 -1.584639 -0.937290 0.000000 0.000000 0.000000 0.792059 -0.610444
266.116000 -1.577983 -0.904053 0.000000 0.000000 0.000000 0.791820 -0.610755
266.180000 -1.573183 -0.935248 0.000000 0.000000 0.000000 0.790973 -0.611851
266.248000 -1.569254 -0.902880 0.000000 0.000000 0.000000 0.789868 -0.613276
266.312000 -1.566825 -0.872310 0.000000 0.000000 0.000000 0.788596 -0.614911
266.380000 -1.561351 -0.839948 0.000000 0.000000 0.000000 0.787916 -0.615783
266.444000 -1.577147 -0.813474 0.000000 0.000000 0.000000 0.784544 -0.620073
266.512000 -1.596393 -0.786043 0.000000 0.000000 0.000000 0.780927 -0.624622
266.576000 -1.620995 -0.765676 0.000000 0.000000 0.000000 0.776474 -0.630149
266.644000 -1.615311 -0.732936 0.000000 0.000000 0.000000 0.776327 -0.630331
266.708000 -1.611219 -0.701533 0.000000 0.000000 0.000000 0.775848 -0.630919
266.776000 -1.639000 -0.683203 0.000000 0.000000 0.000000 0.762144 -0.647407
266.840000 -1.659755 -0.659529 0.000000 0.000000 0.000000 0.757718 -0.652582
266.908000 -1.691421 -0.648212 0.000000 0.000000 0.000000 0.723880 -0.689926
266.972000 -1.723073 -0.643826 0.000000 0.000000 0.000000 -0.681880 0.731464
267.040000 -1.756572 -0.642527 0.000000 0.000000 0.000000 -0.635739 0.771904
267.104000 -1.787987 -0.646071 0.000000 0.000000 0.000000 -0.591463 0.806332
267.172000 -1.818730 -0.652611 0.000000 0.000000 0.000000 -0.541863 0.840467
267.236000 -1.849638 -0.660849 0.000000 0.000000 0.000000 -0.509530 0.860453
267.304000 -1.860125 -0.628953 0.000000 0.000000 0.000000 -0.510003 0.860173
267.368000 -1.873221 -0.600573 0.000000 0.000000 0.000000 -0.510367 0.859957
267.436000 -1.891225 -0.572419 0.000000 0.000000 0.000000 -0.510428 0.859921
267.500000 -1.906602 -0.545095 0.000000 0.000000 0.000000 -0.510476 0.859892
267.568000 -1.917019 -0.513338 0.000000 0.000000 0.000000 -0.510803 0.859698
267.632000 -1.930793 -0.485455 0.000000 0.000000 0.000000 -0.511131 0.859503
267.700000 -1.940524 -0.453787 0.000000 0.000000 0.000000 -0.511545 0.859256
267.764000 -1.955484 -0.425936 0.000000 0.000000 0.000000 -0.511580 0.859236
267.832000 -1.970867 -0.396206 0.000000 0.000000 0.000000 -0.511646 0.859196
267.896000 -1.980490 -0.366458 0.000000 0.000000 0.000000 -0.512201 0.858865
267.964000 -1.995698 -0.336719 0.000000 0.000000 0.000000 -0.512246 0.858839
268.028000 -2.008496 -0.307926 0.000000 0.000000 0.000000 -0.512597 0.858629
268.096000 -2.021461 -0.276910 0.000000 0.000000 0.000000 -0.512956 0.858415
268.160000 -2.035354 -0.248909 0.000000 0.000000 0.000000 -0.512702 0.858567
268.228000 -2.050609 -0.219288 0.000000 0.000000 0.000000 -0.512707 0.858564
268.292000 -2.079304 -0.205466 0.000000 0.000000 0.000000 -0.509119 0.860696
268.360000 -2.096139 -0.176406 0.000000 0.000000 0.000000 -0.508832 0.860866
268.424000 -2.108315 -0.147396 0.000000 0.000000 0.000000 -0.509305 0.860586
268.492000 -2.123509 -0.117480 0.000000 0.000000 0.000000 -0.509154 0.860675
268.556000 -2.139432 -0.090475 0.000000 0.000000 0.000000 -0.508692 0.860948
268.624000 -2.155607 -0.061329 0.000000 0.000000 0.000000 -0.508224 0.861225
268.688000 -2.173286 -0.035482 0.000000 0.000000 0.000000 -0.507580 0.861605
268.756000 -2.191124 -0.007389 0.000000 0.000000 0.000000 -0.506974 0.861961
268.820000 -2.210396 0.017257 0.000000 0.000000 0.000000 -0.506156 0.862442
268.888000 -2.225979 0.047000 0.000000 0.000000 0.000000 -0.505877 0.862605
268.952000 -2.244362 0.072887 0.000000 0.000000 0.000000 -0.505272 0.862960
269.020000 -2.262714 0.100928 0.000000 0.000000 0.000000 -0.504931 0.863160
269.084000 -2.280169 0.126721 0.000000 0.000000 0.000000 -0.504542 0.863387
269.152000 -2.262503 0.155516 0.000000 0.000000 0.000000 -0.496598 0.867981
269.216000 -2.292047 0.143438 0.000000 0.000000 0.000000 -0.447726 0.894171
269.284000 -2.322253 0.128085 0.000000 0.000000 0.000000 -0.397188 0.917737
269.348000 -2.347567 0.108778 0.000000 0.000000 0.000000 -0.347515 0.937674
269.416000 -2.371886 0.085251 0.000000 0.000000 0.000000 -0.292455 0.956279
269.480000 -2.397041 0.104803 0.000000 0.000000 0.000000 -0.269669 0.962953
269.548000 -2.417898 0.078604 0.000000 0.000000 0.000000 -0.219222 0.975675
269.612000 -2.432679 0.052623 0.000000 0.000000 0.000000 -0.175282 0.984518
269.680000 -2.448882 0.022874 0.000000 0.000000 0.000000 -0.128189 0.991750
269.744000 -2.460081 -0.006565 0.000000 0.000000 0.000000 -0.081908 0.996640
269.812000 -2.470564 -0.037418 0.000000 0.000000 0.000000 -0.034150 0.999417
269.876000 -2.475113 -0.065832 0.000000 0.000000 0.000000 0.017505 0.999847
269.944000 -2.479508 -0.099096 0.000000 0.000000 0.000000 0.067366 0.997728
270.008000 -2.481641 -0.130210 0.000000 0.000000 0.000000 0.110344 0.993893
270.076000 -2.514944 -0.133934 0.000000 0.000000 0.000000 0.109657 0.993969
270.140000 -2.546394 -0.137321 0.000000 0.000000 0.000000 0.108809 0.994063
270.208000 -2.579341 -0.143263 0.000000 0.000000 0.000000 0.108671 0.994078
270.272000 -2.609921 -0.150629 0.000000 0.000000 0.000000 0.108632 0.994082
270.340000 -2.643353 -0.153821 0.000000 0.000000 0.000000 0.108127 0.994137
270.404000 -2.674464 -0.159230 0.000000 0.000000 0.000000 0.108060 0.994144
270.472000 -2.707086 -0.166038 0.000000 0.000000 0.000000 0.107911 0.994161
270.536000 -2.737988 -0.171657 0.000000 0.000000 0.000000 0.107586 0.994196
270.604000 -2.770320 -0.179247 0.000000 0.000000 0.000000 0.107538 0.994201
270.668000 -2.801490 -0.175519 0.000000 0.000000 0.000000 0.105798 0.994388
270.736000 -2.833718 -0.183179 0.000000 0.000000 0.000000 0.105997 0.994366
270.800000 -2.864506 -0.187813 0.000000 0.000000 0.000000 0.105851 0.994382
270.868000 -2.896775 -0.193741 0.000000 0.000000 0.000000 0.106166 0.994348
270.932000 -2.928494 -0.192135 0.000000 0.000000 0.000000 0.104442 0.994531
271.000000 -2.961034 -0.197515 0.000000 0.000000 0.000000 0.104337 0.994542
271.064000 -2.992003 -0.196328 0.000000 0.000000 0.000000 0.103270 0.994653
271.132000 -3.024772 -0.194652 0.000000 0.000000 0.000000 0.101330 0.994853
271.196000 -3.055643 -0.187998 0.000000 0.000000 0.000000 0.098916 0.995096
271.264000 -3.089215 -0.184530 0.000000 0.000000 0.000000 0.096878 0.995296
271.328000 -3.120618 -0.181859 0.000000 0.000000 0.000000 0.095398 0.995439
271.396000 -3.154504 -0.180178 0.000000 0.000000 0.000000 0.093860 0.995585
271.460000 -3.186314 -0.176830 0.000000 0.000000 0.000000 0.091967 0.995762
271.528000 -3.218692 -0.172248 0.000000 0.000000 0.000000 0.089897 0.995951
271.592000 -3.249507 -0.170098 0.000000 0.000000 0.000000 0.087926 0.996127
271.660000 -3.283377 -0.169597 0.000000 0.000000 0.000000 0.086491 0.996253
271.724000 -3.313853 -0.163250 0.000000 0.000000 0.000000 0.083892 0.996475
271.792000 -3.345995 -0.156237 0.000000 0.000000 0.000000 0.080886 0.996723
271.856000 -3.377167 -0.157110 0.000000 0.000000 0.000000 0.080069 0.996789
271.924000 -3.409336 -0.150585 0.000000 0.000000 0.000000 0.077097 0.997024
271.988000 -3.439973 -0.154695 0.000000 0.000000 0.000000 0.077261 0.997011
272.056000 -3.472689 -0.151665 0.000000 0.000000 0.000000 0.075724 0.997129
272.120000 -3.504218 -0.146993 0.000000 0.000000 0.000000 0.073387 0.997304
272.188000 -3.534871 -0.134547 0.000000 0.000000 0.000000 0.069558 0.997578
272.252000 -3.565849 -0.132026 0.000000 0.000000 0.000000 0.068150 0.997675
272.320000 -3.598547 -0.126173 0.000000 0.000000 0.000000 0.065484 0.997854
272.384000 -3.629308 -0.125615 0.000000 0.000000 0.000000 0.064189 0.997938
272.452000 -3.661710 -0.121466 0.000000 0.000000 0.000000 0.062557 0.998041
272.516000 -3.692667 -0.120882 0.000000 0.000000 0.000000 0.061290 0.998120
272.584000 -3.726284 -0.121923 0.000000 0.000000 0.000000 0.060147 0.998190
272.648000 -3.756675 -0.125781 0.000000 0.000000 0.000000 0.060459 0.998171
272.716000 -3.789566 -0.128036 0.000000 0.000000 0.000000 0.060416 0.998173
272.780000 -3.820613 -0.133059 0.000000 0.000000 0.000000 0.060236 0.998184
272.848000 -3.854350 -0.133021 0.000000 0.000000 0.000000 0.059352 0.998237
272.912000 -3.886178 -0.134697 0.000000 0.000000 0.000000 0.058356 0.998296
272.980000 -3.919187 -0.139680 0.000000 0.000000 0.000000 0.049283 0.998785
273.044000 -3.928697 -0.109587 0.000000 0.000000 0.000000 -0.001757 0.999998
273.112000 -3.936007 -0.077129 0.000000 0.000000 0.000000 -0.060722 0.998155
273.176000 -3.937226 -0.045340 0.000000 0.000000 0.000000 -0.120539 0.992709
273.244000 -3.903698 -0.047951 0.000000 0.000000 0.000000 -0.146320 0.989237
273.308000 -3.897735 -0.017012 0.000000 0.000000 0.000000 -0.199527 0.979892
273.376000 -3.865733 -0.026511 0.000000 0.000000 0.000000 -0.224300 0.974520
273.440000 -3.835497 -0.036969 0.000000 0.000000 0.000000 -0.247913 0.968782
273.508000 -3.824677 -0.005209 0.000000 0.000000 0.000000 -0.296879 0.954915
273.572000 -3.809773 0.023094 0.000000 0.000000 0.000000 -0.344859 0.938655
273.640000 -3.836046 0.044378 0.000000 0.000000 0.000000 -0.358865 0.933390
273.704000 -3.859401 0.065457 0.000000 0.000000 0.000000 -0.358685 0.933459
273.772000 -3.859297 0.098995 0.000000 0.000000 0.000000 -0.364611 0.931160
273.836000 -3.885960 0.115681 0.000000 0.000000 0.000000 -0.363667 0.931529
273.904000 -3.903244 0.144831 0.000000 0.000000 0.000000 -0.365368 0.930863
273.968000 -3.921945 0.170564 0.000000 0.000000 0.000000 -0.365721 0.930724
274.036000 -3.912990 0.139423 0.000000 0.000000 0.000000 -0.367483 0.930030
274.100000 -3.930123 0.166449 0.000000 0.000000 0.000000 -0.368879 0.929478
274.168000 -3.950442 0.193692 0.000000 0.000000 0.000000 -0.369738 0.929136
274.232000 -3.975701 0.213121 0.000000 0.000000 0.000000 -0.382200 0.924080
274.300000 -4.000626 0.236232 0.000000 0.000000 0.000000 -0.405123 0.914262
274.364000 -3.980611 0.259956 0.000000 0.000000 0.000000 -0.450276 0.892890
274.432000 -3.956375 0.283090 0.000000 0.000000 0.000000 -0.497188 0.867643
274.496000 -3.931386 0.303011 0.000000 0.000000 0.000000 -0.541145 0.840929
274.564000 -3.903925 0.321000 0.000000 0.000000 0.000000 -0.585290 0.810824
274.628000 -3.876233 0.336811 0.000000 0.000000 0.000000 -0.625046 0.780588
274.696000 -3.844481 0.348827 0.000000 0.000000 0.000000 -0.660297 0.751004
274.760000 -3.819458 0.368717 0.000000 0.000000 0.000000 -0.664966 0.746873
274.828000 -3.790832 0.385117 0.000000 0.000000 0.000000 -0.672531 0.740069
274.892000 -3.779801 0.414999 0.000000 0.000000 0.000000 -0.675122 0.737706
274.960000 -3.767878 0.445804 0.000000 0.000000 0.000000 -0.677742 0.735300
275.024000 -3.742724 0.465563 0.000000 0.000000 0.000000 -0.682557 0.730832
275.092000 -3.719755 0.489874 0.000000 0.000000 0.000000 -0.686466 0.727162
275.156000 -3.717119 0.519229 0.000000 0.000000 0.000000 -0.687221 0.726449
275.224000 -3.703952 0.550557 0.000000 0.000000 0.000000 -0.689680 0.724115
275.288000 -3.695431 0.581332 0.000000 0.000000 0.000000 -0.691129 0.722731
275.356000 -3.670435 0.602906 0.000000 0.000000 0.000000 -0.694514 0.719479
275.420000 -3.655670 0.630767 0.000000 0.000000 0.000000 -0.697526 0.716559
275.488000 -3.636509 0.657713 0.000000 0.000000 0.000000 -0.699784 0.714355
275.552000 -3.619941 0.685078 0.000000 0.000000 0.000000 -0.703451 0.710744
275.620000 -3.599104 0.711799 0.000000 0.000000 0.000000 0.707195 -0.707019
275.684000 -3.578097 0.734207 0.000000 0.000000 0.000000 0.709225 -0.704982
275.752000 -3.610145 0.744766 0.000000 0.000000 0.000000 -0.705607 0.708603
275.816000 -3.606507 0.775898 0.000000 0.000000 0.000000 -0.706032 0.708180
275.884000 -3.582031 0.796896 0.000000 0.000000 0.000000 0.710872 -0.703321
275.948000 -3.603156 0.774590 0.000000 0.000000 0.000000 0.711361 -0.702827
276.016000 -3.607498 0.742824 0.000000 0.000000 0.000000 0.711934 -0.702246
276.080000 -3.597057 0.772466 0.000000 0.000000 0.000000 0.713538 -0.700616
276.148000 -3.589035 0.804033 0.000000 0.000000 0.000000 0.715173 -0.698948
276.212000 -3.596676 0.833802 0.000000 0.000000 0.000000 0.713290 -0.700869
276.280000 -3.591766 0.866509 0.000000 0.000000 0.000000 0.714199 -0.699943
276.344000 -3.588139 0.897889 0.000000 0.000000 0.000000 0.714724 -0.699406
276.412000 -3.579518 0.929674 0.000000 0.000000 0.000000 0.716713 -0.697368
276.476000 -3.575150 0.960820 0.000000 0.000000 0.000000 0.717578 -0.696479
276.544000 -3.562794 0.990619 0.000000 0.000000 0.000000 0.725420 -0.688307
276.608000 -3.559014 1.022388 0.000000 0.000000 0.000000 0.742846 -0.669462
276.676000 -3.557980 1.056338 0.000000 0.000000 0.000000 0.760224 -0.649661
276.740000 -3.527538 1.057080 0.000000 0.000000 0.000000 0.797182 -0.603739
276.808000 -3.494427 1.056356 0.000000 0.000000 0.000000 0.833335 -0.552768
276.872000 -3.463890 1.052053 0.000000 0.000000 0.000000 0.864386 -0.502829
276.940000 -3.431985 1.041309 0.000000 0.000000 0.000000 0.896572 -0.442898
277.004000 -3.405356 1.027570 0.000000 0.000000 0.000000 0.923634 -0.383276
277.072000 -3.378941 1.008187 0.000000 0.000000 0.000000 0.945457 -0.325748
277.136000 -3.400747 0.985362 0.000000 0.000000 0.000000 0.952918 -0.303228
277.204000 -3.378608 0.959747 0.000000 0.000000 0.000000 0.969999 -0.243110
277.268000 -3.404212 0.940690 0.000000 0.000000 0.000000 0.975559 -0.219739
277.336000 -3.433037 0.922839 0.000000 0.000000 0.000000 0.980816 -0.194935
277.400000 -3.404748 0.937442 0.000000 0.000000 0.000000 0.985174 -0.171558
277.468000 -3.374000 0.951576 0.000000 0.000000 0.000000 0.989229 -0.146376
277.532000 -3.343706 0.961849 0.000000 0.000000 0.000000 0.992445 -0.122693
277.600000 -3.314639 0.978537 0.000000 0.000000 0.000000 0.993011 -0.118021
277.664000 -3.285215 0.990155 0.000000 0.000000 0.000000 0.992948 -0.118547
277.732000 -3.252309 0.997746 0.000000 0.000000 0.000000 0.992943 -0.118589
277.796000 -3.223748 1.011175 0.000000 0.000000 0.000000 0.992821 -0.119610
277.864000 -3.192173 1.022698 0.000000 0.000000 0.000000 0.992773 -0.120004
277.928000 -3.162993 1.034747 0.000000 0.000000 0.000000 0.992691 -0.120687
277.996000 -3.130859 1.043737 0.000000 0.000000 0.000000 0.992678 -0.120791
278.060000 -3.100092 1.051675 0.000000 0.000000 0.000000 0.992678 -0.120790
278.128000 -3.068314 1.061908 0.000000 0.000000 0.000000 0.992620 -0.121267
278.192000 -3.037702 1.069674 0.000000 0.000000 0.000000 0.992587 -0.121539
278.260000 -3.005014 1.076960 0.000000 0.000000 0.000000 0.992634 -0.121149
278.324000 -2.974413 1.084522 0.000000 0.000000 0.000000 0.992664 -0.120904
278.392000 -2.944492 1.098871 0.000000 0.000000 0.000000 0.992520 -0.122085
278.456000 -2.913925 1.106670 0.000000 0.000000 0.000000 0.992481 -0.122396
278.524000 -2.881293 1.114285 0.000000 0.000000 0.000000 0.992479 -0.122416
278.588000 -2.851165 1.123595 0.000000 0.000000 0.000000 0.992395 -0.123097
278.656000 -2.819212 1.133941 0.000000 0.000000 0.000000 0.992355 -0.123419
278.720000 -2.788518 1.140797 0.000000 0.000000 0.000000 0.992407 -0.123001
278.788000 -2.755679 1.149174 0.000000 0.000000 0.000000 0.992421 -0.122882
278.852000 -2.725466 1.158085 0.000000 0.000000 0.000000 0.992403 -0.123034
278.920000 -2.692797 1.166250 0.000000 0.000000 0.000000 0.992368 -0.123314
278.984000 -2.662011 1.172572 0.000000 0.000000 0.000000 0.992435 -0.122772
279.052000 -2.629737 1.181151 0.000000 0.000000 0.000000 0.992412 -0.122958
279.116000 -2.599110 1.188203 0.000000 0.000000 0.000000 0.992400 -0.123054
279.184000 -2.567871 1.199699 0.000000 0.000000 0.000000 0.992308 -0.123792
279.248000 -2.536782 1.204385 0.000000 0.000000 0.000000 0.992365 -0.123333
279.316000 -2.507105 1.218980 0.000000 0.000000 0.000000 0.992160 -0.124978
279.380000 -2.478175 1.231310 0.000000 0.000000 0.000000 0.992001 -0.126229
279.448000 -2.445834 1.239600 0.000000 0.000000 0.000000 0.991977 -0.126420
279.512000 -2.414727 1.246090 0.000000 0.000000 0.000000 0.992000 -0.126238
279.580000 -2.382409 1.253369 0.000000 0.000000 0.000000 0.992033 -0.125979
279.644000 -2.352736 1.262918 0.000000 0.000000 0.000000 0.991934 -0.126755
279.712000 -2.320058 1.270487 0.000000 0.000000 0.000000 0.991951 -0.126624
279.776000 -2.288952 1.276202 0.000000 0.000000 0.000000 0.992041 -0.125913
279.844000 -2.256180 1.282535 0.000000 0.000000 0.000000 0.992069 -0.125698
279.908000 -2.225580 1.290089 0.000000 0.000000 0.000000 0.992056 -0.125797
279.976000 -2.193482 1.298144 0.000000 0.000000 0.000000 0.992096 -0.125485
280.040000 -2.162944 1.305174 0.000000 0.000000 0.000000 0.992177 -0.124835
280.108000 -2.130367 1.314209 0.000000 0.000000 0.000000 0.994876 -0.101099
280.172000 -2.099074 1.320575 0.000000 0.000000 0.000000 0.997049 -0.076767
280.240000 -2.065294 1.323179 0.000000 0.000000 0.000000 0.998792 -0.049141
280.304000 -2.033755 1.325515 0.000000 0.000000 0.000000 0.999158 -0.041025
280.372000 -2.000127 1.325380 0.000000 0.000000 0.000000 0.999183 -0.040425
280.436000 -1.968583 1.326897 0.000000 0.000000 0.000000 0.999194 -0.040144
280.504000 -1.935204 1.328797 0.000000 0.000000 0.000000 0.999207 -0.039812
280.568000 -1.903712 1.331447 0.000000 0.000000 0.000000 0.999207 -0.039812
280.636000 -1.870451 1.334475 0.000000 0.000000 0.000000 0.999198 -0.040048
280.700000 -1.839064 1.336021 0.000000 0.000000 0.000000 0.999213 -0.039670
280.768000 -1.805971 1.339037 0.000000 0.000000 0.000000 0.999211 -0.039709
280.832000 -1.775054 1.342877 0.000000 0.000000 0.000000 0.999196 -0.040083
280.900000 -1.741618 1.344187 0.000000 0.000000 0.000000 0.999205 -0.039873
280.964000 -1.709956 1.343237 0.000000 0.000000 0.000000 0.999240 -0.038986
281.032000 -1.681939 1.353974 0.000000 0.000000 0.000000 0.999142 -0.041423
281.096000 -1.650167 1.356015 0.000000 0.000000 0.000000 0.999136 -0.041552
281.164000 -1.617139 1.360092 0.000000 0.000000 0.000000 0.999108 -0.042216
281.228000 -1.585621 1.361656 0.000000 0.000000 0.000000 0.999135 -0.041578
281.296000 -1.552259 1.364677 0.000000 0.000000 0.000000 0.999130 -0.041713
281.360000 -1.521210 1.369871 0.000000 0.000000 0.000000 0.999089 -0.042680
281.428000 -1.488105 1.372825 0.000000 0.000000 0.000000 0.999084 -0.042802
281.492000 -1.457170 1.375876 0.000000 0.000000 0.000000 0.999070 -0.043113
281.560000 -1.423592 1.378685 0.000000 0.000000 0.000000 0.999075 -0.043011
281.624000 -1.393064 1.381473 0.000000 0.000000 0.000000 0.999072 -0.043076
281.692000 -1.359853 1.384517 0.000000 0.000000 0.000000 0.999077 -0.042961
281.756000 -1.328647 1.387036 0.000000 0.000000 0.000000 0.999076 -0.042984
281.824000 -1.295475 1.392061 0.000000 0.000000 0.000000 0.999037 -0.043881
281.888000 -1.264401 1.397609 0.000000 0.000000 0.000000 0.999012 -0.044446
281.956000 -1.231008 1.401082 0.000000 0.000000 0.000000 0.999007 -0.044558
282.020000 -1.199805 1.401346 0.000000 0.000000 0.000000 0.999047 -0.043642
282.088000 -1.166113 1.405017 0.000000 0.000000 0.000000 0.999056 -0.043449
282.152000 -1.135034 1.409622 0.000000 0.000000 0.000000 0.999032 -0.043993
282.220000 -1.101940 1.413086 0.000000 0.000000 0.000000 0.999026 -0.044123
282.284000 -1.070521 1.415216 0.000000 0.000000 0.000000 0.999027 -0.044106
282.352000 -1.037084 1.418998 0.000000 0.000000 0.000000 0.999006 -0.044583
282.416000 -1.005503 1.419903 0.000000 0.000000 0.000000 0.999046 -0.043680
282.484000 -0.971751 1.419437 0.000000 0.000000 0.000000 0.999074 -0.043021
282.548000 -0.940178 1.422056 0.000000 0.000000 0.000000 0.999082 -0.042831
282.616000 -0.906355 1.421384 0.000000 0.000000 0.000000 0.999120 -0.041933
282.680000 -0.874422 1.421671 0.000000 0.000000 0.000000 0.999122 -0.041904
282.748000 -0.840495 1.422828 0.000000 0.000000 0.000000 0.999143 -0.041389
282.812000 -0.808563 1.422930 0.000000 0.000000 0.000000 0.999120 -0.041936
282.880000 -0.774658 1.423070 0.000000 0.000000 0.000000 0.999126 -0.041791
282.944000 -0.742803 1.421047 0.000000 0.000000 0.000000 0.999155 -0.041104
283.012000 -0.709111 1.418102 0.000000 0.000000 0.000000 0.999197 -0.040059
283.076000 -0.677583 1.415184 0.000000 0.000000 0.000000 0.999253 -0.038652
283.144000 -0.643767 1.411988 0.000000 0.000000 0.000000 0.999299 -0.037433
283.208000 -0.612234 1.408701 0.000000 0.000000 0.000000 0.999344 -0.036209
283.276000 -0.579493 1.405199 0.000000 0.000000 0.000000 0.999398 -0.034689
283.340000 -0.548030 1.402649 0.000000 0.000000 0.000000 0.999427 -0.033840
283.408000 -0.514294 1.398614 0.000000 0.000000 0.000000 0.999476 -0.032354
283.472000 -0.482640 1.399409 0.000000 0.000000 0.000000 0.999500 -0.031627
283.540000 -0.448887 1.395326 0.000000 0.000000 0.000000 0.999556 -0.029780
283.604000 -0.417209 1.391437 0.000000 0.000000 0.000000 0.999605 -0.028092
283.672000 -0.384956 1.385625 0.000000 0.000000 0.000000 0.999665 -0.025877
283.736000 -0.353686 1.385014 0.000000 0.000000 0.000000 0.999641 -0.026791
283.804000 -0.320225 1.379642 0.000000 0.000000 0.000000 0.999678 -0.025377
283.868000 -0.288740 1.374494 0.000000 0.000000 0.000000 0.999721 -0.023615
283.936000 -0.255363 1.369291 0.000000 0.000000 0.000000 0.999766 -0.021652
284.000000 -0.228056 1.362483 0.000000 0.000000 0.000000 0.999998 0.002094
284.068000 -0.195810 1.351744 0.000000 0.000000 0.000000 0.999402 0.034581
284.132000 -0.195810 1.351744 0.000000 0.000000 0.000000 0.999402 0.034581
284.200000 -0.167277 1.334809 0.000000 0.000000 0.000000 0.997472 0.071067
284.264000 -0.163017 1.303239 0.000000 0.000000 0.000000 0.989680 0.143297
284.332000 -0.164770 1.269489 0.000000 0.000000 0.000000 0.975460 0.220177
284.396000 -0.170448 1.238175 0.000000 0.000000 0.000000 0.955949 0.293533
284.464000 -0.183498 1.206794 0.000000 0.000000 0.000000 0.936115 0.351693
284.528000 -0.212277 1.218977 0.000000 0.000000 0.000000 0.926682 0.375847
284.596000 -0.240357 1.233404 0.000000 0.000000 0.000000 0.916233 0.400646
284.660000 -0.259878 1.208105 0.000000 0.000000 0.000000 0.891545 0.452933
284.728000 -0.284552 1.231190 0.000000 0.000000 0.000000 0.879518 0.475865
284.792000 -0.308902 1.210892 0.000000 0.000000 0.000000 0.857222 0.514947
284.860000 -0.328080 1.238640 0.000000 0.000000 0.000000 0.843640 0.536910
284.924000 -0.345018 1.265286 0.000000 0.000000 0.000000 0.830603 0.556864
284.992000 -0.374871 1.249582 0.000000 0.000000 0.000000 0.806917 0.590664
285.056000 -0.364662 1.220222 0.000000 0.000000 0.000000 0.805203 0.592999
285.124000 -0.353369 1.188588 0.000000 0.000000 0.000000 0.805356 0.592792
285.188000 -0.344286 1.158696 0.000000 0.000000 0.000000 0.805356 0.592792
285.256000 -0.333963 1.127295 0.000000 0.000000 0.000000 0.805405 0.592725
285.320000 -0.323653 1.097733 0.000000 0.000000 0.000000 0.805538 0.592544
285.388000 -0.313883 1.065915 0.000000 0.000000 0.000000 0.805541 0.592540
285.452000 -0.303536 1.036414 0.000000 0.000000 0.000000 0.805654 0.592386
285.520000 -0.292867 1.004656 0.000000 0.000000 0.000000 0.805708 0.592313
285.584000 -0.286147 0.973417 0.000000 0.000000 0.000000 0.805405 0.592725
285.652000 -0.277680 0.941268 0.000000 0.000000 0.000000 0.805378 0.592762
285.716000 -0.281288 0.909742 0.000000 0.000000 0.000000 0.804149 0.594428
285.784000 -0.290016 0.877099 0.000000 0.000000 0.000000 0.802164 0.597104
285.848000 -0.281451 0.847260 0.000000 0.000000 0.000000 0.802148 0.597125
285.916000 -0.269618 0.816053 0.000000 0.000000 0.000000 0.802384 0.596808
285.980000 -0.260963 0.786095 0.000000 0.000000 0.000000 0.802357 0.596845
286.048000 -0.250476 0.754555 0.000000 0.000000 0.000000 0.802373 0.596822
286.112000 -0.251357 0.723070 0.000000 0.000000 0.000000 0.801444 0.598070
286.180000 -0.241593 0.691306 0.000000 0.000000 0.000000 0.801518 0.597970
286.244000 -0.230445 0.662090 0.000000 0.000000 0.000000 0.801882 0.597483
286.312000 -0.221680 0.630044 0.000000 0.000000 0.000000 0.801830 0.597552
286.376000 -0.213255 0.599944 0.000000 0.000000 0.000000 0.801814 0.597574
286.444000 -0.204409 0.567894 0.000000 0.000000 0.000000 0.801750 0.597660
286.508000 -0.196098 0.537558 0.000000 0.000000 0.000000 0.801635 0.597814
286.576000 -0.185538 0.506280 0.000000 0.000000 0.000000 0.801817 0.597570
286.640000 -0.174011 0.477496 0.000000 0.000000 0.000000 0.801876 0.597491
286.708000 -0.167192 0.444764 0.000000 0.000000 0.000000 0.801774 0.597627
286.772000 -0.159118 0.414497 0.000000 0.000000 0.000000 0.801539 0.597943
286.840000 -0.151623 0.381736 0.000000 0.000000 0.000000 0.801399 0.598130
286.904000 -0.144309 0.351025 0.000000 0.000000 0.000000 0.801203 0.598393
286.972000 -0.140934 0.317237 0.000000 0.000000 0.000000 0.800585 0.599219
287.036000 -0.132342 0.286722 0.000000 0.000000 0.000000 0.800585 0.599219
287.104000 -0.119273 0.256360 0.000000 0.000000 0.000000 0.801253 0.598326
287.168000 -0.114594 0.224775 0.000000 0.000000 0.000000 0.800880 0.598825
287.236000 -0.101029 0.194411 0.000000 0.000000 0.000000 0.801516 0.597973
287.300000 -0.091430 0.163900 0.000000 0.000000 0.000000 0.801479 0.598023
287.368000 -0.081341 0.132614 0.000000 0.000000 0.000000 0.801675 0.597760
287.432000 -0.069111 0.104662 0.000000 0.000000 0.000000 0.802338 0.596870
287.500000 -0.056828 0.073438 0.000000 0.000000 0.000000 0.802711 0.596368
287.564000 -0.046443 0.043801 0.000000 0.000000 0.000000 0.803031 0.595937
287.632000 -0.035170 0.012292 0.000000 0.000000 0.000000 0.803352 0.595505
287.696000 -0.023953 -0.017101 0.000000 0.000000 0.000000 0.803882 0.594788
287.764000 -0.014444 -0.049289 0.000000 0.000000 0.000000 0.803836 0.594852
287.828000 -0.004258 -0.078366 0.000000 0.000000 0.000000 0.803912 0.594748
287.896000 0.005478 -0.110600 0.000000 0.000000 0.000000 0.803945 0.594703
287.960000 0.016124 -0.140769 0.000000 0.000000 0.000000 0.804096 0.594499
288.028000 0.024808 -0.172978 0.000000 0.000000 0.000000 0.803826 0.594864
288.092000 0.033833 -0.203127 0.000000 0.000000 0.000000 0.803857 0.594822
288.160000 0.045524 -0.233941 0.000000 0.000000 0.000000 0.804236 0.594310
288.224000 0.055355 -0.263457 0.000000 0.000000 0.000000 0.804312 0.594207
288.292000 0.069797 -0.293314 0.000000 0.000000 0.000000 0.805200 0.593003
288.356000 0.077435 -0.323837 0.000000 0.000000 0.000000 0.804978 0.593305
288.424000 0.090307 -0.353937 0.000000 0.000000 0.000000 0.805136 0.593091
288.488000 0.101502 -0.383094 0.000000 0.000000 0.000000 0.805464 0.592645
288.556000 0.110628 -0.415304 0.000000 0.000000 0.000000 0.805341 0.592812
288.620000 0.121200 -0.445155 0.000000 0.000000 0.000000 0.805391 0.592744
288.688000 0.132736 -0.477001 0.000000 0.000000 0.000000 0.805561 0.592513
288.752000 0.143763 -0.505877 0.000000 0.000000 0.000000 0.805972 0.591953
288.820000 0.152809 -0.537649 0.000000 0.000000 0.000000 0.806025 0.591881
288.884000 0.162603 -0.567362 0.000000 0.000000 0.000000 0.806183 0.591667
288.952000 0.169883 -0.599511 0.000000 0.000000 0.000000 0.818965 0.573843
289.016000 0.175484 -0.630258 0.000000 0.000000 0.000000 0.832662 0.553781
289.084000 0.207248 -0.618262 0.000000 0.000000 0.000000 0.868886 0.495013
289.148000 0.218309 -0.647445 0.000000 0.000000 0.000000 0.881209 0.472726
289.216000 0.205023 -0.616984 0.000000 0.000000 0.000000 0.893409 0.449245
289.280000 0.221299 -0.643903 0.000000 0.000000 0.000000 0.904009 0.427513
289.348000 0.249590 -0.625059 0.000000 0.000000 0.000000 0.928203 0.372073
289.412000 0.272377 -0.646795 0.000000 0.000000 0.000000 0.936855 0.349717
289.480000 0.296530 -0.622952 0.000000 0.000000 0.000000 0.954364 0.298645
289.544000 0.318072 -0.599429 0.000000 0.000000 0.000000 0.967283 0.253698
289.612000 0.339393 -0.573694 0.000000 0.000000 0.000000 0.978836 0.204644
289.676000 0.353148 -0.544811 0.000000 0.000000 0.000000 0.988047 0.154151
289.744000 0.364116 -0.512690 0.000000 0.000000 0.000000 0.994865 0.101215
289.808000 0.371676 -0.482199 0.000000 0.000000 0.000000 0.998569 0.053476
289.876000 0.379066 -0.450114 0.000000 0.000000 0.000000 0.999985 0.005559
289.940000 0.411031 -0.451078 0.000000 0.000000 0.000000 0.999833 -0.018294
290.008000 0.412408 -0.418831 0.000000 0.000000 0.000000 0.997484 -0.070891
290.072000 0.444034 -0.414022 0.000000 0.000000 0.000000 0.995493 -0.094830
290.140000 0.440320 -0.380354 0.000000 0.000000 0.000000 0.989079 -0.147383
290.204000 0.470706 -0.370341 0.000000 0.000000 0.000000 0.985276 -0.170972
290.272000 0.502877 -0.359403 0.000000 0.000000 0.000000 0.980606 -0.195990
290.336000 0.532379 -0.347066 0.000000 0.000000 0.000000 0.975496 -0.220016
290.404000 0.562231 -0.330809 0.000000 0.000000 0.000000 0.969622 -0.244608
290.468000 0.550412 -0.301763 0.000000 0.000000 0.000000 0.955923 -0.293618
290.536000 0.533469 -0.272355 0.000000 0.000000 0.000000 0.943542 -0.331253
290.600000 0.552860 -0.247185 0.000000 0.000000 0.000000 0.943234 -0.332128
290.668000 0.576725 -0.223516 0.000000 0.000000 0.000000 0.943126 -0.332435
290.732000 0.601838 -0.203969 0.000000 0.000000 0.000000 0.943094 -0.332525
290.800000 0.627196 -0.181953 0.000000 0.000000 0.000000 0.943036 -0.332692
290.864000 0.650785 -0.160383 0.000000 0.000000 0.000000 0.943034 -0.332697
290.932000 0.670293 -0.132717 0.000000 0.000000 0.000000 0.942624 -0.333855
290.996000 0.691743 -0.108970 0.000000 0.000000 0.000000 0.942426 -0.334414
291.064000 0.712293 -0.082710 0.000000 0.000000 0.000000 0.942136 -0.335230
291.128000 0.737147 -0.063880 0.000000 0.000000 0.000000 0.942133 -0.335241
291.196000 0.760116 -0.038991 0.000000 0.000000 0.000000 0.941946 -0.335764
291.260000 0.784792 -0.019141 0.000000 0.000000 0.000000 0.941946 -0.335764
291.328000 0.805919 0.007495 0.000000 0.000000 0.000000 0.941684 -0.336499
291.392000 0.834451 0.020964 0.000000 0.000000 0.000000 0.941994 -0.335628
291.460000 0.859639 0.042824 0.000000 0.000000 0.000000 0.941998 -0.335618
291.524000 0.841109 0.017689 0.000000 0.000000 0.000000 0.941754 -0.336303
291.592000 0.867612 0.038719 0.000000 0.000000 0.000000 0.941821 -0.336114
291.656000 0.855181 0.009289 0.000000 0.000000 0.000000 0.941262 -0.337678
291.724000 0.880815 0.031223 0.000000 0.000000 0.000000 0.941214 -0.337811
291.788000 0.866507 0.003442 0.000000 0.000000 0.000000 0.940710 -0.339211
291.856000 0.886261 0.031001 0.000000 0.000000 0.000000 0.940484 -0.339837
291.920000 0.911157 0.050072 0.000000 0.000000 0.000000 0.940572 -0.339595
291.988000 0.938015 0.070620 0.000000 0.000000 0.000000 0.940583 -0.339563
292.052000 0.923262 0.043032 0.000000 0.000000 0.000000 0.940106 -0.340882
292.120000 0.948623 0.065314 0.000000 0.000000 0.000000 0.940087 -0.340935
292.184000 0.932959 0.038335 0.000000 0.000000 0.000000 0.939687 -0.342035
292.252000 0.957568 0.061342 0.000000 0.000000 0.000000 0.939741 -0.341889
292.316000 0.975595 0.087670 0.000000 0.000000 0.000000 0.939310 -0.343070
292.384000 0.993576 0.116511 0.000000 0.000000 0.000000 0.938757 -0.344580
292.448000 0.977814 0.089268 0.000000 0.000000 0.000000 0.938411 -0.345520
292.516000 1.002158 0.112402 0.000000 0.000000 0.000000 0.938297 -0.345830
292.580000 1.028132 0.130516 0.000000 0.000000 0.000000 0.938460 -0.345389
292.648000 1.051145 0.154695 0.000000 0.000000 0.000000 0.938334 -0.345729
292.712000 1.071907 0.178260 0.000000 0.000000 0.000000 0.938148 -0.346234
292.780000 1.098625 0.197527 0.000000 0.000000 0.000000 0.938306 -0.345806
292.844000 1.118727 0.222278 0.000000 0.000000 0.000000 0.938022 -0.346576
292.912000 1.145500 0.242401 0.000000 0.000000 0.000000 0.938072 -0.346439
292.976000 1.124245 0.218483 0.000000 0.000000 0.000000 0.937832 -0.347089
293.044000 1.148699 0.240795 0.000000 0.000000 0.000000 0.937791 -0.347202
293.108000 1.170842 0.263889 0.000000 0.000000 0.000000 0.937595 -0.347730
293.176000 1.182814 0.294370 0.000000 0.000000 0.000000 0.936820 -0.349812
293.240000 1.192908 0.323309 0.000000 0.000000 0.000000 0.936075 -0.351801
293.308000 1.216748 0.346480 0.000000 0.000000 0.000000 0.936020 -0.351946
293.372000 1.193162 0.326045 0.000000 0.000000 0.000000 0.936016 -0.351957
293.440000 1.218782 0.347144 0.000000 0.000000 0.000000 0.936120 -0.351681
293.504000 1.240451 0.370689 0.000000 0.000000 0.000000 0.935915 -0.352227
293.572000 1.265256 0.393671 0.000000 0.000000 0.000000 0.935901 -0.352262
293.636000 1.287776 0.416317 0.000000 0.000000 0.000000 0.935825 -0.352466
293.704000 1.310933 0.439822 0.000000 0.000000 0.000000 0.935622 -0.353004
293.768000 1.336687 0.458129 0.000000 0.000000 0.000000 0.935797 -0.352540
293.836000 1.363890 0.477226 0.000000 0.000000 0.000000 0.936000 -0.351999
293.900000 1.386994 0.498408 0.000000 0.000000 0.000000 0.935922 -0.352207
293.968000 1.413625 0.518260 0.000000 0.000000 0.000000 0.936076 -0.351799
294.032000 1.438056 0.538208 0.000000 0.000000 0.000000 0.936137 -0.351634
294.100000 1.460292 0.562756 0.000000 0.000000 0.000000 0.935883 -0.352310
294.164000 1.480929 0.587083 0.000000 0.000000 0.000000 0.935628 -0.352986
294.232000 1.504884 0.610629 0.000000 0.000000 0.000000 0.935577 -0.353124
294.296000 1.528407 0.631103 0.000000 0.000000 0.000000 0.935594 -0.353077
294.364000 1.553528 0.652963 0.000000 0.000000 0.000000 0.935630 -0.352984
294.428000 1.574040 0.676591 0.000000 0.000000 0.000000 0.935388 -0.353622
294.496000 1.597756 0.699357 0.000000 0.000000 0.000000 0.935338 -0.353755
294.560000 1.619216 0.722537 0.000000 0.000000 0.000000 0.935101 -0.354382
294.628000 1.641843 0.746715 0.000000 0.000000 0.000000 0.934894 -0.354928
294.692000 1.665333 0.767907 0.000000 0.000000 0.000000 0.934854 -0.355033
294.760000 1.686718 0.793702 0.000000 0.000000 0.000000 0.934433 -0.356138
294.824000 1.707633 0.816818 0.000000 0.000000 0.000000 0.934240 -0.356644
294.892000 1.731790 0.839062 0.000000 0.000000 0.000000 0.934182 -0.356798
294.956000 1.755605 0.859921 0.000000 0.000000 0.000000 0.934216 -0.356707
295.024000 1.782394 0.879680 0.000000 0.000000 0.000000 0.934524 -0.355901
295.088000 1.806157 0.900486 0.000000 0.000000 0.000000 0.934539 -0.355861
295.156000 1.828898 0.925364 0.000000 0.000000 0.000000 0.934137 -0.356916
295.220000 1.853543 0.945397 0.000000 0.000000 0.000000 0.934193 -0.356767
295.288000 1.878696 0.965591 0.000000 0.000000 0.000000 0.934295 -0.356501
295.352000 1.900832 0.988029 0.000000 0.000000 0.000000 0.933996 -0.357283
295.420000 1.925943 1.009894 0.000000 0.000000 0.000000 0.934027 -0.357203
295.484000 1.949190 1.031649 0.000000 0.000000 0.000000 0.933942 -0.357424
295.552000 1.974668 1.053445 0.000000 0.000000 0.000000 0.933995 -0.357286
295.616000 2.001246 1.069876 0.000000 0.000000 0.000000 0.934501 -0.355960
295.684000 2.026061 1.092601 0.000000 0.000000 0.000000 0.937893 -0.346924
295.748000 2.048218 1.115626 0.000000 0.000000 0.000000 0.945475 -0.325694
295.816000 2.071972 1.139938 0.000000 0.000000 0.000000 0.952942 -0.303154
295.880000 2.097163 1.159661 0.000000 0.000000 0.000000 0.959671 -0.281127
295.948000 2.124053 1.180436 0.000000 0.000000 0.000000 0.966113 -0.258120
296.012000 2.149925 1.199218 0.000000 0.000000 0.000000 0.971779 -0.235892
296.080000 2.178814 1.216968 0.000000 0.000000 0.000000 0.977222 -0.212220
296.144000 2.196496 1.190631 0.000000 0.000000 0.000000 0.986882 -0.161444
296.212000 2.213776 1.161541 0.000000 0.000000 0.000000 0.994796 -0.101890
296.276000 2.225253 1.131679 0.000000 0.000000 0.000000 0.999196 -0.040092
296.344000 2.258172 1.136000 0.000000 0.000000 0.000000 0.999573 -0.029222
296.408000 2.289674 1.137215 0.000000 0.000000 0.000000 0.999575 -0.029150
296.476000 2.323146 1.137071 0.000000 0.000000 0.000000 0.999586 -0.028770
296.540000 2.296728 1.154886 0.000000 0.000000 0.000000 0.999666 -0.025827
296.608000 2.329779 1.157924 0.000000 0.000000 0.000000 0.999649 -0.026477
296.672000 2.347539 1.131408 0.000000 0.000000 0.000000 0.999842 -0.017753
296.740000 2.381089 1.134258 0.000000 0.000000 0.000000 0.999839 -0.017964
296.804000 2.412342 1.135338 0.000000 0.000000 0.000000 0.999838 -0.017975
296.872000 2.445455 1.138495 0.000000 0.000000 0.000000 0.999833 -0.018265
296.936000 2.476700 1.139294 0.000000 0.000000 0.000000 0.999833 -0.018301
297.004000 2.510186 1.140625 0.000000 0.000000 0.000000 0.999832 -0.018330
297.068000 2.541701 1.140624 0.000000 0.000000 0.000000 0.999839 -0.017944
297.136000 2.575129 1.140720 0.000000 0.000000 0.000000 0.999842 -0.017802
297.200000 2.606470 1.142388 0.000000 0.000000 0.000000 0.999840 -0.017897
297.268000 2.639583 1.142811 0.000000 0.000000 0.000000 0.999840 -0.017870
297.332000 2.671089 1.143109 0.000000 0.000000 0.000000 0.999843 -0.017746
297.400000 2.704437 1.145162 0.000000 0.000000 0.000000 0.999840 -0.017913
297.464000 2.735740 1.148430 0.000000 0.000000 0.000000 0.999835 -0.018146
297.532000 2.769045 1.148435 0.000000 0.000000 0.000000 0.999842 -0.017792
297.596000 2.800227 1.147883 0.000000 0.000000 0.000000 0.999846 -0.017550
297.664000 2.833896 1.147896 0.000000 0.000000 0.000000 0.999851 -0.017277
297.728000 2.865413 1.146661 0.000000 0.000000 0.000000 0.999859 -0.016799
297.796000 2.898991 1.145952 0.000000 0.000000 0.000000 0.999869 -0.016193
297.860000 2.930186 1.145559 0.000000 0.000000 0.000000 0.999870 -0.016094
297.928000 2.963454 1.147478 0.000000 0.000000 0.000000 0.999869 -0.016205
297.992000 2.995050 1.147525 0.000000 0.000000 0.000000 0.999870 -0.016100
298.060000 3.028389 1.147482 0.000000 0.000000 0.000000 0.999871 -0.016037
298.124000 3.059363 1.149995 0.000000 0.000000 0.000000 0.999866 -0.016372
298.192000 3.092803 1.151346 0.000000 0.000000 0.000000 0.999870 -0.016141
298.256000 3.124321 1.151457 0.000000 0.000000 0.000000 0.999876 -0.015762
298.324000 3.157819 1.151543 0.000000 0.000000 0.000000 0.999879 -0.015533
298.388000 3.189320 1.155005 0.000000 0.000000 0.000000 0.999910 -0.013391
298.456000 3.217744 1.173015 0.000000 0.000000 0.000000 0.999968 0.008016
298.520000 3.220170 1.141182 0.000000 0.000000 0.000000 0.998228 0.059503
298.588000 3.254024 1.141706 0.000000 0.000000 0.000000 0.996309 0.085836
298.652000 3.285790 1.140913 0.000000 0.000000 0.000000 0.993914 0.110157
298.720000 3.319285 1.138283 0.000000 0.000000 0.000000 0.990863 0.134869
298.784000 3.314271 1.109571 0.000000 0.000000 0.000000 0.982598 0.185747
298.852000 3.305167 1.076825 0.000000 0.000000 0.000000 0.970079 0.242790
298.916000 3.294340 1.046896 0.000000 0.000000 0.000000 0.957956 0.286914
298.984000 3.278612 1.016978 0.000000 0.000000 0.000000 0.941500 0.337014
299.048000 3.260710 0.990478 0.000000 0.000000 0.000000 0.923547 0.383484
299.116000 3.234718 1.012228 0.000000 0.000000 0.000000 0.913719 0.406347
299.180000 3.215408 0.986877 0.000000 0.000000 0.000000 0.895278 0.445508
299.248000 3.191834 0.962841 0.000000 0.000000 0.000000 0.875452 0.483305
299.312000 3.166908 0.943295 0.000000 0.000000 0.000000 0.852090 0.523396
299.380000 3.138002 0.925407 0.000000 0.000000 0.000000 0.826293 0.563241
299.444000 3.109482 0.911231 0.000000 0.000000 0.000000 0.797034 0.603934
299.512000 3.116986 0.878077 0.000000 0.000000 0.000000 0.788175 0.615451
299.576000 3.098637 0.902587 0.000000 0.000000 0.000000 0.788522 0.615007
299.644000 3.121129 0.878818 0.000000 0.000000 0.000000 0.789479 0.613778
299.708000 3.128458 0.849148 0.000000 0.000000 0.000000 0.789354 0.613938
299.776000 3.150847 0.825373 0.000000 0.000000 0.000000 0.791001 0.611815
299.840000 3.171168 0.802433 0.000000 0.000000 0.000000 0.791941 0.610597
299.908000 3.184695 0.771521 0.000000 0.000000 0.000000 0.792442 0.609947
299.972000 3.204897 0.747814 0.000000 0.000000 0.000000 0.793495 0.608577
300.040000 3.208324 0.714813 0.000000 0.000000 0.000000 0.793182 0.608985
300.104000 3.226853 0.690522 0.000000 0.000000 0.000000 0.793740 0.608257
300.172000 3.236817 0.658656 0.000000 0.000000 0.000000 0.793819 0.608155
300.236000 3.250324 0.629943 0.000000 0.000000 0.000000 0.794056 0.607845
300.304000 3.257610 0.596888 0.000000 0.000000 0.000000 0.794045 0.607860
300.368000 3.263795 0.565595 0.000000 0.000000 0.000000 0.793850 0.608114
300.436000 3.273573 0.533059 0.000000 0.000000 0.000000 0.793881 0.608074
300.500000 3.279415 0.501902 0.000000 0.000000 0.000000 0.793748 0.608247
300.568000 3.294394 0.471703 0.000000 0.000000 0.000000 0.794230 0.607617
300.632000 3.302973 0.440907 0.000000 0.000000 0.000000 0.794262 0.607576
300.700000 3.312220 0.408405 0.000000 0.000000 0.000000 0.794118 0.607763
300.764000 3.313280 0.376850 0.000000 0.000000 0.000000 0.793692 0.608319
300.832000 3.320557 0.344130 0.000000 0.000000 0.000000 0.793568 0.608482
300.896000 3.329436 0.313413 0.000000 0.000000 0.000000 0.793472 0.608607
300.964000 3.342015 0.282943 0.000000 0.000000 0.000000 0.793636 0.608393
301.028000 3.351586 0.252419 0.000000 0.000000 0.000000 0.798493 0.602004
301.096000 3.362243 0.220150 0.000000 0.000000 0.000000 0.813012 0.582247
301.160000 3.374445 0.190598 0.000000 0.000000 0.000000 0.826820 0.562467
301.228000 3.402314 0.201502 0.000000 0.000000 0.000000 0.851912 0.523686
301.292000 3.432287 0.212688 0.000000 0.000000 0.000000 0.876796 0.480862
301.360000 3.462489 0.225882 0.000000 0.000000 0.000000 0.898135 0.439721
301.424000 3.490112 0.241183 0.000000 0.000000 0.000000 0.918541 0.395325
301.492000 3.517487 0.222182 0.000000 0.000000 0.000000 0.928938 0.370236
301.556000 3.543408 0.240303 0.000000 0.000000 0.000000 0.944122 0.329596
301.624000 3.568638 0.262060 0.000000 0.000000 0.000000 0.958957 0.283550
301.688000 3.591077 0.283350 0.000000 0.000000 0.000000 0.969717 0.244231
301.756000 3.623470 0.280644 0.000000 0.000000 0.000000 0.970378 0.241590
301.820000 3.654630 0.281259 0.000000 0.000000 0.000000 0.970948 0.239289
301.888000 3.687136 0.284946 0.000000 0.000000 0.000000 0.971677 0.236314
301.952000 3.718308 0.283918 0.000000 0.000000 0.000000 0.972239 0.233988
302.020000 3.750610 0.277378 0.000000 0.000000 0.000000 0.972609 0.232448
302.084000 3.781544 0.273207 0.000000 0.000000 0.000000 0.972970 0.230932
302.152000 3.814193 0.264292 0.000000 0.000000 0.000000 0.973194 0.229984
302.216000 3.843373 0.253341 0.000000 0.000000 0.000000 0.973339 0.229370
302.284000 3.876541 0.252156 0.000000 0.000000 0.000000 0.973872 0.227098
302.348000 3.907518 0.247512 0.000000 0.000000 0.000000 0.974317 0.225179
302.416000 3.939734 0.240000 0.000000 0.000000 0.000000 0.974628 0.223832
302.480000 3.970620 0.236217 0.000000 0.000000 0.000000 0.974972 0.222326
302.548000 4.003838 0.236972 0.000000 0.000000 0.000000 0.975490 0.220044
302.612000 4.034577 0.231387 0.000000 0.000000 0.000000 0.975834 0.218511
302.680000 4.067146 0.224431 0.000000 0.000000 0.000000 0.976239 0.216698
302.744000 4.077401 0.194127 0.000000 0.000000 0.000000 0.974424 0.224719
302.812000 4.090107 0.162682 0.000000 0.000000 0.000000 0.972111 0.234521
302.876000 4.120555 0.155503 0.000000 0.000000 0.000000 0.972525 0.232796
302.944000 4.123745 0.121674 0.000000 0.000000 0.000000 0.968586 0.248677
303.008000 4.144292 0.097144 0.000000 0.000000 0.000000 0.967945 0.251164
303.076000 4.176961 0.091448 0.000000 0.000000 0.000000 0.968379 0.249484
303.140000 4.207098 0.083624 0.000000 0.000000 0.000000 0.968715 0.248175
303.208000 4.235794 0.067426 0.000000 0.000000 0.000000 0.968746 0.248055
303.272000 4.263959 0.053747 0.000000 0.000000 0.000000 0.968992 0.247094
303.340000 4.292700 0.038408 0.000000 0.000000 0.000000 0.969051 0.246862
303.404000 4.315228 0.015682 0.000000 0.000000 0.000000 0.968308 0.249761
303.472000 4.343743 -0.000192 0.000000 0.000000 0.000000 0.968476 0.249107
303.536000 4.373753 -0.009645 0.000000 0.000000 0.000000 0.968939 0.247302
303.604000 4.376876 -0.043459 0.000000 0.000000 0.000000 0.963566 0.267472
303.668000 4.384209 -0.073080 0.000000 0.000000 0.000000 0.959907 0.280320
303.736000 4.388549 -0.105576 0.000000 0.000000 0.000000 0.955224 0.295885
303.800000 4.414970 -0.123624 0.000000 0.000000 0.000000 0.955512 0.294951
303.868000 4.438878 -0.123936 0.000000 0.000000 0.000000 0.956637 0.291283
303.932000 4.465505 -0.140599 0.000000 0.000000 0.000000 0.956755 0.290895
304.000000 4.494740 -0.156416 0.000000 0.000000 0.000000 0.957088 0.289797
304.064000 4.519785 -0.175260 0.000000 0.000000 0.000000 0.956878 0.290491
304.132000 4.543097 -0.181942 0.000000 0.000000 0.000000 0.955702 0.294336
304.196000 4.532648 -0.212053 0.000000 0.000000 0.000000 0.927496 0.373833
304.264000 4.561154 -0.230569 0.000000 0.000000 0.000000 0.917574 0.397564
304.328000 4.584989 -0.251592 0.000000 0.000000 0.000000 0.907681 0.419660
304.396000 4.609885 -0.274560 0.000000 0.000000 0.000000 0.896719 0.442599
304.460000 4.631020 -0.298325 0.000000 0.000000 0.000000 0.885659 0.464337
304.528000 4.653591 -0.323637 0.000000 0.000000 0.000000 0.873966 0.485987
304.592000 4.669606 -0.351290 0.000000 0.000000 0.000000 0.862072 0.506786
304.660000 4.689290 -0.378725 0.000000 0.000000 0.000000 0.849860 0.527008
304.724000 4.707430 -0.404952 0.000000 0.000000 0.000000 0.837371 0.546635
304.792000 4.723549 -0.434492 0.000000 0.000000 0.000000 0.823725 0.566990
304.856000 4.737521 -0.463196 0.000000 0.000000 0.000000 0.810206 0.586145
304.924000 4.747247 -0.495660 0.000000 0.000000 0.000000 0.794996 0.606614
304.988000 4.718881 -0.509982 0.000000 0.000000 0.000000 0.761241 0.648469
305.056000 4.724712 -0.543470 0.000000 0.000000 0.000000 0.744297 0.667849
305.120000 4.694360 -0.549019 0.000000 0.000000 0.000000 0.710915 0.703278
305.188000 4.696723 -0.582804 0.000000 0.000000 0.000000 0.692820 0.721111
305.252000 4.664909 -0.585878 0.000000 0.000000 0.000000 0.651907 0.758299
305.320000 4.630955 -0.584947 0.000000 0.000000 0.000000 0.605987 0.795474
305.384000 4.599469 -0.579873 0.000000 0.000000 0.000000 0.560455 0.828185
305.452000 4.568994 -0.569589 0.000000 0.000000 0.000000 0.516409 0.856342
305.516000 4.559696 -0.600134 0.000000 0.000000 0.000000 0.495046 0.868867
305.584000 4.531319 -0.586003 0.000000 0.000000 0.000000 0.448739 0.893663
305.648000 4.516437 -0.614130 0.000000 0.000000 0.000000 0.426596 0.904442
305.716000 4.487993 -0.595617 0.000000 0.000000 0.000000 0.379990 0.924990
305.780000 4.465425 -0.573591 0.000000 0.000000 0.000000 0.331335 0.943513
305.848000 4.441934 -0.549803 0.000000 0.000000 0.000000 0.276927 0.960891
305.912000 4.423972 -0.523743 0.000000 0.000000 0.000000 0.222669 0.974894
305.980000 4.407536 -0.494169 0.000000 0.000000 0.000000 0.173490 0.984836
306.044000 4.393218 -0.466508 0.000000 0.000000 0.000000 0.125994 0.992031
306.112000 4.380641 -0.434967 0.000000 0.000000 0.000000 0.078221 0.996936
306.176000 4.375497 -0.403397 0.000000 0.000000 0.000000 0.022931 0.999737
306.244000 4.372951 -0.369505 0.000000 0.000000 0.000000 -0.034909 0.999391
306.308000 4.373937 -0.337528 0.000000 0.000000 0.000000 -0.088460 0.996080
306.376000 4.377744 -0.303752 0.000000 0.000000 0.000000 -0.136247 0.990675
306.440000 4.385699 -0.273177 0.000000 0.000000 0.000000 -0.184163 0.982896
306.508000 4.394597 -0.240588 0.000000 0.000000 0.000000 -0.234114 0.972209
306.572000 4.407070 -0.211131 0.000000 0.000000 0.000000 -0.277922 0.960604
306.640000 4.378524 -0.192784 0.000000 0.000000 0.000000 -0.302288 0.953217
306.704000 4.378524 -0.192784 0.000000 0.000000 0.000000 -0.302288 0.953217
306.772000 4.344948 -0.187824 0.000000 0.000000 0.000000 -0.300849 0.953672
306.836000 4.361567 -0.215022 0.000000 0.000000 0.000000 -0.301782 0.953377
306.904000 4.331885 -0.199921 0.000000 0.000000 0.000000 -0.301461 0.953479
306.968000 4.315466 -0.172974 0.000000 0.000000 0.000000 -0.302222 0.953238
307.036000 4.287298 -0.190629 0.000000 0.000000 0.000000 -0.280437 0.959873
307.100000 4.260901 -0.172776 0.000000 0.000000 0.000000 -0.258458 0.966023
307.168000 4.230900 -0.157143 0.000000 0.000000 0.000000 -0.234554 0.972103
307.232000 4.214312 -0.183445 0.000000 0.000000 0.000000 -0.184816 0.982773
307.300000 4.200367 -0.214290 0.000000 0.000000 0.000000 -0.134291 0.990942
307.364000 4.189103 -0.243694 0.000000 0.000000 0.000000 -0.082864 0.996561
307.432000 4.181461 -0.276568 0.000000 0.000000 0.000000 -0.032906 0.999458
307.496000 4.174302 -0.307217 0.000000 0.000000 0.000000 0.012979 0.999916
307.564000 4.170931 -0.340806 0.000000 0.000000 0.000000 0.053191 0.998584
307.628000 4.140494 -0.349681 0.000000 0.000000 0.000000 0.053528 0.998566
307.696000 4.108382 -0.342501 0.000000 0.000000 0.000000 0.052280 0.998632
307.760000 4.077227 -0.348157 0.000000 0.000000 0.000000 0.052501 0.998621
307.828000 4.044769 -0.357123 0.000000 0.000000 0.000000 0.052836 0.998603
307.892000 4.044769 -0.357123 0.000000 0.000000 0.000000 0.052836 0.998603
307.960000 4.016385 -0.375473 0.000000 0.000000 0.000000 0.054639 0.998506
308.024000 3.985524 -0.380917 0.000000 0.000000 0.000000 0.054573 0.998510
308.092000 3.952016 -0.384538 0.000000 0.000000 0.000000 0.054288 0.998525
308.156000 3.920409 -0.387143 0.000000 0.000000 0.000000 0.053963 0.998543
308.224000 3.886683 -0.382855 0.000000 0.000000 0.000000 0.048838 0.998807
308.288000 3.877864 -0.352170 0.000000 0.000000 0.000000 0.000627 1.000000
308.356000 3.876586 -0.319087 0.000000 0.000000 0.000000 -0.046294 0.998928
308.420000 3.877757 -0.287194 0.000000 0.000000 0.000000 -0.096151 0.995367
308.488000 3.881741 -0.253514 0.000000 0.000000 0.000000 -0.146838 0.989161
308.552000 3.886579 -0.221893 0.000000 0.000000 0.000000 -0.187947 0.982179
308.620000 3.896435 -0.189405 0.000000 0.000000 0.000000 -0.241452 0.970413
308.684000 3.907976 -0.159611 0.000000 0.000000 0.000000 -0.285686 0.958323
308.752000 3.887596 -0.133473 0.000000 0.000000 0.000000 -0.286797 0.957991
308.816000 3.858582 -0.120634 0.000000 0.000000 0.000000 -0.286576 0.958057
308.884000 3.830478 -0.109694 0.000000 0.000000 0.000000 -0.285958 0.958242
308.948000 3.813029 -0.083827 0.000000 0.000000 0.000000 -0.287098 0.957901
309.016000 3.779846 -0.078772 0.000000 0.000000 0.000000 -0.285523 0.958372
309.080000 3.755058 -0.059240 0.000000 0.000000 0.000000 -0.285739 0.958308
309.148000 3.729719 -0.036788 0.000000 0.000000 0.000000 -0.286459 0.958093
309.212000 3.700773 -0.025021 0.000000 0.000000 0.000000 -0.285896 0.958261
309.280000 3.679437 0.001186 0.000000 0.000000 0.000000 -0.286932 0.957951
309.344000 3.662382 0.026581 0.000000 0.000000 0.000000 -0.287838 0.957679
309.412000 3.630923 0.015034 0.000000 0.000000 0.000000 -0.282197 0.959356
309.476000 3.661054 0.005728 0.000000 0.000000 0.000000 -0.281334 0.959610
309.544000 3.628004 -0.002129 0.000000 0.000000 0.000000 -0.277201 0.960812
309.608000 3.598830 0.010607 0.000000 0.000000 0.000000 -0.276646 0.960972
309.676000 3.578641 0.037847 0.000000 0.000000 0.000000 -0.278066 0.960562
309.740000 3.590061 0.065585 0.000000 0.000000 0.000000 -0.288163 0.957581
309.808000 3.579762 0.097935 0.000000 0.000000 0.000000 -0.291290 0.956635
309.872000 3.562929 0.124774 0.000000 0.000000 0.000000 -0.292808 0.956171
309.940000 3.532901 0.138510 0.000000 0.000000 0.000000 -0.292234 0.956347
310.004000 3.501906 0.146462 0.000000 0.000000 0.000000 -0.291112 0.956689
310.072000 3.468863 0.154066 0.000000 0.000000 0.000000 -0.289574 0.957156
310.136000 3.468392 0.185638 0.000000 0.000000 0.000000 -0.295599 0.955312
310.204000 3.450768 0.214146 0.000000 0.000000 0.000000 -0.297234 0.954805
310.268000 3.424106 0.230760 0.000000 0.000000 0.000000 -0.297140 0.954834
310.336000 3.397650 0.250286 0.000000 0.000000 0.000000 -0.297213 0.954811
310.400000 3.370252 0.265487 0.000000 0.000000 0.000000 -0.296797 0.954941
310.468000 3.338505 0.274970 0.000000 0.000000 0.000000 -0.295531 0.955333
310.532000 3.312699 0.293136 0.000000 0.000000 0.000000 -0.295363 0.955385
310.600000 3.281965 0.307283 0.000000 0.000000 0.000000 -0.294426 0.955674
310.664000 3.265287 0.333889 0.000000 0.000000 0.000000 -0.296058 0.955170
310.732000 3.232986 0.342083 0.000000 0.000000 0.000000 -0.294437 0.955671
310.796000 3.215170 0.367920 0.000000 0.000000 0.000000 -0.295901 0.955219
310.864000 3.187008 0.385405 0.000000 0.000000 0.000000 -0.295951 0.955203
310.928000 3.169294 0.411323 0.000000 0.000000 0.000000 -0.297563 0.954702
310.996000 3.136573 0.418329 0.000000 0.000000 0.000000 -0.295933 0.955209
311.060000 3.111951 0.438183 0.000000 0.000000 0.000000 -0.296182 0.955132
311.128000 3.078767 0.445561 0.000000 0.000000 0.000000 -0.294601 0.955620
311.192000 3.050207 0.458973 0.000000 0.000000 0.000000 -0.294040 0.955793
311.260000 3.022644 0.477741 0.000000 0.000000 0.000000 -0.294016 0.955801
311.324000 2.995469 0.492918 0.000000 0.000000 0.000000 -0.293815 0.955862
311.392000 2.971125 0.515389 0.000000 0.000000 0.000000 -0.293957 0.955819
311.456000 2.943774 0.531325 0.000000 0.000000 0.000000 -0.293469 0.955968
311.524000 2.917067 0.551569 0.000000 0.000000 0.000000 -0.293602 0.955928
311.588000 2.891328 0.569676 0.000000 0.000000 0.000000 -0.293720 0.955892
311.656000 2.861884 0.584639 0.000000 0.000000 0.000000 -0.293350 0.956005
311.720000 2.840423 0.607544 0.000000 0.000000 0.000000 -0.294424 0.955675
311.788000 2.819852 0.631762 0.000000 0.000000 0.000000 -0.296043 0.955175
311.852000 2.819874 0.631745 0.000000 0.000000 0.000000 -0.296006 0.955186
311.920000 2.819874 0.631745 0.000000 0.000000 0.000000 -0.295166 0.955446
311.984000 2.819874 0.631745 0.000000 0.000000 0.000000 -0.294976 0.955505
312.052000 2.819874 0.631745 0.000000 0.000000 0.000000 -0.294976 0.955505
312.116000 2.819874 0.631745 0.000000 0.000000 0.000000 -0.294976 0.955505
312.184000 2.819874 0.631745 0.000000 0.000000 0.000000 -0.294976 0.955505
312.248000 2.819874 0.631745 0.000000 0.000000 0.000000 -0.294976 0.955505
312.316000 2.819874 0.631745 0.000000 0.000000 0.000000 -0.294667 0.955600
312.380000 2.819874 0.631745 0.000000 0.000000 0.000000 -0.294667 0.955600
312.448000 2.819874 0.631745 0.000000 0.000000 0.000000 -0.294667 0.955600
312.512000 2.819874 0.631745 0.000000 0.000000 0.000000 -0.295196 0.955437
312.580000 2.819874 0.631745 0.000000 0.000000 0.000000 -0.295196 0.955437
312.644000 2.819874 0.631745 0.000000 0.000000 0.000000 -0.295196 0.955437
312.712000 2.819874 0.631745 0.000000 0.000000 0.000000 -0.295196 0.955437
312.776000 2.819874 0.631745 0.000000 0.000000 0.000000 -0.295196 0.955437
312.844000 2.819874 0.631745 0.000000 0.000000 0.000000 -0.294812 0.955555
312.908000 2.819874 0.631745 0.000000 0.000000 0.000000 -0.293876 0.955844
312.976000 2.819874 0.631745 0.000000 0.000000 0.000000 -0.293876 0.955844
313.040000 2.819874 0.631745 0.000000 0.000000 0.000000 -0.293876 0.955844
313.108000 2.819874 0.631745 0.000000 0.000000 0.000000 -0.293876 0.955844
313.172000 2.819874 0.631745 0.000000 0.000000 0.000000 -0.293876 0.955844
313.240000 2.819874 0.631745 0.000000 0.000000 0.000000 -0.293876 0.955844
313.304000 2.819874 0.631745 0.000000 0.000000 0.000000 -0.293876 0.955844
313.372000 2.819874 0.631745 0.000000 0.000000 0.000000 -0.293876 0.955844
313.436000 2.819874 0.631745 0.000000 0.000000 0.000000 -0.293873 0.955844
313.504000 2.819874 0.631745 0.000000 0.000000 0.000000 -0.294536 0.955640
313.568000 2.819874 0.631745 0.000000 0.000000 0.000000 -0.294536 0.955640
313.636000 2.819874 0.631745 0.000000 0.000000 0.000000 -0.294536 0.955640
313.700000 2.819874 0.631745 0.000000 0.000000 0.000000 -0.294536 0.955640
313.768000 2.819874 0.631745 0.000000 0.000000 0.000000 -0.294536 0.955640
313.832000 2.819874 0.631745 0.000000 0.000000 0.000000 -0.294536 0.955640
313.900000 2.819874 0.631745 0.000000 0.000000 0.000000 -0.294536 0.955640
313.964000 2.819874 0.631745 0.000000 0.000000 0.000000 -0.293865 0.955847
314.032000 2.819874 0.631745 0.000000 0.000000 0.000000 -0.293930 0.955827
314.096000 2.819874 0.631745 0.000000 0.000000 0.000000 -0.293930 0.955827
314.164000 2.819874 0.631745 0.000000 0.000000 0.000000 -0.293930 0.955827
314.228000 2.819874 0.631745 0.000000 0.000000 0.000000 -0.293930 0.955827
314.296000 2.819874 0.631745 0.000000 0.000000 0.000000 -0.293930 0.955827
314.360000 2.819874 0.631745 0.000000 0.000000 0.000000 -0.293930 0.955827
314.428000 2.819874 0.631745 0.000000 0.000000 0.000000 -0.293930 0.955827
314.492000 2.819874 0.631745 0.000000 0.000000 0.000000 -0.293930 0.955827
314.560000 2.819874 0.631745 0.000000 0.000000 0.000000 -0.293930 0.955827
314.624000 2.819874 0.631745 0.000000 0.000000 0.000000 -0.293930 0.955827
314.692000 2.819874 0.631745 0.000000 0.000000 0.000000 -0.293930 0.955827
314.756000 2.819874 0.631745 0.000000 0.000000 0.000000 -0.293930 0.955827
314.824000 2.819874 0.631745 0.000000 0.000000 0.000000 -0.293930 0.955827
314.888000 2.819874 0.631745 0.000000 0.000000 0.000000 -0.293930 0.955827
314.956000 2.819874 0.631745 0.000000 0.000000 0.000000 -0.293930 0.955827
315.020000 2.819874 0.631745 0.000000 0.000000 0.000000 -0.293930 0.955827
315.088000 2.819874 0.631745 0.000000 0.000000 0.000000 -0.293930 0.955827
315.152000 2.819874 0.631745 0.000000 0.000000 0.000000 -0.293930 0.955827
315.220000 2.819874 0.631745 0.000000 0.000000 0.000000 -0.293930 0.955827
315.284000 2.819874 0.631745 0.000000 0.000000 0.000000 -0.293930 0.955827
315.352000 2.819874 0.631745 0.000000 0.000000 0.000000 -0.293930 0.955827
315.416000 2.819874 0.631745 0.000000 0.000000 0.000000 -0.293930 0.955827
315.484000 2.819874 0.631745 0.000000 0.000000 0.000000 -0.293930 0.955827
315.548000 2.819874 0.631745 0.000000 0.000000 0.000000 -0.293930 0.955827
315.616000 2.819874 0.631745 0.000000 0.000000 0.000000 -0.293930 0.955827
315.680000 2.819874 0.631745 0.000000 0.000000 0.000000 -0.293930 0.955827
315.748000 2.819874 0.631745 0.000000 0.000000 0.000000 -0.293930 0.955827
315.812000 2.819874 0.631745 0.000000 0.000000 0.000000 -0.293930 0.955827
315.880000 2.819874 0.631745 0.000000 0.000000 0.000000 -0.293930 0.955827
315.944000 2.819874 0.631745 0.000000 0.000000 0.000000 -0.293930 0.955827
316.012000 2.819874 0.631745 0.000000 0.000000 0.000000 -0.293930 0.955827
316.076000 2.819874 0.631745 0.000000 0.000000 0.000000 -0.293930 0.955827
316.144000 2.819874 0.631745 0.000000 0.000000 0.000000 -0.293930 0.955827
316.208000 2.819874 0.631745 0.000000 0.000000 0.000000 -0.293930 0.955827
316.276000 2.819874 0.631745 0.000000 0.000000 0.000000 -0.293930 0.955827
316.340000 2.819874 0.631745 0.000000 0.000000 0.000000 -0.293930 0.955827
316.408000 2.819874 0.631745 0.000000 0.000000 0.000000 -0.293930 0.955827
316.472000 2.819874 0.631745 0.000000 0.000000 0.000000 -0.293930 0.955827
316.540000 2.819874 0.631745 0.000000 0.000000 0.000000 -0.293930 0.955827
316.604000 2.819874 0.631745 0.000000 0.000000 0.000000 -0.293930 0.955827
316.672000 2.819874 0.631745 0.000000 0.000000 0.000000 -0.293930 0.955827
316.736000 2.819874 0.631745 0.000000 0.000000 0.000000 -0.293930 0.955827
316.804000 2.819874 0.631745 0.000000 0.000000 0.000000 -0.293930 0.955827
316.868000 2.819874 0.631745 0.000000 0.000000 0.000000 -0.293930 0.955827
316.936000 2.819874 0.631745 0.000000 0.000000 0.000000 -0.293930 0.955827
317.000000 2.819874 0.631745 0.000000 0.000000 0.000000 -0.293930 0.955827
317.068000 2.819874 0.631745 0.000000 0.000000 0.000000 -0.293930 0.955827
317.132000 2.819874 0.631745 0.000000 0.000000 0.000000 -0.293930 0.955827
317.200000 2.819874 0.631745 0.000000 0.000000 0.000000 -0.293930 0.955827
317.264000 2.819874 0.631745 0.000000 0.000000 0.000000 -0.293930 0.955827
317.332000 2.819874 0.631745 0.000000 0.000000 0.000000 -0.293930 0.955827
317.396000 2.819874 0.631745 0.000000 0.000000 0.000000 -0.293930 0.955827
317.464000 2.819874 0.631745 0.000000 0.000000 0.000000 -0.293930 0.955827
317.528000 2.819874 0.631745 0.000000 0.000000 0.000000 -0.293930 0.955827
317.596000 2.819874 0.631745 0.000000 0.000000 0.000000 -0.293930 0.955827
317.660000 2.819874 0.631745 0.000000 0.000000 0.000000 -0.293930 0.955827
317.728000 2.819874 0.631745 0.000000 0.000000 0.000000 -0.293930 0.955827
317.792000 2.819874 0.631745 0.000000 0.000000 0.000000 -0.293930 0.955827
317.860000 2.819874 0.631745 0.000000 0.000000 0.000000 -0.293930 0.955827
317.924000 2.819874 0.631745 0.000000 0.000000 0.000000 -0.293930 0.955827
317.992000 2.819874 0.631745 0.000000 0.000000 0.000000 -0.293930 0.955827
318.056000 2.819874 0.631745 0.000000 0.000000 0.000000 -0.293930 0.955827
318.124000 2.819874 0.631745 0.000000 0.000000 0.000000 -0.293930 0.955827
318.188000 2.819874 0.631745 0.000000 0.000000 0.000000 -0.293930 0.955827
318.256000 2.819874 0.631745 0.000000 0.000000 0.000000 -0.293930 0.955827
318.320000 2.819874 0.631745 0.000000 0.000000 0.000000 -0.293930 0.955827
318.388000 2.819874 0.631745 0.000000 0.000000 0.000000 -0.293930 0.955827
318.452000 2.819874 0.631745 0.000000 0.000000 0.000000 -0.293930 0.955827
318.520000 2.819874 0.631745 0.000000 0.000000 0.000000 -0.293930 0.955827
318.584000 2.819874 0.631745 0.000000 0.000000 0.000000 -0.293930 0.955827
318.652000 2.819874 0.631745 0.000000 0.000000 0.000000 -0.293930 0.955827
318.716000 2.819874 0.631745 0.000000 0.000000 0.000000 -0.293930 0.955827
318.784000 2.819874 0.631745 0.000000 0.000000 0.000000 -0.293930 0.955827
318.848000 2.819874 0.631745 0.000000 0.000000 0.000000 -0.293930 0.955827
318.916000 2.819874 0.631745 0.000000 0.000000 0.000000 -0.293930 0.955827
318.980000 2.819874 0.631745 0.000000 0.000000 0.000000 -0.293930 0.955827
319.048000 2.819874 0.631745 0.000000 0.000000 0.000000 -0.293930 0.955827
319.112000 2.819874 0.631745 0.000000 0.000000 0.000000 -0.293930 0.955827
319.180000 2.819874 0.631745 0.000000 0.000000 0.000000 -0.293930 0.955827
319.244000 2.819874 0.631745 0.000000 0.000000 0.000000 -0.293930 0.955827
319.312000 2.819874 0.631745 0.000000 0.000000 0.000000 -0.293930 0.955827
319.376000 2.819874 0.631745 0.000000 0.000000 0.000000 -0.293930 0.955827
319.444000 2.819874 0.631745 0.000000 0.000000 0.000000 -0.293930 0.955827
319.508000 2.819874 0.631745 0.000000 0.000000 0.000000 -0.293930 0.955827
319.576000 2.819874 0.631745 0.000000 0.000000 0.000000 -0.293930 0.955827
319.640000 2.819874 0.631745 0.000000 0.000000 0.000000 -0.293930 0.955827
319.708000 2.819874 0.631745 0.000000 0.000000 0.000000 -0.293930 0.955827
319.772000 2.819874 0.631745 0.000000 0.000000 0.000000 -0.293930 0.955827
319.840000 2.819874 0.631745 0.000000 0.000000 0.000000 -0.293930 0.955827
319.904000 2.819874 0.631745 0.000000 0.000000 0.000000 -0.293930 0.955827
319.972000 2.819874 0.631745 0.000000 0.000000 0.000000 -0.293930 0.955827
320.036000 2.819874 0.631745 0.000000 0.000000 0.000000 -0.293930 0.955827
320.104000 2.819874 0.631745 0.000000 0.000000 0.000000 -0.293930 0.955827
320.168000 2.819874 0.631745 0.000000 0.000000 0.000000 -0.293930 0.955827
320.236000 2.819874 0.631745 0.000000 0.000000 0.000000 -0.293930 0.955827
320.300000 2.819874 0.631745 0.000000 0.000000 0.000000 -0.293930 0.955827
320.368000 2.819874 0.631745 0.000000 0.000000 0.000000 -0.293930 0.955827
320.432000 2.819874 0.631745 0.000000 0.000000 0.000000 -0.293930 0.955827
320.500000 2.819874 0.631745 0.000000 0.000000 0.000000 -0.293930 0.955827
320.564000 2.819874 0.631745 0.000000 0.000000 0.000000 -0.293930 0.955827
320.632000 2.819874 0.631745 0.000000 0.000000 0.000000 -0.293930 0.955827
320.696000 2.819874 0.631745 0.000000 0.000000 0.000000 -0.293930 0.955827
320.764000 2.819874 0.631745 0.000000 0.000000 0.000000 -0.293930 0.955827
320.828000 2.819874 0.631745 0.000000 0.000000 0.000000 -0.293930 0.955827
320.896000 2.819874 0.631745 0.000000 0.000000 0.000000 -0.293930 0.955827
320.960000 2.819874 0.631745 0.000000 0.000000 0.000000 -0.293930 0.955827
321.028000 2.819874 0.631745 0.000000 0.000000 0.000000 -0.293930 0.955827
321.092000 2.819874 0.631745 0.000000 0.000000 0.000000 -0.293930 0.955827
321.160000 2.819874 0.631745 0.000000 0.000000 0.000000 -0.293930 0.955827
321.224000 2.819874 0.631745 0.000000 0.000000 0.000000 -0.293930 0.955827
321.292000 2.819874 0.631745 0.000000 0.000000 0.000000 -0.293930 0.955827
321.356000 2.819874 0.631745 0.000000 0.000000 0.000000 -0.293930 0.955827
321.424000 2.819874 0.631745 0.000000 0.000000 0.000000 -0.293930 0.955827
321.488000 2.819874 0.631745 0.000000 0.000000 0.000000 -0.293930 0.955827
321.556000 2.819874 0.631745 0.000000 0.000000 0.000000 -0.293930 0.955827
321.620000 2.819874 0.631745 0.000000 0.000000 0.000000 -0.293930 0.955827
321.688000 2.819874 0.631745 0.000000 0.000000 0.000000 -0.293930 0.955827
321.752000 2.819874 0.631745 0.000000 0.000000 0.000000 -0.293930 0.955827
321.820000 2.819874 0.631745 0.000000 0.000000 0.000000 -0.293930 0.955827
321.884000 2.819874 0.631745 0.000000 0.000000 0.000000 -0.293930 0.955827
321.952000 2.819874 0.631745 0.000000 0.000000 0.000000 -0.293930 0.955827
322.016000 2.819874 0.631745 0.000000 0.000000 0.000000 -0.293930 0.955827
322.084000 2.819874 0.631745 0.000000 0.000000 0.000000 -0.293930 0.955827
322.148000 2.819874 0.631745 0.000000 0.000000 0.000000 -0.293930 0.955827
322.216000 2.819874 0.631745 0.000000 0.000000 0.000000 -0.293930 0.955827
322.280000 2.819874 0.631745 0.000000 0.000000 0.000000 -0.293930 0.955827
322.348000 2.819874 0.631745 0.000000 0.000000 0.000000 -0.293930 0.955827
322.412000 2.819874 0.631745 0.000000 0.000000 0.000000 -0.293930 0.955827
322.480000 2.819874 0.631745 0.000000 0.000000 0.000000 -0.293930 0.955827
322.544000 2.819874 0.631745 0.000000 0.000000 0.000000 -0.293930 0.955827
322.612000 2.819874 0.631745 0.000000 0.000000 0.000000 -0.293930 0.955827
322.676000 2.819874 0.631745 0.000000 0.000000 0.000000 -0.293930 0.955827
322.744000 2.819874 0.631745 0.000000 0.000000 0.000000 -0.293930 0.955827
322.808000 2.819874 0.631745 0.000000 0.000000 0.000000 -0.293930 0.955827
322.876000 2.819874 0.631745 0.000000 0.000000 0.000000 -0.293930 0.955827
322.940000 2.819874 0.631745 0.000000 0.000000 0.000000 -0.293930 0.955827
323.008000 2.819874 0.631745 0.000000 0.000000 0.000000 -0.293930 0.955827
323.072000 2.819874 0.631745 0.000000 0.000000 0.000000 -0.293930 0.955827
323.140000 2.819874 0.631745 0.000000 0.000000 0.000000 -0.293930 0.955827
323.204000 2.819874 0.631745 0.000000 0.000000 0.000000 -0.293930 0.955827
323.272000 2.819874 0.631745 0.000000 0.000000 0.000000 -0.293930 0.955827
323.336000 2.819874 0.631745 0.000000 0.000000 0.000000 -0.293930 0.955827
323.404000 2.819874 0.631745 0.000000 0.000000 0.000000 -0.293930 0.955827
323.468000 2.819874 0.631745 0.000000 0.000000 0.000000 -0.293930 0.955827
323.536000 2.819874 0.631745 0.000000 0.000000 0.000000 -0.293930 0.955827
323.600000 2.819874 0.631745 0.000000 0.000000 0.000000 -0.293930 0.955827
323.668000 2.819874 0.631745 0.000000 0.000000 0.000000 -0.293930 0.955827
323.732000 2.819874 0.631745 0.000000 0.000000 0.000000 -0.293930 0.955827
323.800000 2.819874 0.631745 0.000000 0.000000 0.000000 -0.293930 0.955827
323.864000 2.819874 0.631745 0.000000 0.000000 0.000000 -0.293930 0.955827
323.932000 2.819874 0.631745 0.000000 0.000000 0.000000 -0.293930 0.955827
323.996000 2.819874 0.631745 0.000000 0.000000 0.000000 -0.293930 0.955827
324.064000 2.819874 0.631745 0.000000 0.000000 0.000000 -0.293930 0.955827
324.128000 2.819874 0.631745 0.000000 0.000000 0.000000 -0.293930 0.955827
324.196000 2.819874 0.631745 0.000000 0.000000 0.000000 -0.293930 0.955827
324.260000 2.819874 0.631745 0.000000 0.000000 0.000000 -0.293930 0.955827
324.328000 2.819874 0.631745 0.000000 0.000000 0.000000 -0.293930 0.955827
324.392000 2.819874 0.631745 0.000000 0.000000 0.000000 -0.293930 0.955827
324.460000 2.819874 0.631745 0.000000 0.000000 0.000000 -0.293930 0.955827
324.524000 2.819874 0.631745 0.000000 0.000000 0.000000 -0.293930 0.955827
324.592000 2.819874 0.631745 0.000000 0.000000 0.000000 -0.293930 0.955827
324.656000 2.819874 0.631745 0.000000 0.000000 0.000000 -0.293930 0.955827
324.724000 2.819874 0.631745 0.000000 0.000000 0.000000 -0.293930 0.955827
324.788000 2.819874 0.631745 0.000000 0.000000 0.000000 -0.293930 0.955827
324.856000 2.819874 0.631745 0.000000 0.000000 0.000000 -0.293930 0.955827
324.920000 2.819874 0.631745 0.000000 0.000000 0.000000 -0.293930 0.955827
324.988000 2.819874 0.631745 0.000000 0.000000 0.000000 -0.293930 0.955827
325.052000 2.819874 0.631745 0.000000 0.000000 0.000000 -0.293930 0.955827
325.120000 2.819874 0.631745 0.000000 0.000000 0.000000 -0.293930 0.955827
325.184000 2.819874 0.631745 0.000000 0.000000 0.000000 -0.293930 0.955827
325.252000 2.819874 0.631745 0.000000 0.000000 0.000000 -0.293930 0.955827
325.316000 2.819874 0.631745 0.000000 0.000000 0.000000 -0.293930 0.955827
325.384000 2.819874 0.631745 0.000000 0.000000 0.000000 -0.293930 0.955827
325.448000 2.819874 0.631745 0.000000 0.000000 0.000000 -0.293930 0.955827
325.516000 2.819874 0.631745 0.000000 0.000000 0.000000 -0.293930 0.955827
325.580000 2.819874 0.631745 0.000000 0.000000 0.000000 -0.293930 0.955827
325.648000 2.819874 0.631745 0.000000 0.000000 0.000000 -0.293930 0.955827
