34.984000 0.000000 0.000000 0.000000 0.000000 0.000000 0.000000 1.000000
35.048000 0.000000 0.000000 0.000000 0.000000 0.000000 0.000000 1.000000
35.116000 0.000000 0.000000 0.000000 0.000000 0.000000 0.000000 1.000000
35.180000 0.577350 -0.577350 0.000000 0.000000 0.000000 0.000000 1.000000
35.248000 0.577350 -0.577350 0.000000 0.000000 0.000000 0.000000 1.000000
35.312000 1.154701 -1.154701 0.000000 0.000000 0.000000 -0.000000 1.000000
35.380000 1.154701 -1.154701 0.000000 0.000000 0.000000 -0.000000 1.000000
35.444000 1.154701 -1.154701 0.000000 0.000000 0.000000 -0.000000 1.000000
35.512000 1.732051 -1.732051 0.000000 0.000000 0.000000 0.000000 1.000000
35.576000 2.309401 -2.309401 0.000000 0.000000 0.000000 0.000000 1.000000
35.644000 2.309401 -2.309401 0.000000 0.000000 0.000000 0.000000 1.000000
35.708000 2.886751 -2.886751 0.000000 0.000000 0.000000 0.000000 1.000000
35.776000 2.309401 -2.309401 0.000000 0.000000 0.000000 0.000000 1.000000
35.840000 2.309401 -2.309401 0.000000 0.000000 0.000000 0.000000 1.000000
35.908000 2.309401 -2.309401 0.000000 0.000000 0.000000 0.000000 1.000000
35.972000 2.309401 -2.309401 0.000000 0.000000 0.000000 0.000000 1.000000
36.040000 2.886751 -2.886751 0.000000 0.000000 0.000000 0.000000 1.000000
36.104000 2.886751 -2.886751 0.000000 0.000000 0.000000 0.000000 1.000000
36.172000 2.886751 -2.886751 0.000000 0.000000 0.000000 0.000000 1.000000
36.236000 3.464102 -3.464102 0.000000 0.000000 0.000000 0.000000 1.000000
36.304000 3.464102 -3.464102 0.000000 0.000000 0.000000 0.000000 1.000000
36.368000 4.041452 -4.041452 0.000000 0.000000 0.000000 0.000000 1.000000
36.436000 4.618802 -4.618802 0.000000 0.000000 0.000000 0.000000 1.000000
36.500000 5.196152 -5.196152 0.000000 0.000000 0.000000 0.000000 1.000000
36.568000 4.618802 -4.618802 0.000000 0.000000 0.000000 0.000000 1.000000
36.632000 4.618802 -4.618802 0.000000 0.000000 0.000000 0.000000 1.000000
36.700000 4.618802 -4.618802 0.000000 0.000000 0.000000 0.000000 1.000000
36.764000 5.196152 -5.196152 0.000000 0.000000 0.000000 0.000000 1.000000
36.832000 5.196152 -5.196152 0.000000 0.000000 0.000000 0.000000 1.000000
36.896000 5.196152 -5.196152 0.000000 0.000000 0.000000 0.000000 1.000000
36.964000 5.196152 -5.196152 0.000000 0.000000 0.000000 0.000000 1.000000
37.028000 5.196152 -5.196152 0.000000 0.000000 0.000000 0.000000 1.000000
37.096000 5.196152 -5.196152 0.000000 0.000000 0.000000 0.000000 1.000000
37.160000 5.773503 -5.773503 0.000000 0.000000 0.000000 0.000000 1.000000
37.228000 6.350853 -6.350853 0.000000 0.000000 0.000000 0.000000 1.000000
37.292000 5.773503 -5.773503 0.000000 0.000000 0.000000 0.000000 1.000000
37.360000 5.773503 -5.773503 0.000000 0.000000 0.000000 0.000000 1.000000
37.424000 6.350853 -6.350853 0.000000 0.000000 0.000000 -0.000000 1.000000
37.492000 5.793690 -5.538357 0.000000 0.000000 0.000000 -0.000000 1.000000
37.556000 6.371040 -6.115707 0.000000 0.000000 0.000000 -0.000000 1.000000
37.624000 5.793690 -5.538357 0.000000 0.000000 0.000000 -0.000000 1.000000
37.688000 5.793690 -5.538357 0.000000 0.000000 0.000000 -0.000000 1.000000
37.756000 6.113133 -5.253766 0.000000 0.000000 0.000000 -0.000000 1.000000
37.820000 6.690483 -5.831116 0.000000 0.000000 0.000000 -0.000000 1.000000
37.888000 7.267833 -6.408467 0.000000 0.000000 0.000000 -0.000000 1.000000
37.952000 7.845184 -6.985817 0.000000 0.000000 0.000000 -0.000000 1.000000
38.020000 7.845184 -6.985817 0.000000 0.000000 0.000000 -0.000000 1.000000
38.084000 7.845184 -6.985817 0.000000 0.000000 0.000000 -0.000000 1.000000
38.152000 7.267833 -6.408467 0.000000 0.000000 0.000000 -0.000000 1.000000
38.216000 6.690483 -5.831116 0.000000 0.000000 0.000000 -0.000000 1.000000
38.284000 6.690483 -5.831116 0.000000 0.000000 0.000000 -0.000000 1.000000
38.348000 7.267833 -6.408467 0.000000 0.000000 0.000000 -0.000000 1.000000
38.416000 7.267833 -6.408467 0.000000 0.000000 0.000000 -0.000000 1.000000
38.480000 7.267833 -6.408467 0.000000 0.000000 0.000000 -0.000000 1.000000
38.548000 6.314138 -6.706949 0.000000 0.000000 0.000000 -0.000000 1.000000
38.612000 6.891488 -7.284300 0.000000 0.000000 0.000000 -0.000000 1.000000
38.680000 6.891488 -7.284300 0.000000 0.000000 0.000000 -0.000000 1.000000
38.744000 7.468838 -7.861650 0.000000 0.000000 0.000000 -0.000000 1.000000
38.812000 8.046188 -8.439000 0.000000 0.000000 0.000000 0.000000 1.000000
38.876000 8.046188 -8.439000 0.000000 0.000000 0.000000 0.000000 1.000000
38.944000 8.623539 -9.016351 0.000000 0.000000 0.000000 0.000000 1.000000
39.008000 8.623539 -9.016351 0.000000 0.000000 0.000000 0.000000 1.000000
39.076000 8.623539 -9.016351 0.000000 0.000000 0.000000 0.000000 1.000000
39.140000 8.623566 -8.309070 0.000000 0.000000 0.000000 0.000000 1.000000
39.208000 9.603826 -8.335600 0.000000 0.000000 0.000000 -0.000000 1.000000
39.272000 9.603826 -8.335600 0.000000 0.000000 0.000000 -0.000000 1.000000
39.340000 10.181176 -8.912950 0.000000 0.000000 0.000000 -0.000000 1.000000
39.404000 10.181176 -8.912950 0.000000 0.000000 0.000000 -0.000000 1.000000
39.472000 10.181176 -8.912950 0.000000 0.000000 0.000000 -0.000000 1.000000
39.536000 10.758526 -9.490300 0.000000 0.000000 0.000000 -0.000000 1.000000
39.604000 10.758526 -9.490300 0.000000 0.000000 0.000000 -0.000000 1.000000
39.668000 11.335877 -10.067650 0.000000 0.000000 0.000000 -0.000000 1.000000
39.736000 11.913227 -10.645001 0.000000 0.000000 0.000000 -0.000000 1.000000
39.800000 12.490577 -11.222351 0.000000 0.000000 0.000000 -0.000000 1.000000
39.868000 12.490577 -11.222351 0.000000 0.000000 0.000000 -0.000000 1.000000
39.932000 11.913227 -10.645001 0.000000 0.000000 0.000000 -0.000000 1.000000
40.000000 11.913227 -10.645001 0.000000 0.000000 0.000000 -0.000000 1.000000
40.064000 12.490577 -11.222351 0.000000 0.000000 0.000000 -0.000000 1.000000
40.132000 12.490577 -11.222351 0.000000 0.000000 0.000000 -0.000000 1.000000
40.196000 13.067928 -11.799701 0.000000 0.000000 0.000000 -0.000000 1.000000
40.264000 13.645278 -12.377051 0.000000 0.000000 0.000000 0.000000 1.000000
40.328000 13.645278 -12.377051 0.000000 0.000000 0.000000 0.000000 1.000000
40.396000 13.645278 -12.377051 0.000000 0.000000 0.000000 0.000000 1.000000
40.460000 13.645278 -12.377051 0.000000 0.000000 0.000000 0.000000 1.000000
40.528000 13.645278 -12.377051 0.000000 0.000000 0.000000 0.000000 1.000000
40.592000 14.586541 -12.039440 0.000000 0.000000 0.000000 0.000000 1.000000
40.660000 14.586541 -12.039440 0.000000 0.000000 0.000000 0.000000 1.000000
40.724000 14.009191 -11.462089 0.000000 0.000000 0.000000 0.000000 1.000000
40.792000 13.431841 -10.884739 0.000000 0.000000 0.000000 0.000000 1.000000
40.856000 13.431841 -10.884739 0.000000 0.000000 0.000000 0.000000 1.000000
40.924000 14.009191 -11.462089 0.000000 0.000000 0.000000 -0.000000 1.000000
40.988000 14.903588 -11.579112 0.000000 0.000000 0.000000 -0.000000 1.000000
41.056000 14.326238 -11.001761 0.000000 0.000000 0.000000 -0.000000 1.000000
41.120000 13.748888 -10.424411 0.000000 0.000000 0.000000 -0.000000 1.000000
41.188000 13.171537 -9.847061 0.000000 0.000000 0.000000 -0.000000 1.000000
41.252000 13.748888 -10.424411 0.000000 0.000000 0.000000 -0.000000 1.000000
41.320000 13.171537 -9.847061 0.000000 0.000000 0.000000 -0.000000 1.000000
41.384000 12.718724 -10.720046 0.000000 0.000000 0.000000 0.000000 1.000000
41.452000 13.296074 -11.297396 0.000000 0.000000 0.000000 0.000000 1.000000
41.516000 13.296074 -11.297396 0.000000 0.000000 0.000000 0.000000 1.000000
41.584000 13.873425 -11.874746 0.000000 0.000000 0.000000 0.000000 1.000000
41.648000 14.450775 -12.452096 0.000000 0.000000 0.000000 0.000000 1.000000
41.716000 14.450775 -12.452096 0.000000 0.000000 0.000000 0.000000 1.000000
41.780000 13.873425 -11.874746 0.000000 0.000000 0.000000 0.000000 1.000000
41.848000 14.450775 -12.452096 0.000000 0.000000 0.000000 0.000000 1.000000
41.912000 14.450775 -12.452096 0.000000 0.000000 0.000000 0.000000 1.000000
41.980000 13.873425 -11.874746 0.000000 0.000000 0.000000 0.000000 1.000000
42.044000 14.450775 -12.452096 0.000000 0.000000 0.000000 0.000000 1.000000
42.112000 14.450775 -12.452096 0.000000 0.000000 0.000000 0.000000 1.000000
42.176000 13.873425 -11.874746 0.000000 0.000000 0.000000 0.000000 1.000000
42.244000 14.450775 -12.452096 0.000000 0.000000 0.000000 0.000000 1.000000
42.308000 15.028125 -13.029447 0.000000 0.000000 0.000000 0.000000 1.000000
42.376000 15.028125 -13.029447 0.000000 0.000000 0.000000 0.000000 1.000000
42.440000 14.450775 -12.452096 0.000000 0.000000 0.000000 0.000000 1.000000
42.508000 14.450775 -12.452096 0.000000 0.000000 0.000000 0.000000 1.000000
42.572000 14.450775 -12.452096 0.000000 0.000000 0.000000 0.000000 1.000000
42.640000 14.450775 -12.452096 0.000000 0.000000 0.000000 0.000000 1.000000
42.704000 15.028125 -13.029447 0.000000 0.000000 0.000000 0.000000 1.000000
42.772000 15.028125 -13.029447 0.000000 0.000000 0.000000 0.000000 1.000000
42.836000 14.450775 -12.452096 0.000000 0.000000 0.000000 0.000000 1.000000
42.904000 14.450775 -12.452096 0.000000 0.000000 0.000000 0.000000 1.000000
42.968000 15.028125 -13.029447 0.000000 0.000000 0.000000 0.000000 1.000000
43.036000 14.450775 -12.452096 0.000000 0.000000 0.000000 0.000000 1.000000
43.100000 14.450775 -12.452096 0.000000 0.000000 0.000000 0.000000 1.000000
43.168000 13.873425 -11.874746 0.000000 0.000000 0.000000 0.000000 1.000000
43.232000 13.873425 -11.874746 0.000000 0.000000 0.000000 0.000000 1.000000
43.300000 14.652933 -11.310306 0.000000 0.000000 0.000000 0.000000 1.000000
43.364000 14.652933 -11.310306 0.000000 0.000000 0.000000 0.000000 1.000000
43.432000 14.075583 -10.732956 0.000000 0.000000 0.000000 0.000000 1.000000
43.496000 13.498233 -10.155605 0.000000 0.000000 0.000000 0.000000 1.000000
43.564000 14.075583 -10.732956 0.000000 0.000000 0.000000 0.000000 1.000000
43.628000 14.075583 -10.732956 0.000000 0.000000 0.000000 0.000000 1.000000
43.696000 14.075583 -10.732956 0.000000 0.000000 0.000000 0.000000 1.000000
43.760000 13.498233 -10.155605 0.000000 0.000000 0.000000 0.000000 1.000000
43.828000 14.075583 -10.732956 0.000000 0.000000 0.000000 0.000000 1.000000
43.892000 14.652933 -11.310306 0.000000 0.000000 0.000000 0.000000 1.000000
43.960000 14.075583 -10.732956 0.000000 0.000000 0.000000 0.000000 1.000000
44.024000 14.652933 -11.310306 0.000000 0.000000 0.000000 0.000000 1.000000
44.092000 15.230283 -11.887656 0.000000 0.000000 0.000000 0.000000 1.000000
44.156000 15.230283 -11.887656 0.000000 0.000000 0.000000 0.000000 1.000000
44.224000 15.807634 -12.465006 0.000000 0.000000 0.000000 0.000000 1.000000
44.288000 15.230283 -11.887656 0.000000 0.000000 0.000000 0.000000 1.000000
44.356000 15.807634 -12.465006 0.000000 0.000000 0.000000 0.000000 1.000000
44.420000 15.807634 -12.465006 0.000000 0.000000 0.000000 0.000000 1.000000
44.488000 16.384984 -13.042357 0.000000 0.000000 0.000000 0.000000 1.000000
44.552000 16.962334 -13.619707 0.000000 0.000000 0.000000 0.000000 1.000000
44.620000 17.539684 -14.197057 0.000000 0.000000 0.000000 0.000000 1.000000
44.684000 17.539684 -14.197057 0.000000 0.000000 0.000000 0.000000 1.000000
44.752000 17.539684 -14.197057 0.000000 0.000000 0.000000 0.000000 1.000000
44.816000 17.539684 -14.197057 0.000000 0.000000 0.000000 0.000000 1.000000
44.884000 17.539684 -14.197057 0.000000 0.000000 0.000000 0.000000 1.000000
44.948000 17.539684 -14.197057 0.000000 0.000000 0.000000 0.000000 1.000000
45.016000 17.539684 -14.197057 0.000000 0.000000 0.000000 0.000000 1.000000
45.080000 18.117035 -14.774408 0.000000 0.000000 0.000000 0.000000 1.000000
45.148000 18.694385 -15.351758 0.000000 0.000000 0.000000 0.000000 1.000000
45.212000 19.271735 -15.929108 0.000000 0.000000 0.000000 0.000000 1.000000
45.280000 19.271735 -15.929108 0.000000 0.000000 0.000000 0.000000 1.000000
45.344000 19.271735 -15.929108 0.000000 0.000000 0.000000 0.000000 1.000000
45.412000 19.271735 -15.929108 0.000000 0.000000 0.000000 0.000000 1.000000
45.476000 19.271735 -15.929108 0.000000 0.000000 0.000000 0.000000 1.000000
45.544000 18.357830 -15.852088 0.000000 0.000000 0.000000 0.000000 1.000000
45.608000 17.780480 -15.274738 0.000000 0.000000 0.000000 0.000000 1.000000
45.676000 18.357830 -15.852088 0.000000 0.000000 0.000000 0.000000 1.000000
45.740000 18.357830 -15.852088 0.000000 0.000000 0.000000 0.000000 1.000000
45.808000 17.780480 -15.274738 0.000000 0.000000 0.000000 0.000000 1.000000
45.872000 17.780480 -15.274738 0.000000 0.000000 0.000000 0.000000 1.000000
45.940000 17.780480 -15.274738 0.000000 0.000000 0.000000 0.000000 1.000000
46.004000 18.357830 -15.852088 0.000000 0.000000 0.000000 0.000000 1.000000
46.072000 18.357830 -15.852088 0.000000 0.000000 0.000000 0.000000 1.000000
46.136000 18.357830 -15.852088 0.000000 0.000000 0.000000 0.000000 1.000000
46.204000 18.935180 -16.429438 0.000000 0.000000 0.000000 0.000000 1.000000
46.268000 19.512531 -17.006789 0.000000 0.000000 0.000000 0.000000 1.000000
46.336000 19.512531 -17.006789 0.000000 0.000000 0.000000 0.000000 1.000000
46.400000 19.512531 -17.006789 0.000000 0.000000 0.000000 0.000000 1.000000
46.468000 19.512531 -17.006789 0.000000 0.000000 0.000000 0.000000 1.000000
46.532000 19.512531 -17.006789 0.000000 0.000000 0.000000 0.000000 1.000000
46.600000 19.512531 -17.006789 0.000000 0.000000 0.000000 0.000000 1.000000
46.664000 18.935180 -16.429438 0.000000 0.000000 0.000000 0.000000 1.000000
46.732000 18.935180 -16.429438 0.000000 0.000000 0.000000 0.000000 1.000000
46.796000 19.512531 -17.006789 0.000000 0.000000 0.000000 0.000000 1.000000
46.864000 19.512531 -17.006789 0.000000 0.000000 0.000000 0.000000 1.000000
46.928000 19.512531 -17.006789 0.000000 0.000000 0.000000 0.000000 1.000000
46.996000 19.512531 -17.006789 0.000000 0.000000 0.000000 0.000000 1.000000
47.060000 20.089881 -17.584139 0.000000 0.000000 0.000000 0.000000 1.000000
47.128000 20.089881 -17.584139 0.000000 0.000000 0.000000 0.000000 1.000000
47.192000 20.089881 -17.584139 0.000000 0.000000 0.000000 0.000000 1.000000
47.260000 20.667231 -18.161489 0.000000 0.000000 0.000000 0.000000 1.000000
47.324000 21.244581 -18.738839 0.000000 0.000000 0.000000 0.000000 1.000000
47.392000 21.821932 -19.316190 0.000000 0.000000 0.000000 0.000000 1.000000
47.456000 22.399282 -19.893540 0.000000 0.000000 0.000000 0.000000 1.000000
47.524000 22.976632 -20.470890 0.000000 0.000000 0.000000 0.000000 1.000000
47.588000 22.399282 -19.893540 0.000000 0.000000 0.000000 0.000000 1.000000
47.656000 22.399282 -19.893540 0.000000 0.000000 0.000000 0.000000 1.000000
47.720000 22.399282 -19.893540 0.000000 0.000000 0.000000 0.000000 1.000000
47.788000 23.205711 -19.344683 0.000000 0.000000 0.000000 0.000000 1.000000
47.852000 23.205711 -19.344683 0.000000 0.000000 0.000000 0.000000 1.000000
47.920000 23.205711 -19.344683 0.000000 0.000000 0.000000 0.000000 1.000000
47.984000 23.783061 -19.922034 0.000000 0.000000 0.000000 0.000000 1.000000
48.052000 23.783061 -19.922034 0.000000 0.000000 0.000000 0.000000 1.000000
48.116000 23.783061 -19.922034 0.000000 0.000000 0.000000 0.000000 1.000000
48.184000 24.360411 -20.499384 0.000000 0.000000 0.000000 0.000000 1.000000
48.248000 24.937762 -21.076734 0.000000 0.000000 0.000000 0.000000 1.000000
48.316000 25.515112 -21.654085 0.000000 0.000000 0.000000 0.000000 1.000000
48.380000 25.515112 -21.654085 0.000000 0.000000 0.000000 0.000000 1.000000
48.448000 24.937762 -21.076734 0.000000 0.000000 0.000000 0.000000 1.000000
48.512000 24.360411 -20.499384 0.000000 0.000000 0.000000 0.000000 1.000000
48.580000 24.360411 -20.499384 0.000000 0.000000 0.000000 0.000000 1.000000
48.644000 23.783061 -19.922034 0.000000 0.000000 0.000000 0.000000 1.000000
48.712000 23.205711 -19.344683 0.000000 0.000000 0.000000 0.000000 1.000000
48.776000 23.783061 -19.922034 0.000000 0.000000 0.000000 0.000000 1.000000
48.844000 23.205711 -19.344683 0.000000 0.000000 0.000000 0.000000 1.000000
48.908000 23.205711 -19.344683 0.000000 0.000000 0.000000 0.000000 1.000000
48.976000 23.205711 -19.344683 0.000000 0.000000 0.000000 0.000000 1.000000
49.040000 23.205711 -19.344683 0.000000 0.000000 0.000000 0.000000 1.000000
49.108000 23.205711 -19.344683 0.000000 0.000000 0.000000 0.000000 1.000000
49.172000 22.628361 -18.767333 0.000000 0.000000 0.000000 0.000000 1.000000
49.240000 22.628361 -18.767333 0.000000 0.000000 0.000000 0.000000 1.000000
49.304000 22.628361 -18.767333 0.000000 0.000000 0.000000 0.000000 1.000000
49.372000 22.628361 -18.767333 0.000000 0.000000 0.000000 0.000000 1.000000
49.436000 22.628361 -18.767333 0.000000 0.000000 0.000000 0.000000 1.000000
49.504000 22.628361 -18.767333 0.000000 0.000000 0.000000 0.000000 1.000000
49.568000 23.205711 -19.344683 0.000000 0.000000 0.000000 0.000000 1.000000
49.636000 23.205711 -19.344683 0.000000 0.000000 0.000000 0.000000 1.000000
49.700000 23.783061 -19.922034 0.000000 0.000000 0.000000 0.000000 1.000000
49.768000 23.205711 -19.344683 0.000000 0.000000 0.000000 0.000000 1.000000
49.832000 23.988999 -19.783668 0.000000 0.000000 0.000000 0.000000 1.000000
49.900000 23.988999 -19.783668 0.000000 0.000000 0.000000 0.000000 1.000000
49.964000 23.988999 -19.783668 0.000000 0.000000 0.000000 0.000000 1.000000
50.032000 23.988999 -19.783668 0.000000 0.000000 0.000000 0.000000 1.000000
50.096000 23.988999 -19.783668 0.000000 0.000000 0.000000 0.000000 1.000000
50.164000 24.566349 -20.361018 0.000000 0.000000 0.000000 0.000000 1.000000
50.228000 24.566349 -20.361018 0.000000 0.000000 0.000000 0.000000 1.000000
50.296000 25.143699 -20.938368 0.000000 0.000000 0.000000 0.000000 1.000000
50.360000 25.143699 -20.938368 0.000000 0.000000 0.000000 0.000000 1.000000
50.428000 25.143699 -20.938368 0.000000 0.000000 0.000000 0.000000 1.000000
50.492000 25.721050 -21.515719 0.000000 0.000000 0.000000 0.000000 1.000000
50.560000 26.298400 -22.093069 0.000000 0.000000 0.000000 0.000000 1.000000
50.624000 26.875750 -22.670419 0.000000 0.000000 0.000000 0.000000 1.000000
50.692000 26.875750 -22.670419 0.000000 0.000000 0.000000 0.000000 1.000000
50.756000 26.875750 -22.670419 0.000000 0.000000 0.000000 0.000000 1.000000
50.824000 26.875750 -22.670419 0.000000 0.000000 0.000000 0.000000 1.000000
50.888000 27.453100 -23.247769 0.000000 0.000000 0.000000 0.000000 1.000000
50.956000 28.030451 -23.825120 0.000000 0.000000 0.000000 0.000000 1.000000
51.020000 28.030451 -23.825120 0.000000 0.000000 0.000000 0.000000 1.000000
51.088000 28.607801 -24.402470 0.000000 0.000000 0.000000 0.000000 1.000000
51.152000 29.185151 -24.979820 0.000000 0.000000 0.000000 0.000000 1.000000
51.220000 28.607801 -24.402470 0.000000 0.000000 0.000000 0.000000 1.000000
51.284000 29.185151 -24.979820 0.000000 0.000000 0.000000 0.000000 1.000000
51.352000 29.185151 -24.979820 0.000000 0.000000 0.000000 0.000000 1.000000
51.416000 29.271880 -25.709891 0.000000 0.000000 0.000000 0.000000 1.000000
51.484000 29.271880 -25.709891 0.000000 0.000000 0.000000 0.000000 1.000000
51.548000 29.849231 -26.287241 0.000000 0.000000 0.000000 0.000000 1.000000
51.616000 29.849231 -26.287241 0.000000 0.000000 0.000000 0.000000 1.000000
51.680000 30.426581 -26.864591 0.000000 0.000000 0.000000 0.000000 1.000000
51.748000 29.849231 -26.287241 0.000000 0.000000 0.000000 0.000000 1.000000
51.812000 30.389979 -25.704132 0.000000 0.000000 0.000000 0.000000 1.000000
51.880000 29.812628 -25.126782 0.000000 0.000000 0.000000 0.000000 1.000000
51.944000 29.235278 -24.549432 0.000000 0.000000 0.000000 0.000000 1.000000
52.012000 29.700308 -25.423075 0.000000 0.000000 0.000000 0.000000 1.000000
52.076000 30.436384 -24.780118 0.000000 0.000000 0.000000 0.000000 1.000000
52.144000 30.436384 -24.780118 0.000000 0.000000 0.000000 0.000000 1.000000
52.208000 29.859034 -24.202768 0.000000 0.000000 0.000000 0.000000 1.000000
52.276000 29.859034 -24.202768 0.000000 0.000000 0.000000 0.000000 1.000000
52.340000 30.436384 -24.780118 0.000000 0.000000 0.000000 0.000000 1.000000
52.408000 30.785249 -25.717251 0.000000 0.000000 0.000000 0.000000 1.000000
52.472000 31.362599 -26.294601 0.000000 0.000000 0.000000 0.000000 1.000000
52.540000 30.785249 -25.717251 0.000000 0.000000 0.000000 0.000000 1.000000
52.604000 30.785249 -25.717251 0.000000 0.000000 0.000000 0.000000 1.000000
52.672000 31.362599 -26.294601 0.000000 0.000000 0.000000 0.000000 1.000000
52.736000 31.362599 -26.294601 0.000000 0.000000 0.000000 0.000000 1.000000
52.804000 31.362599 -26.294601 0.000000 0.000000 0.000000 0.000000 1.000000
52.868000 32.278860 -26.326631 0.000000 0.000000 0.000000 0.000000 1.000000
52.936000 32.278860 -26.326631 0.000000 0.000000 0.000000 0.000000 1.000000
53.000000 32.278860 -26.326631 0.000000 0.000000 0.000000 0.000000 1.000000
53.068000 32.278860 -26.326631 0.000000 0.000000 0.000000 0.000000 1.000000
53.132000 32.278860 -26.326631 0.000000 0.000000 0.000000 0.000000 1.000000
53.200000 32.278860 -26.326631 0.000000 0.000000 0.000000 0.000000 1.000000
53.264000 32.856210 -26.903981 0.000000 0.000000 0.000000 0.000000 1.000000
53.332000 32.278860 -26.326631 0.000000 0.000000 0.000000 0.000000 1.000000
53.396000 32.278860 -26.326631 0.000000 0.000000 0.000000 0.000000 1.000000
53.464000 32.278860 -26.326631 0.000000 0.000000 0.000000 0.000000 1.000000
53.528000 32.278860 -26.326631 0.000000 0.000000 0.000000 0.000000 1.000000
53.596000 31.701510 -25.749281 0.000000 0.000000 0.000000 0.000000 1.000000
53.660000 31.701510 -25.749281 0.000000 0.000000 0.000000 0.000000 1.000000
53.728000 32.436289 -25.071219 0.000000 0.000000 0.000000 0.000000 1.000000
53.792000 31.858939 -24.493869 0.000000 0.000000 0.000000 0.000000 1.000000
53.860000 31.858939 -24.493869 0.000000 0.000000 0.000000 0.000000 1.000000
53.924000 32.436289 -25.071219 0.000000 0.000000 0.000000 0.000000 1.000000
53.992000 33.013639 -25.648570 0.000000 0.000000 0.000000 0.000000 1.000000
54.056000 33.590990 -26.225920 0.000000 0.000000 0.000000 0.000000 1.000000
54.124000 33.590990 -26.225920 0.000000 0.000000 0.000000 0.000000 1.000000
54.188000 33.590990 -26.225920 0.000000 0.000000 0.000000 0.000000 1.000000
54.256000 34.168340 -26.803270 0.000000 0.000000 0.000000 0.000000 1.000000
54.320000 33.590990 -26.225920 0.000000 0.000000 0.000000 0.000000 1.000000
54.388000 34.168340 -26.803270 0.000000 0.000000 0.000000 0.000000 1.000000
54.452000 33.590990 -26.225920 0.000000 0.000000 0.000000 0.000000 1.000000
54.520000 34.168340 -26.803270 0.000000 0.000000 0.000000 0.000000 1.000000
54.584000 34.745690 -27.380620 0.000000 0.000000 0.000000 0.000000 1.000000
54.652000 34.745690 -27.380620 0.000000 0.000000 0.000000 0.000000 1.000000
54.716000 34.745690 -27.380620 0.000000 0.000000 0.000000 0.000000 1.000000
54.784000 35.669656 -27.053463 0.000000 0.000000 0.000000 0.000000 1.000000
54.848000 35.669656 -27.053463 0.000000 0.000000 0.000000 0.000000 1.000000
54.916000 35.092306 -26.476113 0.000000 0.000000 0.000000 0.000000 1.000000
54.980000 35.669656 -27.053463 0.000000 0.000000 0.000000 0.000000 1.000000
55.048000 34.705745 -27.318799 0.000000 0.000000 0.000000 0.000000 1.000000
55.112000 35.283096 -27.896149 0.000000 0.000000 0.000000 0.000000 1.000000
55.180000 35.283096 -27.896149 0.000000 0.000000 0.000000 0.000000 1.000000
55.244000 35.283096 -27.896149 0.000000 0.000000 0.000000 0.000000 1.000000
55.312000 35.860446 -28.473500 0.000000 0.000000 0.000000 0.000000 1.000000
55.376000 36.811841 -28.743179 0.000000 0.000000 0.000000 0.000000 1.000000
55.444000 36.811841 -28.743179 0.000000 0.000000 0.000000 0.000000 1.000000
55.508000 36.811841 -28.743179 0.000000 0.000000 0.000000 0.000000 1.000000
55.576000 37.389192 -29.320529 0.000000 0.000000 0.000000 0.000000 1.000000
55.640000 36.811841 -28.743179 0.000000 0.000000 0.000000 0.000000 1.000000
55.708000 36.234491 -28.165829 0.000000 0.000000 0.000000 0.000000 1.000000
55.772000 36.234491 -28.165829 0.000000 0.000000 0.000000 0.000000 1.000000
55.840000 36.811841 -28.743179 0.000000 0.000000 0.000000 0.000000 1.000000
55.904000 36.811841 -28.743179 0.000000 0.000000 0.000000 0.000000 1.000000
55.972000 37.389192 -29.320529 0.000000 0.000000 0.000000 0.000000 1.000000
56.036000 37.389192 -29.320529 0.000000 0.000000 0.000000 0.000000 1.000000
56.104000 36.811841 -28.743179 0.000000 0.000000 0.000000 0.000000 1.000000
56.168000 36.234491 -28.165829 0.000000 0.000000 0.000000 0.000000 1.000000
56.236000 36.234491 -28.165829 0.000000 0.000000 0.000000 0.000000 1.000000
56.300000 36.234491 -28.165829 0.000000 0.000000 0.000000 0.000000 1.000000
56.368000 35.657141 -27.588478 0.000000 0.000000 0.000000 0.000000 1.000000
56.432000 36.234491 -28.165829 0.000000 0.000000 0.000000 0.000000 1.000000
56.500000 36.811841 -28.743179 0.000000 0.000000 0.000000 0.000000 1.000000
56.564000 36.811841 -28.743179 0.000000 0.000000 0.000000 0.000000 1.000000
56.632000 37.389192 -29.320529 0.000000 0.000000 0.000000 0.000000 1.000000
56.696000 37.440498 -30.319103 0.000000 0.000000 0.000000 0.000000 1.000000
56.764000 37.440498 -30.319103 0.000000 0.000000 0.000000 0.000000 1.000000
56.828000 38.017848 -30.896453 0.000000 0.000000 0.000000 0.000000 1.000000
56.896000 38.017848 -30.896453 0.000000 0.000000 0.000000 0.000000 1.000000
56.960000 38.017848 -30.896453 0.000000 0.000000 0.000000 0.000000 1.000000
57.028000 37.440498 -30.319103 0.000000 0.000000 0.000000 0.000000 1.000000
57.092000 38.017848 -30.896453 0.000000 0.000000 0.000000 0.000000 1.000000
57.160000 37.440498 -30.319103 0.000000 0.000000 0.000000 0.000000 1.000000
57.224000 38.017848 -30.896453 0.000000 0.000000 0.000000 0.000000 1.000000
57.292000 38.595199 -31.473804 0.000000 0.000000 0.000000 0.000000 1.000000
57.356000 39.172549 -32.051154 0.000000 0.000000 0.000000 0.000000 1.000000
57.424000 39.172549 -32.051154 0.000000 0.000000 0.000000 0.000000 1.000000
57.488000 38.595199 -31.473804 0.000000 0.000000 0.000000 0.000000 1.000000
57.556000 38.017848 -30.896453 0.000000 0.000000 0.000000 0.000000 1.000000
57.620000 38.017848 -30.896453 0.000000 0.000000 0.000000 0.000000 1.000000
57.688000 38.017848 -30.896453 0.000000 0.000000 0.000000 0.000000 1.000000
57.752000 38.017848 -30.896453 0.000000 0.000000 0.000000 0.000000 1.000000
57.820000 38.595199 -31.473804 0.000000 0.000000 0.000000 0.000000 1.000000
57.884000 39.172549 -32.051154 0.000000 0.000000 0.000000 0.000000 1.000000
57.952000 39.749899 -32.628504 0.000000 0.000000 0.000000 0.000000 1.000000
58.016000 39.301974 -31.791627 0.000000 0.000000 0.000000 0.000000 1.000000
58.084000 39.879324 -32.368977 0.000000 0.000000 0.000000 0.000000 1.000000
58.148000 40.456674 -32.946327 0.000000 0.000000 0.000000 0.000000 1.000000
58.216000 40.456674 -32.946327 0.000000 0.000000 0.000000 0.000000 1.000000
58.280000 41.034025 -33.523677 0.000000 0.000000 0.000000 0.000000 1.000000
58.348000 41.034025 -33.523677 0.000000 0.000000 0.000000 0.000000 1.000000
58.412000 41.034025 -33.523677 0.000000 0.000000 0.000000 0.000000 1.000000
58.480000 41.034025 -33.523677 0.000000 0.000000 0.000000 0.000000 1.000000
58.544000 40.456674 -32.946327 0.000000 0.000000 0.000000 0.000000 1.000000
58.612000 40.456674 -32.946327 0.000000 0.000000 0.000000 0.000000 1.000000
58.676000 40.456674 -32.946327 0.000000 0.000000 0.000000 0.000000 1.000000
58.744000 41.034025 -33.523677 0.000000 0.000000 0.000000 0.000000 1.000000
58.808000 41.611375 -34.101028 0.000000 0.000000 0.000000 0.000000 1.000000
58.876000 42.188725 -34.678378 0.000000 0.000000 0.000000 0.000000 1.000000
58.940000 42.188725 -34.678378 0.000000 0.000000 0.000000 0.000000 1.000000
59.008000 42.766076 -35.255728 0.000000 0.000000 0.000000 0.000000 1.000000
59.072000 42.766076 -35.255728 0.000000 0.000000 0.000000 0.000000 1.000000
59.140000 42.766076 -35.255728 0.000000 0.000000 0.000000 0.000000 1.000000
59.204000 43.343426 -35.833079 0.000000 0.000000 0.000000 0.000000 1.000000
59.272000 43.920776 -36.410429 0.000000 0.000000 0.000000 0.000000 1.000000
59.336000 44.498126 -36.987779 0.000000 0.000000 0.000000 0.000000 1.000000
59.404000 44.498126 -36.987779 0.000000 0.000000 0.000000 0.000000 1.000000
59.468000 44.498126 -36.987779 0.000000 0.000000 0.000000 0.000000 1.000000
59.536000 44.498126 -36.987779 0.000000 0.000000 0.000000 0.000000 1.000000
59.600000 45.075477 -37.565129 0.000000 0.000000 0.000000 0.000000 1.000000
59.668000 45.075477 -37.565129 0.000000 0.000000 0.000000 0.000000 1.000000
59.732000 45.075477 -37.565129 0.000000 0.000000 0.000000 0.000000 1.000000
59.800000 45.075477 -37.565129 0.000000 0.000000 0.000000 0.000000 1.000000
59.864000 44.498126 -36.987779 0.000000 0.000000 0.000000 0.000000 1.000000
59.932000 43.920776 -36.410429 0.000000 0.000000 0.000000 0.000000 1.000000
59.996000 43.920776 -36.410429 0.000000 0.000000 0.000000 0.000000 1.000000
60.064000 43.920776 -36.410429 0.000000 0.000000 0.000000 0.000000 1.000000
60.128000 44.498126 -36.987779 0.000000 0.000000 0.000000 0.000000 1.000000
60.196000 45.075477 -37.565129 0.000000 0.000000 0.000000 0.000000 1.000000
60.260000 45.075477 -37.565129 0.000000 0.000000 0.000000 0.000000 1.000000
60.328000 45.652827 -38.142480 0.000000 0.000000 0.000000 0.000000 1.000000
60.392000 46.230177 -38.719830 0.000000 0.000000 0.000000 0.000000 1.000000
60.460000 45.652827 -38.142480 0.000000 0.000000 0.000000 0.000000 1.000000
60.524000 45.652827 -38.142480 0.000000 0.000000 0.000000 0.000000 1.000000
60.592000 46.230177 -38.719830 0.000000 0.000000 0.000000 0.000000 1.000000
60.656000 46.230177 -38.719830 0.000000 0.000000 0.000000 0.000000 1.000000
60.724000 46.230177 -38.719830 0.000000 0.000000 0.000000 0.000000 1.000000
60.788000 46.230177 -38.719830 0.000000 0.000000 0.000000 0.000000 1.000000
60.856000 46.230177 -38.719830 0.000000 0.000000 0.000000 0.000000 1.000000
60.920000 45.652827 -38.142480 0.000000 0.000000 0.000000 0.000000 1.000000
60.988000 45.652827 -38.142480 0.000000 0.000000 0.000000 0.000000 1.000000
61.052000 46.230177 -38.719830 0.000000 0.000000 0.000000 0.000000 1.000000
61.120000 46.807527 -39.297180 0.000000 0.000000 0.000000 0.000000 1.000000
61.184000 46.230177 -38.719830 0.000000 0.000000 0.000000 0.000000 1.000000
61.252000 46.230177 -38.719830 0.000000 0.000000 0.000000 0.000000 1.000000
61.316000 45.652827 -38.142480 0.000000 0.000000 0.000000 0.000000 1.000000
61.384000 45.652827 -38.142480 0.000000 0.000000 0.000000 0.000000 1.000000
61.448000 45.075477 -37.565129 0.000000 0.000000 0.000000 0.000000 1.000000
61.516000 45.075477 -37.565129 0.000000 0.000000 0.000000 0.000000 1.000000
61.580000 44.498126 -36.987779 0.000000 0.000000 0.000000 0.000000 1.000000
61.648000 45.075477 -37.565129 0.000000 0.000000 0.000000 0.000000 1.000000
61.712000 45.075477 -37.565129 0.000000 0.000000 0.000000 0.000000 1.000000
61.780000 45.707041 -38.306421 0.000000 0.000000 0.000000 0.000000 1.000000
61.844000 45.707041 -38.306421 0.000000 0.000000 0.000000 0.000000 1.000000
61.912000 45.707041 -38.306421 0.000000 0.000000 0.000000 0.000000 1.000000
61.976000 45.129691 -37.729071 0.000000 0.000000 0.000000 0.000000 1.000000
62.044000 44.552341 -37.151720 0.000000 0.000000 0.000000 0.000000 1.000000
62.108000 45.129691 -37.729071 0.000000 0.000000 0.000000 0.000000 1.000000
62.176000 45.707041 -38.306421 0.000000 0.000000 0.000000 0.000000 1.000000
62.240000 46.284392 -38.883771 0.000000 0.000000 0.000000 0.000000 1.000000
62.308000 46.284392 -38.883771 0.000000 0.000000 0.000000 0.000000 1.000000
62.372000 46.861742 -39.461121 0.000000 0.000000 0.000000 0.000000 1.000000
62.440000 46.861742 -39.461121 0.000000 0.000000 0.000000 0.000000 1.000000
62.504000 46.861742 -39.461121 0.000000 0.000000 0.000000 0.000000 1.000000
62.572000 46.861742 -39.461121 0.000000 0.000000 0.000000 0.000000 1.000000
62.636000 46.861742 -39.461121 0.000000 0.000000 0.000000 0.000000 1.000000
62.704000 47.439092 -40.038472 0.000000 0.000000 0.000000 0.000000 1.000000
62.768000 48.016442 -40.615822 0.000000 0.000000 0.000000 0.000000 1.000000
62.836000 48.593793 -41.193172 0.000000 0.000000 0.000000 0.000000 1.000000
62.900000 48.016442 -40.615822 0.000000 0.000000 0.000000 0.000000 1.000000
62.968000 48.016442 -40.615822 0.000000 0.000000 0.000000 0.000000 1.000000
63.032000 48.016442 -40.615822 0.000000 0.000000 0.000000 0.000000 1.000000
63.100000 48.016442 -40.615822 0.000000 0.000000 0.000000 0.000000 1.000000
63.164000 48.016442 -40.615822 0.000000 0.000000 0.000000 0.000000 1.000000
63.232000 48.016442 -40.615822 0.000000 0.000000 0.000000 0.000000 1.000000
63.296000 48.016442 -40.615822 0.000000 0.000000 0.000000 0.000000 1.000000
63.364000 48.016442 -40.615822 0.000000 0.000000 0.000000 0.000000 1.000000
63.428000 48.016442 -40.615822 0.000000 0.000000 0.000000 0.000000 1.000000
63.496000 48.016442 -40.615822 0.000000 0.000000 0.000000 0.000000 1.000000
63.560000 48.016442 -40.615822 0.000000 0.000000 0.000000 0.000000 1.000000
63.628000 48.016442 -40.615822 0.000000 0.000000 0.000000 0.000000 1.000000
63.692000 48.016442 -40.615822 0.000000 0.000000 0.000000 0.000000 1.000000
63.760000 47.439092 -40.038472 0.000000 0.000000 0.000000 0.000000 1.000000
63.824000 46.861742 -39.461121 0.000000 0.000000 0.000000 0.000000 1.000000
63.892000 46.861742 -39.461121 0.000000 0.000000 0.000000 0.000000 1.000000
63.956000 46.861742 -39.461121 0.000000 0.000000 0.000000 0.000000 1.000000
64.024000 47.439092 -40.038472 0.000000 0.000000 0.000000 0.000000 1.000000
64.088000 46.861742 -39.461121 0.000000 0.000000 0.000000 0.000000 1.000000
64.156000 46.284392 -38.883771 0.000000 0.000000 0.000000 0.000000 1.000000
64.220000 46.284392 -38.883771 0.000000 0.000000 0.000000 0.000000 1.000000
64.288000 46.861742 -39.461121 0.000000 0.000000 0.000000 0.000000 1.000000
64.352000 46.861742 -39.461121 0.000000 0.000000 0.000000 0.000000 1.000000
64.420000 46.861742 -39.461121 0.000000 0.000000 0.000000 0.000000 1.000000
64.484000 46.861742 -39.461121 0.000000 0.000000 0.000000 0.000000 1.000000
64.552000 46.861742 -39.461121 0.000000 0.000000 0.000000 0.000000 1.000000
64.616000 47.439092 -40.038472 0.000000 0.000000 0.000000 0.000000 1.000000
64.684000 46.861742 -39.461121 0.000000 0.000000 0.000000 0.000000 1.000000
64.748000 47.439092 -40.038472 0.000000 0.000000 0.000000 0.000000 1.000000
64.816000 48.016442 -40.615822 0.000000 0.000000 0.000000 0.000000 1.000000
64.880000 48.593793 -41.193172 0.000000 0.000000 0.000000 0.000000 1.000000
64.948000 48.016442 -40.615822 0.000000 0.000000 0.000000 0.000000 1.000000
65.012000 47.439092 -40.038472 0.000000 0.000000 0.000000 0.000000 1.000000
65.080000 48.016442 -40.615822 0.000000 0.000000 0.000000 0.000000 1.000000
65.144000 48.593793 -41.193172 0.000000 0.000000 0.000000 0.000000 1.000000
65.212000 49.171143 -41.770522 0.000000 0.000000 0.000000 0.000000 1.000000
65.276000 49.171143 -41.770522 0.000000 0.000000 0.000000 0.000000 1.000000
65.344000 48.593793 -41.193172 0.000000 0.000000 0.000000 0.000000 1.000000
65.408000 48.016442 -40.615822 0.000000 0.000000 0.000000 0.000000 1.000000
65.476000 48.016442 -40.615822 0.000000 0.000000 0.000000 0.000000 1.000000
65.540000 47.439092 -40.038472 0.000000 0.000000 0.000000 0.000000 1.000000
65.608000 47.439092 -40.038472 0.000000 0.000000 0.000000 0.000000 1.000000
65.672000 48.016442 -40.615822 0.000000 0.000000 0.000000 0.000000 1.000000
65.740000 48.016442 -40.615822 0.000000 0.000000 0.000000 0.000000 1.000000
65.804000 48.016442 -40.615822 0.000000 0.000000 0.000000 0.000000 1.000000
65.872000 48.016442 -40.615822 0.000000 0.000000 0.000000 0.000000 1.000000
65.936000 47.439092 -40.038472 0.000000 0.000000 0.000000 0.000000 1.000000
66.004000 47.439092 -40.038472 0.000000 0.000000 0.000000 0.000000 1.000000
66.068000 46.861742 -39.461121 0.000000 0.000000 0.000000 0.000000 1.000000
66.136000 47.439092 -40.038472 0.000000 0.000000 0.000000 0.000000 1.000000
66.200000 48.016442 -40.615822 0.000000 0.000000 0.000000 0.000000 1.000000
66.268000 47.439092 -40.038472 0.000000 0.000000 0.000000 0.000000 1.000000
66.332000 48.016442 -40.615822 0.000000 0.000000 0.000000 0.000000 1.000000
66.400000 48.016442 -40.615822 0.000000 0.000000 0.000000 0.000000 1.000000
66.464000 48.593793 -41.193172 0.000000 0.000000 0.000000 0.000000 1.000000
66.532000 48.593793 -41.193172 0.000000 0.000000 0.000000 0.000000 1.000000
66.596000 48.016442 -40.615822 0.000000 0.000000 0.000000 0.000000 1.000000
66.664000 48.016442 -40.615822 0.000000 0.000000 0.000000 0.000000 1.000000
66.728000 48.593793 -41.193172 0.000000 0.000000 0.000000 0.000000 1.000000
66.796000 48.593793 -41.193172 0.000000 0.000000 0.000000 0.000000 1.000000
66.860000 48.593793 -41.193172 0.000000 0.000000 0.000000 0.000000 1.000000
66.928000 48.593793 -41.193172 0.000000 0.000000 0.000000 0.000000 1.000000
66.992000 49.171143 -41.770522 0.000000 0.000000 0.000000 0.000000 1.000000
67.060000 49.748493 -42.347873 0.000000 0.000000 0.000000 0.000000 1.000000
67.124000 49.748493 -42.347873 0.000000 0.000000 0.000000 0.000000 1.000000
67.192000 49.748493 -42.347873 0.000000 0.000000 0.000000 0.000000 1.000000
67.256000 49.748493 -42.347873 0.000000 0.000000 0.000000 0.000000 1.000000
67.324000 49.748493 -42.347873 0.000000 0.000000 0.000000 0.000000 1.000000
67.388000 49.171143 -41.770522 0.000000 0.000000 0.000000 0.000000 1.000000
67.456000 49.748493 -42.347873 0.000000 0.000000 0.000000 0.000000 1.000000
67.520000 49.748493 -42.347873 0.000000 0.000000 0.000000 0.000000 1.000000
67.588000 49.171143 -41.770522 0.000000 0.000000 0.000000 0.000000 1.000000
67.652000 49.171143 -41.770522 0.000000 0.000000 0.000000 0.000000 1.000000
67.720000 49.171143 -41.770522 0.000000 0.000000 0.000000 0.000000 1.000000
67.784000 48.593793 -41.193172 0.000000 0.000000 0.000000 0.000000 1.000000
67.852000 49.171143 -41.770522 0.000000 0.000000 0.000000 0.000000 1.000000
67.916000 48.593793 -41.193172 0.000000 0.000000 0.000000 0.000000 1.000000
67.984000 48.593793 -41.193172 0.000000 0.000000 0.000000 0.000000 1.000000
68.048000 48.016442 -40.615822 0.000000 0.000000 0.000000 0.000000 1.000000
68.116000 47.439092 -40.038472 0.000000 0.000000 0.000000 0.000000 1.000000
68.180000 48.016442 -40.615822 0.000000 0.000000 0.000000 0.000000 1.000000
68.248000 48.016442 -40.615822 0.000000 0.000000 0.000000 0.000000 1.000000
68.312000 47.439092 -40.038472 0.000000 0.000000 0.000000 0.000000 1.000000
68.380000 47.439092 -40.038472 0.000000 0.000000 0.000000 0.000000 1.000000
68.444000 48.016442 -40.615822 0.000000 0.000000 0.000000 0.000000 1.000000
68.512000 48.593793 -41.193172 0.000000 0.000000 0.000000 0.000000 1.000000
68.576000 49.171143 -41.770522 0.000000 0.000000 0.000000 0.000000 1.000000
68.644000 49.748493 -42.347873 0.000000 0.000000 0.000000 0.000000 1.000000
68.708000 49.187466 -41.572048 0.000000 0.000000 0.000000 0.000000 1.000000
68.776000 49.764816 -42.149398 0.000000 0.000000 0.000000 0.000000 1.000000
68.840000 49.187466 -41.572048 0.000000 0.000000 0.000000 0.000000 1.000000
68.908000 49.187466 -41.572048 0.000000 0.000000 0.000000 0.000000 1.000000
68.972000 49.187466 -41.572048 0.000000 0.000000 0.000000 0.000000 1.000000
69.040000 49.187466 -41.572048 0.000000 0.000000 0.000000 0.000000 1.000000
69.104000 49.187466 -41.572048 0.000000 0.000000 0.000000 0.000000 1.000000
69.172000 49.764816 -42.149398 0.000000 0.000000 0.000000 0.000000 1.000000
69.236000 50.342167 -42.726748 0.000000 0.000000 0.000000 0.000000 1.000000
69.304000 50.919517 -43.304099 0.000000 0.000000 0.000000 0.000000 1.000000
69.368000 50.919517 -43.304099 0.000000 0.000000 0.000000 0.000000 1.000000
69.436000 50.919517 -43.304099 0.000000 0.000000 0.000000 0.000000 1.000000
69.500000 50.919517 -43.304099 0.000000 0.000000 0.000000 0.000000 1.000000
69.568000 50.919517 -43.304099 0.000000 0.000000 0.000000 0.000000 1.000000
69.632000 50.919517 -43.304099 0.000000 0.000000 0.000000 0.000000 1.000000
69.700000 50.919517 -43.304099 0.000000 0.000000 0.000000 0.000000 1.000000
69.764000 51.496867 -43.881449 0.000000 0.000000 0.000000 0.000000 1.000000
69.832000 50.919517 -43.304099 0.000000 0.000000 0.000000 0.000000 1.000000
69.896000 50.919517 -43.304099 0.000000 0.000000 0.000000 0.000000 1.000000
69.964000 50.919517 -43.304099 0.000000 0.000000 0.000000 0.000000 1.000000
70.028000 50.919517 -43.304099 0.000000 0.000000 0.000000 0.000000 1.000000
70.096000 50.919517 -43.304099 0.000000 0.000000 0.000000 0.000000 1.000000
70.160000 50.919517 -43.304099 0.000000 0.000000 0.000000 0.000000 1.000000
70.228000 50.919517 -43.304099 0.000000 0.000000 0.000000 0.000000 1.000000
70.292000 51.496867 -43.881449 0.000000 0.000000 0.000000 0.000000 1.000000
70.360000 50.919517 -43.304099 0.000000 0.000000 0.000000 0.000000 1.000000
70.424000 51.496867 -43.881449 0.000000 0.000000 0.000000 0.000000 1.000000
70.492000 51.496867 -43.881449 0.000000 0.000000 0.000000 0.000000 1.000000
70.556000 51.496867 -43.881449 0.000000 0.000000 0.000000 0.000000 1.000000
70.624000 51.496867 -43.881449 0.000000 0.000000 0.000000 0.000000 1.000000
70.688000 51.496867 -43.881449 0.000000 0.000000 0.000000 0.000000 1.000000
70.756000 52.074217 -44.458799 0.000000 0.000000 0.000000 0.000000 1.000000
70.820000 51.496867 -43.881449 0.000000 0.000000 0.000000 0.000000 1.000000
70.888000 50.919517 -43.304099 0.000000 0.000000 0.000000 0.000000 1.000000
70.952000 50.919517 -43.304099 0.000000 0.000000 0.000000 0.000000 1.000000
71.020000 50.919517 -43.304099 0.000000 0.000000 0.000000 0.000000 1.000000
71.084000 51.496867 -43.881449 0.000000 0.000000 0.000000 0.000000 1.000000
71.152000 51.496867 -43.881449 0.000000 0.000000 0.000000 0.000000 1.000000
71.216000 51.496867 -43.881449 0.000000 0.000000 0.000000 0.000000 1.000000
71.284000 50.919517 -43.304099 0.000000 0.000000 0.000000 0.000000 1.000000
71.348000 50.342167 -42.726748 0.000000 0.000000 0.000000 0.000000 1.000000
71.416000 49.764816 -42.149398 0.000000 0.000000 0.000000 0.000000 1.000000
71.480000 49.187466 -41.572048 0.000000 0.000000 0.000000 0.000000 1.000000
71.548000 49.187466 -41.572048 0.000000 0.000000 0.000000 0.000000 1.000000
71.612000 49.187466 -41.572048 0.000000 0.000000 0.000000 0.000000 1.000000
71.680000 49.764816 -42.149398 0.000000 0.000000 0.000000 0.000000 1.000000
71.744000 49.187466 -41.572048 0.000000 0.000000 0.000000 0.000000 1.000000
71.812000 49.187466 -41.572048 0.000000 0.000000 0.000000 0.000000 1.000000
71.876000 48.610116 -40.994697 0.000000 0.000000 0.000000 0.000000 1.000000
71.944000 48.610116 -40.994697 0.000000 0.000000 0.000000 0.000000 1.000000
72.008000 49.187466 -41.572048 0.000000 0.000000 0.000000 0.000000 1.000000
72.076000 49.764816 -42.149398 0.000000 0.000000 0.000000 0.000000 1.000000
72.140000 49.764816 -42.149398 0.000000 0.000000 0.000000 0.000000 1.000000
137.612000 49.764816 -42.149398 0.000000 0.000000 0.000000 0.000000 1.000000
137.680000 50.342167 -42.726748 0.000000 0.000000 0.000000 0.000000 1.000000
137.744000 50.342167 -42.726748 0.000000 0.000000 0.000000 0.000000 1.000000
137.812000 50.342167 -42.726748 0.000000 0.000000 0.000000 0.000000 1.000000
137.876000 50.919517 -43.304099 0.000000 0.000000 0.000000 0.000000 1.000000
137.944000 50.919517 -43.304099 0.000000 0.000000 0.000000 0.000000 1.000000
138.008000 51.496867 -43.881449 0.000000 0.000000 0.000000 0.000000 1.000000
138.076000 51.496867 -43.881449 0.000000 0.000000 0.000000 0.000000 1.000000
138.140000 50.919517 -43.304099 0.000000 0.000000 0.000000 0.000000 1.000000
138.208000 50.919517 -43.304099 0.000000 0.000000 0.000000 0.000000 1.000000
138.272000 50.919517 -43.304099 0.000000 0.000000 0.000000 0.000000 1.000000
138.340000 50.919517 -43.304099 0.000000 0.000000 0.000000 0.000000 1.000000
138.404000 50.342167 -42.726748 0.000000 0.000000 0.000000 0.000000 1.000000
138.472000 50.342167 -42.726748 0.000000 0.000000 0.000000 0.000000 1.000000
138.536000 50.919517 -43.304099 0.000000 0.000000 0.000000 0.000000 1.000000
138.604000 50.919517 -43.304099 0.000000 0.000000 0.000000 0.000000 1.000000
138.668000 50.919517 -43.304099 0.000000 0.000000 0.000000 0.000000 1.000000
138.736000 50.919517 -43.304099 0.000000 0.000000 0.000000 0.000000 1.000000
138.800000 50.342167 -42.726748 0.000000 0.000000 0.000000 0.000000 1.000000
138.868000 50.919517 -43.304099 0.000000 0.000000 0.000000 0.000000 1.000000
138.932000 50.919517 -43.304099 0.000000 0.000000 0.000000 0.000000 1.000000
139.000000 50.919517 -43.304099 0.000000 0.000000 0.000000 0.000000 1.000000
139.064000 50.919517 -43.304099 0.000000 0.000000 0.000000 0.000000 1.000000
139.132000 50.919517 -43.304099 0.000000 0.000000 0.000000 0.000000 1.000000
139.196000 51.496867 -43.881449 0.000000 0.000000 0.000000 0.000000 1.000000
139.264000 51.496867 -43.881449 0.000000 0.000000 0.000000 0.000000 1.000000
139.328000 51.496867 -43.881449 0.000000 0.000000 0.000000 0.000000 1.000000
139.396000 52.074217 -44.458799 0.000000 0.000000 0.000000 0.000000 1.000000
139.460000 51.496867 -43.881449 0.000000 0.000000 0.000000 0.000000 1.000000
139.528000 52.074217 -44.458799 0.000000 0.000000 0.000000 0.000000 1.000000
139.592000 52.422681 -45.356288 0.000000 0.000000 0.000000 0.000000 1.000000
139.660000 53.000031 -45.933638 0.000000 0.000000 0.000000 0.000000 1.000000
139.724000 53.577381 -46.510988 0.000000 0.000000 0.000000 0.000000 1.000000
139.792000 53.000031 -45.933638 0.000000 0.000000 0.000000 0.000000 1.000000
139.856000 53.577381 -46.510988 0.000000 0.000000 0.000000 0.000000 1.000000
139.924000 53.577381 -46.510988 0.000000 0.000000 0.000000 0.000000 1.000000
139.988000 53.577381 -46.510988 0.000000 0.000000 0.000000 0.000000 1.000000
140.056000 53.000031 -45.933638 0.000000 0.000000 0.000000 0.000000 1.000000
140.120000 53.577381 -46.510988 0.000000 0.000000 0.000000 0.000000 1.000000
140.188000 54.154732 -47.088338 0.000000 0.000000 0.000000 0.000000 1.000000
140.252000 53.577381 -46.510988 0.000000 0.000000 0.000000 0.000000 1.000000
140.320000 54.154732 -47.088338 0.000000 0.000000 0.000000 0.000000 1.000000
140.384000 53.577381 -46.510988 0.000000 0.000000 0.000000 0.000000 1.000000
140.452000 53.577381 -46.510988 0.000000 0.000000 0.000000 0.000000 1.000000
140.516000 53.577381 -46.510988 0.000000 0.000000 0.000000 0.000000 1.000000
140.584000 53.577381 -46.510988 0.000000 0.000000 0.000000 0.000000 1.000000
140.648000 53.577381 -46.510988 0.000000 0.000000 0.000000 0.000000 1.000000
140.716000 52.897448 -47.243520 0.000000 0.000000 0.000000 0.000000 1.000000
140.780000 52.897448 -47.243520 0.000000 0.000000 0.000000 0.000000 1.000000
140.848000 53.474798 -47.820871 0.000000 0.000000 0.000000 0.000000 1.000000
140.912000 53.474798 -47.820871 0.000000 0.000000 0.000000 0.000000 1.000000
140.980000 53.474798 -47.820871 0.000000 0.000000 0.000000 0.000000 1.000000
141.044000 54.052148 -48.398221 0.000000 0.000000 0.000000 0.000000 1.000000
141.112000 53.474798 -47.820871 0.000000 0.000000 0.000000 0.000000 1.000000
141.176000 54.052148 -48.398221 0.000000 0.000000 0.000000 0.000000 1.000000
141.244000 54.629498 -48.975571 0.000000 0.000000 0.000000 0.000000 1.000000
141.308000 55.206849 -49.552921 0.000000 0.000000 0.000000 0.000000 1.000000
141.376000 55.206849 -49.552921 0.000000 0.000000 0.000000 0.000000 1.000000
141.440000 55.206849 -49.552921 0.000000 0.000000 0.000000 0.000000 1.000000
141.508000 55.784199 -50.130272 0.000000 0.000000 0.000000 0.000000 1.000000
141.572000 55.784199 -50.130272 0.000000 0.000000 0.000000 0.000000 1.000000
141.640000 56.361549 -50.707622 0.000000 0.000000 0.000000 0.000000 1.000000
141.704000 56.361549 -50.707622 0.000000 0.000000 0.000000 0.000000 1.000000
141.772000 56.361549 -50.707622 0.000000 0.000000 0.000000 0.000000 1.000000
141.836000 56.938900 -51.284972 0.000000 0.000000 0.000000 0.000000 1.000000
141.904000 57.516250 -51.862322 0.000000 0.000000 0.000000 0.000000 1.000000
141.968000 57.516250 -51.862322 0.000000 0.000000 0.000000 0.000000 1.000000
142.036000 58.093600 -52.439673 0.000000 0.000000 0.000000 0.000000 1.000000
142.100000 58.093600 -52.439673 0.000000 0.000000 0.000000 0.000000 1.000000
142.168000 58.093600 -52.439673 0.000000 0.000000 0.000000 0.000000 1.000000
142.232000 58.093600 -52.439673 0.000000 0.000000 0.000000 0.000000 1.000000
142.300000 58.093600 -52.439673 0.000000 0.000000 0.000000 0.000000 1.000000
142.364000 58.093600 -52.439673 0.000000 0.000000 0.000000 0.000000 1.000000
142.432000 58.670950 -53.017023 0.000000 0.000000 0.000000 0.000000 1.000000
142.496000 59.248301 -53.594373 0.000000 0.000000 0.000000 0.000000 1.000000
142.564000 59.248301 -53.594373 0.000000 0.000000 0.000000 0.000000 1.000000
142.628000 58.431839 -54.002966 0.000000 0.000000 0.000000 0.000000 1.000000
142.696000 58.431839 -54.002966 0.000000 0.000000 0.000000 0.000000 1.000000
142.760000 58.431839 -54.002966 0.000000 0.000000 0.000000 0.000000 1.000000
142.828000 59.009189 -54.580317 0.000000 0.000000 0.000000 0.000000 1.000000
142.892000 59.009189 -54.580317 0.000000 0.000000 0.000000 0.000000 1.000000
142.960000 59.586539 -55.157667 0.000000 0.000000 0.000000 0.000000 1.000000
143.024000 59.586539 -55.157667 0.000000 0.000000 0.000000 0.000000 1.000000
143.092000 59.009189 -54.580317 0.000000 0.000000 0.000000 0.000000 1.000000
143.156000 59.586539 -55.157667 0.000000 0.000000 0.000000 0.000000 1.000000
143.224000 59.586539 -55.157667 0.000000 0.000000 0.000000 0.000000 1.000000
143.288000 60.163890 -55.735017 0.000000 0.000000 0.000000 0.000000 1.000000
143.356000 60.163890 -55.735017 0.000000 0.000000 0.000000 0.000000 1.000000
143.420000 61.095424 -55.640892 0.000000 0.000000 0.000000 0.000000 1.000000
143.488000 60.518074 -55.063541 0.000000 0.000000 0.000000 0.000000 1.000000
143.552000 59.940724 -54.486191 0.000000 0.000000 0.000000 0.000000 1.000000
143.620000 59.940724 -54.486191 0.000000 0.000000 0.000000 0.000000 1.000000
143.684000 59.940724 -54.486191 0.000000 0.000000 0.000000 0.000000 1.000000
143.752000 59.940724 -54.486191 0.000000 0.000000 0.000000 0.000000 1.000000
143.816000 59.940724 -54.486191 0.000000 0.000000 0.000000 0.000000 1.000000
143.884000 59.940724 -54.486191 0.000000 0.000000 0.000000 0.000000 1.000000
143.948000 59.363374 -53.908841 0.000000 0.000000 0.000000 0.000000 1.000000
144.016000 60.269965 -54.001574 0.000000 0.000000 0.000000 0.000000 1.000000
144.080000 60.269965 -54.001574 0.000000 0.000000 0.000000 0.000000 1.000000
144.148000 60.847316 -54.578924 0.000000 0.000000 0.000000 0.000000 1.000000
144.212000 60.847316 -54.578924 0.000000 0.000000 0.000000 0.000000 1.000000
144.280000 60.847316 -54.578924 0.000000 0.000000 0.000000 0.000000 1.000000
144.344000 61.424666 -55.156274 0.000000 0.000000 0.000000 0.000000 1.000000
144.412000 61.424666 -55.156274 0.000000 0.000000 0.000000 0.000000 1.000000
144.476000 62.002016 -55.733624 0.000000 0.000000 0.000000 0.000000 1.000000
144.544000 62.002016 -55.733624 0.000000 0.000000 0.000000 0.000000 1.000000
144.608000 62.002016 -55.733624 0.000000 0.000000 0.000000 0.000000 1.000000
144.676000 61.424666 -55.156274 0.000000 0.000000 0.000000 0.000000 1.000000
144.740000 61.424666 -55.156274 0.000000 0.000000 0.000000 0.000000 1.000000
144.808000 61.424666 -55.156274 0.000000 0.000000 0.000000 0.000000 1.000000
144.872000 61.424666 -55.156274 0.000000 0.000000 0.000000 0.000000 1.000000
144.940000 60.847316 -54.578924 0.000000 0.000000 0.000000 0.000000 1.000000
145.004000 60.847316 -54.578924 0.000000 0.000000 0.000000 0.000000 1.000000
145.072000 61.424666 -55.156274 0.000000 0.000000 0.000000 0.000000 1.000000
145.136000 60.847316 -54.578924 0.000000 0.000000 0.000000 0.000000 1.000000
145.204000 60.847316 -54.578924 0.000000 0.000000 0.000000 0.000000 1.000000
145.268000 60.269965 -54.001574 0.000000 0.000000 0.000000 0.000000 1.000000
145.336000 60.269965 -54.001574 0.000000 0.000000 0.000000 0.000000 1.000000
145.400000 60.847316 -54.578924 0.000000 0.000000 0.000000 0.000000 1.000000
145.468000 60.847316 -54.578924 0.000000 0.000000 0.000000 0.000000 1.000000
145.532000 61.424666 -55.156274 0.000000 0.000000 0.000000 0.000000 1.000000
145.600000 61.424666 -55.156274 0.000000 0.000000 0.000000 0.000000 1.000000
145.664000 62.002016 -55.733624 0.000000 0.000000 0.000000 0.000000 1.000000
145.732000 62.002016 -55.733624 0.000000 0.000000 0.000000 0.000000 1.000000
145.796000 62.922178 -55.391374 0.000000 0.000000 0.000000 0.000000 1.000000
145.864000 63.499528 -55.968724 0.000000 0.000000 0.000000 0.000000 1.000000
145.928000 62.922178 -55.391374 0.000000 0.000000 0.000000 0.000000 1.000000
145.996000 62.105716 -55.799967 0.000000 0.000000 0.000000 0.000000 1.000000
146.060000 62.105716 -55.799967 0.000000 0.000000 0.000000 0.000000 1.000000
146.128000 62.105716 -55.799967 0.000000 0.000000 0.000000 0.000000 1.000000
146.192000 62.105716 -55.799967 0.000000 0.000000 0.000000 0.000000 1.000000
146.260000 62.105716 -55.799967 0.000000 0.000000 0.000000 0.000000 1.000000
146.324000 61.528366 -55.222617 0.000000 0.000000 0.000000 0.000000 1.000000
146.392000 62.105716 -55.799967 0.000000 0.000000 0.000000 0.000000 1.000000
146.456000 62.683067 -56.377317 0.000000 0.000000 0.000000 0.000000 1.000000
146.524000 62.683067 -56.377317 0.000000 0.000000 0.000000 0.000000 1.000000
146.588000 62.683067 -56.377317 0.000000 0.000000 0.000000 0.000000 1.000000
146.656000 62.105716 -55.799967 0.000000 0.000000 0.000000 0.000000 1.000000
146.720000 62.105716 -55.799967 0.000000 0.000000 0.000000 0.000000 1.000000
146.788000 62.105716 -55.799967 0.000000 0.000000 0.000000 0.000000 1.000000
146.852000 62.105716 -55.799967 0.000000 0.000000 0.000000 0.000000 1.000000
146.920000 62.105716 -55.799967 0.000000 0.000000 0.000000 0.000000 1.000000
146.984000 62.683067 -56.377317 0.000000 0.000000 0.000000 0.000000 1.000000
147.052000 62.105716 -55.799967 0.000000 0.000000 0.000000 0.000000 1.000000
147.116000 61.528366 -55.222617 0.000000 0.000000 0.000000 0.000000 1.000000
147.184000 60.951016 -54.645266 0.000000 0.000000 0.000000 0.000000 1.000000
147.248000 61.528366 -55.222617 0.000000 0.000000 0.000000 0.000000 1.000000
147.316000 62.105716 -55.799967 0.000000 0.000000 0.000000 0.000000 1.000000
147.380000 62.105716 -55.799967 0.000000 0.000000 0.000000 0.000000 1.000000
147.448000 63.073225 -55.989610 0.000000 0.000000 0.000000 0.000000 1.000000
147.512000 63.650575 -56.566960 0.000000 0.000000 0.000000 0.000000 1.000000
147.580000 63.073225 -55.989610 0.000000 0.000000 0.000000 0.000000 1.000000
147.644000 63.073225 -55.989610 0.000000 0.000000 0.000000 0.000000 1.000000
147.712000 63.073225 -55.989610 0.000000 0.000000 0.000000 0.000000 1.000000
147.776000 63.650575 -56.566960 0.000000 0.000000 0.000000 0.000000 1.000000
147.844000 63.650575 -56.566960 0.000000 0.000000 0.000000 0.000000 1.000000
147.908000 64.227925 -57.144310 0.000000 0.000000 0.000000 0.000000 1.000000
147.976000 63.653981 -57.963103 0.000000 0.000000 0.000000 0.000000 1.000000
148.040000 64.231331 -58.540453 0.000000 0.000000 0.000000 0.000000 1.000000
148.108000 63.653981 -57.963103 0.000000 0.000000 0.000000 0.000000 1.000000
148.172000 63.310812 -58.902338 0.000000 0.000000 0.000000 0.000000 1.000000
148.240000 63.888162 -59.479688 0.000000 0.000000 0.000000 0.000000 1.000000
148.304000 63.888162 -59.479688 0.000000 0.000000 0.000000 0.000000 1.000000
148.372000 63.888162 -59.479688 0.000000 0.000000 0.000000 0.000000 1.000000
148.436000 63.888162 -59.479688 0.000000 0.000000 0.000000 0.000000 1.000000
148.504000 64.465512 -60.057038 0.000000 0.000000 0.000000 0.000000 1.000000
148.568000 64.465512 -60.057038 0.000000 0.000000 0.000000 0.000000 1.000000
148.636000 64.465512 -60.057038 0.000000 0.000000 0.000000 0.000000 1.000000
148.700000 65.042863 -60.634388 0.000000 0.000000 0.000000 0.000000 1.000000
148.768000 65.042863 -60.634388 0.000000 0.000000 0.000000 0.000000 1.000000
148.832000 64.465512 -60.057038 0.000000 0.000000 0.000000 0.000000 1.000000
148.900000 63.888162 -59.479688 0.000000 0.000000 0.000000 0.000000 1.000000
148.964000 63.310812 -58.902338 0.000000 0.000000 0.000000 0.000000 1.000000
149.032000 63.888162 -59.479688 0.000000 0.000000 0.000000 0.000000 1.000000
149.096000 63.310812 -58.902338 0.000000 0.000000 0.000000 0.000000 1.000000
149.164000 63.310812 -58.902338 0.000000 0.000000 0.000000 0.000000 1.000000
149.228000 63.310812 -58.902338 0.000000 0.000000 0.000000 0.000000 1.000000
149.296000 63.310812 -58.902338 0.000000 0.000000 0.000000 0.000000 1.000000
149.360000 63.888162 -59.479688 0.000000 0.000000 0.000000 0.000000 1.000000
149.428000 63.888162 -59.479688 0.000000 0.000000 0.000000 0.000000 1.000000
149.492000 64.465512 -60.057038 0.000000 0.000000 0.000000 0.000000 1.000000
149.560000 64.465512 -60.057038 0.000000 0.000000 0.000000 0.000000 1.000000
149.624000 64.465512 -60.057038 0.000000 0.000000 0.000000 0.000000 1.000000
149.692000 63.888162 -59.479688 0.000000 0.000000 0.000000 0.000000 1.000000
149.756000 63.888162 -59.479688 0.000000 0.000000 0.000000 0.000000 1.000000
149.824000 64.465512 -60.057038 0.000000 0.000000 0.000000 0.000000 1.000000
149.888000 63.649051 -60.465631 0.000000 0.000000 0.000000 0.000000 1.000000
149.956000 63.071700 -59.888281 0.000000 0.000000 0.000000 0.000000 1.000000
150.020000 63.649051 -60.465631 0.000000 0.000000 0.000000 0.000000 1.000000
150.088000 64.226401 -61.042982 0.000000 0.000000 0.000000 0.000000 1.000000
150.152000 64.803751 -61.620332 0.000000 0.000000 0.000000 0.000000 1.000000
150.220000 65.381102 -62.197682 0.000000 0.000000 0.000000 0.000000 1.000000
150.284000 65.958452 -62.775032 0.000000 0.000000 0.000000 0.000000 1.000000
150.352000 65.381102 -62.197682 0.000000 0.000000 0.000000 0.000000 1.000000
150.416000 65.958452 -62.775032 0.000000 0.000000 0.000000 0.000000 1.000000
150.484000 65.381102 -62.197682 0.000000 0.000000 0.000000 0.000000 1.000000
150.548000 65.381102 -62.197682 0.000000 0.000000 0.000000 0.000000 1.000000
150.616000 64.803751 -61.620332 0.000000 0.000000 0.000000 0.000000 1.000000
150.680000 65.381102 -62.197682 0.000000 0.000000 0.000000 0.000000 1.000000
150.748000 65.381102 -62.197682 0.000000 0.000000 0.000000 0.000000 1.000000
150.812000 65.381102 -62.197682 0.000000 0.000000 0.000000 0.000000 1.000000
150.880000 65.381102 -62.197682 0.000000 0.000000 0.000000 0.000000 1.000000
150.944000 65.958452 -62.775032 0.000000 0.000000 0.000000 0.000000 1.000000
151.012000 66.535802 -63.352383 0.000000 0.000000 0.000000 0.000000 1.000000
151.076000 66.535802 -63.352383 0.000000 0.000000 0.000000 0.000000 1.000000
151.144000 67.113152 -63.929733 0.000000 0.000000 0.000000 0.000000 1.000000
151.208000 67.690503 -64.507083 0.000000 0.000000 0.000000 0.000000 1.000000
151.276000 67.690503 -64.507083 0.000000 0.000000 0.000000 0.000000 1.000000
151.340000 67.690503 -64.507083 0.000000 0.000000 0.000000 0.000000 1.000000
151.408000 68.267853 -65.084433 0.000000 0.000000 0.000000 0.000000 1.000000
151.472000 68.267853 -65.084433 0.000000 0.000000 0.000000 0.000000 1.000000
151.540000 68.267853 -65.084433 0.000000 0.000000 0.000000 0.000000 1.000000
151.604000 68.267853 -65.084433 0.000000 0.000000 0.000000 0.000000 1.000000
151.672000 68.267853 -65.084433 0.000000 0.000000 0.000000 0.000000 1.000000
151.736000 68.845203 -65.661784 0.000000 0.000000 0.000000 0.000000 1.000000
151.804000 68.267853 -65.084433 0.000000 0.000000 0.000000 0.000000 1.000000
151.868000 68.267853 -65.084433 0.000000 0.000000 0.000000 0.000000 1.000000
151.936000 68.267853 -65.084433 0.000000 0.000000 0.000000 0.000000 1.000000
152.000000 68.267853 -65.084433 0.000000 0.000000 0.000000 0.000000 1.000000
152.068000 67.690503 -64.507083 0.000000 0.000000 0.000000 0.000000 1.000000
152.132000 67.690503 -64.507083 0.000000 0.000000 0.000000 0.000000 1.000000
152.200000 67.690503 -64.507083 0.000000 0.000000 0.000000 0.000000 1.000000
152.264000 67.690503 -64.507083 0.000000 0.000000 0.000000 0.000000 1.000000
152.332000 67.690503 -64.507083 0.000000 0.000000 0.000000 0.000000 1.000000
152.396000 67.690503 -64.507083 0.000000 0.000000 0.000000 0.000000 1.000000
152.464000 68.267853 -65.084433 0.000000 0.000000 0.000000 0.000000 1.000000
152.528000 67.690503 -64.507083 0.000000 0.000000 0.000000 0.000000 1.000000
152.596000 67.690503 -64.507083 0.000000 0.000000 0.000000 0.000000 1.000000
152.660000 68.267853 -65.084433 0.000000 0.000000 0.000000 0.000000 1.000000
152.728000 68.845203 -65.661784 0.000000 0.000000 0.000000 0.000000 1.000000
152.792000 68.267853 -65.084433 0.000000 0.000000 0.000000 0.000000 1.000000
152.860000 68.267853 -65.084433 0.000000 0.000000 0.000000 0.000000 1.000000
152.924000 68.267853 -65.084433 0.000000 0.000000 0.000000 0.000000 1.000000
152.992000 69.160867 -64.684858 0.000000 0.000000 0.000000 0.000000 1.000000
153.056000 69.738218 -65.262209 0.000000 0.000000 0.000000 0.000000 1.000000
153.124000 70.315568 -65.839559 0.000000 0.000000 0.000000 0.000000 1.000000
153.188000 71.133342 -65.719679 0.000000 0.000000 0.000000 0.000000 1.000000
153.256000 71.133342 -65.719679 0.000000 0.000000 0.000000 0.000000 1.000000
153.320000 70.555992 -65.142328 0.000000 0.000000 0.000000 0.000000 1.000000
153.388000 70.555992 -65.142328 0.000000 0.000000 0.000000 0.000000 1.000000
153.452000 71.133342 -65.719679 0.000000 0.000000 0.000000 0.000000 1.000000
153.520000 71.710692 -66.297029 0.000000 0.000000 0.000000 0.000000 1.000000
153.584000 71.133342 -65.719679 0.000000 0.000000 0.000000 0.000000 1.000000
153.652000 71.710692 -66.297029 0.000000 0.000000 0.000000 0.000000 1.000000
153.716000 71.710692 -66.297029 0.000000 0.000000 0.000000 0.000000 1.000000
153.784000 72.288043 -66.874379 0.000000 0.000000 0.000000 0.000000 1.000000
153.848000 72.865393 -67.451730 0.000000 0.000000 0.000000 0.000000 1.000000
153.916000 72.288043 -66.874379 0.000000 0.000000 0.000000 0.000000 1.000000
153.980000 72.865393 -67.451730 0.000000 0.000000 0.000000 0.000000 1.000000
154.048000 73.442743 -68.029080 0.000000 0.000000 0.000000 0.000000 1.000000
154.112000 72.865393 -67.451730 0.000000 0.000000 0.000000 0.000000 1.000000
154.180000 73.442743 -68.029080 0.000000 0.000000 0.000000 0.000000 1.000000
154.244000 73.442743 -68.029080 0.000000 0.000000 0.000000 0.000000 1.000000
154.312000 74.020093 -68.606430 0.000000 0.000000 0.000000 0.000000 1.000000
154.376000 74.597444 -69.183780 0.000000 0.000000 0.000000 0.000000 1.000000
154.444000 74.597444 -69.183780 0.000000 0.000000 0.000000 0.000000 1.000000
154.508000 74.020093 -68.606430 0.000000 0.000000 0.000000 0.000000 1.000000
154.576000 74.597444 -69.183780 0.000000 0.000000 0.000000 0.000000 1.000000
154.640000 74.020093 -68.606430 0.000000 0.000000 0.000000 0.000000 1.000000
154.708000 74.020093 -68.606430 0.000000 0.000000 0.000000 0.000000 1.000000
154.772000 74.940255 -68.264179 0.000000 0.000000 0.000000 0.000000 1.000000
154.840000 74.940255 -68.264179 0.000000 0.000000 0.000000 0.000000 1.000000
154.904000 74.362905 -67.686829 0.000000 0.000000 0.000000 0.000000 1.000000
154.972000 74.940255 -68.264179 0.000000 0.000000 0.000000 0.000000 1.000000
155.036000 74.362905 -67.686829 0.000000 0.000000 0.000000 0.000000 1.000000
155.104000 74.362905 -67.686829 0.000000 0.000000 0.000000 0.000000 1.000000
155.168000 74.362905 -67.686829 0.000000 0.000000 0.000000 0.000000 1.000000
155.236000 74.362905 -67.686829 0.000000 0.000000 0.000000 0.000000 1.000000
155.300000 74.362905 -67.686829 0.000000 0.000000 0.000000 0.000000 1.000000
155.368000 74.940255 -68.264179 0.000000 0.000000 0.000000 0.000000 1.000000
155.432000 74.940255 -68.264179 0.000000 0.000000 0.000000 0.000000 1.000000
155.500000 74.362905 -67.686829 0.000000 0.000000 0.000000 0.000000 1.000000
155.564000 73.785555 -67.109479 0.000000 0.000000 0.000000 0.000000 1.000000
155.632000 73.785555 -67.109479 0.000000 0.000000 0.000000 0.000000 1.000000
155.696000 74.362905 -67.686829 0.000000 0.000000 0.000000 0.000000 1.000000
155.764000 74.362905 -67.686829 0.000000 0.000000 0.000000 0.000000 1.000000
155.828000 74.362905 -67.686829 0.000000 0.000000 0.000000 0.000000 1.000000
155.896000 74.362905 -67.686829 0.000000 0.000000 0.000000 0.000000 1.000000
155.960000 74.940255 -68.264179 0.000000 0.000000 0.000000 0.000000 1.000000
156.028000 74.362905 -67.686829 0.000000 0.000000 0.000000 0.000000 1.000000
156.092000 74.940255 -68.264179 0.000000 0.000000 0.000000 0.000000 1.000000
156.160000 74.362905 -67.686829 0.000000 0.000000 0.000000 0.000000 1.000000
156.224000 74.940255 -68.264179 0.000000 0.000000 0.000000 0.000000 1.000000
156.292000 74.940255 -68.264179 0.000000 0.000000 0.000000 0.000000 1.000000
156.356000 74.940255 -68.264179 0.000000 0.000000 0.000000 0.000000 1.000000
156.424000 74.362905 -67.686829 0.000000 0.000000 0.000000 0.000000 1.000000
156.488000 74.362905 -67.686829 0.000000 0.000000 0.000000 0.000000 1.000000
156.556000 74.940255 -68.264179 0.000000 0.000000 0.000000 0.000000 1.000000
156.620000 75.517606 -68.841530 0.000000 0.000000 0.000000 0.000000 1.000000
156.688000 74.940255 -68.264179 0.000000 0.000000 0.000000 0.000000 1.000000
156.752000 74.362905 -67.686829 0.000000 0.000000 0.000000 0.000000 1.000000
156.820000 74.362905 -67.686829 0.000000 0.000000 0.000000 0.000000 1.000000
156.884000 74.940255 -68.264179 0.000000 0.000000 0.000000 0.000000 1.000000
156.952000 75.517606 -68.841530 0.000000 0.000000 0.000000 0.000000 1.000000
157.016000 74.940255 -68.264179 0.000000 0.000000 0.000000 0.000000 1.000000
157.084000 74.940255 -68.264179 0.000000 0.000000 0.000000 0.000000 1.000000
157.148000 74.940255 -68.264179 0.000000 0.000000 0.000000 0.000000 1.000000
157.216000 74.940255 -68.264179 0.000000 0.000000 0.000000 0.000000 1.000000
157.280000 75.517606 -68.841530 0.000000 0.000000 0.000000 0.000000 1.000000
157.348000 75.517606 -68.841530 0.000000 0.000000 0.000000 0.000000 1.000000
157.412000 76.094956 -69.418880 0.000000 0.000000 0.000000 0.000000 1.000000
157.480000 76.945385 -68.946744 0.000000 0.000000 0.000000 0.000000 1.000000
157.544000 76.945385 -68.946744 0.000000 0.000000 0.000000 0.000000 1.000000
157.612000 76.945385 -68.946744 0.000000 0.000000 0.000000 0.000000 1.000000
157.676000 77.522735 -69.524095 0.000000 0.000000 0.000000 0.000000 1.000000
157.744000 78.100086 -70.101445 0.000000 0.000000 0.000000 0.000000 1.000000
157.808000 78.100086 -70.101445 0.000000 0.000000 0.000000 0.000000 1.000000
157.876000 78.677436 -70.678795 0.000000 0.000000 0.000000 0.000000 1.000000
157.940000 79.254786 -71.256145 0.000000 0.000000 0.000000 0.000000 1.000000
158.008000 79.254786 -71.256145 0.000000 0.000000 0.000000 0.000000 1.000000
158.072000 79.832136 -71.833496 0.000000 0.000000 0.000000 0.000000 1.000000
158.140000 80.409487 -72.410846 0.000000 0.000000 0.000000 0.000000 1.000000
158.204000 80.986837 -72.988196 0.000000 0.000000 0.000000 0.000000 1.000000
158.272000 80.986837 -72.988196 0.000000 0.000000 0.000000 0.000000 1.000000
158.336000 81.564187 -73.565546 0.000000 0.000000 0.000000 0.000000 1.000000
158.404000 82.141538 -74.142897 0.000000 0.000000 0.000000 0.000000 1.000000
158.468000 82.141538 -74.142897 0.000000 0.000000 0.000000 0.000000 1.000000
158.536000 81.564187 -73.565546 0.000000 0.000000 0.000000 0.000000 1.000000
158.600000 80.986837 -72.988196 0.000000 0.000000 0.000000 0.000000 1.000000
158.668000 80.986837 -72.988196 0.000000 0.000000 0.000000 0.000000 1.000000
158.732000 81.564187 -73.565546 0.000000 0.000000 0.000000 0.000000 1.000000
158.800000 81.123580 -74.200849 0.000000 0.000000 0.000000 0.000000 1.000000
158.864000 81.123580 -74.200849 0.000000 0.000000 0.000000 0.000000 1.000000
158.932000 81.123580 -74.200849 0.000000 0.000000 0.000000 0.000000 1.000000
158.996000 81.700930 -74.778199 0.000000 0.000000 0.000000 0.000000 1.000000
159.064000 82.278280 -75.355549 0.000000 0.000000 0.000000 0.000000 1.000000
159.128000 81.700930 -74.778199 0.000000 0.000000 0.000000 0.000000 1.000000
159.196000 81.123580 -74.200849 0.000000 0.000000 0.000000 0.000000 1.000000
159.260000 80.546229 -73.623498 0.000000 0.000000 0.000000 0.000000 1.000000
159.328000 81.123580 -74.200849 0.000000 0.000000 0.000000 0.000000 1.000000
159.392000 81.123580 -74.200849 0.000000 0.000000 0.000000 0.000000 1.000000
159.460000 81.123580 -74.200849 0.000000 0.000000 0.000000 0.000000 1.000000
159.524000 80.546229 -73.623498 0.000000 0.000000 0.000000 0.000000 1.000000
159.592000 81.123580 -74.200849 0.000000 0.000000 0.000000 0.000000 1.000000
159.656000 81.123580 -74.200849 0.000000 0.000000 0.000000 0.000000 1.000000
159.724000 81.700930 -74.778199 0.000000 0.000000 0.000000 0.000000 1.000000
159.788000 81.700930 -74.778199 0.000000 0.000000 0.000000 0.000000 1.000000
159.856000 82.278280 -75.355549 0.000000 0.000000 0.000000 0.000000 1.000000
159.920000 82.278280 -75.355549 0.000000 0.000000 0.000000 0.000000 1.000000
159.988000 82.855631 -75.932899 0.000000 0.000000 0.000000 0.000000 1.000000
160.052000 83.432981 -76.510250 0.000000 0.000000 0.000000 0.000000 1.000000
160.120000 83.432981 -76.510250 0.000000 0.000000 0.000000 0.000000 1.000000
160.184000 83.432981 -76.510250 0.000000 0.000000 0.000000 0.000000 1.000000
160.252000 83.432981 -76.510250 0.000000 0.000000 0.000000 0.000000 1.000000
160.316000 84.010331 -77.087600 0.000000 0.000000 0.000000 0.000000 1.000000
160.384000 84.010331 -77.087600 0.000000 0.000000 0.000000 0.000000 1.000000
160.448000 84.599980 -76.791527 0.000000 0.000000 0.000000 0.000000 1.000000
160.516000 84.599980 -76.791527 0.000000 0.000000 0.000000 0.000000 1.000000
160.580000 84.022630 -76.214176 0.000000 0.000000 0.000000 0.000000 1.000000
160.648000 83.445280 -75.636826 0.000000 0.000000 0.000000 0.000000 1.000000
160.712000 83.445280 -75.636826 0.000000 0.000000 0.000000 0.000000 1.000000
160.780000 84.022630 -76.214176 0.000000 0.000000 0.000000 0.000000 1.000000
160.844000 84.022630 -76.214176 0.000000 0.000000 0.000000 0.000000 1.000000
160.912000 84.022630 -76.214176 0.000000 0.000000 0.000000 0.000000 1.000000
160.976000 84.599980 -76.791527 0.000000 0.000000 0.000000 0.000000 1.000000
161.044000 84.599980 -76.791527 0.000000 0.000000 0.000000 0.000000 1.000000
161.108000 85.587972 -76.646694 0.000000 0.000000 0.000000 0.000000 1.000000
161.176000 86.576169 -76.501830 0.000000 0.000000 0.000000 0.000000 1.000000
161.240000 86.576169 -76.501830 0.000000 0.000000 0.000000 0.000000 1.000000
161.308000 86.576169 -76.501830 0.000000 0.000000 0.000000 0.000000 1.000000
161.372000 86.576169 -76.501830 0.000000 0.000000 0.000000 0.000000 1.000000
161.440000 86.576169 -76.501830 0.000000 0.000000 0.000000 0.000000 1.000000
161.504000 86.576169 -76.501830 0.000000 0.000000 0.000000 0.000000 1.000000
161.572000 87.153519 -77.079181 0.000000 0.000000 0.000000 0.000000 1.000000
161.636000 87.730869 -77.656531 0.000000 0.000000 0.000000 0.000000 1.000000
161.704000 87.730869 -77.656531 0.000000 0.000000 0.000000 0.000000 1.000000
161.768000 87.153519 -77.079181 0.000000 0.000000 0.000000 0.000000 1.000000
161.836000 86.576169 -76.501830 0.000000 0.000000 0.000000 0.000000 1.000000
161.900000 85.759707 -76.910424 0.000000 0.000000 0.000000 0.000000 1.000000
161.968000 85.759707 -76.910424 0.000000 0.000000 0.000000 0.000000 1.000000
162.032000 85.759707 -76.910424 0.000000 0.000000 0.000000 0.000000 1.000000
162.100000 85.759707 -76.910424 0.000000 0.000000 0.000000 0.000000 1.000000
162.164000 85.182357 -76.333073 0.000000 0.000000 0.000000 0.000000 1.000000
162.232000 85.530820 -77.230562 0.000000 0.000000 0.000000 0.000000 1.000000
162.296000 86.108170 -77.807912 0.000000 0.000000 0.000000 0.000000 1.000000
162.364000 85.530820 -77.230562 0.000000 0.000000 0.000000 0.000000 1.000000
162.428000 85.530820 -77.230562 0.000000 0.000000 0.000000 0.000000 1.000000
162.496000 85.530820 -77.230562 0.000000 0.000000 0.000000 0.000000 1.000000
162.560000 85.530820 -77.230562 0.000000 0.000000 0.000000 0.000000 1.000000
162.628000 84.953470 -76.653212 0.000000 0.000000 0.000000 0.000000 1.000000
162.692000 84.376120 -76.075861 0.000000 0.000000 0.000000 0.000000 1.000000
162.760000 84.376120 -76.075861 0.000000 0.000000 0.000000 0.000000 1.000000
162.824000 84.953470 -76.653212 0.000000 0.000000 0.000000 0.000000 1.000000
162.892000 84.376120 -76.075861 0.000000 0.000000 0.000000 0.000000 1.000000
162.956000 84.376120 -76.075861 0.000000 0.000000 0.000000 0.000000 1.000000
163.024000 84.376120 -76.075861 0.000000 0.000000 0.000000 0.000000 1.000000
163.088000 84.376120 -76.075861 0.000000 0.000000 0.000000 0.000000 1.000000
163.156000 83.798769 -75.498511 0.000000 0.000000 0.000000 0.000000 1.000000
163.220000 84.376120 -76.075861 0.000000 0.000000 0.000000 0.000000 1.000000
163.288000 84.376120 -76.075861 0.000000 0.000000 0.000000 0.000000 1.000000
163.352000 84.376120 -76.075861 0.000000 0.000000 0.000000 0.000000 1.000000
163.420000 84.376120 -76.075861 0.000000 0.000000 0.000000 0.000000 1.000000
163.484000 84.953470 -76.653212 0.000000 0.000000 0.000000 0.000000 1.000000
163.552000 84.953470 -76.653212 0.000000 0.000000 0.000000 0.000000 1.000000
163.616000 84.953470 -76.653212 0.000000 0.000000 0.000000 0.000000 1.000000
163.684000 84.953470 -76.653212 0.000000 0.000000 0.000000 0.000000 1.000000
163.748000 85.530820 -77.230562 0.000000 0.000000 0.000000 0.000000 1.000000
163.816000 86.108170 -77.807912 0.000000 0.000000 0.000000 0.000000 1.000000
163.880000 85.530820 -77.230562 0.000000 0.000000 0.000000 0.000000 1.000000
163.948000 85.530820 -77.230562 0.000000 0.000000 0.000000 0.000000 1.000000
164.012000 86.108170 -77.807912 0.000000 0.000000 0.000000 0.000000 1.000000
164.080000 86.108170 -77.807912 0.000000 0.000000 0.000000 0.000000 1.000000
164.144000 86.108170 -77.807912 0.000000 0.000000 0.000000 0.000000 1.000000
164.212000 86.108170 -77.807912 0.000000 0.000000 0.000000 0.000000 1.000000
164.276000 85.530820 -77.230562 0.000000 0.000000 0.000000 0.000000 1.000000
164.344000 86.423835 -76.830987 0.000000 0.000000 0.000000 0.000000 1.000000
164.408000 86.423835 -76.830987 0.000000 0.000000 0.000000 0.000000 1.000000
164.476000 87.001185 -77.408337 0.000000 0.000000 0.000000 0.000000 1.000000
164.540000 87.001185 -77.408337 0.000000 0.000000 0.000000 0.000000 1.000000
164.608000 87.001185 -77.408337 0.000000 0.000000 0.000000 0.000000 1.000000
164.672000 86.339574 -77.385209 0.000000 0.000000 0.000000 0.000000 1.000000
164.740000 85.656129 -78.075010 0.000000 0.000000 0.000000 0.000000 1.000000
164.804000 85.656129 -78.075010 0.000000 0.000000 0.000000 0.000000 1.000000
164.872000 85.656129 -78.075010 0.000000 0.000000 0.000000 0.000000 1.000000
164.936000 86.233479 -78.652360 0.000000 0.000000 0.000000 0.000000 1.000000
165.004000 86.810830 -79.229710 0.000000 0.000000 0.000000 0.000000 1.000000
165.068000 86.810830 -79.229710 0.000000 0.000000 0.000000 0.000000 1.000000
165.136000 87.388180 -79.807061 0.000000 0.000000 0.000000 0.000000 1.000000
165.200000 87.388180 -79.807061 0.000000 0.000000 0.000000 0.000000 1.000000
165.268000 87.388180 -79.807061 0.000000 0.000000 0.000000 0.000000 1.000000
165.332000 86.810830 -79.229710 0.000000 0.000000 0.000000 0.000000 1.000000
165.400000 85.961562 -78.802435 0.000000 0.000000 0.000000 0.000000 1.000000
165.464000 86.795254 -79.278879 0.000000 0.000000 0.000000 0.000000 1.000000
165.532000 86.795254 -79.278879 0.000000 0.000000 0.000000 0.000000 1.000000
165.596000 86.795254 -79.278879 0.000000 0.000000 0.000000 0.000000 1.000000
165.664000 86.795254 -79.278879 0.000000 0.000000 0.000000 0.000000 1.000000
165.728000 86.795254 -79.278879 0.000000 0.000000 0.000000 0.000000 1.000000
165.796000 86.795254 -79.278879 0.000000 0.000000 0.000000 0.000000 1.000000
165.860000 87.372604 -79.856229 0.000000 0.000000 0.000000 0.000000 1.000000
165.928000 87.949955 -80.433580 0.000000 0.000000 0.000000 0.000000 1.000000
165.992000 88.527305 -81.010930 0.000000 0.000000 0.000000 0.000000 1.000000
166.060000 89.104655 -81.588280 0.000000 0.000000 0.000000 0.000000 1.000000
166.124000 89.682005 -82.165630 0.000000 0.000000 0.000000 0.000000 1.000000
166.192000 90.259356 -82.742981 0.000000 0.000000 0.000000 0.000000 1.000000
166.256000 89.682005 -82.165630 0.000000 0.000000 0.000000 0.000000 1.000000
166.324000 89.682005 -82.165630 0.000000 0.000000 0.000000 0.000000 1.000000
166.388000 90.259356 -82.742981 0.000000 0.000000 0.000000 0.000000 1.000000
166.456000 90.259356 -82.742981 0.000000 0.000000 0.000000 0.000000 1.000000
166.520000 89.682005 -82.165630 0.000000 0.000000 0.000000 0.000000 1.000000
166.588000 89.682005 -82.165630 0.000000 0.000000 0.000000 0.000000 1.000000
166.652000 89.682005 -82.165630 0.000000 0.000000 0.000000 0.000000 1.000000
166.720000 90.259356 -82.742981 0.000000 0.000000 0.000000 0.000000 1.000000
166.784000 90.836706 -83.320331 0.000000 0.000000 0.000000 0.000000 1.000000
166.852000 90.836706 -83.320331 0.000000 0.000000 0.000000 0.000000 1.000000
166.916000 90.836706 -83.320331 0.000000 0.000000 0.000000 0.000000 1.000000
166.984000 90.259356 -82.742981 0.000000 0.000000 0.000000 0.000000 1.000000
167.048000 90.836706 -83.320331 0.000000 0.000000 0.000000 0.000000 1.000000
167.116000 90.836706 -83.320331 0.000000 0.000000 0.000000 0.000000 1.000000
167.180000 91.414056 -83.897681 0.000000 0.000000 0.000000 0.000000 1.000000
167.248000 91.991406 -84.475031 0.000000 0.000000 0.000000 0.000000 1.000000
167.312000 92.568757 -85.052382 0.000000 0.000000 0.000000 0.000000 1.000000
167.380000 93.146107 -85.629732 0.000000 0.000000 0.000000 0.000000 1.000000
167.444000 93.723457 -86.207082 0.000000 0.000000 0.000000 0.000000 1.000000
167.512000 94.300807 -86.784433 0.000000 0.000000 0.000000 0.000000 1.000000
167.576000 94.878158 -87.361783 0.000000 0.000000 0.000000 0.000000 1.000000
167.644000 95.455508 -87.939133 0.000000 0.000000 0.000000 0.000000 1.000000
167.708000 96.032858 -88.516483 0.000000 0.000000 0.000000 0.000000 1.000000
167.776000 95.455508 -87.939133 0.000000 0.000000 0.000000 0.000000 1.000000
167.840000 94.878158 -87.361783 0.000000 0.000000 0.000000 0.000000 1.000000
167.908000 94.300807 -86.784433 0.000000 0.000000 0.000000 0.000000 1.000000
167.972000 93.723457 -86.207082 0.000000 0.000000 0.000000 0.000000 1.000000
168.040000 93.723457 -86.207082 0.000000 0.000000 0.000000 0.000000 1.000000
168.104000 94.300807 -86.784433 0.000000 0.000000 0.000000 0.000000 1.000000
168.172000 94.300807 -86.784433 0.000000 0.000000 0.000000 0.000000 1.000000
168.236000 93.723457 -86.207082 0.000000 0.000000 0.000000 0.000000 1.000000
168.304000 93.723457 -86.207082 0.000000 0.000000 0.000000 0.000000 1.000000
168.368000 93.723457 -86.207082 0.000000 0.000000 0.000000 0.000000 1.000000
168.436000 94.300807 -86.784433 0.000000 0.000000 0.000000 0.000000 1.000000
168.500000 94.878158 -87.361783 0.000000 0.000000 0.000000 0.000000 1.000000
168.568000 95.455508 -87.939133 0.000000 0.000000 0.000000 0.000000 1.000000
168.632000 95.523103 -87.927212 0.000000 0.000000 0.000000 -0.000253 1.000000
168.700000 95.620358 -87.941297 0.000000 0.000000 0.000000 0.000441 1.000000
168.764000 94.626135 -87.872769 0.000000 0.000000 0.000000 0.000333 1.000000
168.832000 93.645006 -87.964031 0.000000 0.000000 0.000000 0.000481 1.000000
168.896000 92.704543 -88.302009 0.000000 0.000000 0.000000 0.001733 0.999998
168.964000 91.739681 -88.433836 0.000000 0.000000 0.000000 0.002565 0.999997
169.028000 90.762186 -88.524778 0.000000 0.000000 0.000000 0.002692 0.999996
169.096000 90.337722 -88.498144 0.000000 0.000000 0.000000 0.002471 0.999997
169.160000 89.368065 -88.673214 0.000000 0.000000 0.000000 0.003239 0.999995
169.228000 88.392820 -88.545081 0.000000 0.000000 0.000000 0.002678 0.999996
169.292000 87.420494 -88.692105 0.000000 0.000000 0.000000 0.003318 0.999994
169.360000 86.448475 -88.860298 0.000000 0.000000 0.000000 0.003887 0.999992
169.424000 85.480105 -89.021605 0.000000 0.000000 0.000000 0.004475 0.999990
169.492000 84.498120 -89.031736 0.000000 0.000000 0.000000 0.004543 0.999990
169.556000 83.515677 -88.923782 0.000000 0.000000 0.000000 0.004005 0.999992
169.624000 82.557184 -89.096184 0.000000 0.000000 0.000000 0.004438 0.999990
169.688000 81.650302 -89.495742 0.000000 0.000000 0.000000 0.006041 0.999982
169.756000 80.687837 -89.350398 0.000000 0.000000 0.000000 0.005667 0.999984
169.820000 79.723480 -89.571527 0.000000 0.000000 0.000000 0.006216 0.999981
169.888000 78.761297 -89.787250 0.000000 0.000000 0.000000 0.007031 0.999975
169.952000 77.772417 -89.887566 0.000000 0.000000 0.000000 0.007746 0.999970
170.020000 77.607886 -90.005335 0.000000 0.000000 0.000000 0.011818 0.999930
170.084000 77.715312 -90.273121 0.000000 0.000000 0.000000 0.054723 0.998502
170.152000 77.689267 -91.176608 0.000000 0.000000 0.000000 0.101882 0.994796
170.216000 77.902434 -92.152713 0.000000 0.000000 0.000000 0.146981 0.989139
170.284000 78.242774 -93.092716 0.000000 0.000000 0.000000 0.202854 0.979209
170.348000 78.703116 -93.980421 0.000000 0.000000 0.000000 0.254525 0.967066
170.416000 79.232798 -94.828300 0.000000 0.000000 0.000000 0.312236 0.950005
170.480000 79.881340 -95.589357 0.000000 0.000000 0.000000 0.363249 0.931692
170.548000 80.598499 -96.286117 0.000000 0.000000 0.000000 0.417664 0.908602
170.612000 81.371318 -96.920630 0.000000 0.000000 0.000000 0.469605 0.882877
170.680000 82.232183 -97.429275 0.000000 0.000000 0.000000 0.519366 0.854552
170.744000 82.586867 -97.591810 0.000000 0.000000 0.000000 0.546602 0.837393
170.812000 82.731816 -97.513974 0.000000 0.000000 0.000000 0.552491 0.833519
170.876000 82.257566 -98.391623 0.000000 0.000000 0.000000 0.552569 0.833467
170.944000 81.864862 -99.283525 0.000000 0.000000 0.000000 0.552459 0.833540
171.008000 81.626449 -100.223205 0.000000 0.000000 0.000000 0.553107 0.833110
171.076000 81.088868 -101.037597 0.000000 0.000000 0.000000 0.552566 0.833469
171.140000 80.876932 -101.984631 0.000000 0.000000 0.000000 0.553171 0.833068
171.208000 80.637106 -102.947739 0.000000 0.000000 0.000000 0.553769 0.832670
171.272000 80.365583 -103.891764 0.000000 0.000000 0.000000 0.553909 0.832577
171.340000 79.989965 -104.794845 0.000000 0.000000 0.000000 0.553627 0.832765
171.404000 79.812648 -105.761030 0.000000 0.000000 0.000000 0.554163 0.832408
171.472000 79.583303 -106.715572 0.000000 0.000000 0.000000 0.554723 0.832035
171.536000 79.358369 -107.667095 0.000000 0.000000 0.000000 0.555642 0.831422
171.604000 78.982249 -108.572897 0.000000 0.000000 0.000000 0.555689 0.831390
171.668000 78.382670 -109.345630 0.000000 0.000000 0.000000 0.554575 0.832134
171.736000 78.555828 -108.362507 0.000000 0.000000 0.000000 0.555093 0.831788
171.800000 78.252544 -109.292860 0.000000 0.000000 0.000000 0.555702 0.831381
171.868000 77.842445 -110.175618 0.000000 0.000000 0.000000 0.555694 0.831387
171.932000 77.176788 -110.880956 0.000000 0.000000 0.000000 0.554710 0.832044
172.000000 76.892493 -111.830586 0.000000 0.000000 0.000000 0.555227 0.831699
172.064000 76.703635 -112.809864 0.000000 0.000000 0.000000 0.555512 0.831508
172.132000 76.495023 -113.777462 0.000000 0.000000 0.000000 0.556101 0.831114
172.196000 76.114412 -114.690639 0.000000 0.000000 0.000000 0.556026 0.831165
172.264000 75.922189 -115.661151 0.000000 0.000000 0.000000 0.556841 0.830619
172.328000 75.719241 -116.639244 0.000000 0.000000 0.000000 0.557395 0.830247
172.396000 75.488346 -117.605037 0.000000 0.000000 0.000000 0.557893 0.829913
172.460000 75.057417 -118.497068 0.000000 0.000000 0.000000 0.557305 0.830308
172.528000 74.881293 -119.464331 0.000000 0.000000 0.000000 0.557885 0.829919
172.592000 75.072222 -118.494658 0.000000 0.000000 0.000000 0.558850 0.829269
172.660000 74.415552 -119.214728 0.000000 0.000000 0.000000 0.557643 0.830081
172.724000 74.073331 -120.128413 0.000000 0.000000 0.000000 0.557552 0.830142
172.792000 74.568860 -119.289338 0.000000 0.000000 0.000000 0.556525 0.830831
172.856000 73.889255 -119.998631 0.000000 0.000000 0.000000 0.555280 0.831663
172.924000 73.710347 -120.979060 0.000000 0.000000 0.000000 0.556190 0.831055
172.988000 73.547145 -121.953996 0.000000 0.000000 0.000000 0.556874 0.830597
173.056000 72.986746 -122.777924 0.000000 0.000000 0.000000 0.555923 0.831233
173.120000 72.278849 -123.456984 0.000000 0.000000 0.000000 0.554575 0.832134
173.188000 71.503377 -124.057514 0.000000 0.000000 0.000000 0.552587 0.833455
173.252000 72.051926 -123.239546 0.000000 0.000000 0.000000 0.551588 0.834116
173.320000 71.182701 -123.698267 0.000000 0.000000 0.000000 0.549540 0.835468
173.384000 70.814765 -124.603598 0.000000 0.000000 0.000000 0.549595 0.835431
173.452000 71.318222 -123.771722 0.000000 0.000000 0.000000 0.548640 0.836059
173.516000 70.643089 -124.477558 0.000000 0.000000 0.000000 0.547396 0.836874
173.584000 70.072477 -125.279117 0.000000 0.000000 0.000000 0.546099 0.837721
173.648000 69.437289 -126.025928 0.000000 0.000000 0.000000 0.545178 0.838320
173.716000 68.734871 -126.697695 0.000000 0.000000 0.000000 0.543942 0.839123
173.780000 67.846013 -127.122227 0.000000 0.000000 0.000000 0.541641 0.840610
173.848000 67.328232 -127.961886 0.000000 0.000000 0.000000 0.541674 0.840589
173.912000 66.643011 -128.669808 0.000000 0.000000 0.000000 0.540177 0.841552
173.980000 66.022269 -129.422624 0.000000 0.000000 0.000000 0.539095 0.842245
174.044000 65.416070 -130.193095 0.000000 0.000000 0.000000 0.538071 0.842899
174.112000 65.031908 -131.101301 0.000000 0.000000 0.000000 0.528372 0.849013
174.176000 64.088892 -130.773152 0.000000 0.000000 0.000000 0.483971 0.875084
174.244000 63.180615 -130.361699 0.000000 0.000000 0.000000 0.440546 0.897730
174.308000 62.661900 -131.211732 0.000000 0.000000 0.000000 0.420186 0.907438
174.376000 62.080847 -132.023863 0.000000 0.000000 0.000000 0.398097 0.917343
174.440000 61.341134 -131.368614 0.000000 0.000000 0.000000 0.354126 0.935198
174.508000 60.587644 -130.713041 0.000000 0.000000 0.000000 0.306796 0.951775
174.572000 59.951954 -129.948052 0.000000 0.000000 0.000000 0.268806 0.963194
174.640000 59.033569 -130.333257 0.000000 0.000000 0.000000 0.260956 0.965351
174.704000 58.197564 -130.834192 0.000000 0.000000 0.000000 0.260889 0.965369
174.772000 57.529270 -131.547638 0.000000 0.000000 0.000000 0.261551 0.965190
174.836000 57.216740 -131.897534 0.000000 0.000000 0.000000 0.262675 0.964884
174.904000 57.216740 -131.897534 0.000000 0.000000 0.000000 0.262675 0.964884
174.968000 56.801395 -132.232601 0.000000 0.000000 0.000000 0.262852 0.964836
175.036000 55.946411 -132.637898 0.000000 0.000000 0.000000 0.262153 0.965026
175.100000 55.254079 -133.359425 0.000000 0.000000 0.000000 0.262595 0.964906
175.168000 54.587905 -134.105002 0.000000 0.000000 0.000000 0.263449 0.964673
175.232000 53.901866 -134.832556 0.000000 0.000000 0.000000 0.264308 0.964438
175.300000 53.190901 -135.512154 0.000000 0.000000 0.000000 0.265231 0.964185
175.364000 52.435002 -134.879817 0.000000 0.000000 0.000000 0.243587 0.969879
175.432000 53.194063 -134.235330 0.000000 0.000000 0.000000 0.219159 0.975689
175.496000 52.388223 -134.793137 0.000000 0.000000 0.000000 0.195449 0.980714
175.564000 51.542259 -135.320593 0.000000 0.000000 0.000000 0.169983 0.985447
175.628000 50.624537 -135.639846 0.000000 0.000000 0.000000 0.160527 0.987031
175.696000 49.690994 -135.927742 0.000000 0.000000 0.000000 0.160494 0.987037
175.760000 48.835155 -136.381795 0.000000 0.000000 0.000000 0.160957 0.986961
175.828000 47.915217 -136.723314 0.000000 0.000000 0.000000 0.161016 0.986952
175.892000 46.984899 -137.039878 0.000000 0.000000 0.000000 0.161024 0.986950
175.960000 46.062639 -137.369421 0.000000 0.000000 0.000000 0.165888 0.986145
176.024000 45.272205 -137.360868 0.000000 0.000000 0.000000 0.188146 0.982141
176.092000 45.394715 -137.842520 0.000000 0.000000 0.000000 0.221731 0.975108
176.156000 44.519020 -138.323005 0.000000 0.000000 0.000000 0.245179 0.969478
176.224000 43.704033 -138.878852 0.000000 0.000000 0.000000 0.270425 0.962741
176.288000 42.933240 -139.476076 0.000000 0.000000 0.000000 0.293777 0.955874
176.356000 42.087352 -140.008444 0.000000 0.000000 0.000000 0.317504 0.948257
176.420000 42.703486 -140.795718 0.000000 0.000000 0.000000 0.364355 0.931260
176.488000 43.178444 -141.675711 0.000000 0.000000 0.000000 0.405927 0.913906
176.552000 42.547052 -142.430777 0.000000 0.000000 0.000000 0.409116 0.912482
176.620000 41.878443 -143.163770 0.000000 0.000000 0.000000 0.408646 0.912693
176.684000 41.192136 -143.874824 0.000000 0.000000 0.000000 0.408720 0.912660
176.752000 40.550314 -144.614240 0.000000 0.000000 0.000000 0.408692 0.912672
176.816000 39.875666 -145.338316 0.000000 0.000000 0.000000 0.408428 0.912791
176.884000 39.208892 -146.071810 0.000000 0.000000 0.000000 0.405367 0.914154
176.948000 38.408073 -145.473386 0.000000 0.000000 0.000000 0.351504 0.936186
177.016000 37.787481 -146.246163 0.000000 0.000000 0.000000 0.328615 0.944464
177.080000 37.138947 -145.505713 0.000000 0.000000 0.000000 0.283200 0.959061
177.148000 36.548719 -144.700704 0.000000 0.000000 0.000000 0.229631 0.973278
177.212000 37.293407 -144.043292 0.000000 0.000000 0.000000 0.205688 0.978618
177.280000 36.362236 -144.407416 0.000000 0.000000 0.000000 0.180876 0.983506
177.344000 35.459179 -144.792561 0.000000 0.000000 0.000000 0.157560 0.987509
177.412000 34.536013 -145.147387 0.000000 0.000000 0.000000 0.155791 0.987790
177.476000 33.609036 -145.452616 0.000000 0.000000 0.000000 0.155837 0.987783
177.544000 32.654344 -145.726166 0.000000 0.000000 0.000000 0.155653 0.987812
177.608000 31.716549 -146.004354 0.000000 0.000000 0.000000 0.155653 0.987812
177.676000 32.680679 -145.804873 0.000000 0.000000 0.000000 0.155339 0.987861
177.740000 31.843748 -146.306783 0.000000 0.000000 0.000000 0.155758 0.987795
177.808000 30.925345 -146.618235 0.000000 0.000000 0.000000 0.155766 0.987794
177.872000 30.006869 -146.986719 0.000000 0.000000 0.000000 0.156119 0.987738
177.940000 29.056320 -147.269094 0.000000 0.000000 0.000000 0.156060 0.987748
178.004000 28.125487 -147.589005 0.000000 0.000000 0.000000 0.156457 0.987685
178.072000 27.219864 -147.962064 0.000000 0.000000 0.000000 0.156866 0.987620
178.136000 26.335812 -148.400693 0.000000 0.000000 0.000000 0.157000 0.987599
178.204000 25.402052 -148.702429 0.000000 0.000000 0.000000 0.156941 0.987608
178.268000 24.506742 -149.098326 0.000000 0.000000 0.000000 0.156954 0.987606
178.336000 23.663571 -149.579960 0.000000 0.000000 0.000000 0.157537 0.987513
178.400000 22.733369 -149.892538 0.000000 0.000000 0.000000 0.157548 0.987511
178.468000 21.793716 -150.201375 0.000000 0.000000 0.000000 0.157548 0.987511
178.532000 20.868025 -150.510885 0.000000 0.000000 0.000000 0.157581 0.987506
178.600000 19.920442 -150.781480 0.000000 0.000000 0.000000 0.157581 0.987506
178.664000 18.974130 -151.042217 0.000000 0.000000 0.000000 0.157607 0.987502
178.732000 18.097901 -151.471157 0.000000 0.000000 0.000000 0.158026 0.987435
178.796000 17.157939 -151.755849 0.000000 0.000000 0.000000 0.157781 0.987474
178.864000 16.233841 -152.008755 0.000000 0.000000 0.000000 0.157537 0.987513
178.928000 15.285735 -152.289368 0.000000 0.000000 0.000000 0.157562 0.987509
178.996000 14.352686 -152.580113 0.000000 0.000000 0.000000 0.157657 0.987494
179.060000 13.411003 -152.794960 0.000000 0.000000 0.000000 0.157372 0.987539
179.128000 12.491623 -153.096169 0.000000 0.000000 0.000000 0.157382 0.987538
179.192000 11.551438 -153.391379 0.000000 0.000000 0.000000 0.157410 0.987533
179.260000 10.617931 -153.702802 0.000000 0.000000 0.000000 0.157650 0.987495
179.324000 9.673186 -153.972729 0.000000 0.000000 0.000000 0.157650 0.987495
179.392000 8.747366 -154.256520 0.000000 0.000000 0.000000 0.157665 0.987493
179.456000 7.835268 -154.606013 0.000000 0.000000 0.000000 0.157635 0.987497
179.524000 6.867305 -154.769226 0.000000 0.000000 0.000000 0.157230 0.987562
179.588000 5.968975 -155.165889 0.000000 0.000000 0.000000 0.157235 0.987561
179.656000 5.032120 -155.421009 0.000000 0.000000 0.000000 0.157158 0.987574
179.720000 4.120794 -155.780787 0.000000 0.000000 0.000000 0.157199 0.987567
179.788000 3.173271 -156.010886 0.000000 0.000000 0.000000 0.156996 0.987599
179.852000 2.322352 -156.468125 0.000000 0.000000 0.000000 0.166849 0.985983
179.920000 2.593710 -157.415994 0.000000 0.000000 0.000000 0.218282 0.975886
179.984000 2.912635 -158.362508 0.000000 0.000000 0.000000 0.262348 0.964973
180.052000 3.354290 -159.259195 0.000000 0.000000 0.000000 0.314690 0.949195
180.116000 3.882531 -160.105126 0.000000 0.000000 0.000000 0.358601 0.933491
180.184000 4.453682 -160.925879 0.000000 0.000000 0.000000 0.403517 0.914972
180.248000 3.771817 -161.657266 0.000000 0.000000 0.000000 0.425363 0.905023
180.316000 4.460596 -162.379701 0.000000 0.000000 0.000000 0.473769 0.880649
180.380000 5.185806 -163.050091 0.000000 0.000000 0.000000 0.511108 0.859517
180.448000 4.507192 -163.768979 0.000000 0.000000 0.000000 0.509928 0.860217
180.512000 3.917767 -164.555542 0.000000 0.000000 0.000000 0.509468 0.860490
180.580000 3.269854 -165.289938 0.000000 0.000000 0.000000 0.508380 0.861133
180.644000 3.666474 -164.395624 0.000000 0.000000 0.000000 0.508564 0.861024
180.712000 3.062492 -165.152953 0.000000 0.000000 0.000000 0.508212 0.861232
180.776000 2.519350 -165.977881 0.000000 0.000000 0.000000 0.507912 0.861409
180.844000 2.128295 -166.870352 0.000000 0.000000 0.000000 0.508357 0.861146
180.908000 1.358108 -167.463282 0.000000 0.000000 0.000000 0.506478 0.862253
180.976000 0.929579 -168.343474 0.000000 0.000000 0.000000 0.506545 0.862214
181.040000 0.691548 -169.291844 0.000000 0.000000 0.000000 0.507083 0.861897
181.108000 0.246787 -170.164930 0.000000 0.000000 0.000000 0.507029 0.861929
181.172000 0.607113 -169.258314 0.000000 0.000000 0.000000 0.507337 0.861748
181.240000 0.259108 -170.189229 0.000000 0.000000 0.000000 0.507696 0.861536
181.304000 -0.181471 -171.060615 0.000000 0.000000 0.000000 0.508083 0.861308
181.372000 -0.754753 -171.852163 0.000000 0.000000 0.000000 0.507382 0.861721
181.436000 -1.240872 -172.697639 0.000000 0.000000 0.000000 0.507314 0.861761
181.504000 -0.251634 -172.589619 0.000000 0.000000 0.000000 0.503155 0.864196
181.568000 0.151449 -171.702674 0.000000 0.000000 0.000000 0.503343 0.864087
181.636000 -0.832814 -171.661862 0.000000 0.000000 0.000000 0.496394 0.868098
181.700000 -1.577935 -172.296244 0.000000 0.000000 0.000000 0.494660 0.869086
181.768000 -2.442812 -172.760314 0.000000 0.000000 0.000000 0.492182 0.870492
181.832000 -3.429610 -172.848555 0.000000 0.000000 0.000000 0.487617 0.873058
181.900000 -4.325829 -173.250723 0.000000 0.000000 0.000000 0.484541 0.874769
181.964000 -5.174290 -173.725473 0.000000 0.000000 0.000000 0.482385 0.875960
182.032000 -5.645241 -174.579873 0.000000 0.000000 0.000000 0.482705 0.875783
182.096000 -6.235416 -175.357976 0.000000 0.000000 0.000000 0.482699 0.875786
182.164000 -6.731532 -176.196278 0.000000 0.000000 0.000000 0.482439 0.875929
182.228000 -7.574952 -176.701761 0.000000 0.000000 0.000000 0.480233 0.877141
182.296000 -8.538890 -176.908675 0.000000 0.000000 0.000000 0.475780 0.879564
182.360000 -9.431851 -177.296667 0.000000 0.000000 0.000000 0.472694 0.881227
182.428000 -10.002986 -178.086718 0.000000 0.000000 0.000000 0.472933 0.881098
182.492000 -10.509709 -178.927051 0.000000 0.000000 0.000000 0.473019 0.881052
182.560000 -10.985382 -179.776975 0.000000 0.000000 0.000000 0.473283 0.880910
182.624000 -11.497741 -180.605102 0.000000 0.000000 0.000000 0.473592 0.880744
182.692000 -11.665959 -181.557902 0.000000 0.000000 0.000000 0.474948 0.880014
182.756000 -11.245508 -180.679216 0.000000 0.000000 0.000000 0.475257 0.879847
182.824000 -11.778386 -181.517679 0.000000 0.000000 0.000000 0.475202 0.879877
182.888000 -12.141396 -182.424401 0.000000 0.000000 0.000000 0.475864 0.879519
182.956000 -12.669331 -183.249099 0.000000 0.000000 0.000000 0.475885 0.879508
183.020000 -13.159866 -184.089585 0.000000 0.000000 0.000000 0.475985 0.879453
183.088000 -13.690186 -184.922485 0.000000 0.000000 0.000000 0.476009 0.879441
183.152000 -14.210087 -185.757337 0.000000 0.000000 0.000000 0.475997 0.879447
183.220000 -14.723960 -186.597358 0.000000 0.000000 0.000000 0.476106 0.879388
183.284000 -15.261804 -187.422890 0.000000 0.000000 0.000000 0.476299 0.879284
183.352000 -15.842310 -188.224450 0.000000 0.000000 0.000000 0.475829 0.879538
183.416000 -16.416343 -189.014884 0.000000 0.000000 0.000000 0.475615 0.879654
183.484000 -15.890976 -189.848672 0.000000 0.000000 0.000000 0.481725 0.876322
183.548000 -15.890976 -189.848672 0.000000 0.000000 0.000000 0.481725 0.876322
183.616000 -16.405410 -190.681421 0.000000 0.000000 0.000000 0.481700 0.876336
183.680000 -16.010115 -191.582029 0.000000 0.000000 0.000000 0.485922 0.874002
183.748000 -16.332439 -190.641107 0.000000 0.000000 0.000000 0.489248 0.872145
183.812000 -17.154056 -191.175628 0.000000 0.000000 0.000000 0.487381 0.873189
183.880000 -16.678169 -190.319532 0.000000 0.000000 0.000000 0.487533 0.873105
183.944000 -16.179594 -189.483273 0.000000 0.000000 0.000000 0.487578 0.873079
184.012000 -16.336451 -190.445712 0.000000 0.000000 0.000000 0.489189 0.872178
184.076000 -16.489479 -191.405614 0.000000 0.000000 0.000000 0.490523 0.871428
184.144000 -17.426189 -191.682391 0.000000 0.000000 0.000000 0.487689 0.873018
184.208000 -16.878165 -192.486505 0.000000 0.000000 0.000000 0.492441 0.870346
184.276000 -16.745572 -193.456823 0.000000 0.000000 0.000000 0.495341 0.868699
184.340000 -17.545982 -194.052481 0.000000 0.000000 0.000000 0.493283 0.869869
184.408000 -18.082586 -194.887593 0.000000 0.000000 0.000000 0.493168 0.869934
184.472000 -18.943531 -195.369723 0.000000 0.000000 0.000000 0.490619 0.871374
184.540000 -19.271745 -196.290290 0.000000 0.000000 0.000000 0.491469 0.870895
184.604000 -19.302039 -197.263842 0.000000 0.000000 0.000000 0.493471 0.869762
184.672000 -20.202978 -197.630353 0.000000 0.000000 0.000000 0.490790 0.871278
184.736000 -20.052562 -198.582921 0.000000 0.000000 0.000000 0.493035 0.870009
184.804000 -20.605399 -199.389340 0.000000 0.000000 0.000000 0.492513 0.870305
184.868000 -21.182370 -200.181514 0.000000 0.000000 0.000000 0.492079 0.870551
184.936000 -21.214614 -201.165769 0.000000 0.000000 0.000000 0.494022 0.869449
185.000000 -22.174760 -201.421419 0.000000 0.000000 0.000000 0.489543 0.871979
185.068000 -22.766839 -202.205916 0.000000 0.000000 0.000000 0.489108 0.872223
185.132000 -23.174448 -203.095421 0.000000 0.000000 0.000000 0.489546 0.871977
185.200000 -23.895322 -203.772205 0.000000 0.000000 0.000000 0.488063 0.872809
185.264000 -24.420619 -204.606866 0.000000 0.000000 0.000000 0.488174 0.872746
185.332000 -25.011647 -205.387159 0.000000 0.000000 0.000000 0.487571 0.873083
185.396000 -25.551342 -206.207267 0.000000 0.000000 0.000000 0.487486 0.873131
185.464000 -25.959238 -207.096604 0.000000 0.000000 0.000000 0.487906 0.872896
185.528000 -26.553791 -207.870379 0.000000 0.000000 0.000000 0.487595 0.873070
185.596000 -27.134488 -208.663353 0.000000 0.000000 0.000000 0.487230 0.873273
185.660000 -27.996009 -209.129567 0.000000 0.000000 0.000000 0.484311 0.874896
185.728000 -28.639457 -209.861284 0.000000 0.000000 0.000000 0.483682 0.875244
185.792000 -29.153968 -210.705745 0.000000 0.000000 0.000000 0.483914 0.875116
185.860000 -30.117507 -210.953560 0.000000 0.000000 0.000000 0.477224 0.878782
185.924000 -30.604874 -211.799279 0.000000 0.000000 0.000000 0.477408 0.878682
185.992000 -31.195817 -212.575156 0.000000 0.000000 0.000000 0.476970 0.878919
186.056000 -31.712918 -213.407744 0.000000 0.000000 0.000000 0.476933 0.878940
186.124000 -32.293193 -214.196921 0.000000 0.000000 0.000000 0.476513 0.879168
186.188000 -32.924403 -214.946941 0.000000 0.000000 0.000000 0.476049 0.879419
186.256000 -33.435163 -215.787599 0.000000 0.000000 0.000000 0.476280 0.879293
186.320000 -33.948491 -216.621730 0.000000 0.000000 0.000000 0.476380 0.879239
186.388000 -34.496542 -217.437332 0.000000 0.000000 0.000000 0.476272 0.879298
186.452000 -34.997848 -218.282303 0.000000 0.000000 0.000000 0.476688 0.879073
186.520000 -35.438256 -219.149839 0.000000 0.000000 0.000000 0.477256 0.878764
186.584000 -36.086668 -219.903913 0.000000 0.000000 0.000000 0.476442 0.879206
186.652000 -36.635829 -220.715216 0.000000 0.000000 0.000000 0.476160 0.879359
186.716000 -37.158603 -221.541697 0.000000 0.000000 0.000000 0.476330 0.879266
186.784000 -37.807187 -222.278103 0.000000 0.000000 0.000000 0.475080 0.879942
186.848000 -38.386878 -223.070237 0.000000 0.000000 0.000000 0.474724 0.880135
186.916000 -38.987941 -223.834665 0.000000 0.000000 0.000000 0.473959 0.880547
186.980000 -39.424638 -224.701651 0.000000 0.000000 0.000000 0.474401 0.880309
187.048000 -40.031591 -225.469848 0.000000 0.000000 0.000000 0.473511 0.880788
187.112000 -40.532780 -226.306680 0.000000 0.000000 0.000000 0.473596 0.880742
187.180000 -40.992901 -227.191121 0.000000 0.000000 0.000000 0.457375 0.889274
187.244000 -41.649621 -227.944853 0.000000 0.000000 0.000000 0.436120 0.899889
187.312000 -42.265118 -228.732983 0.000000 0.000000 0.000000 0.413579 0.910468
187.376000 -43.130063 -228.232761 0.000000 0.000000 0.000000 0.366306 0.930494
187.444000 -43.916603 -227.640806 0.000000 0.000000 0.000000 0.313523 0.949581
187.508000 -44.702644 -228.258936 0.000000 0.000000 0.000000 0.289810 0.957084
187.576000 -45.302217 -227.545892 0.000000 0.000000 0.000000 0.227498 0.973779
187.640000 -45.837320 -226.707803 0.000000 0.000000 0.000000 0.179351 0.983785
187.708000 -46.312355 -225.844581 0.000000 0.000000 0.000000 0.115882 0.993263
187.772000 -46.730701 -224.985564 0.000000 0.000000 0.000000 0.069534 0.997580
187.840000 -47.023729 -224.037702 0.000000 0.000000 0.000000 0.016323 0.999867
187.904000 -47.173649 -223.075699 0.000000 0.000000 0.000000 -0.039884 0.999204
187.972000 -47.265487 -222.101855 0.000000 0.000000 0.000000 -0.091539 0.995801
188.036000 -48.246725 -221.916078 0.000000 0.000000 0.000000 -0.116078 0.993240
188.104000 -49.223743 -221.715922 0.000000 0.000000 0.000000 -0.141800 0.989895
188.168000 -50.165401 -221.398545 0.000000 0.000000 0.000000 -0.166669 0.986013
188.236000 -51.120828 -221.137888 0.000000 0.000000 0.000000 -0.192056 0.981384
188.300000 -52.055507 -220.782792 0.000000 0.000000 0.000000 -0.215988 0.976396
188.368000 -51.750760 -219.892699 0.000000 0.000000 0.000000 -0.274526 0.961580
188.432000 -52.657211 -219.483522 0.000000 0.000000 0.000000 -0.297646 0.954676
188.500000 -53.513846 -218.968761 0.000000 0.000000 0.000000 -0.322229 0.946662
188.564000 -54.383253 -218.474676 0.000000 0.000000 0.000000 -0.345120 0.938558
188.632000 -55.206686 -217.907779 0.000000 0.000000 0.000000 -0.369155 0.929368
188.696000 -55.975280 -217.268574 0.000000 0.000000 0.000000 -0.391999 0.919966
188.764000 -56.686752 -216.574642 0.000000 0.000000 0.000000 -0.415746 0.909481
188.828000 -57.384120 -215.859456 0.000000 0.000000 0.000000 -0.438079 0.898936
188.896000 -56.666166 -215.170758 0.000000 0.000000 0.000000 -0.485488 0.874243
188.960000 -55.962363 -214.499448 0.000000 0.000000 0.000000 -0.541136 0.840935
189.028000 -55.086478 -214.017118 0.000000 0.000000 0.000000 -0.598322 0.801256
189.092000 -55.450720 -213.094338 0.000000 0.000000 0.000000 -0.611205 0.791473
189.160000 -55.016155 -212.206976 0.000000 0.000000 0.000000 -0.614892 0.788612
189.224000 -54.659267 -211.272889 0.000000 0.000000 0.000000 -0.617579 0.786509
189.292000 -54.229570 -210.376575 0.000000 0.000000 0.000000 -0.621510 0.783406
189.356000 -54.631633 -209.486099 0.000000 0.000000 0.000000 -0.621135 0.783704
189.424000 -55.603705 -209.259650 0.000000 0.000000 0.000000 -0.616182 0.787604
189.488000 -55.188928 -208.359233 0.000000 0.000000 0.000000 -0.620068 0.784548
189.556000 -54.590620 -207.559285 0.000000 0.000000 0.000000 -0.625609 0.780137
189.620000 -54.581791 -206.585537 0.000000 0.000000 0.000000 -0.626441 0.779469
189.688000 -55.082947 -205.756867 0.000000 0.000000 0.000000 -0.625299 0.780385
189.752000 -54.727440 -204.839077 0.000000 0.000000 0.000000 -0.628602 0.777727
189.820000 -55.715839 -204.739705 0.000000 0.000000 0.000000 -0.622712 0.782451
189.884000 -55.012464 -204.067032 0.000000 0.000000 0.000000 -0.627663 0.778485
189.952000 -55.616435 -203.344008 0.000000 0.000000 0.000000 -0.625791 0.779991
190.016000 -55.293342 -202.417776 0.000000 0.000000 0.000000 -0.628322 0.777954
190.084000 -55.579992 -203.361483 0.000000 0.000000 0.000000 -0.630254 0.776389
190.148000 -55.467408 -202.377106 0.000000 0.000000 0.000000 -0.631435 0.775429
190.216000 -55.749205 -201.442806 0.000000 0.000000 0.000000 -0.631047 0.775744
190.280000 -55.739391 -200.475745 0.000000 0.000000 0.000000 -0.631997 0.774971
190.348000 -56.357076 -199.701992 0.000000 0.000000 0.000000 -0.630151 0.776473
190.412000 -56.345674 -198.733214 0.000000 0.000000 0.000000 -0.631251 0.775579
190.480000 -56.675439 -197.850750 0.000000 0.000000 0.000000 -0.630640 0.776076
190.544000 -57.229465 -197.065498 0.000000 0.000000 0.000000 -0.629144 0.777289
190.612000 -57.711959 -196.231460 0.000000 0.000000 0.000000 -0.627946 0.778257
190.676000 -57.269107 -197.075081 0.000000 0.000000 0.000000 -0.627001 0.779019
190.744000 -57.615751 -196.180689 0.000000 0.000000 0.000000 -0.626588 0.779350
190.808000 -57.991800 -195.318955 0.000000 0.000000 0.000000 -0.625908 0.779897
190.876000 -58.233483 -194.370607 0.000000 0.000000 0.000000 -0.625679 0.780081
190.940000 -57.453496 -193.804394 0.000000 0.000000 0.000000 -0.636499 0.771278
191.008000 -57.437423 -192.845913 0.000000 0.000000 0.000000 -0.638040 0.770003
191.072000 -57.769742 -191.919769 0.000000 0.000000 0.000000 -0.637408 0.770526
191.140000 -57.741452 -190.972951 0.000000 0.000000 0.000000 -0.639230 0.769016
191.204000 -57.931006 -190.006287 0.000000 0.000000 0.000000 -0.638833 0.769346
191.272000 -57.272369 -189.253946 0.000000 0.000000 0.000000 -0.643658 0.765313
191.336000 -57.634861 -188.328916 0.000000 0.000000 0.000000 -0.642999 0.765867
191.404000 -57.968707 -187.386352 0.000000 0.000000 0.000000 -0.655351 0.755325
191.468000 -57.034672 -187.035248 0.000000 0.000000 0.000000 -0.692737 0.721191
191.536000 -56.060693 -186.849166 0.000000 0.000000 0.000000 0.734769 -0.678317
191.600000 -55.081744 -186.801867 0.000000 0.000000 0.000000 0.765236 -0.643750
191.668000 -54.134570 -186.858881 0.000000 0.000000 0.000000 0.798061 -0.602577
191.732000 -53.174526 -187.029633 0.000000 0.000000 0.000000 0.828920 -0.559367
191.800000 -52.214094 -187.273910 0.000000 0.000000 0.000000 0.860953 -0.508684
191.864000 -51.926927 -186.353140 0.000000 0.000000 0.000000 0.863528 -0.504301
191.932000 -51.596949 -185.412446 0.000000 0.000000 0.000000 0.863008 -0.505190
191.996000 -51.269563 -184.469638 0.000000 0.000000 0.000000 0.862450 -0.506141
192.064000 -50.673416 -183.705849 0.000000 0.000000 0.000000 0.863021 -0.505167
192.128000 -50.329702 -183.051213 0.000000 0.000000 0.000000 0.862965 -0.505263
192.196000 -50.027456 -182.128994 0.000000 0.000000 0.000000 0.862379 -0.506262
192.260000 -49.698936 -181.243492 0.000000 0.000000 0.000000 0.861879 -0.507115
192.328000 -49.337510 -180.335895 0.000000 0.000000 0.000000 0.861405 -0.507918
192.392000 -49.673238 -179.401320 0.000000 0.000000 0.000000 0.859454 -0.511213
192.460000 -49.343080 -178.462928 0.000000 0.000000 0.000000 0.858982 -0.512006
192.524000 -49.043255 -177.536802 0.000000 0.000000 0.000000 0.858266 -0.513206
192.592000 -48.656238 -176.639035 0.000000 0.000000 0.000000 0.858072 -0.513530
192.656000 -48.386400 -175.680357 0.000000 0.000000 0.000000 0.857230 -0.514933
192.724000 -48.129504 -174.732820 0.000000 0.000000 0.000000 0.856382 -0.516343
192.788000 -48.376911 -173.777600 0.000000 0.000000 0.000000 0.854395 -0.519624
192.856000 -48.147470 -172.832515 0.000000 0.000000 0.000000 0.853389 -0.521275
192.920000 -48.360142 -171.857060 0.000000 0.000000 0.000000 0.851209 -0.524827
192.988000 -48.459370 -170.865835 0.000000 0.000000 0.000000 0.849684 -0.527292
193.052000 -48.244730 -169.901307 0.000000 0.000000 0.000000 0.848729 -0.528828
193.120000 -48.385557 -168.917493 0.000000 0.000000 0.000000 0.846848 -0.531835
193.184000 -48.185625 -167.950414 0.000000 0.000000 0.000000 0.845848 -0.533425
193.252000 -48.493414 -166.999137 0.000000 0.000000 0.000000 0.842901 -0.538069
193.316000 -48.887550 -166.080207 0.000000 0.000000 0.000000 0.839967 -0.542637
193.384000 -48.667625 -165.111998 0.000000 0.000000 0.000000 0.839171 -0.543868
193.448000 -48.854357 -164.137445 0.000000 0.000000 0.000000 0.837001 -0.547201
193.516000 -49.226918 -163.215384 0.000000 0.000000 0.000000 0.833261 -0.552880
193.580000 -49.120397 -162.261871 0.000000 0.000000 0.000000 0.831826 -0.555037
193.648000 -48.996065 -161.292399 0.000000 0.000000 0.000000 0.830311 -0.557300
193.712000 -48.918314 -160.324431 0.000000 0.000000 0.000000 0.828650 -0.559767
193.780000 -48.873219 -159.356192 0.000000 0.000000 0.000000 0.826908 -0.562337
193.844000 -49.434846 -158.528801 0.000000 0.000000 0.000000 0.823264 -0.567659
193.912000 -49.120634 -157.603279 0.000000 0.000000 0.000000 0.823181 -0.567779
193.976000 -48.826022 -156.676737 0.000000 0.000000 0.000000 0.822852 -0.568256
194.044000 -49.506509 -155.951476 0.000000 0.000000 0.000000 0.818029 -0.575177
194.108000 -50.059181 -155.130851 0.000000 0.000000 0.000000 0.814548 -0.580096
194.176000 -49.677152 -154.219949 0.000000 0.000000 0.000000 0.814812 -0.579725
194.240000 -49.367000 -153.293622 0.000000 0.000000 0.000000 0.814804 -0.579736
194.308000 -50.096550 -152.636955 0.000000 0.000000 0.000000 0.806842 -0.590768
194.372000 -49.664194 -151.759394 0.000000 0.000000 0.000000 0.807412 -0.589988
194.440000 -48.799045 -151.257880 0.000000 0.000000 0.000000 0.809200 -0.587533
194.504000 -48.237481 -150.432499 0.000000 0.000000 0.000000 0.809925 -0.586534
194.572000 -48.845493 -149.638918 0.000000 0.000000 0.000000 0.804158 -0.594415
194.636000 -48.547059 -148.707135 0.000000 0.000000 0.000000 0.804157 -0.594417
194.704000 -48.553225 -147.731084 0.000000 0.000000 0.000000 0.803168 -0.595752
194.768000 -49.357253 -147.139498 0.000000 0.000000 0.000000 0.794005 -0.607912
194.836000 -49.061700 -146.187721 0.000000 0.000000 0.000000 0.794212 -0.607640
194.900000 -48.606635 -145.313037 0.000000 0.000000 0.000000 0.794997 -0.606613
194.968000 -48.372999 -144.360081 0.000000 0.000000 0.000000 0.794911 -0.606727
195.032000 -47.902372 -143.492845 0.000000 0.000000 0.000000 0.795699 -0.605692
195.100000 -47.348578 -142.661935 0.000000 0.000000 0.000000 0.796564 -0.604554
195.164000 -47.210324 -141.699991 0.000000 0.000000 0.000000 0.796040 -0.605244
195.232000 -46.923265 -140.761793 0.000000 0.000000 0.000000 0.796071 -0.605203
195.296000 -46.800344 -139.783235 0.000000 0.000000 0.000000 0.795885 -0.605447
195.364000 -46.513372 -138.845983 0.000000 0.000000 0.000000 0.796099 -0.605166
195.428000 -46.090041 -137.954757 0.000000 0.000000 0.000000 0.796764 -0.604290
195.496000 -45.800145 -137.004533 0.000000 0.000000 0.000000 0.796948 -0.604048
195.560000 -45.291028 -136.154079 0.000000 0.000000 0.000000 0.798000 -0.602658
195.628000 -45.015562 -135.206043 0.000000 0.000000 0.000000 0.798000 -0.602658
195.692000 -45.413297 -134.317528 0.000000 0.000000 0.000000 0.793274 -0.608865
195.760000 -44.997154 -133.409535 0.000000 0.000000 0.000000 0.778227 -0.627983
195.824000 -45.369363 -134.337664 0.000000 0.000000 0.000000 0.762950 -0.646457
195.892000 -45.109350 -133.372950 0.000000 0.000000 0.000000 0.745988 -0.665960
195.956000 -46.074632 -133.126390 0.000000 0.000000 0.000000 0.708707 -0.705503
196.024000 -47.058950 -133.010390 0.000000 0.000000 0.000000 -0.668830 0.743416
196.088000 -48.058676 -132.988077 0.000000 0.000000 0.000000 -0.628518 0.777795
196.156000 -49.037252 -133.168690 0.000000 0.000000 0.000000 -0.569975 0.821662
196.220000 -50.008523 -133.401130 0.000000 0.000000 0.000000 -0.527746 0.849403
196.288000 -50.422465 -132.511310 0.000000 0.000000 0.000000 -0.525325 0.850902
196.352000 -50.900188 -131.653983 0.000000 0.000000 0.000000 -0.524734 0.851266
196.420000 -51.422665 -130.845030 0.000000 0.000000 0.000000 -0.523834 0.851820
196.484000 -51.832499 -129.952866 0.000000 0.000000 0.000000 -0.523839 0.851817
196.552000 -52.409080 -129.167959 0.000000 0.000000 0.000000 -0.523154 0.852238
196.616000 -52.896639 -128.327906 0.000000 0.000000 0.000000 -0.522787 0.852464
196.684000 -52.896639 -128.327906 0.000000 0.000000 0.000000 -0.522787 0.852464
196.748000 -53.376532 -127.479320 0.000000 0.000000 0.000000 -0.522636 0.852556
196.816000 -53.775518 -126.585410 0.000000 0.000000 0.000000 -0.522814 0.852447
196.880000 -54.378283 -125.822125 0.000000 0.000000 0.000000 -0.521990 0.852952
196.948000 -54.997948 -125.068747 0.000000 0.000000 0.000000 -0.520497 0.853864
197.012000 -55.441651 -124.186781 0.000000 0.000000 0.000000 -0.520656 0.853767
197.080000 -56.039489 -123.419639 0.000000 0.000000 0.000000 -0.519609 0.854404
197.144000 -56.369046 -122.501192 0.000000 0.000000 0.000000 -0.520048 0.854137
197.212000 -56.776417 -121.610322 0.000000 0.000000 0.000000 -0.520259 0.854008
197.276000 -57.755832 -121.615676 0.000000 0.000000 0.000000 -0.511021 0.859568
197.344000 -58.675254 -122.005243 0.000000 0.000000 0.000000 -0.468620 0.883400
197.408000 -59.592300 -122.402769 0.000000 0.000000 0.000000 -0.424242 0.905549
197.476000 -60.174753 -121.590811 0.000000 0.000000 0.000000 -0.400757 0.916184
197.540000 -60.958085 -122.210866 0.000000 0.000000 0.000000 -0.353276 0.935519
197.608000 -61.615176 -122.818469 0.000000 0.000000 0.000000 -0.308043 0.951373
197.672000 -62.256455 -123.535236 0.000000 0.000000 0.000000 -0.261061 0.965322
197.740000 -62.806306 -124.283491 0.000000 0.000000 0.000000 -0.214868 0.976643
197.804000 -63.319313 -125.078988 0.000000 0.000000 0.000000 -0.169836 0.985472
197.872000 -64.277542 -124.901084 0.000000 0.000000 0.000000 -0.161984 0.986793
197.936000 -65.262882 -124.730601 0.000000 0.000000 0.000000 -0.161285 0.986908
198.004000 -66.196877 -124.425777 0.000000 0.000000 0.000000 -0.161291 0.986907
198.068000 -67.159388 -124.221274 0.000000 0.000000 0.000000 -0.160905 0.986970
198.136000 -68.121072 -124.027737 0.000000 0.000000 0.000000 -0.160504 0.987035
198.200000 -69.059021 -123.786762 0.000000 0.000000 0.000000 -0.160382 0.987055
198.268000 -70.020202 -123.520447 0.000000 0.000000 0.000000 -0.160513 0.987034
198.332000 -70.955542 -123.250443 0.000000 0.000000 0.000000 -0.160282 0.987071
198.400000 -71.916353 -123.082351 0.000000 0.000000 0.000000 -0.159609 0.987180
198.464000 -72.598921 -122.369829 0.000000 0.000000 0.000000 -0.162329 0.986737
198.532000 -73.356596 -121.739642 0.000000 0.000000 0.000000 -0.164017 0.986458
198.596000 -74.139279 -121.172266 0.000000 0.000000 0.000000 -0.165834 0.986154
198.664000 -74.934367 -120.592785 0.000000 0.000000 0.000000 -0.167226 0.985919
198.728000 -75.569139 -119.859063 0.000000 0.000000 0.000000 -0.170224 0.985405
198.796000 -76.222126 -119.119130 0.000000 0.000000 0.000000 -0.172922 0.984936
198.860000 -76.998105 -118.488373 0.000000 0.000000 0.000000 -0.174364 0.984681
198.928000 -77.954436 -118.326112 0.000000 0.000000 0.000000 -0.173281 0.984872
198.992000 -78.906811 -118.128993 0.000000 0.000000 0.000000 -0.172103 0.985079
199.060000 -79.874862 -117.948820 0.000000 0.000000 0.000000 -0.171194 0.985237
199.124000 -80.832680 -117.773709 0.000000 0.000000 0.000000 -0.170471 0.985363
199.192000 -81.790803 -117.593803 0.000000 0.000000 0.000000 -0.170001 0.985444
199.256000 -82.551674 -116.963592 0.000000 0.000000 0.000000 -0.172056 0.985087
199.324000 -83.526012 -116.824120 0.000000 0.000000 0.000000 -0.171226 0.985232
199.388000 -84.487712 -116.672286 0.000000 0.000000 0.000000 -0.170133 0.985421
199.456000 -85.464011 -116.463642 0.000000 0.000000 0.000000 -0.169283 0.985567
199.520000 -86.427589 -116.330925 0.000000 0.000000 0.000000 -0.168725 0.985663
199.588000 -87.398480 -116.173081 0.000000 0.000000 0.000000 -0.167949 0.985796
199.652000 -88.147480 -115.532556 0.000000 0.000000 0.000000 -0.170033 0.985438
199.720000 -89.132559 -115.364195 0.000000 0.000000 0.000000 -0.169111 0.985597
199.784000 -89.699943 -114.548908 0.000000 0.000000 0.000000 -0.172952 0.984930
199.852000 -90.684118 -114.374048 0.000000 0.000000 0.000000 -0.171933 0.985109
199.916000 -91.656672 -114.322231 0.000000 0.000000 0.000000 -0.170858 0.985296
199.984000 -92.637521 -114.161647 0.000000 0.000000 0.000000 -0.170073 0.985431
200.048000 -93.609456 -114.028202 0.000000 0.000000 0.000000 -0.168836 0.985644
200.116000 -94.558427 -113.824295 0.000000 0.000000 0.000000 -0.168449 0.985710
200.180000 -95.537962 -113.682838 0.000000 0.000000 0.000000 -0.167569 0.985860
200.248000 -96.495974 -113.570709 0.000000 0.000000 0.000000 -0.166484 0.986044
200.312000 -97.480928 -113.448469 0.000000 0.000000 0.000000 -0.165452 0.986218
200.380000 -98.449750 -113.286007 0.000000 0.000000 0.000000 -0.164281 0.986414
200.444000 -99.421710 -113.159301 0.000000 0.000000 0.000000 -0.163101 0.986609
200.512000 -100.396536 -113.062372 0.000000 0.000000 0.000000 -0.161672 0.986845
200.576000 -101.388454 -112.963612 0.000000 0.000000 0.000000 -0.160430 0.987047
200.644000 -102.354730 -112.777736 0.000000 0.000000 0.000000 -0.159459 0.987205
200.708000 -103.353790 -112.734746 0.000000 0.000000 0.000000 -0.157893 0.987456
200.776000 -103.881788 -111.951843 0.000000 0.000000 0.000000 -0.164101 0.986444
200.840000 -104.852970 -111.837939 0.000000 0.000000 0.000000 -0.162820 0.986656
200.908000 -105.800050 -111.520293 0.000000 0.000000 0.000000 -0.162039 0.986784
200.972000 -106.769155 -111.411479 0.000000 0.000000 0.000000 -0.161214 0.986920
201.040000 -107.692112 -111.063731 0.000000 0.000000 0.000000 -0.161268 0.986911
201.104000 -108.668070 -110.965675 0.000000 0.000000 0.000000 -0.159913 0.987131
201.172000 -108.702310 -110.832223 0.000000 0.000000 0.000000 -0.160768 0.986992
201.236000 -109.696807 -110.735080 0.000000 0.000000 0.000000 -0.159451 0.987206
201.304000 -110.656348 -110.640488 0.000000 0.000000 0.000000 -0.157874 0.987459
201.368000 -111.613472 -110.639686 0.000000 0.000000 0.000000 -0.156198 0.987726
201.436000 -112.393682 -110.030255 0.000000 0.000000 0.000000 -0.158546 0.987352
201.500000 -113.367117 -110.050964 0.000000 0.000000 0.000000 -0.156647 0.987655
201.568000 -114.313282 -109.834577 0.000000 0.000000 0.000000 -0.161361 0.986896
201.632000 -113.495524 -109.904003 0.000000 0.000000 0.000000 -0.184416 0.982848
201.700000 -112.528251 -110.154228 0.000000 0.000000 0.000000 -0.208445 0.978034
201.764000 -113.453812 -109.777561 0.000000 0.000000 0.000000 -0.231277 0.972888
201.832000 -114.368956 -109.376019 0.000000 0.000000 0.000000 -0.255474 0.966816
201.896000 -114.059303 -108.474859 0.000000 0.000000 0.000000 -0.303241 0.952914
201.964000 -113.637268 -107.615339 0.000000 0.000000 0.000000 -0.352724 0.935727
202.028000 -114.511050 -107.130980 0.000000 0.000000 0.000000 -0.375925 0.926650
202.096000 -115.207664 -106.421065 0.000000 0.000000 0.000000 -0.400093 0.916475
202.160000 -114.642272 -105.600821 0.000000 0.000000 0.000000 -0.443373 0.896337
202.228000 -113.985734 -104.861682 0.000000 0.000000 0.000000 -0.486944 0.873433
202.292000 -113.219551 -104.224796 0.000000 0.000000 0.000000 -0.532990 0.846122
202.360000 -112.408427 -103.648563 0.000000 0.000000 0.000000 -0.576752 0.816919
202.424000 -111.869171 -102.811788 0.000000 0.000000 0.000000 -0.591552 0.806267
202.492000 -111.389141 -101.960135 0.000000 0.000000 0.000000 -0.596941 0.802285
202.556000 -111.235431 -100.976756 0.000000 0.000000 0.000000 -0.599451 0.800411
202.624000 -110.933661 -100.056962 0.000000 0.000000 0.000000 -0.602581 0.798058
202.688000 -110.666804 -99.097305 0.000000 0.000000 0.000000 -0.606065 0.795415
202.756000 -110.159431 -98.255890 0.000000 0.000000 0.000000 -0.612427 0.790527
202.820000 -109.662027 -97.391998 0.000000 0.000000 0.000000 -0.617735 0.786387
202.888000 -109.821657 -96.443148 0.000000 0.000000 0.000000 -0.618241 0.785989
202.952000 -110.048031 -95.474649 0.000000 0.000000 0.000000 -0.618458 0.785818
203.020000 -110.298782 -94.538201 0.000000 0.000000 0.000000 -0.618414 0.785852
203.084000 -110.242268 -93.540743 0.000000 0.000000 0.000000 -0.620114 0.784512
203.152000 -110.390108 -92.559836 0.000000 0.000000 0.000000 -0.620732 0.784023
203.216000 -110.632259 -91.633982 0.000000 0.000000 0.000000 -0.620835 0.783941
203.284000 -110.840543 -90.683257 0.000000 0.000000 0.000000 -0.621222 0.783635
203.348000 -110.994449 -89.705167 0.000000 0.000000 0.000000 -0.621755 0.783212
203.416000 -111.172815 -88.731828 0.000000 0.000000 0.000000 -0.622175 0.782879
203.480000 -111.327738 -87.757142 0.000000 0.000000 0.000000 -0.622560 0.782572
203.548000 -111.542396 -86.837688 0.000000 0.000000 0.000000 -0.622484 0.782633
203.612000 -111.764281 -85.866724 0.000000 0.000000 0.000000 -0.622432 0.782674
203.680000 -111.980000 -84.901744 0.000000 0.000000 0.000000 -0.622691 0.782468
203.744000 -112.167333 -83.968292 0.000000 0.000000 0.000000 -0.623156 0.782097
203.812000 -112.419123 -83.002232 0.000000 0.000000 0.000000 -0.622922 0.782284
203.876000 -112.646545 -82.097644 0.000000 0.000000 0.000000 -0.622505 0.782616
203.944000 -112.766595 -81.580381 0.000000 0.000000 0.000000 -0.622540 0.782588
204.008000 -112.988387 -80.615054 0.000000 0.000000 0.000000 -0.622572 0.782562
204.076000 -113.339907 -79.710883 0.000000 0.000000 0.000000 -0.626420 0.779486
204.140000 -113.502006 -78.726624 0.000000 0.000000 0.000000 -0.646542 0.762879
204.208000 -113.594669 -77.732645 0.000000 0.000000 0.000000 -0.668754 0.743484
204.272000 -112.738698 -77.319807 0.000000 0.000000 0.000000 0.711588 -0.702597
204.340000 -111.796909 -77.051378 0.000000 0.000000 0.000000 0.757093 -0.653307
204.404000 -111.648981 -76.062608 0.000000 0.000000 0.000000 0.774853 -0.632141
204.472000 -111.584571 -75.065181 0.000000 0.000000 0.000000 0.790880 -0.611971
204.536000 -111.440852 -74.075716 0.000000 0.000000 0.000000 0.805661 -0.592377
204.604000 -110.538054 -74.157224 0.000000 0.000000 0.000000 0.845625 -0.533778
204.668000 -110.846630 -75.071561 0.000000 0.000000 0.000000 0.857284 -0.514845
204.736000 -111.189127 -75.984921 0.000000 0.000000 0.000000 0.869840 -0.493334
204.800000 -111.528125 -76.918403 0.000000 0.000000 0.000000 0.881836 -0.471557
204.868000 -111.956507 -77.819945 0.000000 0.000000 0.000000 0.893753 -0.448560
204.932000 -112.429788 -78.700847 0.000000 0.000000 0.000000 0.904308 -0.426881
205.000000 -111.847836 -77.888417 0.000000 0.000000 0.000000 0.915060 -0.403317
205.064000 -111.254344 -77.083615 0.000000 0.000000 0.000000 0.924505 -0.381169
205.132000 -110.579039 -76.346078 0.000000 0.000000 0.000000 0.930107 -0.367290
205.196000 -109.870350 -75.640576 0.000000 0.000000 0.000000 0.930142 -0.367201
205.264000 -109.215208 -74.911052 0.000000 0.000000 0.000000 0.929846 -0.367948
205.328000 -108.586673 -74.156797 0.000000 0.000000 0.000000 0.929690 -0.368343
205.396000 -107.972456 -73.391689 0.000000 0.000000 0.000000 0.929510 -0.368796
205.460000 -107.320271 -72.648879 0.000000 0.000000 0.000000 0.929327 -0.369257
205.528000 -106.327200 -72.544869 0.000000 0.000000 0.000000 0.930951 -0.365143
205.592000 -105.661220 -71.822111 0.000000 0.000000 0.000000 0.930754 -0.365647
205.660000 -104.894535 -71.195542 0.000000 0.000000 0.000000 0.930869 -0.365353
205.724000 -104.227801 -70.467755 0.000000 0.000000 0.000000 0.930732 -0.365702
205.792000 -103.472301 -69.834882 0.000000 0.000000 0.000000 0.930869 -0.365353
205.856000 -102.728581 -69.183834 0.000000 0.000000 0.000000 0.930857 -0.365384
205.924000 -102.087552 -68.428849 0.000000 0.000000 0.000000 0.930637 -0.365945
205.988000 -101.362991 -67.756917 0.000000 0.000000 0.000000 0.930534 -0.366205
206.056000 -100.598917 -67.131526 0.000000 0.000000 0.000000 0.930651 -0.365908
206.120000 -99.891052 -66.442841 0.000000 0.000000 0.000000 0.930572 -0.366110
206.188000 -99.248890 -65.678213 0.000000 0.000000 0.000000 0.930362 -0.366642
206.252000 -98.471928 -65.051568 0.000000 0.000000 0.000000 0.930508 -0.366272
206.320000 -97.842114 -64.278675 0.000000 0.000000 0.000000 0.937277 -0.348585
206.384000 -97.121074 -63.587977 0.000000 0.000000 0.000000 0.945475 -0.325696
206.452000 -96.378961 -62.918928 0.000000 0.000000 0.000000 0.953672 -0.300848
206.516000 -95.562667 -62.349122 0.000000 0.000000 0.000000 0.958120 -0.286367
206.584000 -94.668929 -61.941805 0.000000 0.000000 0.000000 0.958373 -0.285520
206.648000 -93.918266 -61.302026 0.000000 0.000000 0.000000 0.958098 -0.286439
206.716000 -93.035925 -60.831937 0.000000 0.000000 0.000000 0.958242 -0.285957
206.780000 -92.165275 -60.359516 0.000000 0.000000 0.000000 0.958368 -0.285535
206.848000 -91.333169 -59.833465 0.000000 0.000000 0.000000 0.958330 -0.285662
206.912000 -90.498184 -59.309742 0.000000 0.000000 0.000000 0.958319 -0.285701
206.980000 -89.639924 -58.817254 0.000000 0.000000 0.000000 0.958421 -0.285357
207.044000 -88.872559 -58.209491 0.000000 0.000000 0.000000 0.958246 -0.285946
207.112000 -87.984754 -57.775115 0.000000 0.000000 0.000000 0.958448 -0.285266
207.176000 -87.079406 -57.358029 0.000000 0.000000 0.000000 0.958779 -0.284154
207.244000 -86.218768 -56.881703 0.000000 0.000000 0.000000 0.958829 -0.283986
207.308000 -85.353320 -56.415064 0.000000 0.000000 0.000000 0.959002 -0.283401
207.376000 -84.453449 -56.001819 0.000000 0.000000 0.000000 0.959317 -0.282332
207.440000 -83.642538 -55.429576 0.000000 0.000000 0.000000 0.959187 -0.282772
207.508000 -82.869820 -54.829702 0.000000 0.000000 0.000000 0.958935 -0.283625
207.572000 -82.069524 -54.266725 0.000000 0.000000 0.000000 0.958843 -0.283937
207.640000 -81.247484 -53.727442 0.000000 0.000000 0.000000 0.958804 -0.284067
207.704000 -80.412748 -53.219147 0.000000 0.000000 0.000000 0.958849 -0.283915
207.772000 -79.568289 -52.701864 0.000000 0.000000 0.000000 0.958866 -0.283859
207.836000 -78.842885 -52.050544 0.000000 0.000000 0.000000 0.958503 -0.285081
207.904000 -77.980151 -51.575978 0.000000 0.000000 0.000000 0.958657 -0.284563
207.968000 -77.110299 -51.119380 0.000000 0.000000 0.000000 0.958889 -0.283780
208.036000 -76.275059 -50.614459 0.000000 0.000000 0.000000 0.958986 -0.283455
208.100000 -75.487557 -50.035114 0.000000 0.000000 0.000000 0.958780 -0.284149
208.168000 -74.635892 -49.540314 0.000000 0.000000 0.000000 0.958909 -0.283713
208.232000 -73.807692 -49.013129 0.000000 0.000000 0.000000 0.958831 -0.283978
208.300000 -73.039702 -48.403530 0.000000 0.000000 0.000000 0.958499 -0.285096
208.364000 -72.238125 -47.854098 0.000000 0.000000 0.000000 0.958475 -0.285177
208.432000 -71.442402 -47.301900 0.000000 0.000000 0.000000 0.958408 -0.285400
208.496000 -70.656790 -46.718255 0.000000 0.000000 0.000000 0.958193 -0.286124
208.564000 -69.843984 -46.183298 0.000000 0.000000 0.000000 0.958158 -0.286241
208.628000 -69.033006 -45.639554 0.000000 0.000000 0.000000 0.958078 -0.286508
208.696000 -68.240021 -45.070460 0.000000 0.000000 0.000000 0.957941 -0.286964
208.760000 -67.378228 -44.584268 0.000000 0.000000 0.000000 0.958170 -0.286200
208.828000 -66.559875 -44.058366 0.000000 0.000000 0.000000 0.958166 -0.286212
208.892000 -65.706517 -43.569298 0.000000 0.000000 0.000000 0.958489 -0.285130
208.960000 -64.911346 -42.982264 0.000000 0.000000 0.000000 0.958258 -0.285904
209.024000 -64.090979 -42.433615 0.000000 0.000000 0.000000 0.958331 -0.285659
209.092000 -63.268324 -41.900464 0.000000 0.000000 0.000000 0.958264 -0.285884
209.156000 -62.398846 -41.407476 0.000000 0.000000 0.000000 0.958489 -0.285128
209.224000 -61.557619 -40.897155 0.000000 0.000000 0.000000 0.958614 -0.284708
209.288000 -60.726413 -40.358819 0.000000 0.000000 0.000000 0.958627 -0.284666
209.356000 -59.862766 -39.861674 0.000000 0.000000 0.000000 0.958841 -0.283943
209.420000 -59.011746 -39.349483 0.000000 0.000000 0.000000 0.958879 -0.283816
209.488000 -58.201128 -38.829557 0.000000 0.000000 0.000000 0.958808 -0.284053
209.552000 -57.365857 -38.306818 0.000000 0.000000 0.000000 0.958828 -0.283988
209.620000 -56.543800 -37.801557 0.000000 0.000000 0.000000 0.958955 -0.283559
209.684000 -55.716405 -37.276110 0.000000 0.000000 0.000000 0.958999 -0.283408
209.752000 -54.898626 -36.730759 0.000000 0.000000 0.000000 0.959037 -0.283281
209.816000 -54.114524 -36.175032 0.000000 0.000000 0.000000 0.958779 -0.284151
209.884000 -53.276119 -35.651107 0.000000 0.000000 0.000000 0.958911 -0.283707
209.948000 -52.491427 -35.093618 0.000000 0.000000 0.000000 0.958406 -0.285409
210.016000 -51.687686 -34.516676 0.000000 0.000000 0.000000 0.960966 -0.276667
210.080000 -51.020306 -35.259584 0.000000 0.000000 0.000000 0.972614 -0.232425
210.148000 -50.412966 -36.053428 0.000000 0.000000 0.000000 0.984408 -0.175898
210.212000 -49.919332 -36.918193 0.000000 0.000000 0.000000 0.992016 -0.126116
210.280000 -49.557585 -37.832812 0.000000 0.000000 0.000000 0.997345 -0.072817
210.344000 -49.286301 -38.793676 0.000000 0.000000 0.000000 0.999747 -0.022477
210.412000 -49.100551 -39.739936 0.000000 0.000000 0.000000 0.999675 0.025508
210.476000 -49.028319 -40.736855 0.000000 0.000000 0.000000 0.997619 0.068973
210.544000 -49.022825 -41.734489 0.000000 0.000000 0.000000 0.992151 0.125044
210.608000 -48.072425 -41.975545 0.000000 0.000000 0.000000 0.991035 0.133601
210.676000 -47.872256 -42.949895 0.000000 0.000000 0.000000 0.989472 0.144724
210.740000 -46.933894 -43.213359 0.000000 0.000000 0.000000 0.989474 0.144709
210.808000 -45.991264 -43.416024 0.000000 0.000000 0.000000 0.989522 0.144380
210.872000 -45.589916 -44.326114 0.000000 0.000000 0.000000 0.988396 0.151898
210.940000 -44.636349 -44.535544 0.000000 0.000000 0.000000 0.988446 0.151574
211.004000 -43.713991 -44.868369 0.000000 0.000000 0.000000 0.988344 0.152234
211.072000 -43.129061 -45.670964 0.000000 0.000000 0.000000 0.987565 0.157213
211.136000 -42.170644 -45.711302 0.000000 0.000000 0.000000 0.987737 0.156125
211.204000 -41.222556 -45.931745 0.000000 0.000000 0.000000 0.987783 0.155838
211.268000 -40.265240 -45.992189 0.000000 0.000000 0.000000 0.987880 0.155222
211.336000 -39.306374 -45.978501 0.000000 0.000000 0.000000 0.988120 0.153682
211.400000 -39.192068 -45.788852 0.000000 0.000000 0.000000 0.989183 0.146684
211.468000 -38.252002 -46.044758 0.000000 0.000000 0.000000 0.989208 0.146515
211.532000 -37.288354 -45.949359 0.000000 0.000000 0.000000 0.989425 0.145046
211.600000 -36.749237 -46.763001 0.000000 0.000000 0.000000 0.988285 0.152622
211.664000 -35.807027 -47.010991 0.000000 0.000000 0.000000 0.988239 0.152916
211.732000 -34.826344 -46.887630 0.000000 0.000000 0.000000 0.988523 0.151069
211.796000 -34.119925 -47.573863 0.000000 0.000000 0.000000 0.987930 0.154898
211.864000 -33.152696 -47.790125 0.000000 0.000000 0.000000 0.987994 0.154490
211.928000 -32.215461 -48.078862 0.000000 0.000000 0.000000 0.987997 0.154471
211.996000 -31.250568 -48.296017 0.000000 0.000000 0.000000 0.988061 0.154061
212.060000 -30.288692 -48.471750 0.000000 0.000000 0.000000 0.988148 0.153504
212.128000 -29.316831 -48.434334 0.000000 0.000000 0.000000 0.988432 0.151662
212.192000 -28.412252 -48.815922 0.000000 0.000000 0.000000 0.988314 0.152433
212.260000 -27.487951 -49.161522 0.000000 0.000000 0.000000 0.988300 0.152522
212.324000 -26.526847 -49.327288 0.000000 0.000000 0.000000 0.988437 0.151631
212.392000 -25.598894 -49.633439 0.000000 0.000000 0.000000 0.988432 0.151666
212.456000 -24.666021 -49.929073 0.000000 0.000000 0.000000 0.988440 0.151610
212.524000 -23.725282 -50.199848 0.000000 0.000000 0.000000 0.988423 0.151721
212.588000 -22.771469 -50.449181 0.000000 0.000000 0.000000 0.987652 0.156661
212.656000 -23.097418 -50.299135 0.000000 0.000000 0.000000 0.983679 0.179933
212.720000 -23.308260 -51.276025 0.000000 0.000000 0.000000 0.968283 0.249857
212.788000 -22.410846 -51.696851 0.000000 0.000000 0.000000 0.961768 0.273867
212.852000 -21.536551 -52.156099 0.000000 0.000000 0.000000 0.954997 0.296614
212.920000 -22.359581 -51.711996 0.000000 0.000000 0.000000 0.947132 0.320843
212.984000 -21.576032 -52.319749 0.000000 0.000000 0.000000 0.939239 0.343265
213.052000 -22.052134 -53.155204 0.000000 0.000000 0.000000 0.926485 0.376332
213.116000 -21.326613 -53.817758 0.000000 0.000000 0.000000 0.923165 0.384403
213.184000 -20.639301 -54.517580 0.000000 0.000000 0.000000 0.923182 0.384363
213.248000 -19.934626 -55.199517 0.000000 0.000000 0.000000 0.923139 0.384466
213.316000 -19.230472 -55.889236 0.000000 0.000000 0.000000 0.923129 0.384490
213.380000 -18.579670 -56.624517 0.000000 0.000000 0.000000 0.922992 0.384818
213.448000 -17.898070 -57.331807 0.000000 0.000000 0.000000 0.922922 0.384987
213.512000 -17.203625 -58.012269 0.000000 0.000000 0.000000 0.923030 0.384728
213.580000 -16.511062 -58.705002 0.000000 0.000000 0.000000 0.923081 0.384606
213.644000 -15.847041 -59.439315 0.000000 0.000000 0.000000 0.923010 0.384775
213.712000 -15.167496 -60.152659 0.000000 0.000000 0.000000 0.922944 0.384935
213.776000 -14.421585 -60.784249 0.000000 0.000000 0.000000 0.923113 0.384528
213.844000 -13.727768 -61.480760 0.000000 0.000000 0.000000 0.923111 0.384533
213.908000 -13.883520 -62.461298 0.000000 0.000000 0.000000 0.917202 0.398421
213.976000 -14.474686 -63.264736 0.000000 0.000000 0.000000 0.896050 0.443952
214.040000 -15.087324 -64.042369 0.000000 0.000000 0.000000 0.876416 0.481555
214.108000 -15.817055 -64.723347 0.000000 0.000000 0.000000 0.851789 0.523885
214.172000 -16.611016 -65.331304 0.000000 0.000000 0.000000 0.826222 0.563344
214.240000 -17.467497 -65.839482 0.000000 0.000000 0.000000 0.797388 0.603467
214.304000 -18.370796 -66.246132 0.000000 0.000000 0.000000 0.765031 0.643994
214.372000 -19.197586 -66.497831 0.000000 0.000000 0.000000 0.724625 0.689143
214.436000 -19.004633 -67.478959 0.000000 0.000000 0.000000 0.707421 0.706793
214.504000 -18.828801 -68.422032 0.000000 0.000000 0.000000 0.687796 0.725904
214.568000 -18.628109 -69.401665 0.000000 0.000000 0.000000 0.670107 0.742265
214.636000 -18.553776 -70.010528 0.000000 0.000000 0.000000 0.660265 0.751032
214.700000 -18.771337 -70.983751 0.000000 0.000000 0.000000 0.677424 0.735593
214.768000 -17.840836 -71.286460 0.000000 0.000000 0.000000 0.715377 0.698739
214.832000 -16.855827 -71.458533 0.000000 0.000000 0.000000 0.748268 0.663397
214.900000 -16.075139 -71.496907 0.000000 0.000000 0.000000 0.792387 0.610019
214.964000 -16.019139 -71.165335 0.000000 0.000000 0.000000 0.807917 0.589296
215.032000 -15.221041 -71.097932 0.000000 0.000000 0.000000 0.840666 0.541554
215.096000 -15.465540 -70.129217 0.000000 0.000000 0.000000 0.853787 0.520622
215.164000 -15.102380 -71.025451 0.000000 0.000000 0.000000 0.867411 0.497592
215.228000 -15.428438 -70.081413 0.000000 0.000000 0.000000 0.878978 0.476862
215.296000 -15.809190 -69.157457 0.000000 0.000000 0.000000 0.891090 0.453827
215.360000 -16.236215 -68.253320 0.000000 0.000000 0.000000 0.901900 0.431945
215.428000 -15.714137 -69.104738 0.000000 0.000000 0.000000 0.912834 0.408331
215.492000 -15.107716 -69.899099 0.000000 0.000000 0.000000 0.922540 0.385901
215.560000 -14.451947 -70.652406 0.000000 0.000000 0.000000 0.932249 0.361817
215.624000 -13.663600 -70.040865 0.000000 0.000000 0.000000 0.949668 0.313258
215.692000 -12.965506 -69.331361 0.000000 0.000000 0.000000 0.967714 0.252052
215.756000 -12.374124 -68.526266 0.000000 0.000000 0.000000 0.981510 0.191412
215.824000 -13.240072 -68.045348 0.000000 0.000000 0.000000 0.986167 0.165753
215.888000 -12.809482 -67.144637 0.000000 0.000000 0.000000 0.993558 0.113327
215.956000 -13.786801 -66.938617 0.000000 0.000000 0.000000 0.996085 0.088402
216.020000 -12.848066 -67.212884 0.000000 0.000000 0.000000 0.996083 0.088420
216.088000 -11.886416 -67.416266 0.000000 0.000000 0.000000 0.996094 0.088295
216.152000 -11.014541 -67.816257 0.000000 0.000000 0.000000 0.996043 0.088876
216.220000 -10.041402 -67.949213 0.000000 0.000000 0.000000 0.996039 0.088921
216.284000 -9.088411 -68.173968 0.000000 0.000000 0.000000 0.996050 0.088797
216.352000 -8.320879 -68.781199 0.000000 0.000000 0.000000 0.995955 0.089848
216.416000 -7.393096 -69.098701 0.000000 0.000000 0.000000 0.995909 0.090367
216.484000 -6.429569 -69.322655 0.000000 0.000000 0.000000 0.995893 0.090536
216.548000 -5.534869 -69.723652 0.000000 0.000000 0.000000 0.995843 0.091087
216.616000 -4.598096 -70.026233 0.000000 0.000000 0.000000 0.995812 0.091424
216.680000 -3.969056 -69.253227 0.000000 0.000000 0.000000 0.996363 0.085210
216.748000 -3.017253 -69.511220 0.000000 0.000000 0.000000 0.996329 0.085607
216.812000 -3.991860 -69.364670 0.000000 0.000000 0.000000 0.996325 0.085648
216.880000 -3.714847 -70.324746 0.000000 0.000000 0.000000 0.995963 0.089770
216.944000 -2.731234 -70.400615 0.000000 0.000000 0.000000 0.996797 0.079973
217.012000 -2.502076 -69.432273 0.000000 0.000000 0.000000 0.999564 0.029523
217.076000 -2.391418 -68.446808 0.000000 0.000000 0.000000 0.999894 -0.014546
217.144000 -2.360553 -67.450421 0.000000 0.000000 0.000000 0.997991 -0.063360
217.208000 -2.352955 -66.458200 0.000000 0.000000 0.000000 0.993328 -0.115325
217.276000 -2.433609 -65.466369 0.000000 0.000000 0.000000 0.987141 -0.159855
217.340000 -2.654318 -64.495857 0.000000 0.000000 0.000000 0.978950 -0.204102
217.408000 -3.012253 -63.570171 0.000000 0.000000 0.000000 0.968968 -0.247185
217.472000 -2.292352 -62.876584 0.000000 0.000000 0.000000 0.968783 -0.247909
217.540000 -1.585857 -62.180186 0.000000 0.000000 0.000000 0.968588 -0.248670
217.604000 -2.301526 -62.852819 0.000000 0.000000 0.000000 0.968460 -0.249171
217.672000 -1.330225 -62.952765 0.000000 0.000000 0.000000 0.969037 -0.246915
217.736000 -0.447425 -62.516107 0.000000 0.000000 0.000000 0.969040 -0.246904
217.804000 -1.129048 -63.218550 0.000000 0.000000 0.000000 0.968925 -0.247356
217.868000 -2.094642 -63.478297 0.000000 0.000000 0.000000 0.969090 -0.246709
217.936000 -1.246685 -62.976646 0.000000 0.000000 0.000000 0.965559 -0.260183
218.000000 -1.693281 -62.084495 0.000000 0.000000 0.000000 0.951428 -0.307873
218.068000 -2.178878 -61.214060 0.000000 0.000000 0.000000 0.934901 -0.354910
218.132000 -1.394738 -60.595041 0.000000 0.000000 0.000000 0.926074 -0.377343
218.200000 -0.675381 -59.900640 0.000000 0.000000 0.000000 0.916113 -0.400920
218.264000 -1.324566 -59.159154 0.000000 0.000000 0.000000 0.896421 -0.443204
218.332000 -0.728161 -58.357295 0.000000 0.000000 0.000000 0.888089 -0.459671
218.396000 -0.018263 -57.659569 0.000000 0.000000 0.000000 0.888347 -0.459174
218.464000 0.565158 -56.872781 0.000000 0.000000 0.000000 0.888489 -0.458897
218.528000 1.107812 -56.065216 0.000000 0.000000 0.000000 0.888477 -0.458920
218.596000 1.716164 -55.289973 0.000000 0.000000 0.000000 0.888477 -0.458920
218.660000 2.071232 -54.365389 0.000000 0.000000 0.000000 0.888026 -0.459793
218.728000 2.567273 -53.525819 0.000000 0.000000 0.000000 0.887895 -0.460047
218.792000 1.855869 -54.201495 0.000000 0.000000 0.000000 0.888133 -0.459586
218.860000 2.427989 -53.393774 0.000000 0.000000 0.000000 0.888027 -0.459791
218.924000 2.571310 -52.429143 0.000000 0.000000 0.000000 0.887480 -0.460845
218.992000 3.173303 -51.645941 0.000000 0.000000 0.000000 0.887612 -0.460592
219.056000 4.148139 -51.646816 0.000000 0.000000 0.000000 0.889814 -0.456324
219.124000 4.533371 -50.745932 0.000000 0.000000 0.000000 0.889578 -0.456783
219.188000 5.069624 -49.929481 0.000000 0.000000 0.000000 0.889500 -0.456935
219.256000 6.055641 -50.022077 0.000000 0.000000 0.000000 0.891772 -0.452485
219.320000 6.623518 -49.203068 0.000000 0.000000 0.000000 0.889744 -0.456459
219.388000 5.939379 -48.473939 0.000000 0.000000 0.000000 0.867972 -0.496614
219.452000 5.172769 -47.848469 0.000000 0.000000 0.000000 0.844687 -0.535260
219.520000 5.590425 -46.939919 0.000000 0.000000 0.000000 0.831361 -0.555732
219.584000 5.956967 -46.010619 0.000000 0.000000 0.000000 0.818489 -0.574522
219.652000 6.233272 -45.059554 0.000000 0.000000 0.000000 0.804060 -0.594548
219.716000 5.335866 -44.622899 0.000000 0.000000 0.000000 0.776810 -0.629735
219.784000 4.467702 -44.139854 0.000000 0.000000 0.000000 0.759376 -0.650653
219.848000 4.301723 -43.155160 0.000000 0.000000 0.000000 0.758342 -0.651857
219.916000 4.171369 -42.163735 0.000000 0.000000 0.000000 0.757257 -0.653118
219.980000 4.016487 -41.176297 0.000000 0.000000 0.000000 0.756330 -0.654191
220.048000 4.234142 -40.214109 0.000000 0.000000 0.000000 0.756357 -0.654159
220.112000 4.618937 -39.296363 0.000000 0.000000 0.000000 0.757249 -0.653126
220.180000 4.683977 -38.333988 0.000000 0.000000 0.000000 0.757037 -0.653373
220.244000 4.692507 -37.339295 0.000000 0.000000 0.000000 0.756647 -0.653823
220.312000 4.437360 -36.375507 0.000000 0.000000 0.000000 0.755318 -0.655358
220.376000 4.445009 -35.375661 0.000000 0.000000 0.000000 0.754879 -0.655865
220.444000 4.513279 -34.390008 0.000000 0.000000 0.000000 0.754572 -0.656217
220.508000 4.322175 -33.408592 0.000000 0.000000 0.000000 0.753509 -0.657438
220.576000 4.972879 -32.662148 0.000000 0.000000 0.000000 0.755956 -0.654623
220.640000 5.260579 -31.718443 0.000000 0.000000 0.000000 0.756689 -0.653775
220.708000 5.118145 -30.731743 0.000000 0.000000 0.000000 0.755654 -0.654972
220.772000 5.148085 -29.757771 0.000000 0.000000 0.000000 0.755353 -0.655318
220.840000 5.281763 -28.796162 0.000000 0.000000 0.000000 0.755183 -0.655514
220.904000 5.120614 -27.810020 0.000000 0.000000 0.000000 0.754188 -0.656658
220.972000 5.138963 -26.815698 0.000000 0.000000 0.000000 0.753637 -0.657291
221.036000 5.272510 -25.852720 0.000000 0.000000 0.000000 0.753462 -0.657492
221.104000 5.193762 -24.876813 0.000000 0.000000 0.000000 0.752773 -0.658280
221.168000 5.227774 -23.912106 0.000000 0.000000 0.000000 0.752590 -0.658490
221.236000 5.253471 -22.928855 0.000000 0.000000 0.000000 0.752266 -0.658860
221.300000 5.326756 -21.934378 0.000000 0.000000 0.000000 0.752018 -0.659143
221.368000 5.450001 -20.967767 0.000000 0.000000 0.000000 0.751943 -0.659228
221.432000 5.568435 -20.005107 0.000000 0.000000 0.000000 0.751614 -0.659604
221.500000 5.743601 -19.051102 0.000000 0.000000 0.000000 0.751796 -0.659396
221.564000 5.685449 -18.070562 0.000000 0.000000 0.000000 0.750993 -0.660310
221.632000 5.774327 -17.102663 0.000000 0.000000 0.000000 0.750819 -0.660508
221.696000 5.951449 -16.150074 0.000000 0.000000 0.000000 0.751143 -0.660140
221.764000 6.086008 -15.194630 0.000000 0.000000 0.000000 0.750906 -0.660410
221.828000 6.097397 -14.214136 0.000000 0.000000 0.000000 0.750484 -0.660888
221.896000 6.051748 -13.236072 0.000000 0.000000 0.000000 0.749871 -0.661584
221.960000 6.026427 -12.251234 0.000000 0.000000 0.000000 0.749349 -0.662175
222.028000 6.025569 -11.258848 0.000000 0.000000 0.000000 0.748881 -0.662704
222.092000 5.973502 -10.284101 0.000000 0.000000 0.000000 0.748128 -0.663555
222.160000 6.162505 -9.325369 0.000000 0.000000 0.000000 0.748765 -0.662836
222.224000 6.293522 -8.353586 0.000000 0.000000 0.000000 0.748903 -0.662680
222.292000 6.350305 -7.369261 0.000000 0.000000 0.000000 0.748466 -0.663173
222.356000 6.389510 -6.393189 0.000000 0.000000 0.000000 0.748191 -0.663483
222.424000 6.563020 -5.427783 0.000000 0.000000 0.000000 0.748353 -0.663300
222.488000 6.702305 -4.456195 0.000000 0.000000 0.000000 0.748709 -0.662898
222.556000 6.746618 -3.461552 0.000000 0.000000 0.000000 0.748446 -0.663196
222.620000 6.944247 -2.511655 0.000000 0.000000 0.000000 0.748619 -0.663001
222.688000 7.008859 -1.525911 0.000000 0.000000 0.000000 0.748184 -0.663491
222.752000 7.018003 -0.566398 0.000000 0.000000 0.000000 0.747820 -0.663902
222.820000 7.070419 0.413443 0.000000 0.000000 0.000000 0.747358 -0.664422
222.884000 7.714676 1.166830 0.000000 0.000000 0.000000 0.751251 -0.660016
222.952000 7.938385 2.103210 0.000000 0.000000 0.000000 0.751964 -0.659204
223.016000 8.059011 3.077613 0.000000 0.000000 0.000000 0.751999 -0.659164
223.084000 8.064167 4.060182 0.000000 0.000000 0.000000 0.751485 -0.659750
223.148000 8.335634 5.005138 0.000000 0.000000 0.000000 0.752356 -0.658757
223.216000 7.434076 5.429510 0.000000 0.000000 0.000000 0.743879 -0.668314
223.280000 8.067018 6.197103 0.000000 0.000000 0.000000 0.747304 -0.664483
223.348000 7.814688 7.131781 0.000000 0.000000 0.000000 0.755973 -0.654603
223.412000 8.805260 7.262490 0.000000 0.000000 0.000000 0.785374 -0.619022
223.480000 9.771770 7.327018 0.000000 0.000000 0.000000 0.814058 -0.580783
223.544000 9.454903 6.510179 0.000000 0.000000 0.000000 0.827067 -0.562103
223.612000 9.739205 7.466364 0.000000 0.000000 0.000000 0.840664 -0.541558
223.676000 10.726160 7.310441 0.000000 0.000000 0.000000 0.864001 -0.503490
223.744000 11.265455 8.152030 0.000000 0.000000 0.000000 0.876405 -0.481575
223.808000 11.796114 8.994258 0.000000 0.000000 0.000000 0.887408 -0.460986
223.876000 12.313191 9.849954 0.000000 0.000000 0.000000 0.898334 -0.439314
223.940000 12.849741 10.693715 0.000000 0.000000 0.000000 0.908190 -0.418559
224.008000 13.440959 11.500194 0.000000 0.000000 0.000000 0.918301 -0.395884
224.072000 14.057206 12.286957 0.000000 0.000000 0.000000 0.927138 -0.374721
224.140000 14.749590 13.008114 0.000000 0.000000 0.000000 0.936619 -0.350349
224.204000 15.446271 13.723261 0.000000 0.000000 0.000000 0.944940 -0.327244
224.272000 16.207406 14.366592 0.000000 0.000000 0.000000 0.952975 -0.303048
224.336000 16.932757 15.052664 0.000000 0.000000 0.000000 0.960009 -0.279969
224.404000 17.725544 15.636490 0.000000 0.000000 0.000000 0.963011 -0.269464
224.468000 18.553274 16.163181 0.000000 0.000000 0.000000 0.963008 -0.269472
224.536000 19.389089 16.667584 0.000000 0.000000 0.000000 0.963062 -0.269279
224.600000 20.250176 17.134588 0.000000 0.000000 0.000000 0.963169 -0.268899
224.668000 21.087170 17.653698 0.000000 0.000000 0.000000 0.963166 -0.268909
224.732000 21.921401 18.170682 0.000000 0.000000 0.000000 0.963169 -0.268898
224.800000 22.749624 18.685707 0.000000 0.000000 0.000000 0.963137 -0.269010
224.864000 23.610579 19.154544 0.000000 0.000000 0.000000 0.963177 -0.268869
224.932000 24.472186 19.600735 0.000000 0.000000 0.000000 0.963332 -0.268314
224.996000 25.302498 20.130801 0.000000 0.000000 0.000000 0.963321 -0.268352
225.064000 25.302498 20.130801 0.000000 0.000000 0.000000 0.963321 -0.268352
225.128000 24.313372 19.986400 0.000000 0.000000 0.000000 0.963732 -0.266871
225.196000 25.158436 19.455035 0.000000 0.000000 0.000000 0.966074 -0.258265
225.260000 25.731710 20.271412 0.000000 0.000000 0.000000 0.965612 -0.259986
225.328000 26.574529 20.759293 0.000000 0.000000 0.000000 0.965606 -0.260009
225.392000 26.574529 20.759293 0.000000 0.000000 0.000000 0.965606 -0.260009
225.460000 27.568829 20.655792 0.000000 0.000000 0.000000 0.966555 -0.256460
225.524000 28.438907 21.118004 0.000000 0.000000 0.000000 0.966645 -0.256119
225.592000 28.944517 21.976677 0.000000 0.000000 0.000000 0.966014 -0.258490
225.656000 27.975108 22.213795 0.000000 0.000000 0.000000 0.966831 -0.255417
225.724000 28.801666 22.746041 0.000000 0.000000 0.000000 0.966771 -0.255643
225.788000 29.637828 23.259764 0.000000 0.000000 0.000000 0.966741 -0.255759
225.856000 30.443172 23.799400 0.000000 0.000000 0.000000 0.966582 -0.256358
225.920000 31.407639 23.578791 0.000000 0.000000 0.000000 0.967828 -0.251613
225.988000 32.297975 23.989300 0.000000 0.000000 0.000000 0.968018 -0.250879
226.052000 33.121649 24.505823 0.000000 0.000000 0.000000 0.967888 -0.251382
226.120000 33.970207 25.006097 0.000000 0.000000 0.000000 0.967859 -0.251495
226.184000 34.354218 25.924983 0.000000 0.000000 0.000000 0.966974 -0.254875
226.252000 35.192268 26.418988 0.000000 0.000000 0.000000 0.966893 -0.255181
226.316000 36.064113 26.872646 0.000000 0.000000 0.000000 0.967016 -0.254715
226.384000 36.897184 27.396909 0.000000 0.000000 0.000000 0.966971 -0.254887
226.448000 37.750767 27.887466 0.000000 0.000000 0.000000 0.966965 -0.254909
226.516000 38.595999 28.399052 0.000000 0.000000 0.000000 0.966845 -0.255364
226.580000 39.437305 28.914157 0.000000 0.000000 0.000000 0.966726 -0.255815
226.648000 40.281565 29.419946 0.000000 0.000000 0.000000 0.966648 -0.256107
226.712000 41.084186 29.987420 0.000000 0.000000 0.000000 0.968919 -0.247379
226.780000 41.832031 30.650385 0.000000 0.000000 0.000000 0.974785 -0.223147
226.844000 42.331198 29.817183 0.000000 0.000000 0.000000 0.984987 -0.172627
226.912000 43.189092 30.312454 0.000000 0.000000 0.000000 0.989061 -0.147504
226.976000 44.069519 30.783842 0.000000 0.000000 0.000000 0.992406 -0.123002
227.044000 44.941519 31.266577 0.000000 0.000000 0.000000 0.995264 -0.097214
227.108000 45.239574 30.381415 0.000000 0.000000 0.000000 0.999578 -0.029063
227.176000 46.225239 30.528161 0.000000 0.000000 0.000000 0.999996 -0.002975
227.240000 45.233000 30.428010 0.000000 0.000000 0.000000 0.999784 0.020766
227.308000 45.316111 29.506569 0.000000 0.000000 0.000000 0.997273 0.073801
227.372000 44.316693 29.510737 0.000000 0.000000 0.000000 0.995279 0.097060
227.440000 45.310585 29.402870 0.000000 0.000000 0.000000 0.992574 0.121642
227.504000 46.288023 29.191734 0.000000 0.000000 0.000000 0.989489 0.144605
227.572000 47.239572 28.884308 0.000000 0.000000 0.000000 0.985568 0.169279
227.636000 48.159292 28.500312 0.000000 0.000000 0.000000 0.981318 0.192392
227.704000 48.159292 28.500312 0.000000 0.000000 0.000000 0.981318 0.192392
227.768000 47.662394 29.338493 0.000000 0.000000 0.000000 0.981078 0.193614
227.836000 47.727657 28.356895 0.000000 0.000000 0.000000 0.980832 0.194855
227.900000 48.670244 28.050639 0.000000 0.000000 0.000000 0.980806 0.194987
227.968000 49.588555 27.687224 0.000000 0.000000 0.000000 0.980844 0.194797
228.032000 50.477893 27.293096 0.000000 0.000000 0.000000 0.980824 0.194893
228.100000 51.453353 27.184879 0.000000 0.000000 0.000000 0.980985 0.194083
228.164000 52.390173 26.875995 0.000000 0.000000 0.000000 0.981052 0.193742
228.232000 53.330413 26.604058 0.000000 0.000000 0.000000 0.981070 0.193651
228.296000 52.364254 26.632185 0.000000 0.000000 0.000000 0.981278 0.192597
228.364000 53.317840 26.592176 0.000000 0.000000 0.000000 0.981427 0.191836
228.428000 54.161557 26.091568 0.000000 0.000000 0.000000 0.981333 0.192316
228.496000 55.133211 26.126867 0.000000 0.000000 0.000000 0.981700 0.190434
228.560000 56.047223 25.779602 0.000000 0.000000 0.000000 0.981747 0.190194
228.628000 56.872913 25.311163 0.000000 0.000000 0.000000 0.981645 0.190716
228.692000 57.818065 25.057778 0.000000 0.000000 0.000000 0.981700 0.190435
228.760000 58.762694 24.730791 0.000000 0.000000 0.000000 0.981708 0.190391
228.824000 59.628334 24.249316 0.000000 0.000000 0.000000 0.981655 0.190668
228.892000 59.949665 23.321262 0.000000 0.000000 0.000000 0.980902 0.194503
228.956000 60.797739 22.833614 0.000000 0.000000 0.000000 0.980813 0.194951
229.024000 61.755115 22.556761 0.000000 0.000000 0.000000 0.980868 0.194675
229.088000 62.682679 22.183098 0.000000 0.000000 0.000000 0.980909 0.194469
229.156000 63.605858 21.806597 0.000000 0.000000 0.000000 0.980949 0.194267
229.220000 64.476224 21.354829 0.000000 0.000000 0.000000 0.980946 0.194281
229.288000 65.383317 20.975770 0.000000 0.000000 0.000000 0.983418 0.181356
229.352000 65.881822 21.841862 0.000000 0.000000 0.000000 0.991188 0.132462
229.420000 66.344985 22.726461 0.000000 0.000000 0.000000 0.996382 0.084993
229.484000 67.319761 22.637911 0.000000 0.000000 0.000000 0.998157 0.060680
229.552000 67.508460 23.569619 0.000000 0.000000 0.000000 0.999845 0.017625
229.616000 67.738236 24.512616 0.000000 0.000000 0.000000 0.999834 -0.018239
229.684000 67.904878 25.496080 0.000000 0.000000 0.000000 0.998167 -0.060515
229.748000 67.916754 26.448981 0.000000 0.000000 0.000000 0.994985 -0.100026
229.816000 67.867176 27.440616 0.000000 0.000000 0.000000 0.989159 -0.146849
229.880000 67.818185 28.427137 0.000000 0.000000 0.000000 0.981965 -0.189062
229.948000 67.629338 29.383049 0.000000 0.000000 0.000000 0.973386 -0.229172
230.012000 67.449306 30.356574 0.000000 0.000000 0.000000 0.965560 -0.260182
230.080000 68.253481 30.911167 0.000000 0.000000 0.000000 0.965367 -0.260896
230.144000 69.246141 30.975849 0.000000 0.000000 0.000000 0.966203 -0.257781
230.212000 70.194713 31.092876 0.000000 0.000000 0.000000 0.966969 -0.254895
230.276000 70.792932 31.884610 0.000000 0.000000 0.000000 0.966379 -0.257122
230.344000 71.759105 32.095050 0.000000 0.000000 0.000000 0.967062 -0.254542
230.408000 72.361876 32.875623 0.000000 0.000000 0.000000 0.966521 -0.256589
230.476000 73.032762 33.595141 0.000000 0.000000 0.000000 0.965983 -0.258606
230.540000 74.013079 33.641936 0.000000 0.000000 0.000000 0.966861 -0.255304
230.608000 75.000999 33.583027 0.000000 0.000000 0.000000 0.968009 -0.250917
230.672000 75.542978 34.404055 0.000000 0.000000 0.000000 0.966875 -0.255249
230.740000 75.922565 35.319701 0.000000 0.000000 0.000000 0.965826 -0.259190
230.804000 76.851352 35.083319 0.000000 0.000000 0.000000 0.967379 -0.253332
230.872000 77.652544 35.640690 0.000000 0.000000 0.000000 0.967243 -0.253852
230.936000 78.326913 36.368623 0.000000 0.000000 0.000000 0.966616 -0.256231
231.004000 79.276910 36.577152 0.000000 0.000000 0.000000 0.967365 -0.253386
231.068000 80.145341 37.004734 0.000000 0.000000 0.000000 0.967573 -0.252593
231.136000 80.911112 37.632485 0.000000 0.000000 0.000000 0.967242 -0.253855
231.200000 81.564805 38.353215 0.000000 0.000000 0.000000 0.966434 -0.256916
231.268000 82.491946 38.011991 0.000000 0.000000 0.000000 0.969340 -0.245725
231.332000 83.326292 38.503651 0.000000 0.000000 0.000000 0.968989 -0.247104
231.400000 84.318050 38.382798 0.000000 0.000000 0.000000 0.970953 -0.239271
231.464000 85.271868 38.162983 0.000000 0.000000 0.000000 0.973158 -0.230138
231.532000 86.265694 38.273855 0.000000 0.000000 0.000000 0.974367 -0.224965
231.596000 87.225843 38.298170 0.000000 0.000000 0.000000 0.975709 -0.219071
231.664000 88.113749 37.849957 0.000000 0.000000 0.000000 0.979011 -0.203808
231.728000 89.050326 37.710052 0.000000 0.000000 0.000000 0.980694 -0.195550
231.796000 89.927647 38.189350 0.000000 0.000000 0.000000 0.980300 -0.197515
231.860000 90.849665 37.807946 0.000000 0.000000 0.000000 0.982835 -0.184488
231.928000 91.714694 38.308953 0.000000 0.000000 0.000000 0.982261 -0.187519
231.992000 92.675133 38.074977 0.000000 0.000000 0.000000 0.984019 -0.178062
232.060000 93.614218 37.745212 0.000000 0.000000 0.000000 0.986046 -0.166472
232.124000 94.497675 37.279747 0.000000 0.000000 0.000000 0.988960 -0.148181
232.192000 95.160392 36.533068 0.000000 0.000000 0.000000 0.996166 -0.087483
232.256000 95.624916 35.671604 0.000000 0.000000 0.000000 0.999754 -0.022201
232.324000 95.940031 34.732941 0.000000 0.000000 0.000000 0.998643 0.052082
232.388000 96.939717 34.721873 0.000000 0.000000 0.000000 0.997048 0.076780
232.456000 97.939647 34.732112 0.000000 0.000000 0.000000 0.994696 0.102861
232.520000 98.933310 34.668594 0.000000 0.000000 0.000000 0.991878 0.127192
232.588000 99.918965 34.536564 0.000000 0.000000 0.000000 0.988323 0.152376
232.652000 100.888800 34.313170 0.000000 0.000000 0.000000 0.984429 0.175782
232.720000 101.860321 34.089089 0.000000 0.000000 0.000000 0.979762 0.200165
232.784000 100.891815 34.333613 0.000000 0.000000 0.000000 0.974840 0.222907
232.852000 101.824120 33.982372 0.000000 0.000000 0.000000 0.972203 0.234137
232.916000 102.679493 33.488063 0.000000 0.000000 0.000000 0.972125 0.234463
232.984000 103.559783 33.063471 0.000000 0.000000 0.000000 0.972120 0.234482
233.048000 104.497863 32.755001 0.000000 0.000000 0.000000 0.972388 0.233369
233.116000 105.433978 32.472778 0.000000 0.000000 0.000000 0.972666 0.232207
233.180000 106.358563 32.148681 0.000000 0.000000 0.000000 0.972885 0.231290
233.248000 107.247070 31.852670 0.000000 0.000000 0.000000 0.973056 0.230568
233.312000 108.147751 31.482849 0.000000 0.000000 0.000000 0.973127 0.230269
233.380000 109.033035 31.052901 0.000000 0.000000 0.000000 0.973181 0.230041
233.444000 109.963130 30.773530 0.000000 0.000000 0.000000 0.973405 0.229090
233.512000 110.912088 30.483365 0.000000 0.000000 0.000000 0.973667 0.227977
233.576000 111.875266 30.217443 0.000000 0.000000 0.000000 0.973904 0.226960
233.644000 112.819656 29.941201 0.000000 0.000000 0.000000 0.974215 0.225621
233.708000 113.761537 29.646241 0.000000 0.000000 0.000000 0.974460 0.224561
233.776000 114.715284 29.346374 0.000000 0.000000 0.000000 0.974709 0.223479
233.840000 115.662228 29.104884 0.000000 0.000000 0.000000 0.974995 0.222229
233.908000 116.555010 28.716983 0.000000 0.000000 0.000000 0.975148 0.221555
233.972000 117.508799 28.445792 0.000000 0.000000 0.000000 0.975435 0.220286
234.040000 118.460385 28.145656 0.000000 0.000000 0.000000 0.972119 0.234489
234.104000 119.363242 27.719943 0.000000 0.000000 0.000000 0.966356 0.257208
234.172000 120.284889 27.332291 0.000000 0.000000 0.000000 0.959691 0.281058
234.236000 121.156599 26.862694 0.000000 0.000000 0.000000 0.952837 0.303482
234.304000 120.658096 26.014143 0.000000 0.000000 0.000000 0.930202 0.367047
234.368000 121.450309 25.410277 0.000000 0.000000 0.000000 0.921117 0.389287
234.436000 122.220117 24.781653 0.000000 0.000000 0.000000 0.910742 0.412976
234.500000 122.929001 24.096448 0.000000 0.000000 0.000000 0.904788 0.425862
234.568000 123.482552 23.301869 0.000000 0.000000 0.000000 0.904686 0.426079
234.632000 124.039497 22.503334 0.000000 0.000000 0.000000 0.904572 0.426320
234.700000 124.585728 21.697515 0.000000 0.000000 0.000000 0.904381 0.426726
234.764000 125.126837 20.885369 0.000000 0.000000 0.000000 0.904167 0.427179
234.832000 125.700718 20.092420 0.000000 0.000000 0.000000 0.903971 0.427593
234.896000 126.286125 19.286649 0.000000 0.000000 0.000000 0.903820 0.427913
234.964000 126.902213 18.523436 0.000000 0.000000 0.000000 0.903866 0.427816
235.028000 127.595609 17.829668 0.000000 0.000000 0.000000 0.904067 0.427390
235.096000 128.224597 17.075172 0.000000 0.000000 0.000000 0.904017 0.427497
235.160000 128.846894 16.324618 0.000000 0.000000 0.000000 0.904088 0.427347
235.228000 129.451686 15.546527 0.000000 0.000000 0.000000 0.903997 0.427540
235.292000 130.067886 14.782242 0.000000 0.000000 0.000000 0.903980 0.427575
235.360000 130.701281 14.029021 0.000000 0.000000 0.000000 0.903922 0.427697
235.424000 131.217404 13.178598 0.000000 0.000000 0.000000 0.903545 0.428493
235.492000 131.892862 12.465099 0.000000 0.000000 0.000000 0.903882 0.427781
235.556000 132.541749 11.721095 0.000000 0.000000 0.000000 0.904132 0.427254
235.624000 133.091695 10.919127 0.000000 0.000000 0.000000 0.903676 0.428216
235.688000 133.658192 10.122222 0.000000 0.000000 0.000000 0.903642 0.428289
235.756000 134.260611 9.337063 0.000000 0.000000 0.000000 0.903555 0.428471
235.820000 134.849277 8.564396 0.000000 0.000000 0.000000 0.903316 0.428975
235.888000 135.387732 7.755029 0.000000 0.000000 0.000000 0.903065 0.429505
235.952000 135.889564 6.921942 0.000000 0.000000 0.000000 0.902664 0.430347
236.020000 136.459841 6.126272 0.000000 0.000000 0.000000 0.902511 0.430666
236.084000 137.009329 5.328180 0.000000 0.000000 0.000000 0.902326 0.431054
236.152000 137.493096 4.485965 0.000000 0.000000 0.000000 0.901930 0.431883
236.216000 137.923496 3.623280 0.000000 0.000000 0.000000 0.901368 0.433054
236.284000 138.410221 2.784747 0.000000 0.000000 0.000000 0.900960 0.433901
236.348000 139.096766 2.078790 0.000000 0.000000 0.000000 0.901306 0.433184
236.416000 139.552975 1.231621 0.000000 0.000000 0.000000 0.900673 0.434497
236.480000 140.046371 0.393210 0.000000 0.000000 0.000000 0.900128 0.435626
236.548000 140.507062 -0.461410 0.000000 0.000000 0.000000 0.899518 0.436884
236.612000 140.995454 -1.296380 0.000000 0.000000 0.000000 0.899129 0.437684
236.680000 141.523471 -2.113010 0.000000 0.000000 0.000000 0.898889 0.438176
236.744000 141.961827 -2.973429 0.000000 0.000000 0.000000 0.898273 0.439439
236.812000 142.435940 -3.819705 0.000000 0.000000 0.000000 0.897791 0.440422
236.876000 142.886066 -4.681334 0.000000 0.000000 0.000000 0.897236 0.441551
236.944000 143.432578 -5.491908 0.000000 0.000000 0.000000 0.896977 0.442077
237.008000 143.825712 -6.369007 0.000000 0.000000 0.000000 0.896295 0.443458
237.076000 144.266956 -7.234796 0.000000 0.000000 0.000000 0.895554 0.444953
237.140000 144.801440 -8.066396 0.000000 0.000000 0.000000 0.895177 0.445711
237.208000 145.214786 -8.936116 0.000000 0.000000 0.000000 0.894410 0.447247
237.272000 145.795881 -9.721004 0.000000 0.000000 0.000000 0.894493 0.447081
237.340000 146.214243 -10.597241 0.000000 0.000000 0.000000 0.893793 0.448481
237.404000 146.799304 -11.345814 0.000000 0.000000 0.000000 0.893778 0.448509
237.472000 147.366179 -12.146530 0.000000 0.000000 0.000000 0.893581 0.448902
237.536000 148.005890 -12.906100 0.000000 0.000000 0.000000 0.893838 0.448389
237.604000 148.660795 -13.647418 0.000000 0.000000 0.000000 0.894221 0.447626
237.668000 149.380193 -14.327897 0.000000 0.000000 0.000000 0.894978 0.446111
237.736000 150.108735 -14.996517 0.000000 0.000000 0.000000 0.895963 0.444129
237.800000 150.690260 -15.796556 0.000000 0.000000 0.000000 0.895813 0.444431
237.868000 151.317575 -16.553695 0.000000 0.000000 0.000000 0.896021 0.444013
237.932000 151.918822 -17.310470 0.000000 0.000000 0.000000 0.896078 0.443896
238.000000 152.480442 -18.104985 0.000000 0.000000 0.000000 0.896065 0.443923
238.064000 153.231913 -18.742552 0.000000 0.000000 0.000000 0.897252 0.441518
238.132000 153.724624 -19.587341 0.000000 0.000000 0.000000 0.896641 0.442759
238.196000 154.175699 -20.450049 0.000000 0.000000 0.000000 0.893363 0.449335
238.264000 154.871799 -21.166405 0.000000 0.000000 0.000000 0.882020 0.471212
238.328000 155.469945 -21.964036 0.000000 0.000000 0.000000 0.869718 0.493549
238.396000 155.985480 -22.819483 0.000000 0.000000 0.000000 0.855518 0.517774
238.460000 155.334628 -23.568558 0.000000 0.000000 0.000000 0.822747 0.568408
238.528000 155.694588 -24.495622 0.000000 0.000000 0.000000 0.806556 0.591158
238.592000 156.010641 -25.429969 0.000000 0.000000 0.000000 0.790888 0.611960
238.660000 155.168445 -25.902813 0.000000 0.000000 0.000000 0.745455 0.666555
238.724000 154.226558 -26.192144 0.000000 0.000000 0.000000 0.701714 0.712459
238.792000 154.275227 -27.186078 0.000000 0.000000 0.000000 0.682505 0.730881
238.856000 154.257797 -28.175478 0.000000 0.000000 0.000000 0.663729 0.747974
238.924000 154.191943 -29.158867 0.000000 0.000000 0.000000 0.644539 0.764572
238.988000 154.115024 -30.145108 0.000000 0.000000 0.000000 0.626109 0.779735
239.056000 154.209930 -29.150578 0.000000 0.000000 0.000000 0.606594 0.795012
239.120000 154.046022 -30.135718 0.000000 0.000000 0.000000 0.587807 0.809001
239.188000 153.068112 -29.929577 0.000000 0.000000 0.000000 0.538506 0.842622
239.252000 153.361744 -30.868303 0.000000 0.000000 0.000000 0.517568 0.855642
239.320000 152.894925 -31.741862 0.000000 0.000000 0.000000 0.517531 0.855665
239.384000 152.894925 -31.741862 0.000000 0.000000 0.000000 0.517531 0.855665
239.452000 153.193570 -32.670493 0.000000 0.000000 0.000000 0.517436 0.855722
239.516000 153.193570 -32.670493 0.000000 0.000000 0.000000 0.517436 0.855722
239.584000 154.005247 -33.251537 0.000000 0.000000 0.000000 0.523316 0.852139
239.648000 154.683957 -33.942707 0.000000 0.000000 0.000000 0.525801 0.850608
239.716000 154.224932 -34.814275 0.000000 0.000000 0.000000 0.525663 0.850693
239.780000 153.808429 -35.707287 0.000000 0.000000 0.000000 0.525880 0.850559
239.848000 154.438872 -36.470137 0.000000 0.000000 0.000000 0.528843 0.848720
239.912000 155.230154 -37.073492 0.000000 0.000000 0.000000 0.534692 0.845047
239.980000 154.953141 -37.951375 0.000000 0.000000 0.000000 0.534802 0.844977
240.044000 155.719262 -38.594010 0.000000 0.000000 0.000000 0.540523 0.841329
240.112000 155.186829 -37.764033 0.000000 0.000000 0.000000 0.530138 0.847911
240.176000 154.358208 -37.204492 0.000000 0.000000 0.000000 0.498760 0.866740
240.244000 153.517452 -36.682872 0.000000 0.000000 0.000000 0.461794 0.886987
240.308000 152.650236 -36.192891 0.000000 0.000000 0.000000 0.424100 0.905615
240.376000 151.830395 -35.623496 0.000000 0.000000 0.000000 0.371950 0.928253
240.440000 151.065034 -34.980591 0.000000 0.000000 0.000000 0.326954 0.945040
240.508000 150.426144 -34.230937 0.000000 0.000000 0.000000 0.274061 0.961712
240.572000 149.540575 -34.683316 0.000000 0.000000 0.000000 0.251397 0.967884
240.640000 149.014530 -33.835977 0.000000 0.000000 0.000000 0.204042 0.978962
240.704000 148.801863 -34.813098 0.000000 0.000000 0.000000 0.207125 0.978314
240.772000 148.117937 -34.099792 0.000000 0.000000 0.000000 0.200398 0.979715
240.836000 147.821476 -35.050927 0.000000 0.000000 0.000000 0.203244 0.979128
240.904000 146.902040 -35.415372 0.000000 0.000000 0.000000 0.203058 0.979167
240.968000 146.449193 -36.305301 0.000000 0.000000 0.000000 0.204944 0.978774
241.036000 147.227930 -35.678807 0.000000 0.000000 0.000000 0.205607 0.978635
241.100000 146.313400 -36.038424 0.000000 0.000000 0.000000 0.205607 0.978635
241.168000 145.389429 -36.395096 0.000000 0.000000 0.000000 0.205508 0.978655
241.232000 144.471942 -36.764115 0.000000 0.000000 0.000000 0.205367 0.978685
241.300000 145.249570 -36.137598 0.000000 0.000000 0.000000 0.206001 0.978552
241.364000 146.216986 -35.936398 0.000000 0.000000 0.000000 0.205387 0.978681
241.432000 145.322177 -36.314652 0.000000 0.000000 0.000000 0.205357 0.978687
241.496000 144.462696 -36.773317 0.000000 0.000000 0.000000 0.205632 0.978629
241.564000 143.983663 -37.650029 0.000000 0.000000 0.000000 0.208655 0.977989
241.628000 144.901422 -37.343957 0.000000 0.000000 0.000000 0.208604 0.978000
241.696000 144.151755 -37.998098 0.000000 0.000000 0.000000 0.209630 0.977781
241.760000 143.362340 -38.611301 0.000000 0.000000 0.000000 0.210142 0.977671
241.828000 142.519470 -39.140892 0.000000 0.000000 0.000000 0.210664 0.977558
241.892000 141.610187 -39.501531 0.000000 0.000000 0.000000 0.210668 0.977558
241.960000 140.666390 -39.608452 0.000000 0.000000 0.000000 0.209819 0.977740
242.024000 139.785973 -40.063591 0.000000 0.000000 0.000000 0.209948 0.977713
242.092000 138.849542 -40.398798 0.000000 0.000000 0.000000 0.210054 0.977690
242.156000 138.925547 -41.389516 0.000000 0.000000 0.000000 0.227336 0.973816
242.224000 139.237542 -42.328068 0.000000 0.000000 0.000000 0.268639 0.963241
242.288000 139.687436 -43.212910 0.000000 0.000000 0.000000 0.312613 0.949881
242.356000 140.140729 -44.103502 0.000000 0.000000 0.000000 0.359826 0.933020
242.420000 140.687125 -44.935980 0.000000 0.000000 0.000000 0.401516 0.915852
242.488000 141.344857 -45.688712 0.000000 0.000000 0.000000 0.447134 0.894467
242.552000 142.010222 -46.425215 0.000000 0.000000 0.000000 0.483808 0.875174
242.620000 141.513230 -47.269891 0.000000 0.000000 0.000000 0.490610 0.871379
242.684000 141.045622 -48.144129 0.000000 0.000000 0.000000 0.490699 0.871329
242.752000 140.503063 -48.962257 0.000000 0.000000 0.000000 0.490625 0.871371
242.816000 140.058025 -49.848115 0.000000 0.000000 0.000000 0.490668 0.871347
242.884000 139.605705 -50.716929 0.000000 0.000000 0.000000 0.490889 0.871222
242.948000 139.127344 -51.582513 0.000000 0.000000 0.000000 0.491116 0.871094
243.016000 138.619296 -52.423932 0.000000 0.000000 0.000000 0.491304 0.870988
243.080000 138.166616 -53.300841 0.000000 0.000000 0.000000 0.491310 0.870984
243.148000 137.627461 -54.114792 0.000000 0.000000 0.000000 0.491091 0.871108
243.212000 137.101079 -54.941369 0.000000 0.000000 0.000000 0.491098 0.871105
243.280000 136.592492 -55.776818 0.000000 0.000000 0.000000 0.491142 0.871080
243.344000 136.043978 -56.585812 0.000000 0.000000 0.000000 0.491142 0.871080
243.412000 135.550714 -57.432793 0.000000 0.000000 0.000000 0.491624 0.870808
243.476000 135.010258 -58.245696 0.000000 0.000000 0.000000 0.491290 0.870996
243.544000 134.495220 -59.088985 0.000000 0.000000 0.000000 0.491290 0.870996
243.608000 133.957519 -59.915474 0.000000 0.000000 0.000000 0.491121 0.871092
243.676000 133.470879 -60.761113 0.000000 0.000000 0.000000 0.491332 0.870972
243.740000 132.991466 -61.625158 0.000000 0.000000 0.000000 0.491676 0.870778
243.808000 132.456319 -62.438383 0.000000 0.000000 0.000000 0.491617 0.870812
243.872000 131.996818 -63.300965 0.000000 0.000000 0.000000 0.491574 0.870836
243.940000 131.517465 -64.152262 0.000000 0.000000 0.000000 0.491732 0.870747
244.004000 131.023807 -65.001185 0.000000 0.000000 0.000000 0.491789 0.870715
244.072000 130.611602 -65.877374 0.000000 0.000000 0.000000 0.491852 0.870679
244.136000 130.154692 -66.742065 0.000000 0.000000 0.000000 0.492061 0.870561
244.204000 129.842161 -67.647854 0.000000 0.000000 0.000000 0.492703 0.870197
244.268000 129.355258 -68.496955 0.000000 0.000000 0.000000 0.492536 0.870292
244.336000 128.931080 -69.392782 0.000000 0.000000 0.000000 0.492804 0.870140
244.400000 128.610449 -70.321744 0.000000 0.000000 0.000000 0.493257 0.869883
244.468000 128.133868 -71.195986 0.000000 0.000000 0.000000 0.493136 0.869952
244.532000 127.231093 -71.609856 0.000000 0.000000 0.000000 0.489701 0.871890
244.600000 126.415315 -72.159731 0.000000 0.000000 0.000000 0.487512 0.873116
244.664000 125.834512 -72.971370 0.000000 0.000000 0.000000 0.487303 0.873233
244.732000 125.369634 -73.846880 0.000000 0.000000 0.000000 0.487462 0.873144
244.796000 125.205882 -74.820503 0.000000 0.000000 0.000000 0.488682 0.872462
244.864000 124.681636 -75.662702 0.000000 0.000000 0.000000 0.488708 0.872448
244.928000 124.281050 -76.565784 0.000000 0.000000 0.000000 0.488744 0.872427
244.996000 123.864387 -77.463019 0.000000 0.000000 0.000000 0.488850 0.872368
245.060000 123.390727 -78.323437 0.000000 0.000000 0.000000 0.488879 0.872352
245.128000 122.392955 -78.388235 0.000000 0.000000 0.000000 0.474095 0.880474
245.192000 121.486193 -77.969606 0.000000 0.000000 0.000000 0.433629 0.901091
245.260000 120.610884 -77.491678 0.000000 0.000000 0.000000 0.386175 0.922426
245.324000 119.788255 -76.933565 0.000000 0.000000 0.000000 0.336975 0.941514
245.392000 119.144475 -77.663856 0.000000 0.000000 0.000000 0.312794 0.949821
245.456000 118.464578 -76.934021 0.000000 0.000000 0.000000 0.260984 0.965343
245.524000 117.629670 -77.459008 0.000000 0.000000 0.000000 0.253666 0.967292
245.588000 116.797020 -77.984031 0.000000 0.000000 0.000000 0.253446 0.967349
245.656000 115.974430 -78.509392 0.000000 0.000000 0.000000 0.253851 0.967243
245.720000 115.116627 -78.965110 0.000000 0.000000 0.000000 0.253738 0.967273
245.788000 114.300858 -79.488505 0.000000 0.000000 0.000000 0.253866 0.967239
245.852000 113.465531 -80.000972 0.000000 0.000000 0.000000 0.253911 0.967228
245.920000 112.658124 -80.556175 0.000000 0.000000 0.000000 0.254428 0.967092
245.984000 111.821973 -81.067594 0.000000 0.000000 0.000000 0.254421 0.967093
246.052000 111.007564 -81.598984 0.000000 0.000000 0.000000 0.254789 0.966997
246.116000 110.163789 -82.090655 0.000000 0.000000 0.000000 0.254843 0.966983
246.184000 109.322638 -82.574288 0.000000 0.000000 0.000000 0.254882 0.966972
246.248000 108.483640 -83.080618 0.000000 0.000000 0.000000 0.254895 0.966969
246.316000 107.609890 -83.532512 0.000000 0.000000 0.000000 0.254616 0.967042
246.380000 106.735021 -83.984914 0.000000 0.000000 0.000000 0.254616 0.967042
246.448000 105.926470 -84.523196 0.000000 0.000000 0.000000 0.255018 0.966936
246.512000 105.048996 -84.959754 0.000000 0.000000 0.000000 0.255018 0.966936
246.580000 104.222599 -85.475318 0.000000 0.000000 0.000000 0.255018 0.966936
246.644000 103.366827 -85.944817 0.000000 0.000000 0.000000 0.254855 0.966979
246.712000 102.533929 -86.466659 0.000000 0.000000 0.000000 0.254799 0.966994
246.776000 101.708196 -86.993419 0.000000 0.000000 0.000000 0.254803 0.966993
246.844000 100.865180 -87.481625 0.000000 0.000000 0.000000 0.254803 0.966993
246.908000 100.118298 -88.088554 0.000000 0.000000 0.000000 0.255377 0.966842
246.976000 99.267778 -88.560573 0.000000 0.000000 0.000000 0.255354 0.966848
247.040000 98.431475 -89.058104 0.000000 0.000000 0.000000 0.255568 0.966791
247.108000 97.552176 -89.491481 0.000000 0.000000 0.000000 0.255568 0.966791
247.172000 97.645702 -90.480126 0.000000 0.000000 0.000000 0.266066 0.963955
247.240000 96.855076 -91.072982 0.000000 0.000000 0.000000 0.266532 0.963826
247.304000 96.058465 -91.660488 0.000000 0.000000 0.000000 0.266934 0.963715
247.372000 96.360736 -92.605102 0.000000 0.000000 0.000000 0.280991 0.959710
247.436000 96.468647 -93.598472 0.000000 0.000000 0.000000 0.292004 0.956417
247.504000 96.536861 -94.590694 0.000000 0.000000 0.000000 0.299987 0.953943
247.568000 95.746943 -95.168392 0.000000 0.000000 0.000000 0.300208 0.953874
247.636000 94.896712 -95.655897 0.000000 0.000000 0.000000 0.299945 0.953956
247.700000 94.116683 -96.271660 0.000000 0.000000 0.000000 0.300172 0.953885
247.768000 93.254140 -96.749580 0.000000 0.000000 0.000000 0.299847 0.953987
247.832000 92.503222 -97.371755 0.000000 0.000000 0.000000 0.300279 0.953851
247.900000 91.713677 -97.944061 0.000000 0.000000 0.000000 0.300401 0.953813
247.964000 90.911056 -98.522505 0.000000 0.000000 0.000000 0.300607 0.953748
248.032000 90.132575 -99.149464 0.000000 0.000000 0.000000 0.300659 0.953732
248.096000 89.359370 -99.780749 0.000000 0.000000 0.000000 0.301213 0.953557
248.164000 88.600451 -100.379764 0.000000 0.000000 0.000000 0.301567 0.953445
248.228000 87.747280 -100.878021 0.000000 0.000000 0.000000 0.301566 0.953445
248.296000 86.863510 -101.291519 0.000000 0.000000 0.000000 0.301086 0.953597
248.360000 86.052051 -101.861141 0.000000 0.000000 0.000000 0.300887 0.953660
248.428000 85.229552 -102.429826 0.000000 0.000000 0.000000 0.300649 0.953735
248.492000 84.314995 -102.821415 0.000000 0.000000 0.000000 0.299795 0.954004
248.560000 83.561148 -103.460120 0.000000 0.000000 0.000000 0.300082 0.953913
248.624000 82.636384 -103.836193 0.000000 0.000000 0.000000 0.299383 0.954133
248.692000 81.927366 -104.532047 0.000000 0.000000 0.000000 0.299506 0.954094
248.756000 81.142506 -105.112976 0.000000 0.000000 0.000000 0.299492 0.954099
248.824000 80.347430 -105.719197 0.000000 0.000000 0.000000 0.310919 0.950437
248.888000 79.591868 -106.340447 0.000000 0.000000 0.000000 0.332475 0.943112
248.956000 78.847724 -107.000640 0.000000 0.000000 0.000000 0.356369 0.934345
249.020000 78.140504 -107.701118 0.000000 0.000000 0.000000 0.378874 0.925448
249.088000 77.459408 -108.408724 0.000000 0.000000 0.000000 0.402483 0.915428
249.152000 76.730209 -109.066301 0.000000 0.000000 0.000000 0.420471 0.907306
249.220000 76.160207 -109.859955 0.000000 0.000000 0.000000 0.420728 0.907187
249.284000 75.647788 -110.703043 0.000000 0.000000 0.000000 0.420972 0.907073
249.352000 75.125219 -111.528164 0.000000 0.000000 0.000000 0.421578 0.906792
249.416000 74.647049 -112.368839 0.000000 0.000000 0.000000 0.422023 0.906585
249.484000 74.213869 -113.245485 0.000000 0.000000 0.000000 0.422669 0.906284
249.548000 73.751350 -114.090776 0.000000 0.000000 0.000000 0.423103 0.906081
249.616000 73.334826 -114.965275 0.000000 0.000000 0.000000 0.423795 0.905758
249.680000 72.821602 -115.800926 0.000000 0.000000 0.000000 0.424325 0.905510
249.748000 72.253993 -116.602801 0.000000 0.000000 0.000000 0.424829 0.905273
249.812000 72.769578 -115.767966 0.000000 0.000000 0.000000 0.425339 0.905034
249.880000 72.293019 -116.625771 0.000000 0.000000 0.000000 0.425777 0.904828
249.944000 71.762400 -117.446749 0.000000 0.000000 0.000000 0.426280 0.904591
250.012000 71.436420 -118.360689 0.000000 0.000000 0.000000 0.427070 0.904219
250.076000 70.981965 -119.226326 0.000000 0.000000 0.000000 0.427657 0.903941
250.144000 70.503239 -120.099912 0.000000 0.000000 0.000000 0.428466 0.903558
250.208000 69.945750 -120.901721 0.000000 0.000000 0.000000 0.428976 0.903316
250.276000 69.309997 -121.657210 0.000000 0.000000 0.000000 0.429171 0.903223
250.340000 68.800798 -122.506595 0.000000 0.000000 0.000000 0.429791 0.902929
250.408000 68.536895 -123.446493 0.000000 0.000000 0.000000 0.431402 0.902160
250.472000 68.011714 -124.255160 0.000000 0.000000 0.000000 0.431546 0.902091
250.540000 67.549006 -125.117463 0.000000 0.000000 0.000000 0.432122 0.901815
250.604000 67.048055 -125.969296 0.000000 0.000000 0.000000 0.432434 0.901666
250.672000 66.492966 -126.777417 0.000000 0.000000 0.000000 0.432582 0.901595
250.736000 65.872618 -127.546748 0.000000 0.000000 0.000000 0.432650 0.901562
250.804000 65.385310 -128.413109 0.000000 0.000000 0.000000 0.432967 0.901410
250.868000 64.913302 -129.266784 0.000000 0.000000 0.000000 0.433414 0.901195
250.936000 64.704841 -130.217146 0.000000 0.000000 0.000000 0.435165 0.900351
251.000000 65.074778 -129.288640 0.000000 0.000000 0.000000 0.436103 0.899897
251.068000 64.482088 -130.063517 0.000000 0.000000 0.000000 0.435902 0.899994
251.132000 65.235056 -129.405510 0.000000 0.000000 0.000000 0.435376 0.900249
251.200000 65.897642 -130.139006 0.000000 0.000000 0.000000 0.465986 0.884792
251.264000 66.643609 -130.804953 0.000000 0.000000 0.000000 0.507112 0.861880
251.332000 66.210418 -131.702444 0.000000 0.000000 0.000000 0.529236 0.848475
251.396000 67.000782 -132.284822 0.000000 0.000000 0.000000 0.564805 0.825224
251.464000 67.833617 -132.700945 0.000000 0.000000 0.000000 0.604284 0.796769
251.528000 68.772331 -133.045582 0.000000 0.000000 0.000000 0.642397 0.766372
251.596000 69.716126 -133.266852 0.000000 0.000000 0.000000 0.682762 0.730641
251.660000 70.700926 -133.434331 0.000000 0.000000 0.000000 0.717060 0.697012
251.728000 71.658738 -133.506098 0.000000 0.000000 0.000000 0.750227 0.661180
251.792000 72.658495 -133.500238 0.000000 0.000000 0.000000 0.781689 0.623668
251.860000 73.656445 -133.450809 0.000000 0.000000 0.000000 0.810211 0.586138
251.924000 74.651918 -133.356103 0.000000 0.000000 0.000000 0.829355 0.558722
251.992000 75.074510 -134.237961 0.000000 0.000000 0.000000 0.829597 0.558362
252.056000 74.978259 -135.211909 0.000000 0.000000 0.000000 0.828206 0.560423
252.124000 74.310083 -134.469089 0.000000 0.000000 0.000000 0.828845 0.559479
252.188000 74.518286 -135.425557 0.000000 0.000000 0.000000 0.828229 0.560390
252.256000 74.870680 -136.346569 0.000000 0.000000 0.000000 0.828285 0.560307
252.320000 74.264039 -135.555386 0.000000 0.000000 0.000000 0.828968 0.559295
252.388000 74.818793 -136.381318 0.000000 0.000000 0.000000 0.829545 0.558440
252.452000 74.154230 -135.636154 0.000000 0.000000 0.000000 0.830343 0.557253
252.520000 74.788743 -136.408929 0.000000 0.000000 0.000000 0.831044 0.556207
252.584000 74.924870 -137.376227 0.000000 0.000000 0.000000 0.830362 0.557224
252.652000 75.381474 -138.245545 0.000000 0.000000 0.000000 0.830678 0.556753
252.716000 75.694737 -139.165725 0.000000 0.000000 0.000000 0.830669 0.556766
252.784000 76.058581 -140.085961 0.000000 0.000000 0.000000 0.830632 0.556821
252.848000 76.425359 -140.996774 0.000000 0.000000 0.000000 0.830568 0.556917
252.916000 76.809486 -141.901940 0.000000 0.000000 0.000000 0.830522 0.556986
252.980000 77.154338 -142.836232 0.000000 0.000000 0.000000 0.830525 0.556982
253.048000 77.502734 -143.751098 0.000000 0.000000 0.000000 0.830342 0.557254
253.112000 77.859700 -144.662741 0.000000 0.000000 0.000000 0.830319 0.557288
253.180000 77.192017 -143.925137 0.000000 0.000000 0.000000 0.830970 0.556317
253.244000 77.878620 -144.648502 0.000000 0.000000 0.000000 0.831595 0.555383
253.312000 78.543892 -145.390172 0.000000 0.000000 0.000000 0.832441 0.554113
253.376000 78.926981 -146.299057 0.000000 0.000000 0.000000 0.832432 0.554127
253.444000 79.332781 -147.191007 0.000000 0.000000 0.000000 0.832604 0.553869
253.508000 79.693793 -148.102936 0.000000 0.000000 0.000000 0.832567 0.553925
253.576000 80.074743 -149.000224 0.000000 0.000000 0.000000 0.832771 0.553618
253.640000 80.457200 -149.891514 0.000000 0.000000 0.000000 0.832794 0.553583
253.708000 80.786984 -150.807333 0.000000 0.000000 0.000000 0.832635 0.553823
253.772000 81.130620 -151.706134 0.000000 0.000000 0.000000 0.832506 0.554017
253.840000 81.485858 -152.633518 0.000000 0.000000 0.000000 0.832280 0.554356
253.904000 81.159844 -153.496379 0.000000 0.000000 0.000000 0.829780 0.558090
253.972000 81.524252 -154.391059 0.000000 0.000000 0.000000 0.829955 0.557831
254.036000 81.866773 -155.298566 0.000000 0.000000 0.000000 0.829899 0.557913
254.104000 82.208912 -156.213656 0.000000 0.000000 0.000000 0.829786 0.558081
254.168000 82.530758 -157.138146 0.000000 0.000000 0.000000 0.829493 0.558517
254.236000 82.896623 -158.045873 0.000000 0.000000 0.000000 0.829626 0.558319
254.300000 83.250157 -158.941810 0.000000 0.000000 0.000000 0.829640 0.558299
254.368000 83.590970 -159.853851 0.000000 0.000000 0.000000 0.829554 0.558426
254.432000 83.960319 -160.777209 0.000000 0.000000 0.000000 0.829439 0.558597
254.500000 84.282402 -161.702179 0.000000 0.000000 0.000000 0.829349 0.558730
254.564000 84.655836 -162.598282 0.000000 0.000000 0.000000 0.829418 0.558628
254.632000 85.014204 -163.508119 0.000000 0.000000 0.000000 0.829427 0.558614
254.696000 85.375941 -164.407368 0.000000 0.000000 0.000000 0.829532 0.558459
254.764000 85.750992 -165.304199 0.000000 0.000000 0.000000 0.829770 0.558106
254.828000 86.112851 -166.209692 0.000000 0.000000 0.000000 0.829738 0.558153
254.896000 86.484616 -167.117026 0.000000 0.000000 0.000000 0.829700 0.558209
254.960000 86.793416 -168.030117 0.000000 0.000000 0.000000 0.829606 0.558350
255.028000 87.143164 -168.941644 0.000000 0.000000 0.000000 0.829528 0.558466
255.092000 87.473395 -169.861333 0.000000 0.000000 0.000000 0.829328 0.558762
255.160000 87.823301 -170.773120 0.000000 0.000000 0.000000 0.829162 0.559008
255.224000 88.141199 -171.698573 0.000000 0.000000 0.000000 0.828889 0.559413
255.292000 88.500223 -172.606024 0.000000 0.000000 0.000000 0.828962 0.559305
255.356000 88.896219 -173.499704 0.000000 0.000000 0.000000 0.829282 0.558830
255.424000 89.253311 -174.395304 0.000000 0.000000 0.000000 0.829321 0.558772
255.488000 89.601264 -175.307321 0.000000 0.000000 0.000000 0.829356 0.558720
255.556000 89.909945 -176.229456 0.000000 0.000000 0.000000 0.829003 0.559244
255.620000 90.281924 -177.130594 0.000000 0.000000 0.000000 0.829086 0.559121
255.688000 90.638626 -178.040419 0.000000 0.000000 0.000000 0.829150 0.559026
255.752000 91.038963 -178.938949 0.000000 0.000000 0.000000 0.828481 0.560017
255.820000 91.554159 -179.789873 0.000000 0.000000 0.000000 0.814904 0.579595
255.884000 90.679234 -180.268798 0.000000 0.000000 0.000000 0.780597 0.625034
255.952000 89.767397 -180.666883 0.000000 0.000000 0.000000 0.744230 0.667924
256.016000 88.804333 -180.924376 0.000000 0.000000 0.000000 0.703585 0.710611
256.084000 87.818169 -181.078403 0.000000 0.000000 0.000000 0.658484 0.752595
256.148000 86.820951 -181.048037 0.000000 0.000000 0.000000 0.617274 0.786748
256.216000 85.843089 -180.958556 0.000000 0.000000 0.000000 0.566309 0.824193
256.280000 84.860674 -181.070977 0.000000 0.000000 0.000000 0.553206 0.833044
256.348000 83.904555 -181.351377 0.000000 0.000000 0.000000 0.545443 0.838148
256.412000 82.941487 -181.479004 0.000000 0.000000 0.000000 0.536041 0.844192
256.480000 81.949542 -181.583882 0.000000 0.000000 0.000000 0.526638 0.850090
256.544000 81.385766 -182.380942 0.000000 0.000000 0.000000 0.525539 0.850769
256.612000 81.002180 -183.280664 0.000000 0.000000 0.000000 0.526071 0.850440
256.676000 80.649765 -184.193002 0.000000 0.000000 0.000000 0.526682 0.850063
256.744000 80.016177 -184.961497 0.000000 0.000000 0.000000 0.525241 0.850953
256.808000 79.039156 -184.902951 0.000000 0.000000 0.000000 0.511997 0.858987
256.876000 78.406753 -185.675623 0.000000 0.000000 0.000000 0.511674 0.859180
256.940000 77.422100 -185.654532 0.000000 0.000000 0.000000 0.499029 0.866585
257.008000 76.569312 -186.149466 0.000000 0.000000 0.000000 0.495336 0.868702
257.072000 77.154126 -185.367400 0.000000 0.000000 0.000000 0.494881 0.868961
257.140000 76.351104 -185.938205 0.000000 0.000000 0.000000 0.493947 0.869492
257.204000 75.369549 -186.054734 0.000000 0.000000 0.000000 0.488156 0.872756
257.272000 75.810199 -185.181784 0.000000 0.000000 0.000000 0.488567 0.872527
257.336000 74.830119 -185.176747 0.000000 0.000000 0.000000 0.477969 0.878377
257.404000 74.045167 -185.777654 0.000000 0.000000 0.000000 0.475649 0.879635
257.468000 73.061313 -185.694118 0.000000 0.000000 0.000000 0.463089 0.886312
257.536000 72.580799 -186.563960 0.000000 0.000000 0.000000 0.463519 0.886087
257.600000 73.289365 -187.267943 0.000000 0.000000 0.000000 0.470282 0.882516
257.668000 72.831678 -188.132685 0.000000 0.000000 0.000000 0.470560 0.882368
257.732000 72.213977 -188.905602 0.000000 0.000000 0.000000 0.470055 0.882637
257.800000 71.669034 -189.727125 0.000000 0.000000 0.000000 0.470335 0.882488
257.864000 70.700258 -189.921959 0.000000 0.000000 0.000000 0.463921 0.885877
257.932000 69.746122 -190.118810 0.000000 0.000000 0.000000 0.459185 0.888341
257.996000 69.140564 -190.888960 0.000000 0.000000 0.000000 0.458980 0.888447
258.064000 68.442206 -191.571001 0.000000 0.000000 0.000000 0.458356 0.888769
258.128000 67.893373 -192.402036 0.000000 0.000000 0.000000 0.458757 0.888562
258.196000 66.897504 -192.382458 0.000000 0.000000 0.000000 0.451974 0.892031
258.260000 65.921338 -192.585644 0.000000 0.000000 0.000000 0.448385 0.893841
258.328000 65.452439 -193.448022 0.000000 0.000000 0.000000 0.449287 0.893388
258.392000 64.942374 -194.281656 0.000000 0.000000 0.000000 0.450011 0.893023
258.460000 64.414734 -195.102827 0.000000 0.000000 0.000000 0.450644 0.892704
258.524000 63.834932 -195.899861 0.000000 0.000000 0.000000 0.450471 0.892791
258.592000 63.346902 -196.727993 0.000000 0.000000 0.000000 0.450941 0.892554
258.656000 62.778821 -197.522988 0.000000 0.000000 0.000000 0.451155 0.892446
258.724000 62.313543 -198.389264 0.000000 0.000000 0.000000 0.451887 0.892075
258.788000 61.835999 -199.239384 0.000000 0.000000 0.000000 0.452453 0.891788
258.856000 61.297106 -200.061057 0.000000 0.000000 0.000000 0.438662 0.898652
258.920000 60.414530 -199.590933 0.000000 0.000000 0.000000 0.387094 0.922040
258.988000 59.729419 -200.317884 0.000000 0.000000 0.000000 0.363620 0.931547
259.052000 59.013905 -201.016352 0.000000 0.000000 0.000000 0.341325 0.939946
259.120000 58.291918 -200.325563 0.000000 0.000000 0.000000 0.289675 0.957125
259.184000 57.478662 -200.907250 0.000000 0.000000 0.000000 0.266157 0.963930
259.252000 56.909419 -200.096581 0.000000 0.000000 0.000000 0.217667 0.976023
259.316000 56.388826 -199.244872 0.000000 0.000000 0.000000 0.167905 0.985803
259.384000 55.933135 -198.381550 0.000000 0.000000 0.000000 0.120622 0.992699
259.448000 55.528911 -197.466901 0.000000 0.000000 0.000000 0.070746 0.997494
259.516000 55.202110 -196.527098 0.000000 0.000000 0.000000 0.021979 0.999758
259.580000 54.202969 -196.553154 0.000000 0.000000 0.000000 -0.002416 0.999997
259.648000 54.135620 -195.577104 0.000000 0.000000 0.000000 -0.060810 0.998149
259.712000 54.157163 -194.586014 0.000000 0.000000 0.000000 -0.112729 0.993626
259.780000 53.174745 -194.410036 0.000000 0.000000 0.000000 -0.137843 0.990454
259.844000 53.371173 -193.469085 0.000000 0.000000 0.000000 -0.189449 0.981890
259.912000 52.445411 -193.098605 0.000000 0.000000 0.000000 -0.214919 0.976632
259.976000 52.687353 -192.160091 0.000000 0.000000 0.000000 -0.262322 0.964980
260.044000 53.036423 -191.243247 0.000000 0.000000 0.000000 -0.313271 0.949664
260.108000 53.557983 -190.424293 0.000000 0.000000 0.000000 -0.360972 0.932577
260.176000 52.776430 -189.819355 0.000000 0.000000 0.000000 -0.374166 0.927362
260.240000 52.150733 -189.065084 0.000000 0.000000 0.000000 -0.375065 0.926999
260.308000 51.496515 -188.325874 0.000000 0.000000 0.000000 -0.375631 0.926769
260.372000 50.847598 -187.594451 0.000000 0.000000 0.000000 -0.376153 0.926558
260.440000 50.119898 -186.924631 0.000000 0.000000 0.000000 -0.376266 0.926512
260.504000 49.462983 -186.194204 0.000000 0.000000 0.000000 -0.376486 0.926422
260.572000 48.777156 -185.486687 0.000000 0.000000 0.000000 -0.376964 0.926228
260.636000 48.024046 -184.838599 0.000000 0.000000 0.000000 -0.376837 0.926280
260.704000 47.320725 -184.147178 0.000000 0.000000 0.000000 -0.377463 0.926025
260.768000 46.587068 -183.484412 0.000000 0.000000 0.000000 -0.377362 0.926066
260.836000 45.838790 -182.864305 0.000000 0.000000 0.000000 -0.376739 0.926319
260.900000 45.126316 -182.183595 0.000000 0.000000 0.000000 -0.376819 0.926287
260.968000 44.523754 -181.409076 0.000000 0.000000 0.000000 -0.377759 0.925904
261.032000 43.774759 -180.778588 0.000000 0.000000 0.000000 -0.377947 0.925827
261.100000 43.132530 -180.039137 0.000000 0.000000 0.000000 -0.377924 0.925836
261.164000 42.391537 -179.401522 0.000000 0.000000 0.000000 -0.377391 0.926054
261.232000 41.656523 -178.747284 0.000000 0.000000 0.000000 -0.377392 0.926054
261.296000 41.012757 -178.012590 0.000000 0.000000 0.000000 -0.377967 0.925819
261.364000 40.201073 -177.450042 0.000000 0.000000 0.000000 -0.377436 0.926036
261.428000 39.292307 -177.133999 0.000000 0.000000 0.000000 -0.375504 0.926821
261.496000 38.605878 -176.415288 0.000000 0.000000 0.000000 -0.395747 0.918359
261.560000 39.218065 -175.640925 0.000000 0.000000 0.000000 -0.440303 0.897849
261.628000 38.606761 -174.858125 0.000000 0.000000 0.000000 -0.461878 0.886943
261.692000 39.319790 -174.161730 0.000000 0.000000 0.000000 -0.503215 0.864161
261.760000 40.123536 -173.570934 0.000000 0.000000 0.000000 -0.546588 0.837401
261.824000 40.939442 -172.996838 0.000000 0.000000 0.000000 -0.586423 0.810005
261.892000 41.828918 -172.557667 0.000000 0.000000 0.000000 -0.627997 0.778216
261.956000 42.772517 -172.228359 0.000000 0.000000 0.000000 -0.665540 0.746362
262.024000 42.076527 -171.531641 0.000000 0.000000 0.000000 -0.665078 0.746774
262.088000 41.746106 -170.612698 0.000000 0.000000 0.000000 -0.664085 0.747657
262.156000 41.788798 -169.617509 0.000000 0.000000 0.000000 -0.664518 0.747272
262.220000 42.605615 -169.043201 0.000000 0.000000 0.000000 -0.671586 0.740926
262.288000 42.582538 -168.069478 0.000000 0.000000 0.000000 -0.671928 0.740617
262.352000 43.120822 -167.247594 0.000000 0.000000 0.000000 -0.675131 0.737697
262.420000 42.774383 -166.342031 0.000000 0.000000 0.000000 -0.674045 0.738690
262.484000 43.436911 -165.607897 0.000000 0.000000 0.000000 -0.678511 0.734590
262.552000 44.036769 -164.813926 0.000000 0.000000 0.000000 -0.682014 0.731339
262.616000 43.641944 -163.928753 0.000000 0.000000 0.000000 -0.680825 0.732446
262.684000 43.574741 -162.946416 0.000000 0.000000 0.000000 -0.680830 0.732442
262.748000 43.489765 -161.969038 0.000000 0.000000 0.000000 -0.680899 0.732377
262.816000 43.232812 -161.048608 0.000000 0.000000 0.000000 -0.679985 0.733226
262.880000 42.995301 -160.127075 0.000000 0.000000 0.000000 -0.679441 0.733730
262.948000 42.714476 -159.212978 0.000000 0.000000 0.000000 -0.678580 0.734526
263.012000 42.320694 -158.335608 0.000000 0.000000 0.000000 -0.677505 0.735518
263.080000 43.239569 -157.941346 0.000000 0.000000 0.000000 -0.700023 0.714120
263.144000 44.221560 -157.760226 0.000000 0.000000 0.000000 0.731456 -0.681889
263.212000 44.325816 -158.753765 0.000000 0.000000 0.000000 0.748826 -0.662767
263.276000 45.311346 -158.755379 0.000000 0.000000 0.000000 0.777682 -0.628657
263.344000 46.282757 -158.840998 0.000000 0.000000 0.000000 0.811445 -0.584429
263.408000 47.282582 -158.836134 0.000000 0.000000 0.000000 0.820700 -0.571359
263.476000 47.724196 -157.993967 0.000000 0.000000 0.000000 0.820955 -0.570993
263.540000 47.096642 -158.680510 0.000000 0.000000 0.000000 0.821846 -0.569709
263.608000 47.420030 -157.780699 0.000000 0.000000 0.000000 0.821686 -0.569941
263.672000 47.703593 -156.892948 0.000000 0.000000 0.000000 0.821575 -0.570101
263.740000 47.970655 -155.977810 0.000000 0.000000 0.000000 0.821152 -0.570710
263.804000 48.237436 -155.014216 0.000000 0.000000 0.000000 0.820903 -0.571067
263.872000 48.512055 -154.073919 0.000000 0.000000 0.000000 0.820739 -0.571303
263.936000 48.098839 -153.187225 0.000000 0.000000 0.000000 0.818499 -0.574507
264.004000 47.374073 -152.544204 0.000000 0.000000 0.000000 0.813064 -0.582175
264.068000 47.616725 -151.583274 0.000000 0.000000 0.000000 0.812710 -0.582668
264.136000 47.775867 -150.624944 0.000000 0.000000 0.000000 0.812305 -0.583233
264.200000 47.989013 -149.661064 0.000000 0.000000 0.000000 0.812003 -0.583654
264.268000 48.246058 -148.715981 0.000000 0.000000 0.000000 0.811818 -0.583910
264.332000 48.491998 -147.784138 0.000000 0.000000 0.000000 0.811522 -0.584321
264.400000 49.112253 -147.006317 0.000000 0.000000 0.000000 0.813105 -0.582118
264.464000 49.354132 -146.109188 0.000000 0.000000 0.000000 0.812802 -0.582541
264.532000 49.618431 -145.158883 0.000000 0.000000 0.000000 0.812570 -0.582863
264.596000 50.274929 -144.444429 0.000000 0.000000 0.000000 0.814399 -0.580306
264.664000 50.510523 -143.511635 0.000000 0.000000 0.000000 0.813946 -0.580940
264.728000 50.788852 -142.557371 0.000000 0.000000 0.000000 0.813946 -0.580940
264.796000 51.020628 -141.587366 0.000000 0.000000 0.000000 0.813581 -0.581452
264.860000 51.264945 -140.627622 0.000000 0.000000 0.000000 0.813190 -0.581998
264.928000 50.835084 -139.750715 0.000000 0.000000 0.000000 0.808795 -0.588091
264.992000 51.115614 -138.810778 0.000000 0.000000 0.000000 0.808615 -0.588339
265.060000 51.227594 -137.827139 0.000000 0.000000 0.000000 0.808127 -0.589008
265.124000 50.524831 -137.148775 0.000000 0.000000 0.000000 0.803504 -0.595299
265.192000 50.732398 -136.183256 0.000000 0.000000 0.000000 0.803004 -0.595974
265.256000 50.910336 -135.213995 0.000000 0.000000 0.000000 0.802514 -0.596633
265.324000 51.067215 -134.251452 0.000000 0.000000 0.000000 0.802138 -0.597139
265.388000 50.602295 -133.379592 0.000000 0.000000 0.000000 0.798805 -0.601591
265.456000 50.856404 -132.433693 0.000000 0.000000 0.000000 0.798675 -0.601763
265.520000 51.032707 -131.456568 0.000000 0.000000 0.000000 0.798456 -0.602053
265.588000 51.175867 -130.501533 0.000000 0.000000 0.000000 0.797687 -0.603071
265.652000 51.325291 -129.524566 0.000000 0.000000 0.000000 0.797016 -0.603958
265.720000 51.464308 -128.548959 0.000000 0.000000 0.000000 0.796499 -0.604639
265.784000 51.576672 -127.587396 0.000000 0.000000 0.000000 0.795818 -0.605535
265.852000 51.700812 -126.615439 0.000000 0.000000 0.000000 0.794954 -0.606670
265.916000 51.824123 -125.669959 0.000000 0.000000 0.000000 0.794166 -0.607701
265.984000 51.755615 -124.675054 0.000000 0.000000 0.000000 0.792872 -0.609388
266.048000 51.876113 -123.683958 0.000000 0.000000 0.000000 0.792059 -0.610444
266.116000 52.071883 -122.706407 0.000000 0.000000 0.000000 0.791820 -0.610755
266.180000 52.221884 -123.681255 0.000000 0.000000 0.000000 0.790973 -0.611851
266.248000 52.337419 -122.729265 0.000000 0.000000 0.000000 0.789868 -0.613276
266.312000 52.413329 -121.773923 0.000000 0.000000 0.000000 0.788596 -0.614911
266.380000 52.574331 -120.822106 0.000000 0.000000 0.000000 0.787916 -0.615783
266.444000 52.080711 -119.994803 0.000000 0.000000 0.000000 0.784544 -0.620073
266.512000 51.514660 -119.187997 0.000000 0.000000 0.000000 0.780927 -0.624622
266.576000 50.745842 -118.551549 0.000000 0.000000 0.000000 0.776474 -0.630149
266.644000 50.913033 -117.588587 0.000000 0.000000 0.000000 0.776327 -0.630331
266.708000 51.040909 -116.607225 0.000000 0.000000 0.000000 0.775848 -0.630919
266.776000 50.223832 -116.068138 0.000000 0.000000 0.000000 0.762144 -0.647407
266.840000 49.575219 -115.328314 0.000000 0.000000 0.000000 0.757718 -0.652582
266.908000 48.643667 -114.995377 0.000000 0.000000 0.000000 0.723880 -0.689926
266.972000 47.654343 -114.858303 0.000000 0.000000 0.000000 -0.681880 0.731464
267.040000 46.668856 -114.820075 0.000000 0.000000 0.000000 -0.635739 0.771904
267.104000 45.686967 -114.930844 0.000000 0.000000 0.000000 -0.591463 0.806332
267.172000 44.782535 -115.123258 0.000000 0.000000 0.000000 -0.541863 0.840467
267.236000 43.816564 -115.380709 0.000000 0.000000 0.000000 -0.509530 0.860453
267.304000 43.508127 -114.442610 0.000000 0.000000 0.000000 -0.510003 0.860173
267.368000 43.098859 -113.555726 0.000000 0.000000 0.000000 -0.510367 0.859957
267.436000 42.569330 -112.727677 0.000000 0.000000 0.000000 -0.510428 0.859921
267.500000 42.088808 -111.873791 0.000000 0.000000 0.000000 -0.510476 0.859892
267.568000 41.782425 -110.939745 0.000000 0.000000 0.000000 -0.510803 0.859698
267.632000 41.351980 -110.068427 0.000000 0.000000 0.000000 -0.511131 0.859503
267.700000 41.065770 -109.137005 0.000000 0.000000 0.000000 -0.511545 0.859256
267.764000 40.598270 -108.266676 0.000000 0.000000 0.000000 -0.511580 0.859236
267.832000 40.145829 -107.392258 0.000000 0.000000 0.000000 -0.511646 0.859196
267.896000 39.845119 -106.462618 0.000000 0.000000 0.000000 -0.512201 0.858865
267.964000 39.397839 -105.587958 0.000000 0.000000 0.000000 -0.512246 0.858839
268.028000 38.997876 -104.688160 0.000000 0.000000 0.000000 -0.512597 0.858629
268.096000 38.616569 -103.775931 0.000000 0.000000 0.000000 -0.512956 0.858415
268.160000 38.182416 -102.900904 0.000000 0.000000 0.000000 -0.512702 0.858567
268.228000 37.733732 -102.029694 0.000000 0.000000 0.000000 -0.512707 0.858564
268.292000 36.837020 -101.597760 0.000000 0.000000 0.000000 -0.509119 0.860696
268.360000 36.341855 -100.743028 0.000000 0.000000 0.000000 -0.508832 0.860866
268.424000 35.961358 -99.836500 0.000000 0.000000 0.000000 -0.509305 0.860586
268.492000 35.514487 -98.956601 0.000000 0.000000 0.000000 -0.509154 0.860675
268.556000 35.016887 -98.112711 0.000000 0.000000 0.000000 -0.508692 0.860948
268.624000 34.541175 -97.255489 0.000000 0.000000 0.000000 -0.508224 0.861225
268.688000 33.988686 -96.447752 0.000000 0.000000 0.000000 -0.507580 0.861605
268.756000 33.464030 -95.621470 0.000000 0.000000 0.000000 -0.506974 0.861961
268.820000 32.861797 -94.851299 0.000000 0.000000 0.000000 -0.506156 0.862442
268.888000 32.403473 -93.976505 0.000000 0.000000 0.000000 -0.505877 0.862605
268.952000 31.829008 -93.167544 0.000000 0.000000 0.000000 -0.505272 0.862960
269.020000 31.289250 -92.342795 0.000000 0.000000 0.000000 -0.504931 0.863160
269.084000 30.743772 -91.536756 0.000000 0.000000 0.000000 -0.504542 0.863387
269.152000 31.263379 -90.689772 0.000000 0.000000 0.000000 -0.496598 0.867981
269.216000 30.339944 -91.067296 0.000000 0.000000 0.000000 -0.447726 0.894171
269.284000 29.451314 -91.518966 0.000000 0.000000 0.000000 -0.397188 0.917737
269.348000 28.660083 -92.122424 0.000000 0.000000 0.000000 -0.347515 0.937674
269.416000 27.944671 -92.814580 0.000000 0.000000 0.000000 -0.292455 0.956279
269.480000 27.158408 -92.203447 0.000000 0.000000 0.000000 -0.269669 0.962953
269.548000 26.544855 -92.974161 0.000000 0.000000 0.000000 -0.219222 0.975675
269.612000 26.082842 -93.786242 0.000000 0.000000 0.000000 -0.175282 0.984518
269.680000 25.606165 -94.661410 0.000000 0.000000 0.000000 -0.128189 0.991750
269.744000 25.256128 -95.581568 0.000000 0.000000 0.000000 -0.081908 0.996640
269.812000 24.947749 -96.489216 0.000000 0.000000 0.000000 -0.034150 0.999417
269.876000 24.805557 -97.377334 0.000000 0.000000 0.000000 0.017505 0.999847
269.944000 24.676257 -98.355907 0.000000 0.000000 0.000000 0.067366 0.997728
270.008000 24.609586 -99.328396 0.000000 0.000000 0.000000 0.110344 0.993893
270.076000 23.630112 -99.437900 0.000000 0.000000 0.000000 0.109657 0.993969
270.140000 22.647321 -99.543766 0.000000 0.000000 0.000000 0.108809 0.994063
270.208000 21.678256 -99.718534 0.000000 0.000000 0.000000 0.108671 0.994078
270.272000 20.722637 -99.948697 0.000000 0.000000 0.000000 0.108632 0.994082
270.340000 19.739343 -100.042599 0.000000 0.000000 0.000000 0.108127 0.994137
270.404000 18.767132 -100.211619 0.000000 0.000000 0.000000 0.108060 0.994144
270.472000 17.807657 -100.411854 0.000000 0.000000 0.000000 0.107911 0.994161
270.536000 16.841972 -100.587445 0.000000 0.000000 0.000000 0.107586 0.994196
270.604000 15.891021 -100.810672 0.000000 0.000000 0.000000 0.107538 0.994201
270.668000 14.916965 -100.694172 0.000000 0.000000 0.000000 0.105798 0.994388
270.736000 13.969085 -100.919467 0.000000 0.000000 0.000000 0.105997 0.994366
270.800000 13.006981 -101.064292 0.000000 0.000000 0.000000 0.105851 0.994382
270.868000 12.057865 -101.238637 0.000000 0.000000 0.000000 0.106166 0.994348
270.932000 11.066659 -101.188448 0.000000 0.000000 0.000000 0.104442 0.994531
271.000000 10.109622 -101.346690 0.000000 0.000000 0.000000 0.104337 0.994542
271.064000 9.141807 -101.309593 0.000000 0.000000 0.000000 0.103270 0.994653
271.132000 8.178026 -101.260315 0.000000 0.000000 0.000000 0.101330 0.994853
271.196000 7.213286 -101.052350 0.000000 0.000000 0.000000 0.098916 0.995096
271.264000 6.225893 -100.950355 0.000000 0.000000 0.000000 0.096878 0.995296
271.328000 5.244555 -100.866905 0.000000 0.000000 0.000000 0.095398 0.995439
271.396000 4.247905 -100.817445 0.000000 0.000000 0.000000 0.093860 0.995585
271.460000 3.253827 -100.712825 0.000000 0.000000 0.000000 0.091967 0.995762
271.528000 2.301546 -100.578054 0.000000 0.000000 0.000000 0.089897 0.995951
271.592000 1.338570 -100.510883 0.000000 0.000000 0.000000 0.087926 0.996127
271.660000 0.342398 -100.496151 0.000000 0.000000 0.000000 0.086491 0.996253
271.724000 -0.610000 -100.297809 0.000000 0.000000 0.000000 0.083892 0.996475
271.792000 -1.555325 -100.091535 0.000000 0.000000 0.000000 0.080886 0.996723
271.856000 -2.529433 -100.118828 0.000000 0.000000 0.000000 0.080069 0.996789
271.924000 -3.475619 -99.926897 0.000000 0.000000 0.000000 0.077097 0.997024
271.988000 -4.432999 -100.055347 0.000000 0.000000 0.000000 0.077261 0.997011
272.056000 -5.395238 -99.966223 0.000000 0.000000 0.000000 0.075724 0.997129
272.120000 -6.380524 -99.820212 0.000000 0.000000 0.000000 0.073387 0.997304
272.188000 -7.282063 -99.454167 0.000000 0.000000 0.000000 0.069558 0.997578
272.252000 -8.250153 -99.375374 0.000000 0.000000 0.000000 0.068150 0.997675
272.320000 -9.211857 -99.203227 0.000000 0.000000 0.000000 0.065484 0.997854
272.384000 -10.173114 -99.185810 0.000000 0.000000 0.000000 0.064189 0.997938
272.452000 -11.126143 -99.063775 0.000000 0.000000 0.000000 0.062557 0.998041
272.516000 -12.093532 -99.045517 0.000000 0.000000 0.000000 0.061290 0.998120
272.584000 -13.082292 -99.076141 0.000000 0.000000 0.000000 0.060147 0.998190
272.648000 -14.032005 -99.196693 0.000000 0.000000 0.000000 0.060459 0.998171
272.716000 -14.999378 -99.263024 0.000000 0.000000 0.000000 0.060416 0.998173
272.780000 -15.969613 -99.420000 0.000000 0.000000 0.000000 0.060236 0.998184
272.848000 -16.961856 -99.418862 0.000000 0.000000 0.000000 0.059352 0.998237
272.912000 -17.956476 -99.471254 0.000000 0.000000 0.000000 0.058356 0.998296
272.980000 -18.927405 -99.617813 0.000000 0.000000 0.000000 0.049283 0.998785
273.044000 -19.224631 -98.677238 0.000000 0.000000 0.000000 -0.001757 0.999998
273.112000 -19.439685 -97.722373 0.000000 0.000000 0.000000 -0.060722 0.998155
273.176000 -19.477787 -96.728774 0.000000 0.000000 0.000000 -0.120539 0.992709
273.244000 -18.491431 -96.805562 0.000000 0.000000 0.000000 -0.146320 0.989237
273.308000 -18.305072 -95.838537 0.000000 0.000000 0.000000 -0.199527 0.979892
273.376000 -17.363624 -96.117957 0.000000 0.000000 0.000000 -0.224300 0.974520
273.440000 -16.418564 -96.444832 0.000000 0.000000 0.000000 -0.247913 0.968782
273.508000 -16.100252 -95.510522 0.000000 0.000000 0.000000 -0.296879 0.954915
273.572000 -15.634397 -94.625861 0.000000 0.000000 0.000000 -0.344859 0.938655
273.640000 -16.407209 -93.999822 0.000000 0.000000 0.000000 -0.358865 0.933390
273.704000 -17.137038 -93.341085 0.000000 0.000000 0.000000 -0.358685 0.933459
273.772000 -17.134003 -92.354676 0.000000 0.000000 0.000000 -0.364611 0.931160
273.836000 -17.967232 -91.833238 0.000000 0.000000 0.000000 -0.363667 0.931529
273.904000 -18.475582 -90.975895 0.000000 0.000000 0.000000 -0.365368 0.930863
273.968000 -19.059975 -90.171737 0.000000 0.000000 0.000000 -0.365721 0.930724
274.036000 -18.796592 -91.087629 0.000000 0.000000 0.000000 -0.367483 0.930030
274.100000 -19.331997 -90.243047 0.000000 0.000000 0.000000 -0.368879 0.929478
274.168000 -19.929613 -89.441800 0.000000 0.000000 0.000000 -0.369738 0.929136
274.232000 -20.719055 -88.834561 0.000000 0.000000 0.000000 -0.382200 0.924080
274.300000 -21.452313 -88.154690 0.000000 0.000000 0.000000 -0.405123 0.914262
274.364000 -20.826723 -87.413161 0.000000 0.000000 0.000000 -0.450276 0.892890
274.432000 -20.113730 -86.732590 0.000000 0.000000 0.000000 -0.497188 0.867643
274.496000 -19.332648 -86.109926 0.000000 0.000000 0.000000 -0.541145 0.840929
274.564000 -18.524802 -85.580743 0.000000 0.000000 0.000000 -0.585290 0.810824
274.628000 -17.659238 -85.086537 0.000000 0.000000 0.000000 -0.625046 0.780588
274.696000 -16.725228 -84.733083 0.000000 0.000000 0.000000 -0.660297 0.751004
274.760000 -15.943238 -84.111504 0.000000 0.000000 0.000000 -0.664966 0.746873
274.828000 -15.101289 -83.629152 0.000000 0.000000 0.000000 -0.672531 0.740069
274.892000 -14.756574 -82.695339 0.000000 0.000000 0.000000 -0.675122 0.737706
274.960000 -14.405909 -81.789297 0.000000 0.000000 0.000000 -0.677742 0.735300
275.024000 -13.619844 -81.171832 0.000000 0.000000 0.000000 -0.682557 0.730832
275.092000 -12.944284 -80.456820 0.000000 0.000000 0.000000 -0.686466 0.727162
275.156000 -12.861919 -79.539471 0.000000 0.000000 0.000000 -0.687221 0.726449
275.224000 -12.474654 -78.618037 0.000000 0.000000 0.000000 -0.689680 0.724115
275.288000 -12.208366 -77.656322 0.000000 0.000000 0.000000 -0.691129 0.722731
275.356000 -11.473176 -77.021799 0.000000 0.000000 0.000000 -0.694514 0.719479
275.420000 -11.011775 -76.151144 0.000000 0.000000 0.000000 -0.697526 0.716559
275.488000 -10.448211 -75.358628 0.000000 0.000000 0.000000 -0.699784 0.714355
275.552000 -9.930470 -74.503463 0.000000 0.000000 0.000000 -0.703451 0.710744
275.620000 -9.317603 -73.717551 0.000000 0.000000 0.000000 0.707195 -0.707019
275.684000 -8.661127 -73.017287 0.000000 0.000000 0.000000 0.709225 -0.704982
275.752000 -9.603728 -72.706743 0.000000 0.000000 0.000000 -0.705607 0.708603
275.816000 -9.490016 -71.733836 0.000000 0.000000 0.000000 -0.706032 0.708180
275.884000 -8.770129 -71.116278 0.000000 0.000000 0.000000 0.710872 -0.703321
275.948000 -9.430285 -71.813312 0.000000 0.000000 0.000000 0.711361 -0.702827
276.016000 -9.558006 -72.747610 0.000000 0.000000 0.000000 0.711934 -0.702246
276.080000 -9.231727 -71.821297 0.000000 0.000000 0.000000 0.713538 -0.700616
276.148000 -8.995764 -70.892887 0.000000 0.000000 0.000000 0.715173 -0.698948
276.212000 -9.234568 -69.962579 0.000000 0.000000 0.000000 0.713290 -0.700869
276.280000 -9.090133 -69.000614 0.000000 0.000000 0.000000 0.714199 -0.699943
276.344000 -8.976818 -68.020011 0.000000 0.000000 0.000000 0.714724 -0.699406
276.412000 -8.723249 -67.085147 0.000000 0.000000 0.000000 0.716713 -0.697368
276.476000 -8.586743 -66.111823 0.000000 0.000000 0.000000 0.717578 -0.696479
276.544000 -8.223314 -65.235358 0.000000 0.000000 0.000000 0.725420 -0.688307
276.608000 -8.105181 -64.242360 0.000000 0.000000 0.000000 0.742846 -0.669462
276.676000 -8.074746 -63.243608 0.000000 0.000000 0.000000 0.760224 -0.649661
276.740000 -7.123290 -63.220399 0.000000 0.000000 0.000000 0.797182 -0.603739
276.808000 -6.149214 -63.241714 0.000000 0.000000 0.000000 0.833335 -0.552768
276.872000 -5.194705 -63.376194 0.000000 0.000000 0.000000 0.864386 -0.502829
276.940000 -4.256129 -63.692263 0.000000 0.000000 0.000000 0.896572 -0.442898
277.004000 -3.423805 -64.121710 0.000000 0.000000 0.000000 0.923634 -0.383276
277.072000 -2.646716 -64.691912 0.000000 0.000000 0.000000 0.945457 -0.325748
277.136000 -3.328314 -65.405320 0.000000 0.000000 0.000000 0.952918 -0.303228
277.204000 -2.676994 -66.158916 0.000000 0.000000 0.000000 0.969999 -0.243110
277.268000 -3.477258 -66.754551 0.000000 0.000000 0.000000 0.975559 -0.219739
277.336000 -4.325266 -67.279704 0.000000 0.000000 0.000000 0.980816 -0.194935
277.400000 -3.441100 -66.823278 0.000000 0.000000 0.000000 0.985174 -0.171558
277.468000 -2.536529 -66.407490 0.000000 0.000000 0.000000 0.989229 -0.146376
277.532000 -1.589666 -66.086386 0.000000 0.000000 0.000000 0.992445 -0.122693
277.600000 -0.734716 -65.595543 0.000000 0.000000 0.000000 0.993011 -0.118021
277.664000 0.184802 -65.232481 0.000000 0.000000 0.000000 0.992948 -0.118547
277.732000 1.152601 -65.009232 0.000000 0.000000 0.000000 0.992943 -0.118589
277.796000 2.045144 -64.589572 0.000000 0.000000 0.000000 0.992821 -0.119610
277.864000 2.973831 -64.250665 0.000000 0.000000 0.000000 0.992773 -0.120004
277.928000 3.885681 -63.874110 0.000000 0.000000 0.000000 0.992691 -0.120687
277.996000 4.830801 -63.609718 0.000000 0.000000 0.000000 0.992678 -0.120791
278.060000 5.792260 -63.361665 0.000000 0.000000 0.000000 0.992678 -0.120790
278.128000 6.726929 -63.060671 0.000000 0.000000 0.000000 0.992620 -0.121267
278.192000 7.683536 -62.817996 0.000000 0.000000 0.000000 0.992587 -0.121539
278.260000 8.644958 -62.603692 0.000000 0.000000 0.000000 0.992634 -0.121149
278.324000 9.601224 -62.367392 0.000000 0.000000 0.000000 0.992664 -0.120904
278.392000 10.481248 -61.945353 0.000000 0.000000 0.000000 0.992520 -0.122085
278.456000 11.436475 -61.701641 0.000000 0.000000 0.000000 0.992481 -0.122396
278.524000 12.396241 -61.477669 0.000000 0.000000 0.000000 0.992479 -0.122416
278.588000 13.337737 -61.186722 0.000000 0.000000 0.000000 0.992395 -0.123097
278.656000 14.277536 -60.882421 0.000000 0.000000 0.000000 0.992355 -0.123419
278.720000 15.236729 -60.668185 0.000000 0.000000 0.000000 0.992407 -0.123001
278.788000 16.202581 -60.421795 0.000000 0.000000 0.000000 0.992421 -0.122882
278.852000 17.146744 -60.143322 0.000000 0.000000 0.000000 0.992403 -0.123034
278.920000 18.107597 -59.903188 0.000000 0.000000 0.000000 0.992368 -0.123314
278.984000 19.069653 -59.705632 0.000000 0.000000 0.000000 0.992435 -0.122772
279.052000 20.018876 -59.453297 0.000000 0.000000 0.000000 0.992412 -0.122958
279.116000 20.975964 -59.232919 0.000000 0.000000 0.000000 0.992400 -0.123054
279.184000 21.894772 -58.894822 0.000000 0.000000 0.000000 0.992308 -0.123792
279.248000 22.866316 -58.748365 0.000000 0.000000 0.000000 0.992365 -0.123333
279.316000 23.739164 -58.319105 0.000000 0.000000 0.000000 0.992160 -0.124978
279.380000 24.643194 -57.933802 0.000000 0.000000 0.000000 0.992001 -0.126229
279.448000 25.594426 -57.689985 0.000000 0.000000 0.000000 0.991977 -0.126420
279.512000 26.566515 -57.487167 0.000000 0.000000 0.000000 0.992000 -0.126238
279.580000 27.517029 -57.273063 0.000000 0.000000 0.000000 0.992033 -0.125979
279.644000 28.444340 -56.974655 0.000000 0.000000 0.000000 0.991934 -0.126755
279.712000 29.405462 -56.752052 0.000000 0.000000 0.000000 0.991951 -0.126624
279.776000 30.377496 -56.573453 0.000000 0.000000 0.000000 0.992041 -0.125913
279.844000 31.341368 -56.387191 0.000000 0.000000 0.000000 0.992069 -0.125698
279.908000 32.297629 -56.151126 0.000000 0.000000 0.000000 0.992056 -0.125797
279.976000 33.241704 -55.914222 0.000000 0.000000 0.000000 0.992096 -0.125485
280.040000 34.196013 -55.694525 0.000000 0.000000 0.000000 0.992177 -0.124835
280.108000 35.154352 -55.428726 0.000000 0.000000 0.000000 0.994876 -0.101099
280.172000 36.132473 -55.229747 0.000000 0.000000 0.000000 0.997049 -0.076767
280.240000 37.126242 -55.153155 0.000000 0.000000 0.000000 0.998792 -0.049141
280.304000 38.111836 -55.080133 0.000000 0.000000 0.000000 0.999158 -0.041025
280.372000 39.100893 -55.084103 0.000000 0.000000 0.000000 0.999183 -0.040425
280.436000 40.086659 -55.036722 0.000000 0.000000 0.000000 0.999194 -0.040144
280.504000 41.068372 -54.980834 0.000000 0.000000 0.000000 0.999207 -0.039812
280.568000 42.052501 -54.898016 0.000000 0.000000 0.000000 0.999207 -0.039812
280.636000 43.030777 -54.808965 0.000000 0.000000 0.000000 0.999198 -0.040048
280.700000 44.011634 -54.760647 0.000000 0.000000 0.000000 0.999213 -0.039670
280.768000 44.984933 -54.671926 0.000000 0.000000 0.000000 0.999211 -0.039709
280.832000 45.951100 -54.551954 0.000000 0.000000 0.000000 0.999196 -0.040083
280.900000 46.934524 -54.513420 0.000000 0.000000 0.000000 0.999205 -0.039873
280.964000 47.923945 -54.543104 0.000000 0.000000 0.000000 0.999240 -0.038986
281.032000 48.747956 -54.227300 0.000000 0.000000 0.000000 0.999142 -0.041423
281.096000 49.740849 -54.163530 0.000000 0.000000 0.000000 0.999136 -0.041552
281.164000 50.712269 -54.043606 0.000000 0.000000 0.000000 0.999108 -0.042216
281.228000 51.697226 -53.994756 0.000000 0.000000 0.000000 0.999135 -0.041578
281.296000 52.678431 -53.905891 0.000000 0.000000 0.000000 0.999130 -0.041713
281.360000 53.648721 -53.743594 0.000000 0.000000 0.000000 0.999089 -0.042680
281.428000 54.622391 -53.656698 0.000000 0.000000 0.000000 0.999084 -0.042802
281.492000 55.589104 -53.561357 0.000000 0.000000 0.000000 0.999070 -0.043113
281.560000 56.576704 -53.478733 0.000000 0.000000 0.000000 0.999075 -0.043011
281.624000 57.530715 -53.391614 0.000000 0.000000 0.000000 0.999072 -0.043076
281.692000 58.507489 -53.302075 0.000000 0.000000 0.000000 0.999077 -0.042961
281.756000 59.482685 -53.223364 0.000000 0.000000 0.000000 0.999076 -0.042984
281.824000 60.458323 -53.075585 0.000000 0.000000 0.000000 0.999037 -0.043881
281.888000 61.429417 -52.902208 0.000000 0.000000 0.000000 0.999012 -0.044446
281.956000 62.411526 -52.800055 0.000000 0.000000 0.000000 0.999007 -0.044558
282.020000 63.386629 -52.791785 0.000000 0.000000 0.000000 0.999047 -0.043642
282.088000 64.377572 -52.683814 0.000000 0.000000 0.000000 0.999056 -0.043449
282.152000 65.348823 -52.539910 0.000000 0.000000 0.000000 0.999032 -0.043993
282.220000 66.322129 -52.438049 0.000000 0.000000 0.000000 0.999026 -0.044123
282.284000 67.303998 -52.371473 0.000000 0.000000 0.000000 0.999027 -0.044106
282.352000 68.287438 -52.260239 0.000000 0.000000 0.000000 0.999006 -0.044583
282.416000 69.274348 -52.231947 0.000000 0.000000 0.000000 0.999046 -0.043680
282.484000 70.267035 -52.245665 0.000000 0.000000 0.000000 0.999074 -0.043021
282.548000 71.253713 -52.163822 0.000000 0.000000 0.000000 0.999082 -0.042831
282.616000 72.248503 -52.183576 0.000000 0.000000 0.000000 0.999120 -0.041933
282.680000 73.246399 -52.174617 0.000000 0.000000 0.000000 0.999122 -0.041904
282.748000 74.244247 -52.140573 0.000000 0.000000 0.000000 0.999143 -0.041389
282.812000 75.242138 -52.137412 0.000000 0.000000 0.000000 0.999120 -0.041936
282.880000 76.239362 -52.133286 0.000000 0.000000 0.000000 0.999126 -0.041791
282.944000 77.234816 -52.196492 0.000000 0.000000 0.000000 0.999155 -0.041104
283.012000 78.225758 -52.283114 0.000000 0.000000 0.000000 0.999197 -0.040059
283.076000 79.211004 -52.374315 0.000000 0.000000 0.000000 0.999253 -0.038652
283.144000 80.205586 -52.468296 0.000000 0.000000 0.000000 0.999299 -0.037433
283.208000 81.190998 -52.571021 0.000000 0.000000 0.000000 0.999344 -0.036209
283.276000 82.153972 -52.674009 0.000000 0.000000 0.000000 0.999398 -0.034689
283.340000 83.137197 -52.753721 0.000000 0.000000 0.000000 0.999427 -0.033840
283.408000 84.129411 -52.872388 0.000000 0.000000 0.000000 0.999476 -0.032354
283.472000 85.118616 -52.847551 0.000000 0.000000 0.000000 0.999500 -0.031627
283.540000 86.111358 -52.967629 0.000000 0.000000 0.000000 0.999556 -0.029780
283.604000 87.101285 -53.089157 0.000000 0.000000 0.000000 0.999605 -0.028092
283.672000 88.049907 -53.260100 0.000000 0.000000 0.000000 0.999665 -0.025877
283.736000 89.027075 -53.279187 0.000000 0.000000 0.000000 0.999641 -0.026791
283.804000 90.011253 -53.437197 0.000000 0.000000 0.000000 0.999678 -0.025377
283.868000 90.995152 -53.598080 0.000000 0.000000 0.000000 0.999721 -0.023615
283.936000 91.976800 -53.751104 0.000000 0.000000 0.000000 0.999766 -0.021652
284.000000 92.830297 -53.963881 0.000000 0.000000 0.000000 0.999998 0.002094
284.068000 93.778931 -54.279809 0.000000 0.000000 0.000000 0.999402 0.034581
284.132000 93.778931 -54.279809 0.000000 0.000000 0.000000 0.999402 0.034581
284.200000 94.618329 -54.778026 0.000000 0.000000 0.000000 0.997472 0.071067
284.264000 94.751457 -55.764759 0.000000 0.000000 0.000000 0.989680 0.143297
284.332000 94.699893 -56.757651 0.000000 0.000000 0.000000 0.975460 0.220177
284.396000 94.522435 -57.736390 0.000000 0.000000 0.000000 0.955949 0.293533
284.464000 94.138504 -58.659566 0.000000 0.000000 0.000000 0.936115 0.351693
284.528000 93.238991 -58.278793 0.000000 0.000000 0.000000 0.926682 0.375847
284.596000 92.412926 -57.854352 0.000000 0.000000 0.000000 0.916233 0.400646
284.660000 91.802745 -58.645109 0.000000 0.000000 0.000000 0.891545 0.452933
284.728000 91.076907 -57.965991 0.000000 0.000000 0.000000 0.879518 0.475865
284.792000 90.315806 -58.600444 0.000000 0.000000 0.000000 0.857222 0.514947
284.860000 89.751613 -57.784131 0.000000 0.000000 0.000000 0.843640 0.536910
284.924000 89.222213 -56.951283 0.000000 0.000000 0.000000 0.830603 0.556864
284.992000 88.343975 -57.413281 0.000000 0.000000 0.000000 0.806917 0.590664
285.056000 88.663023 -58.330781 0.000000 0.000000 0.000000 0.805203 0.592999
285.124000 88.995159 -59.261195 0.000000 0.000000 0.000000 0.805356 0.592792
285.188000 89.278992 -60.195306 0.000000 0.000000 0.000000 0.805356 0.592792
285.256000 89.582627 -61.118878 0.000000 0.000000 0.000000 0.805405 0.592725
285.320000 89.904809 -62.042680 0.000000 0.000000 0.000000 0.805538 0.592544
285.388000 90.192162 -62.978522 0.000000 0.000000 0.000000 0.805541 0.592540
285.452000 90.515506 -63.900426 0.000000 0.000000 0.000000 0.805654 0.592386
285.520000 90.829309 -64.834480 0.000000 0.000000 0.000000 0.805708 0.592313
285.584000 91.039289 -65.810717 0.000000 0.000000 0.000000 0.805405 0.592725
285.652000 91.288334 -66.756265 0.000000 0.000000 0.000000 0.805378 0.592762
285.716000 91.175568 -67.741438 0.000000 0.000000 0.000000 0.804149 0.594428
285.784000 90.918854 -68.701527 0.000000 0.000000 0.000000 0.802164 0.597104
285.848000 91.186509 -69.634003 0.000000 0.000000 0.000000 0.802148 0.597125
285.916000 91.534533 -70.551851 0.000000 0.000000 0.000000 0.802384 0.596808
285.980000 91.805016 -71.488046 0.000000 0.000000 0.000000 0.802357 0.596845
286.048000 92.113465 -72.415677 0.000000 0.000000 0.000000 0.802373 0.596822
286.112000 92.085936 -73.399594 0.000000 0.000000 0.000000 0.801444 0.598070
286.180000 92.373092 -74.333839 0.000000 0.000000 0.000000 0.801518 0.597970
286.244000 92.721485 -75.246848 0.000000 0.000000 0.000000 0.801882 0.597483
286.312000 92.979260 -76.189350 0.000000 0.000000 0.000000 0.801830 0.597552
286.376000 93.242548 -77.130007 0.000000 0.000000 0.000000 0.801814 0.597574
286.444000 93.502726 -78.072638 0.000000 0.000000 0.000000 0.801750 0.597660
286.508000 93.762464 -79.020640 0.000000 0.000000 0.000000 0.801635 0.597814
286.576000 94.073042 -79.940574 0.000000 0.000000 0.000000 0.801817 0.597570
286.640000 94.433247 -80.840086 0.000000 0.000000 0.000000 0.801876 0.597491
286.708000 94.633819 -81.802786 0.000000 0.000000 0.000000 0.801774 0.597627
286.772000 94.886133 -82.748631 0.000000 0.000000 0.000000 0.801539 0.597943
286.840000 95.106571 -83.712200 0.000000 0.000000 0.000000 0.801399 0.598130
286.904000 95.335118 -84.671902 0.000000 0.000000 0.000000 0.801203 0.598393
286.972000 95.434399 -85.665671 0.000000 0.000000 0.000000 0.800585 0.599219
287.036000 95.702906 -86.619260 0.000000 0.000000 0.000000 0.800585 0.599219
287.104000 96.087291 -87.512271 0.000000 0.000000 0.000000 0.801253 0.598326
287.168000 96.233485 -88.499280 0.000000 0.000000 0.000000 0.800880 0.598825
287.236000 96.632477 -89.392363 0.000000 0.000000 0.000000 0.801516 0.597973
287.300000 96.932449 -90.345832 0.000000 0.000000 0.000000 0.801479 0.598023
287.368000 97.229162 -91.266000 0.000000 0.000000 0.000000 0.801675 0.597760
287.432000 97.611347 -92.139504 0.000000 0.000000 0.000000 0.802338 0.596870
287.500000 97.972636 -93.057848 0.000000 0.000000 0.000000 0.802711 0.596368
287.564000 98.297143 -93.984007 0.000000 0.000000 0.000000 0.803031 0.595937
287.632000 98.628724 -94.910738 0.000000 0.000000 0.000000 0.803352 0.595505
287.696000 98.979259 -95.829258 0.000000 0.000000 0.000000 0.803882 0.594788
287.764000 99.258908 -96.775970 0.000000 0.000000 0.000000 0.803836 0.594852
287.828000 99.577224 -97.684613 0.000000 0.000000 0.000000 0.803912 0.594748
287.896000 99.863581 -98.632687 0.000000 0.000000 0.000000 0.803945 0.594703
287.960000 100.196259 -99.575459 0.000000 0.000000 0.000000 0.804096 0.594499
288.028000 100.451676 -100.522798 0.000000 0.000000 0.000000 0.803826 0.594864
288.092000 100.733721 -101.464948 0.000000 0.000000 0.000000 0.803857 0.594822
288.160000 101.077567 -102.371236 0.000000 0.000000 0.000000 0.804236 0.594310
288.224000 101.384779 -103.293618 0.000000 0.000000 0.000000 0.804312 0.594207
288.292000 101.809546 -104.171781 0.000000 0.000000 0.000000 0.805200 0.593003
288.356000 102.048238 -105.125603 0.000000 0.000000 0.000000 0.804978 0.593305
288.424000 102.426825 -106.010895 0.000000 0.000000 0.000000 0.805136 0.593091
288.488000 102.776688 -106.922078 0.000000 0.000000 0.000000 0.805464 0.592645
288.556000 103.045076 -107.869419 0.000000 0.000000 0.000000 0.805341 0.592812
288.620000 103.375459 -108.802254 0.000000 0.000000 0.000000 0.805391 0.592744
288.688000 103.714755 -109.738925 0.000000 0.000000 0.000000 0.805561 0.592513
288.752000 104.059343 -110.641295 0.000000 0.000000 0.000000 0.805972 0.591953
288.820000 104.325411 -111.575726 0.000000 0.000000 0.000000 0.806025 0.591881
288.884000 104.631484 -112.504292 0.000000 0.000000 0.000000 0.806183 0.591667
288.952000 104.845625 -113.450045 0.000000 0.000000 0.000000 0.818965 0.573843
289.016000 105.020716 -114.411112 0.000000 0.000000 0.000000 0.832662 0.553781
289.084000 105.955171 -114.058188 0.000000 0.000000 0.000000 0.868886 0.495013
289.148000 106.300899 -114.970343 0.000000 0.000000 0.000000 0.881209 0.472726
289.216000 105.910033 -114.074229 0.000000 0.000000 0.000000 0.893409 0.449245
289.280000 106.418755 -114.915634 0.000000 0.000000 0.000000 0.904009 0.427513
289.348000 107.251025 -114.361275 0.000000 0.000000 0.000000 0.928203 0.372073
289.412000 107.963260 -115.040669 0.000000 0.000000 0.000000 0.936855 0.349717
289.480000 108.673821 -114.339258 0.000000 0.000000 0.000000 0.954364 0.298645
289.544000 109.347110 -113.604008 0.000000 0.000000 0.000000 0.967283 0.253698
289.612000 109.974354 -112.846930 0.000000 0.000000 0.000000 0.978836 0.204644
289.676000 110.404278 -111.944152 0.000000 0.000000 0.000000 0.988047 0.154151
289.744000 110.726958 -110.999181 0.000000 0.000000 0.000000 0.994865 0.101215
289.808000 110.963257 -110.046129 0.000000 0.000000 0.000000 0.998569 0.053476
289.876000 111.180649 -109.102251 0.000000 0.000000 0.000000 0.999985 0.005559
289.940000 112.179752 -109.132381 0.000000 0.000000 0.000000 0.999833 -0.018294
290.008000 112.220254 -108.183734 0.000000 0.000000 0.000000 0.997484 -0.070891
290.072000 113.208780 -108.033425 0.000000 0.000000 0.000000 0.995493 -0.094830
290.140000 113.099498 -107.042964 0.000000 0.000000 0.000000 0.989079 -0.147383
290.204000 114.049243 -106.729998 0.000000 0.000000 0.000000 0.985276 -0.170972
290.272000 114.995702 -106.408231 0.000000 0.000000 0.000000 0.980606 -0.195990
290.336000 115.917809 -106.022609 0.000000 0.000000 0.000000 0.975496 -0.220016
290.404000 116.796002 -105.544365 0.000000 0.000000 0.000000 0.969622 -0.244608
290.468000 116.426597 -104.636471 0.000000 0.000000 0.000000 0.955923 -0.293618
290.536000 115.928182 -103.771399 0.000000 0.000000 0.000000 0.943542 -0.331253
290.600000 116.534171 -102.984805 0.000000 0.000000 0.000000 0.943234 -0.332128
290.668000 117.236060 -102.288670 0.000000 0.000000 0.000000 0.943126 -0.332435
290.732000 118.020839 -101.677836 0.000000 0.000000 0.000000 0.943094 -0.332525
290.800000 118.766700 -101.030286 0.000000 0.000000 0.000000 0.943036 -0.332692
290.864000 119.503836 -100.356230 0.000000 0.000000 0.000000 0.943034 -0.332697
290.932000 120.077596 -99.542503 0.000000 0.000000 0.000000 0.942624 -0.333855
290.996000 120.747904 -98.800420 0.000000 0.000000 0.000000 0.942426 -0.334414
291.064000 121.352335 -98.028076 0.000000 0.000000 0.000000 0.942136 -0.335230
291.128000 122.128998 -97.439628 0.000000 0.000000 0.000000 0.942133 -0.335241
291.196000 122.804577 -96.707617 0.000000 0.000000 0.000000 0.941946 -0.335764
291.260000 123.575696 -96.087299 0.000000 0.000000 0.000000 0.941946 -0.335764
291.328000 124.197086 -95.303877 0.000000 0.000000 0.000000 0.941684 -0.336499
291.392000 125.088695 -94.882987 0.000000 0.000000 0.000000 0.941994 -0.335628
291.460000 125.829517 -94.240042 0.000000 0.000000 0.000000 0.941998 -0.335618
291.524000 125.250472 -95.025518 0.000000 0.000000 0.000000 0.941754 -0.336303
291.592000 126.029963 -94.406977 0.000000 0.000000 0.000000 0.941821 -0.336114
291.656000 125.641495 -95.326663 0.000000 0.000000 0.000000 0.941262 -0.337678
291.724000 126.395431 -94.681541 0.000000 0.000000 0.000000 0.941214 -0.337811
291.788000 125.948320 -95.549710 0.000000 0.000000 0.000000 0.940710 -0.339211
291.856000 126.529296 -94.739166 0.000000 0.000000 0.000000 0.940484 -0.339837
291.920000 127.307281 -94.143186 0.000000 0.000000 0.000000 0.940572 -0.339595
291.988000 128.097252 -93.538823 0.000000 0.000000 0.000000 0.940583 -0.339563
292.052000 127.636226 -94.400938 0.000000 0.000000 0.000000 0.940106 -0.340882
292.120000 128.382153 -93.745596 0.000000 0.000000 0.000000 0.940087 -0.340935
292.184000 127.892637 -94.588669 0.000000 0.000000 0.000000 0.939687 -0.342035
292.252000 128.616434 -93.912014 0.000000 0.000000 0.000000 0.939741 -0.341889
292.316000 129.179786 -93.089234 0.000000 0.000000 0.000000 0.939310 -0.343070
292.384000 129.708632 -92.240966 0.000000 0.000000 0.000000 0.938757 -0.344580
292.448000 129.216093 -93.092313 0.000000 0.000000 0.000000 0.938411 -0.345520
292.516000 129.932096 -92.411885 0.000000 0.000000 0.000000 0.938297 -0.345830
292.580000 130.743770 -91.845834 0.000000 0.000000 0.000000 0.938460 -0.345389
292.648000 131.420612 -91.134675 0.000000 0.000000 0.000000 0.938334 -0.345729
292.712000 132.069444 -90.398267 0.000000 0.000000 0.000000 0.938148 -0.346234
292.780000 132.855254 -89.831613 0.000000 0.000000 0.000000 0.938306 -0.345806
292.844000 133.483449 -89.058143 0.000000 0.000000 0.000000 0.938022 -0.346576
292.912000 134.270909 -88.466270 0.000000 0.000000 0.000000 0.938072 -0.346439
292.976000 133.606672 -89.213727 0.000000 0.000000 0.000000 0.937832 -0.347089
293.044000 134.325893 -88.557497 0.000000 0.000000 0.000000 0.937791 -0.347202
293.108000 135.017883 -87.835804 0.000000 0.000000 0.000000 0.937595 -0.347730
293.176000 135.369990 -86.939296 0.000000 0.000000 0.000000 0.936820 -0.349812
293.240000 135.685429 -86.034958 0.000000 0.000000 0.000000 0.936075 -0.351801
293.308000 136.386623 -85.353470 0.000000 0.000000 0.000000 0.936020 -0.351946
293.372000 135.649570 -85.992056 0.000000 0.000000 0.000000 0.936016 -0.351957
293.440000 136.403085 -85.371504 0.000000 0.000000 0.000000 0.936120 -0.351681
293.504000 137.080260 -84.635687 0.000000 0.000000 0.000000 0.935915 -0.352227
293.572000 137.809797 -83.959761 0.000000 0.000000 0.000000 0.935901 -0.352262
293.636000 138.513541 -83.252079 0.000000 0.000000 0.000000 0.935825 -0.352466
293.704000 139.194641 -82.560757 0.000000 0.000000 0.000000 0.935622 -0.353004
293.768000 139.999448 -81.988649 0.000000 0.000000 0.000000 0.935797 -0.352540
293.836000 140.799522 -81.426979 0.000000 0.000000 0.000000 0.936000 -0.351999
293.900000 141.521543 -80.765047 0.000000 0.000000 0.000000 0.935922 -0.352207
293.968000 142.304803 -80.181156 0.000000 0.000000 0.000000 0.936076 -0.351799
294.032000 143.068260 -79.557780 0.000000 0.000000 0.000000 0.936137 -0.351634
294.100000 143.722291 -78.835765 0.000000 0.000000 0.000000 0.935883 -0.352310
294.164000 144.367184 -78.075557 0.000000 0.000000 0.000000 0.935628 -0.352986
294.232000 145.071716 -77.383054 0.000000 0.000000 0.000000 0.935577 -0.353124
294.296000 145.806847 -76.743225 0.000000 0.000000 0.000000 0.935594 -0.353077
294.364000 146.545680 -76.100278 0.000000 0.000000 0.000000 0.935630 -0.352984
294.428000 147.186664 -75.361906 0.000000 0.000000 0.000000 0.935388 -0.353622
294.496000 147.884226 -74.692308 0.000000 0.000000 0.000000 0.935338 -0.353755
294.560000 148.554844 -73.967940 0.000000 0.000000 0.000000 0.935101 -0.354382
294.628000 149.220336 -73.256845 0.000000 0.000000 0.000000 0.934894 -0.354928
294.692000 149.954409 -72.594577 0.000000 0.000000 0.000000 0.934854 -0.355033
294.760000 150.583363 -71.835900 0.000000 0.000000 0.000000 0.934433 -0.356138
294.824000 151.236968 -71.113540 0.000000 0.000000 0.000000 0.934240 -0.356644
294.892000 151.947472 -70.459278 0.000000 0.000000 0.000000 0.934182 -0.356798
294.956000 152.691674 -69.807454 0.000000 0.000000 0.000000 0.934216 -0.356707
295.024000 153.479593 -69.226308 0.000000 0.000000 0.000000 0.934524 -0.355901
295.088000 154.222207 -68.576103 0.000000 0.000000 0.000000 0.934539 -0.355861
295.156000 154.891042 -67.844403 0.000000 0.000000 0.000000 0.934137 -0.356916
295.220000 155.661204 -67.218375 0.000000 0.000000 0.000000 0.934193 -0.356767
295.288000 156.401006 -66.624417 0.000000 0.000000 0.000000 0.934295 -0.356501
295.352000 157.092738 -65.923252 0.000000 0.000000 0.000000 0.933996 -0.357283
295.420000 157.831287 -65.280156 0.000000 0.000000 0.000000 0.934027 -0.357203
295.484000 158.557779 -64.600327 0.000000 0.000000 0.000000 0.933942 -0.357424
295.552000 159.307142 -63.959260 0.000000 0.000000 0.000000 0.933995 -0.357286
295.616000 160.137668 -63.445789 0.000000 0.000000 0.000000 0.934501 -0.355960
295.684000 160.867570 -62.777369 0.000000 0.000000 0.000000 0.937893 -0.346924
295.748000 161.560135 -62.057703 0.000000 0.000000 0.000000 0.945475 -0.325694
295.816000 162.258939 -61.342461 0.000000 0.000000 0.000000 0.952942 -0.303154
295.880000 163.046312 -60.725984 0.000000 0.000000 0.000000 0.959671 -0.281127
295.948000 163.837358 -60.114831 0.000000 0.000000 0.000000 0.966113 -0.258120
296.012000 164.646027 -59.527778 0.000000 0.000000 0.000000 0.971779 -0.235892
296.080000 165.495914 -59.005594 0.000000 0.000000 0.000000 0.977222 -0.212220
296.144000 166.048574 -59.828773 0.000000 0.000000 0.000000 0.986882 -0.161444
296.212000 166.556928 -60.684561 0.000000 0.000000 0.000000 0.994796 -0.101890
296.276000 166.915661 -61.617945 0.000000 0.000000 0.000000 0.999196 -0.040092
296.344000 167.883889 -61.490842 0.000000 0.000000 0.000000 0.999573 -0.029222
296.408000 168.868348 -61.452879 0.000000 0.000000 0.000000 0.999575 -0.029150
296.476000 169.852784 -61.457129 0.000000 0.000000 0.000000 0.999586 -0.028770
296.540000 169.027215 -60.900394 0.000000 0.000000 0.000000 0.999666 -0.025827
296.608000 169.999319 -60.811046 0.000000 0.000000 0.000000 0.999649 -0.026477
296.672000 170.554335 -61.639662 0.000000 0.000000 0.000000 0.999842 -0.017753
296.740000 171.541070 -61.555846 0.000000 0.000000 0.000000 0.999839 -0.017964
296.804000 172.517737 -61.522102 0.000000 0.000000 0.000000 0.999838 -0.017975
296.872000 173.491640 -61.429250 0.000000 0.000000 0.000000 0.999833 -0.018265
296.936000 174.468079 -61.404281 0.000000 0.000000 0.000000 0.999833 -0.018301
297.004000 175.452960 -61.365122 0.000000 0.000000 0.000000 0.999832 -0.018330
297.068000 176.437799 -61.365169 0.000000 0.000000 0.000000 0.999839 -0.017944
297.136000 177.420949 -61.362348 0.000000 0.000000 0.000000 0.999842 -0.017802
297.200000 178.400382 -61.310230 0.000000 0.000000 0.000000 0.999840 -0.017897
297.268000 179.374263 -61.297782 0.000000 0.000000 0.000000 0.999840 -0.017870
297.332000 180.358856 -61.288459 0.000000 0.000000 0.000000 0.999843 -0.017746
297.400000 181.339682 -61.228083 0.000000 0.000000 0.000000 0.999840 -0.017913
297.464000 182.317884 -61.125950 0.000000 0.000000 0.000000 0.999835 -0.018146
297.532000 183.297458 -61.125819 0.000000 0.000000 0.000000 0.999842 -0.017792
297.596000 184.271872 -61.143048 0.000000 0.000000 0.000000 0.999846 -0.017550
297.664000 185.262135 -61.142662 0.000000 0.000000 0.000000 0.999851 -0.017277
297.728000 186.247074 -61.181254 0.000000 0.000000 0.000000 0.999859 -0.016799
297.796000 187.234669 -61.202129 0.000000 0.000000 0.000000 0.999869 -0.016193
297.860000 188.209489 -61.214395 0.000000 0.000000 0.000000 0.999870 -0.016094
297.928000 189.187942 -61.157948 0.000000 0.000000 0.000000 0.999869 -0.016205
297.992000 190.175318 -61.156488 0.000000 0.000000 0.000000 0.999870 -0.016100
298.060000 191.155889 -61.157744 0.000000 0.000000 0.000000 0.999871 -0.016037
298.124000 192.123848 -61.079224 0.000000 0.000000 0.000000 0.999866 -0.016372
298.192000 193.107370 -61.039482 0.000000 0.000000 0.000000 0.999870 -0.016141
298.256000 194.092302 -61.036023 0.000000 0.000000 0.000000 0.999876 -0.015762
298.324000 195.077548 -61.033488 0.000000 0.000000 0.000000 0.999879 -0.015533
298.388000 196.061954 -60.925305 0.000000 0.000000 0.000000 0.999910 -0.013391
298.456000 196.898153 -60.395490 0.000000 0.000000 0.000000 0.999968 0.008016
298.520000 196.973958 -61.390431 0.000000 0.000000 0.000000 0.998228 0.059503
298.588000 197.969912 -61.375022 0.000000 0.000000 0.000000 0.996309 0.085836
298.652000 198.962808 -61.399807 0.000000 0.000000 0.000000 0.993914 0.110157
298.720000 199.948175 -61.477168 0.000000 0.000000 0.000000 0.990863 0.134869
298.784000 199.791447 -62.374586 0.000000 0.000000 0.000000 0.982598 0.185747
298.852000 199.523617 -63.337936 0.000000 0.000000 0.000000 0.970079 0.242790
298.916000 199.185213 -64.273405 0.000000 0.000000 0.000000 0.957956 0.286914
298.984000 198.722505 -65.153545 0.000000 0.000000 0.000000 0.941500 0.337014
299.048000 198.162960 -65.981833 0.000000 0.000000 0.000000 0.923547 0.383484
299.116000 197.398313 -65.341980 0.000000 0.000000 0.000000 0.913719 0.406347
299.180000 196.794759 -66.134362 0.000000 0.000000 0.000000 0.895278 0.445508
299.248000 196.101246 -66.841438 0.000000 0.000000 0.000000 0.875452 0.483305
299.312000 195.322123 -67.452387 0.000000 0.000000 0.000000 0.852090 0.523396
299.380000 194.471793 -67.978618 0.000000 0.000000 0.000000 0.826293 0.563241
299.444000 193.580353 -68.421702 0.000000 0.000000 0.000000 0.797034 0.603934
299.512000 193.801065 -69.396888 0.000000 0.000000 0.000000 0.788175 0.615451
299.576000 193.227677 -68.630945 0.000000 0.000000 0.000000 0.788522 0.615007
299.644000 193.889228 -69.330057 0.000000 0.000000 0.000000 0.789479 0.613778
299.708000 194.118254 -70.257252 0.000000 0.000000 0.000000 0.789354 0.613938
299.776000 194.776733 -70.956490 0.000000 0.000000 0.000000 0.791001 0.611815
299.840000 195.411777 -71.673401 0.000000 0.000000 0.000000 0.791941 0.610597
299.908000 195.809621 -72.582553 0.000000 0.000000 0.000000 0.792442 0.609947
299.972000 196.440931 -73.323394 0.000000 0.000000 0.000000 0.793495 0.608577
300.040000 196.541732 -74.294037 0.000000 0.000000 0.000000 0.793182 0.608985
300.104000 197.120754 -75.053108 0.000000 0.000000 0.000000 0.793740 0.608257
300.172000 197.413829 -75.990344 0.000000 0.000000 0.000000 0.793819 0.608155
300.236000 197.835917 -76.887645 0.000000 0.000000 0.000000 0.794056 0.607845
300.304000 198.050213 -77.859834 0.000000 0.000000 0.000000 0.794045 0.607860
300.368000 198.243471 -78.837722 0.000000 0.000000 0.000000 0.793850 0.608114
300.436000 198.531086 -79.794696 0.000000 0.000000 0.000000 0.793881 0.608074
300.500000 198.713624 -80.768342 0.000000 0.000000 0.000000 0.793748 0.608247
300.568000 199.154190 -81.656552 0.000000 0.000000 0.000000 0.794230 0.607617
300.632000 199.422292 -82.618936 0.000000 0.000000 0.000000 0.794262 0.607576
300.700000 199.694255 -83.574877 0.000000 0.000000 0.000000 0.794118 0.607763
300.764000 199.727377 -84.560946 0.000000 0.000000 0.000000 0.793692 0.608319
300.832000 199.941408 -85.523296 0.000000 0.000000 0.000000 0.793568 0.608482
300.896000 200.218880 -86.483214 0.000000 0.000000 0.000000 0.793472 0.608607
300.964000 200.588856 -87.379405 0.000000 0.000000 0.000000 0.793636 0.608393
301.028000 200.887950 -88.333324 0.000000 0.000000 0.000000 0.798493 0.602004
301.096000 201.201484 -89.282625 0.000000 0.000000 0.000000 0.813012 0.582247
301.160000 201.582849 -90.206299 0.000000 0.000000 0.000000 0.826820 0.562467
301.228000 202.402705 -89.885516 0.000000 0.000000 0.000000 0.851912 0.523686
301.292000 203.339575 -89.535872 0.000000 0.000000 0.000000 0.876796 0.480862
301.360000 204.228084 -89.147723 0.000000 0.000000 0.000000 0.898135 0.439721
301.424000 205.091440 -88.669472 0.000000 0.000000 0.000000 0.918541 0.395325
301.492000 205.896766 -89.228455 0.000000 0.000000 0.000000 0.928938 0.370236
301.556000 206.706984 -88.662054 0.000000 0.000000 0.000000 0.944122 0.329596
301.624000 207.449200 -88.021996 0.000000 0.000000 0.000000 0.958957 0.283550
301.688000 208.150535 -87.356578 0.000000 0.000000 0.000000 0.969717 0.244231
301.756000 209.103290 -87.436182 0.000000 0.000000 0.000000 0.970378 0.241590
301.820000 210.077038 -87.416945 0.000000 0.000000 0.000000 0.970948 0.239289
301.888000 211.033111 -87.308518 0.000000 0.000000 0.000000 0.971677 0.236314
301.952000 212.007241 -87.340628 0.000000 0.000000 0.000000 0.972239 0.233988
302.020000 212.957277 -87.532982 0.000000 0.000000 0.000000 0.972609 0.232448
302.084000 213.923972 -87.663328 0.000000 0.000000 0.000000 0.972970 0.230932
302.152000 214.884241 -87.925526 0.000000 0.000000 0.000000 0.973194 0.229984
302.216000 215.796121 -88.267771 0.000000 0.000000 0.000000 0.973339 0.229370
302.284000 216.771617 -88.302613 0.000000 0.000000 0.000000 0.973872 0.227098
302.348000 217.739686 -88.447749 0.000000 0.000000 0.000000 0.974317 0.225179
302.416000 218.687209 -88.668671 0.000000 0.000000 0.000000 0.974628 0.223832
302.480000 219.652392 -88.786909 0.000000 0.000000 0.000000 0.974972 0.222326
302.548000 220.629390 -88.764679 0.000000 0.000000 0.000000 0.975490 0.220044
302.612000 221.589976 -88.939220 0.000000 0.000000 0.000000 0.975834 0.218511
302.680000 222.547891 -89.143827 0.000000 0.000000 0.000000 0.976239 0.216698
302.744000 222.868374 -90.090797 0.000000 0.000000 0.000000 0.974424 0.224719
302.812000 223.242065 -91.015664 0.000000 0.000000 0.000000 0.972111 0.234521
302.876000 224.193597 -91.239999 0.000000 0.000000 0.000000 0.972525 0.232796
302.944000 224.287416 -92.234972 0.000000 0.000000 0.000000 0.968586 0.248677
303.008000 224.929527 -93.001546 0.000000 0.000000 0.000000 0.967945 0.251164
303.076000 225.890359 -93.169051 0.000000 0.000000 0.000000 0.968379 0.249484
303.140000 226.832156 -93.413562 0.000000 0.000000 0.000000 0.968715 0.248175
303.208000 227.676128 -93.889956 0.000000 0.000000 0.000000 0.968746 0.248055
303.272000 228.556303 -94.317444 0.000000 0.000000 0.000000 0.968992 0.247094
303.340000 229.401615 -94.768585 0.000000 0.000000 0.000000 0.969051 0.246862
303.404000 230.105620 -95.478779 0.000000 0.000000 0.000000 0.968308 0.249761
303.472000 230.944311 -95.945653 0.000000 0.000000 0.000000 0.968476 0.249107
303.536000 231.882107 -96.241057 0.000000 0.000000 0.000000 0.968939 0.247302
303.604000 231.973953 -97.235616 0.000000 0.000000 0.000000 0.963566 0.267472
303.668000 232.203117 -98.161260 0.000000 0.000000 0.000000 0.959907 0.280320
303.736000 232.330776 -99.117011 0.000000 0.000000 0.000000 0.955224 0.295885
303.800000 233.156400 -99.681008 0.000000 0.000000 0.000000 0.955512 0.294951
303.868000 233.859584 -99.690196 0.000000 0.000000 0.000000 0.956637 0.291283
303.932000 234.691688 -100.210913 0.000000 0.000000 0.000000 0.956755 0.290895
304.000000 235.551534 -100.676104 0.000000 0.000000 0.000000 0.957088 0.289797
304.064000 236.334191 -101.264999 0.000000 0.000000 0.000000 0.956878 0.290491
304.132000 237.019859 -101.461532 0.000000 0.000000 0.000000 0.955702 0.294336
304.196000 236.693250 -102.402696 0.000000 0.000000 0.000000 0.927496 0.373833
304.264000 237.531869 -102.947398 0.000000 0.000000 0.000000 0.917574 0.397564
304.328000 238.276873 -103.604526 0.000000 0.000000 0.000000 0.907681 0.419660
304.396000 239.009273 -104.280207 0.000000 0.000000 0.000000 0.896719 0.442599
304.460000 239.669862 -105.023010 0.000000 0.000000 0.000000 0.885659 0.464337
304.528000 240.333841 -105.767624 0.000000 0.000000 0.000000 0.873966 0.485987
304.592000 240.834426 -106.631985 0.000000 0.000000 0.000000 0.862072 0.506786
304.660000 241.413490 -107.439068 0.000000 0.000000 0.000000 0.849860 0.527008
304.724000 241.980495 -108.258811 0.000000 0.000000 0.000000 0.837371 0.546635
304.792000 242.454676 -109.127835 0.000000 0.000000 0.000000 0.823725 0.566990
304.856000 242.891416 -110.025036 0.000000 0.000000 0.000000 0.810206 0.586145
304.924000 243.177508 -110.980062 0.000000 0.000000 0.000000 0.794996 0.606614
304.988000 242.290894 -111.427717 0.000000 0.000000 0.000000 0.761241 0.648469
305.056000 242.462424 -112.412896 0.000000 0.000000 0.000000 0.744297 0.667849
305.120000 241.513755 -112.586321 0.000000 0.000000 0.000000 0.710915 0.703278
305.188000 241.583273 -113.580239 0.000000 0.000000 0.000000 0.692820 0.721111
305.252000 240.588863 -113.676316 0.000000 0.000000 0.000000 0.651907 0.758299
305.320000 239.589995 -113.648923 0.000000 0.000000 0.000000 0.605987 0.795474
305.384000 238.605907 -113.490346 0.000000 0.000000 0.000000 0.560455 0.828185
305.452000 237.709375 -113.187812 0.000000 0.000000 0.000000 0.516409 0.856342
305.516000 237.418755 -114.142522 0.000000 0.000000 0.000000 0.495046 0.868867
305.584000 236.583925 -113.726804 0.000000 0.000000 0.000000 0.448739 0.893663
305.648000 236.118774 -114.605955 0.000000 0.000000 0.000000 0.426596 0.904442
305.716000 235.281996 -114.061346 0.000000 0.000000 0.000000 0.379990 0.924990
305.780000 234.576603 -113.372882 0.000000 0.000000 0.000000 0.331335 0.943513
305.848000 233.885543 -112.673098 0.000000 0.000000 0.000000 0.276927 0.960891
305.912000 233.324095 -111.858542 0.000000 0.000000 0.000000 0.222669 0.974894
305.980000 232.840597 -110.988535 0.000000 0.000000 0.000000 0.173490 0.984836
306.044000 232.393075 -110.123968 0.000000 0.000000 0.000000 0.125994 0.992031
306.112000 232.023087 -109.196078 0.000000 0.000000 0.000000 0.078221 0.996936
306.176000 231.862275 -108.209276 0.000000 0.000000 0.000000 0.022931 0.999737
306.244000 231.787399 -107.212245 0.000000 0.000000 0.000000 -0.034909 0.999391
306.308000 231.818212 -106.212768 0.000000 0.000000 0.000000 -0.088460 0.996080
306.376000 231.930202 -105.219130 0.000000 0.000000 0.000000 -0.136247 0.990675
306.440000 232.178860 -104.263459 0.000000 0.000000 0.000000 -0.184163 0.982896
306.508000 232.440615 -103.304762 0.000000 0.000000 0.000000 -0.234114 0.972209
306.572000 232.830488 -102.384032 0.000000 0.000000 0.000000 -0.277922 0.960604
306.640000 231.990693 -101.844296 0.000000 0.000000 0.000000 -0.302288 0.953217
306.704000 231.990693 -101.844296 0.000000 0.000000 0.000000 -0.302288 0.953217
306.772000 231.003180 -101.698426 0.000000 0.000000 0.000000 -0.300849 0.953672
306.836000 231.522549 -102.548379 0.000000 0.000000 0.000000 -0.301782 0.953377
306.904000 230.649556 -102.104234 0.000000 0.000000 0.000000 -0.301461 0.953479
306.968000 230.136446 -101.262132 0.000000 0.000000 0.000000 -0.302222 0.953238
307.036000 229.307882 -101.781441 0.000000 0.000000 0.000000 -0.280437 0.959873
307.100000 228.482806 -101.223418 0.000000 0.000000 0.000000 -0.258458 0.966023
307.168000 227.600257 -100.763530 0.000000 0.000000 0.000000 -0.234554 0.972103
307.232000 227.081768 -101.585659 0.000000 0.000000 0.000000 -0.184816 0.982773
307.300000 226.671536 -102.493048 0.000000 0.000000 0.000000 -0.134291 0.990942
307.364000 226.319444 -103.412103 0.000000 0.000000 0.000000 -0.082864 0.996561
307.432000 226.094632 -104.379199 0.000000 0.000000 0.000000 -0.032906 0.999458
307.496000 225.870871 -105.337192 0.000000 0.000000 0.000000 0.012979 0.999916
307.564000 225.771711 -106.325282 0.000000 0.000000 0.000000 0.053191 0.998584
307.628000 224.820560 -106.602631 0.000000 0.000000 0.000000 0.053528 0.998566
307.696000 223.876096 -106.391427 0.000000 0.000000 0.000000 0.052280 0.998632
307.760000 222.902499 -106.568196 0.000000 0.000000 0.000000 0.052501 0.998621
307.828000 221.947861 -106.831900 0.000000 0.000000 0.000000 0.052836 0.998603
307.892000 221.947861 -106.831900 0.000000 0.000000 0.000000 0.052836 0.998603
307.960000 221.113047 -107.371603 0.000000 0.000000 0.000000 0.054639 0.998506
308.024000 220.148639 -107.541734 0.000000 0.000000 0.000000 0.054573 0.998510
308.092000 219.163091 -107.648223 0.000000 0.000000 0.000000 0.054288 0.998525
308.156000 218.175382 -107.729624 0.000000 0.000000 0.000000 0.053963 0.998543
308.224000 217.183424 -107.603521 0.000000 0.000000 0.000000 0.048838 0.998807
308.288000 216.907776 -106.644382 0.000000 0.000000 0.000000 0.000627 1.000000
308.356000 216.870181 -105.671119 0.000000 0.000000 0.000000 -0.046294 0.998928
308.420000 216.906773 -104.674285 0.000000 0.000000 0.000000 -0.096151 0.995367
308.488000 217.023990 -103.683499 0.000000 0.000000 0.000000 -0.146838 0.989161
308.552000 217.175186 -102.695126 0.000000 0.000000 0.000000 -0.187947 0.982179
308.620000 217.465142 -101.739385 0.000000 0.000000 0.000000 -0.241452 0.970413
308.684000 217.825846 -100.808177 0.000000 0.000000 0.000000 -0.285686 0.958323
308.752000 217.226441 -100.039411 0.000000 0.000000 0.000000 -0.286797 0.957991
308.816000 216.319756 -99.638189 0.000000 0.000000 0.000000 -0.286576 0.958057
308.884000 215.493177 -99.316448 0.000000 0.000000 0.000000 -0.285958 0.958242
308.948000 214.947888 -98.508083 0.000000 0.000000 0.000000 -0.287098 0.957901
309.016000 213.971915 -98.359406 0.000000 0.000000 0.000000 -0.285523 0.958372
309.080000 213.197307 -97.749044 0.000000 0.000000 0.000000 -0.285739 0.958308
309.148000 212.452031 -97.088689 0.000000 0.000000 0.000000 -0.286459 0.958093
309.212000 211.547460 -96.720956 0.000000 0.000000 0.000000 -0.285896 0.958261
309.280000 210.919931 -95.950179 0.000000 0.000000 0.000000 -0.286932 0.957951
309.344000 210.386975 -95.156557 0.000000 0.000000 0.000000 -0.287838 0.957679
309.412000 209.461706 -95.496179 0.000000 0.000000 0.000000 -0.282197 0.959356
309.476000 210.403282 -95.787014 0.000000 0.000000 0.000000 -0.281334 0.959610
309.544000 209.431248 -96.018105 0.000000 0.000000 0.000000 -0.277201 0.960812
309.608000 208.519559 -95.620093 0.000000 0.000000 0.000000 -0.276646 0.960972
309.676000 207.925740 -94.818911 0.000000 0.000000 0.000000 -0.278066 0.960562
309.740000 208.282629 -93.952082 0.000000 0.000000 0.000000 -0.288163 0.957581
309.808000 207.979723 -93.000620 0.000000 0.000000 0.000000 -0.291290 0.956635
309.872000 207.453709 -92.161915 0.000000 0.000000 0.000000 -0.292808 0.956171
309.940000 206.570497 -91.757900 0.000000 0.000000 0.000000 -0.292234 0.956347
310.004000 205.601927 -91.509427 0.000000 0.000000 0.000000 -0.291112 0.956689
310.072000 204.630070 -91.285756 0.000000 0.000000 0.000000 -0.289574 0.957156
310.136000 204.615350 -90.299139 0.000000 0.000000 0.000000 -0.295599 0.955312
310.204000 204.096989 -89.460669 0.000000 0.000000 0.000000 -0.297234 0.954805
310.268000 203.263816 -88.941478 0.000000 0.000000 0.000000 -0.297140 0.954834
310.336000 202.485680 -88.367175 0.000000 0.000000 0.000000 -0.297213 0.954811
310.400000 201.629506 -87.892160 0.000000 0.000000 0.000000 -0.296797 0.954941
310.468000 200.695752 -87.613262 0.000000 0.000000 0.000000 -0.295531 0.955333
310.532000 199.889321 -87.045550 0.000000 0.000000 0.000000 -0.295363 0.955385
310.600000 198.985402 -86.629484 0.000000 0.000000 0.000000 -0.294426 0.955674
310.664000 198.464210 -85.798034 0.000000 0.000000 0.000000 -0.296058 0.955170
310.732000 197.514166 -85.557031 0.000000 0.000000 0.000000 -0.294437 0.955671
310.796000 196.957449 -84.749636 0.000000 0.000000 0.000000 -0.295901 0.955219
310.864000 196.129144 -84.235373 0.000000 0.000000 0.000000 -0.295951 0.955203
310.928000 195.575561 -83.425409 0.000000 0.000000 0.000000 -0.297563 0.954702
310.996000 194.613191 -83.219355 0.000000 0.000000 0.000000 -0.295933 0.955209
311.060000 193.843754 -82.598909 0.000000 0.000000 0.000000 -0.296182 0.955132
311.128000 192.867755 -82.381932 0.000000 0.000000 0.000000 -0.294601 0.955620
311.192000 191.975248 -81.962799 0.000000 0.000000 0.000000 -0.294040 0.955793
311.260000 191.164586 -81.410796 0.000000 0.000000 0.000000 -0.294016 0.955801
311.324000 190.315362 -80.936523 0.000000 0.000000 0.000000 -0.293815 0.955862
311.392000 189.599355 -80.275594 0.000000 0.000000 0.000000 -0.293957 0.955819
311.456000 188.744648 -79.777589 0.000000 0.000000 0.000000 -0.293469 0.955968
311.524000 187.959143 -79.182206 0.000000 0.000000 0.000000 -0.293602 0.955928
311.588000 187.154804 -78.616359 0.000000 0.000000 0.000000 -0.293720 0.955892
311.656000 186.288794 -78.176260 0.000000 0.000000 0.000000 -0.293350 0.956005
311.720000 185.618127 -77.460467 0.000000 0.000000 0.000000 -0.294424 0.955675
311.788000 184.983242 -76.713013 0.000000 0.000000 0.000000 -0.296043 0.955175
311.852000 184.989131 -76.717801 0.000000 0.000000 0.000000 -0.296006 0.955186
311.920000 184.991635 -76.740849 0.000000 0.000000 0.000000 -0.295166 0.955446
311.984000 184.291968 -76.030044 0.000000 0.000000 0.000000 -0.294976 0.955505
312.052000 184.291968 -76.030044 0.000000 0.000000 0.000000 -0.294976 0.955505
312.116000 184.291968 -76.030044 0.000000 0.000000 0.000000 -0.294976 0.955505
312.184000 184.291968 -76.030044 0.000000 0.000000 0.000000 -0.294976 0.955505
312.248000 184.291968 -76.030044 0.000000 0.000000 0.000000 -0.294976 0.955505
312.316000 183.588621 -76.736931 0.000000 0.000000 0.000000 -0.294667 0.955600
312.380000 183.588621 -76.736931 0.000000 0.000000 0.000000 -0.294667 0.955600
312.448000 183.588621 -76.736931 0.000000 0.000000 0.000000 -0.294667 0.955600
312.512000 183.309724 -77.693441 0.000000 0.000000 0.000000 -0.295196 0.955437
312.580000 183.309724 -77.693441 0.000000 0.000000 0.000000 -0.295196 0.955437
312.644000 183.309724 -77.693441 0.000000 0.000000 0.000000 -0.295196 0.955437
312.712000 183.309724 -77.693441 0.000000 0.000000 0.000000 -0.295196 0.955437
312.776000 183.309724 -77.693441 0.000000 0.000000 0.000000 -0.295196 0.955437
312.844000 182.690624 -78.467153 0.000000 0.000000 0.000000 -0.294812 0.955555
312.908000 182.373180 -79.413563 0.000000 0.000000 0.000000 -0.293876 0.955844
312.976000 181.975929 -79.998534 0.000000 0.000000 0.000000 -0.293876 0.955844
313.040000 181.975929 -79.998534 0.000000 0.000000 0.000000 -0.293876 0.955844
313.108000 181.975929 -79.998534 0.000000 0.000000 0.000000 -0.293876 0.955844
313.172000 181.975929 -79.998534 0.000000 0.000000 0.000000 -0.293876 0.955844
313.240000 181.437501 -79.181748 0.000000 0.000000 0.000000 -0.293876 0.955844
313.304000 181.437501 -79.181748 0.000000 0.000000 0.000000 -0.293876 0.955844
313.372000 181.437501 -79.181748 0.000000 0.000000 0.000000 -0.293876 0.955844
313.436000 181.904137 -80.064829 0.000000 0.000000 0.000000 -0.293873 0.955844
313.504000 181.076371 -80.625856 0.000000 0.000000 0.000000 -0.294536 0.955640
313.568000 181.076371 -80.625856 0.000000 0.000000 0.000000 -0.294536 0.955640
313.636000 181.474430 -80.041435 0.000000 0.000000 0.000000 -0.294536 0.955640
313.700000 180.536143 -80.346239 0.000000 0.000000 0.000000 -0.294536 0.955640
313.768000 180.340772 -79.366401 0.000000 0.000000 0.000000 -0.294536 0.955640
313.832000 180.399936 -80.357028 0.000000 0.000000 0.000000 -0.294536 0.955640
313.900000 179.836995 -81.183525 0.000000 0.000000 0.000000 -0.294536 0.955640
313.964000 179.510296 -82.121105 0.000000 0.000000 0.000000 -0.293865 0.955847
314.032000 178.912003 -82.921305 0.000000 0.000000 0.000000 -0.293930 0.955827
314.096000 178.912003 -82.921305 0.000000 0.000000 0.000000 -0.293930 0.955827
314.164000 178.912003 -82.921305 0.000000 0.000000 0.000000 -0.293930 0.955827
314.228000 178.912003 -82.921305 0.000000 0.000000 0.000000 -0.293930 0.955827
314.296000 178.607407 -83.871703 0.000000 0.000000 0.000000 -0.293930 0.955827
314.360000 178.607407 -83.871703 0.000000 0.000000 0.000000 -0.293930 0.955827
314.428000 178.607407 -83.871703 0.000000 0.000000 0.000000 -0.293930 0.955827
314.492000 179.590365 -83.829513 0.000000 0.000000 0.000000 -0.293930 0.955827
314.560000 179.590365 -83.829513 0.000000 0.000000 0.000000 -0.293930 0.955827
314.624000 178.641937 -84.031969 0.000000 0.000000 0.000000 -0.293930 0.955827
314.692000 178.641937 -84.031969 0.000000 0.000000 0.000000 -0.293930 0.955827
314.756000 178.488755 -83.229970 0.000000 0.000000 0.000000 -0.293930 0.955827
314.824000 178.488755 -83.229970 0.000000 0.000000 0.000000 -0.293930 0.955827
314.888000 178.488755 -83.229970 0.000000 0.000000 0.000000 -0.293930 0.955827
314.956000 178.641937 -84.031969 0.000000 0.000000 0.000000 -0.293930 0.955827
315.020000 178.795119 -84.833968 0.000000 0.000000 0.000000 -0.293930 0.955827
315.088000 178.641937 -84.031969 0.000000 0.000000 0.000000 -0.293930 0.955827
315.152000 178.488755 -83.229970 0.000000 0.000000 0.000000 -0.293930 0.955827
315.220000 178.488755 -83.229970 0.000000 0.000000 0.000000 -0.293930 0.955827
315.284000 178.641937 -84.031969 0.000000 0.000000 0.000000 -0.293930 0.955827
315.352000 178.641937 -84.031969 0.000000 0.000000 0.000000 -0.293930 0.955827
315.416000 178.641937 -84.031969 0.000000 0.000000 0.000000 -0.293930 0.955827
315.484000 178.795119 -84.833968 0.000000 0.000000 0.000000 -0.293930 0.955827
315.548000 178.795119 -84.833968 0.000000 0.000000 0.000000 -0.293930 0.955827
315.616000 178.641937 -84.031969 0.000000 0.000000 0.000000 -0.293930 0.955827
315.680000 178.488755 -83.229970 0.000000 0.000000 0.000000 -0.293930 0.955827
315.748000 178.335573 -82.427972 0.000000 0.000000 0.000000 -0.293930 0.955827
315.812000 178.335573 -82.427972 0.000000 0.000000 0.000000 -0.293930 0.955827
315.880000 178.488755 -83.229970 0.000000 0.000000 0.000000 -0.293930 0.955827
315.944000 178.641937 -84.031969 0.000000 0.000000 0.000000 -0.293930 0.955827
316.012000 178.641937 -84.031969 0.000000 0.000000 0.000000 -0.293930 0.955827
316.076000 178.641937 -84.031969 0.000000 0.000000 0.000000 -0.293930 0.955827
316.144000 177.980126 -84.780147 0.000000 0.000000 0.000000 -0.293930 0.955827
316.208000 177.980126 -84.780147 0.000000 0.000000 0.000000 -0.293930 0.955827
316.276000 178.133308 -85.582146 0.000000 0.000000 0.000000 -0.293930 0.955827
316.340000 178.133308 -85.582146 0.000000 0.000000 0.000000 -0.293930 0.955827
316.408000 178.133308 -85.582146 0.000000 0.000000 0.000000 -0.293930 0.955827
316.472000 178.133308 -85.582146 0.000000 0.000000 0.000000 -0.293930 0.955827
316.540000 177.471299 -86.331210 0.000000 0.000000 0.000000 -0.293930 0.955827
316.604000 177.318117 -85.529212 0.000000 0.000000 0.000000 -0.293930 0.955827
316.672000 177.164935 -84.727213 0.000000 0.000000 0.000000 -0.293930 0.955827
316.736000 177.318117 -85.529212 0.000000 0.000000 0.000000 -0.293930 0.955827
316.804000 177.164935 -84.727213 0.000000 0.000000 0.000000 -0.293930 0.955827
316.868000 177.318117 -85.529212 0.000000 0.000000 0.000000 -0.293930 0.955827
316.936000 177.318117 -85.529212 0.000000 0.000000 0.000000 -0.293930 0.955827
317.000000 177.471299 -86.331210 0.000000 0.000000 0.000000 -0.293930 0.955827
317.068000 177.624481 -87.133209 0.000000 0.000000 0.000000 -0.293930 0.955827
317.132000 177.777663 -87.935208 0.000000 0.000000 0.000000 -0.293930 0.955827
317.200000 177.930845 -88.737207 0.000000 0.000000 0.000000 -0.293930 0.955827
317.264000 177.930845 -88.737207 0.000000 0.000000 0.000000 -0.293930 0.955827
317.332000 177.930845 -88.737207 0.000000 0.000000 0.000000 -0.293930 0.955827
317.396000 177.930845 -88.737207 0.000000 0.000000 0.000000 -0.293930 0.955827
317.464000 177.930845 -88.737207 0.000000 0.000000 0.000000 -0.293930 0.955827
317.528000 178.084027 -89.539205 0.000000 0.000000 0.000000 -0.293930 0.955827
317.596000 178.237208 -90.341204 0.000000 0.000000 0.000000 -0.293930 0.955827
317.660000 178.390390 -91.143203 0.000000 0.000000 0.000000 -0.293930 0.955827
317.728000 178.543572 -91.945202 0.000000 0.000000 0.000000 -0.293930 0.955827
317.792000 178.543572 -91.945202 0.000000 0.000000 0.000000 -0.293930 0.955827
317.860000 177.672388 -92.140266 0.000000 0.000000 0.000000 -0.293930 0.955827
317.924000 177.672388 -92.140266 0.000000 0.000000 0.000000 -0.293930 0.955827
317.992000 177.672388 -92.140266 0.000000 0.000000 0.000000 -0.293930 0.955827
318.056000 177.672388 -92.140266 0.000000 0.000000 0.000000 -0.293930 0.955827
318.124000 177.825570 -92.942265 0.000000 0.000000 0.000000 -0.293930 0.955827
318.188000 177.978752 -93.744263 0.000000 0.000000 0.000000 -0.293930 0.955827
318.256000 177.978752 -93.744263 0.000000 0.000000 0.000000 -0.293930 0.955827
318.320000 178.131934 -94.546262 0.000000 0.000000 0.000000 -0.293930 0.955827
318.388000 178.131934 -94.546262 0.000000 0.000000 0.000000 -0.293930 0.955827
318.452000 178.285115 -95.348261 0.000000 0.000000 0.000000 -0.293930 0.955827
318.520000 178.438297 -96.150260 0.000000 0.000000 0.000000 -0.293930 0.955827
318.584000 178.438297 -96.150260 0.000000 0.000000 0.000000 -0.293930 0.955827
318.652000 178.438297 -96.150260 0.000000 0.000000 0.000000 -0.293930 0.955827
318.716000 178.438297 -96.150260 0.000000 0.000000 0.000000 -0.293930 0.955827
318.784000 178.285115 -95.348261 0.000000 0.000000 0.000000 -0.293930 0.955827
318.848000 178.285115 -95.348261 0.000000 0.000000 0.000000 -0.293930 0.955827
318.916000 178.438297 -96.150260 0.000000 0.000000 0.000000 -0.293930 0.955827
318.980000 178.285115 -95.348261 0.000000 0.000000 0.000000 -0.293930 0.955827
319.048000 178.438297 -96.150260 0.000000 0.000000 0.000000 -0.293930 0.955827
319.112000 178.591479 -96.952258 0.000000 0.000000 0.000000 -0.293930 0.955827
319.180000 178.591479 -96.952258 0.000000 0.000000 0.000000 -0.293930 0.955827
319.244000 178.744661 -97.754257 0.000000 0.000000 0.000000 -0.293930 0.955827
319.312000 178.897843 -98.556256 0.000000 0.000000 0.000000 -0.293930 0.955827
319.376000 178.897843 -98.556256 0.000000 0.000000 0.000000 -0.293930 0.955827
319.444000 178.744661 -97.754257 0.000000 0.000000 0.000000 -0.293930 0.955827
319.508000 178.897843 -98.556256 0.000000 0.000000 0.000000 -0.293930 0.955827
319.576000 179.051025 -99.358255 0.000000 0.000000 0.000000 -0.293930 0.955827
319.640000 179.051025 -99.358255 0.000000 0.000000 0.000000 -0.293930 0.955827
319.708000 179.051025 -99.358255 0.000000 0.000000 0.000000 -0.293930 0.955827
319.772000 179.204206 -100.160253 0.000000 0.000000 0.000000 -0.293930 0.955827
319.840000 179.204206 -100.160253 0.000000 0.000000 0.000000 -0.293930 0.955827
319.904000 179.204206 -100.160253 0.000000 0.000000 0.000000 -0.293930 0.955827
319.972000 179.204206 -100.160253 0.000000 0.000000 0.000000 -0.293930 0.955827
320.036000 179.357388 -100.962252 0.000000 0.000000 0.000000 -0.293930 0.955827
320.104000 179.510570 -101.764251 0.000000 0.000000 0.000000 -0.293930 0.955827
320.168000 179.510570 -101.764251 0.000000 0.000000 0.000000 -0.293930 0.955827
320.236000 179.510570 -101.764251 0.000000 0.000000 0.000000 -0.293930 0.955827
320.300000 179.357388 -100.962252 0.000000 0.000000 0.000000 -0.293930 0.955827
320.368000 179.510570 -101.764251 0.000000 0.000000 0.000000 -0.293930 0.955827
320.432000 179.510570 -101.764251 0.000000 0.000000 0.000000 -0.293930 0.955827
320.500000 179.663752 -102.566250 0.000000 0.000000 0.000000 -0.293930 0.955827
320.564000 179.663752 -102.566250 0.000000 0.000000 0.000000 -0.293930 0.955827
320.632000 179.816934 -103.368248 0.000000 0.000000 0.000000 -0.293930 0.955827
320.696000 179.970116 -104.170247 0.000000 0.000000 0.000000 -0.293930 0.955827
320.764000 179.816934 -103.368248 0.000000 0.000000 0.000000 -0.293930 0.955827
320.828000 179.970116 -104.170247 0.000000 0.000000 0.000000 -0.293930 0.955827
320.896000 180.123298 -104.972246 0.000000 0.000000 0.000000 -0.293930 0.955827
320.960000 179.970116 -104.170247 0.000000 0.000000 0.000000 -0.293930 0.955827
321.028000 179.970116 -104.170247 0.000000 0.000000 0.000000 -0.293930 0.955827
321.092000 179.970116 -104.170247 0.000000 0.000000 0.000000 -0.293930 0.955827
321.160000 180.123298 -104.972246 0.000000 0.000000 0.000000 -0.293930 0.955827
321.224000 180.123298 -104.972246 0.000000 0.000000 0.000000 -0.293930 0.955827
321.292000 180.123298 -104.972246 0.000000 0.000000 0.000000 -0.293930 0.955827
321.356000 180.123298 -104.972246 0.000000 0.000000 0.000000 -0.293930 0.955827
321.424000 179.970116 -104.170247 0.000000 0.000000 0.000000 -0.293930 0.955827
321.488000 179.970116 -104.170247 0.000000 0.000000 0.000000 -0.293930 0.955827
321.556000 179.970116 -104.170247 0.000000 0.000000 0.000000 -0.293930 0.955827
321.620000 180.123298 -104.972246 0.000000 0.000000 0.000000 -0.293930 0.955827
321.688000 180.276479 -105.774245 0.000000 0.000000 0.000000 -0.293930 0.955827
321.752000 180.123298 -104.972246 0.000000 0.000000 0.000000 -0.293930 0.955827
321.820000 180.276479 -105.774245 0.000000 0.000000 0.000000 -0.293930 0.955827
321.884000 180.429661 -106.576243 0.000000 0.000000 0.000000 -0.293930 0.955827
321.952000 180.582843 -107.378242 0.000000 0.000000 0.000000 -0.293930 0.955827
322.016000 180.582843 -107.378242 0.000000 0.000000 0.000000 -0.293930 0.955827
322.084000 180.429661 -106.576243 0.000000 0.000000 0.000000 -0.293930 0.955827
322.148000 180.429661 -106.576243 0.000000 0.000000 0.000000 -0.293930 0.955827
322.216000 180.276479 -105.774245 0.000000 0.000000 0.000000 -0.293930 0.955827
322.280000 180.429661 -106.576243 0.000000 0.000000 0.000000 -0.293930 0.955827
322.348000 180.429661 -106.576243 0.000000 0.000000 0.000000 -0.293930 0.955827
322.412000 180.582843 -107.378242 0.000000 0.000000 0.000000 -0.293930 0.955827
322.480000 180.582843 -107.378242 0.000000 0.000000 0.000000 -0.293930 0.955827
322.544000 180.429661 -106.576243 0.000000 0.000000 0.000000 -0.293930 0.955827
322.612000 179.776448 -105.844126 0.000000 0.000000 0.000000 -0.293930 0.955827
322.676000 180.686200 -106.210857 0.000000 0.000000 0.000000 -0.293930 0.955827
322.744000 180.839382 -107.012856 0.000000 0.000000 0.000000 -0.293930 0.955827
322.808000 180.686200 -106.210857 0.000000 0.000000 0.000000 -0.293930 0.955827
322.876000 180.686200 -106.210857 0.000000 0.000000 0.000000 -0.293930 0.955827
322.940000 180.686200 -106.210857 0.000000 0.000000 0.000000 -0.293930 0.955827
323.008000 180.686200 -106.210857 0.000000 0.000000 0.000000 -0.293930 0.955827
323.072000 180.686200 -106.210857 0.000000 0.000000 0.000000 -0.293930 0.955827
323.140000 180.686200 -106.210857 0.000000 0.000000 0.000000 -0.293930 0.955827
323.204000 180.839382 -107.012856 0.000000 0.000000 0.000000 -0.293930 0.955827
323.272000 180.839382 -107.012856 0.000000 0.000000 0.000000 -0.293930 0.955827
323.336000 180.839382 -107.012856 0.000000 0.000000 0.000000 -0.293930 0.955827
323.404000 180.686200 -106.210857 0.000000 0.000000 0.000000 -0.293930 0.955827
323.468000 180.533018 -105.408858 0.000000 0.000000 0.000000 -0.293930 0.955827
323.536000 180.686200 -106.210857 0.000000 0.000000 0.000000 -0.293930 0.955827
323.600000 180.533018 -105.408858 0.000000 0.000000 0.000000 -0.293930 0.955827
323.668000 180.686200 -106.210857 0.000000 0.000000 0.000000 -0.293930 0.955827
323.732000 180.839382 -107.012856 0.000000 0.000000 0.000000 -0.293930 0.955827
323.800000 180.839382 -107.012856 0.000000 0.000000 0.000000 -0.293930 0.955827
323.864000 180.686200 -106.210857 0.000000 0.000000 0.000000 -0.293930 0.955827
323.932000 180.686200 -106.210857 0.000000 0.000000 0.000000 -0.293930 0.955827
323.996000 180.686200 -106.210857 0.000000 0.000000 0.000000 -0.293930 0.955827
324.064000 180.686200 -106.210857 0.000000 0.000000 0.000000 -0.293930 0.955827
324.128000 180.839382 -107.012856 0.000000 0.000000 0.000000 -0.293930 0.955827
324.196000 180.992564 -107.814855 0.000000 0.000000 0.000000 -0.293930 0.955827
324.260000 181.145746 -108.616853 0.000000 0.000000 0.000000 -0.293930 0.955827
324.328000 181.298927 -109.418852 0.000000 0.000000 0.000000 -0.293930 0.955827
324.392000 181.298927 -109.418852 0.000000 0.000000 0.000000 -0.293930 0.955827
324.460000 181.298927 -109.418852 0.000000 0.000000 0.000000 -0.293930 0.955827
324.524000 181.298927 -109.418852 0.000000 0.000000 0.000000 -0.293930 0.955827
324.592000 181.298927 -109.418852 0.000000 0.000000 0.000000 -0.293930 0.955827
324.656000 181.452109 -110.220851 0.000000 0.000000 0.000000 -0.293930 0.955827
324.724000 181.605291 -111.022850 0.000000 0.000000 0.000000 -0.293930 0.955827
324.788000 181.452109 -110.220851 0.000000 0.000000 0.000000 -0.293930 0.955827
324.856000 181.452109 -110.220851 0.000000 0.000000 0.000000 -0.293930 0.955827
324.920000 181.452109 -110.220851 0.000000 0.000000 0.000000 -0.293930 0.955827
324.988000 182.084612 -110.971816 0.000000 0.000000 0.000000 -0.293930 0.955827
325.052000 182.084612 -110.971816 0.000000 0.000000 0.000000 -0.293930 0.955827
325.120000 182.084612 -110.971816 0.000000 0.000000 0.000000 -0.293930 0.955827
325.184000 182.084612 -110.971816 0.000000 0.000000 0.000000 -0.293930 0.955827
325.252000 181.931430 -110.169817 0.000000 0.000000 0.000000 -0.293930 0.955827
325.316000 182.084612 -110.971816 0.000000 0.000000 0.000000 -0.293930 0.955827
325.384000 182.084612 -110.971816 0.000000 0.000000 0.000000 -0.293930 0.955827
325.448000 182.237793 -111.773815 0.000000 0.000000 0.000000 -0.293930 0.955827
325.516000 182.237793 -111.773815 0.000000 0.000000 0.000000 -0.293930 0.955827
325.580000 182.390975 -112.575814 0.000000 0.000000 0.000000 -0.293930 0.955827
325.648000 182.390975 -112.575814 0.000000 0.000000 0.000000 -0.293930 0.955827
