34.984000 0.000000 0.000000 0.000000 0.000000 0.000000 0.000000 1.000000
35.048000 0.577350 -0.577350 0.000000 0.000000 0.000000 0.000000 1.000000
35.116000 1.154701 -1.154701 0.000000 0.000000 0.000000 0.000000 1.000000
35.180000 1.154701 -1.154701 0.000000 0.000000 0.000000 0.000000 1.000000
35.248000 0.577350 -0.577350 0.000000 0.000000 0.000000 0.000000 1.000000
35.312000 0.577350 -0.577350 0.000000 0.000000 0.000000 0.000000 1.000000
35.380000 1.154701 -1.154701 0.000000 0.000000 0.000000 0.000000 1.000000
35.444000 1.154701 -1.154701 0.000000 0.000000 0.000000 0.000000 1.000000
35.512000 1.154701 -1.154701 0.000000 0.000000 0.000000 0.000000 1.000000
35.576000 1.154701 -1.154701 0.000000 0.000000 0.000000 0.000000 1.000000
35.644000 1.732051 -1.732051 0.000000 0.000000 0.000000 0.000000 1.000000
35.708000 1.732051 -1.732051 0.000000 0.000000 0.000000 0.000000 1.000000
35.776000 0.777405 -1.506668 0.000000 0.000000 0.000000 -0.000000 1.000000
35.840000 1.354755 -2.084018 0.000000 0.000000 0.000000 -0.000000 1.000000
35.908000 0.647744 -2.104747 0.000000 0.000000 0.000000 0.000000 1.000000
35.972000 1.506034 -2.079583 0.000000 0.000000 0.000000 0.000000 1.000000
36.040000 1.506034 -2.079583 0.000000 0.000000 0.000000 0.000000 1.000000
36.104000 1.506034 -2.079583 0.000000 0.000000 0.000000 0.000000 1.000000
36.172000 0.928683 -1.502233 0.000000 0.000000 0.000000 0.000000 1.000000
36.236000 1.204739 -0.544374 0.000000 0.000000 0.000000 0.000000 1.000000
36.304000 1.782089 -1.121725 0.000000 0.000000 0.000000 0.000000 1.000000
36.368000 2.359439 -1.699075 0.000000 0.000000 0.000000 0.000000 1.000000
36.436000 2.359439 -1.699075 0.000000 0.000000 0.000000 0.000000 1.000000
36.500000 2.359439 -1.699075 0.000000 0.000000 0.000000 0.000000 1.000000
36.568000 2.359439 -1.699075 0.000000 0.000000 0.000000 0.000000 1.000000
36.632000 2.359439 -1.699075 0.000000 0.000000 0.000000 0.000000 1.000000
36.700000 2.359439 -1.699075 0.000000 0.000000 0.000000 0.000000 1.000000
36.764000 2.359439 -1.699075 0.000000 0.000000 0.000000 0.000000 1.000000
36.832000 2.359439 -1.699075 0.000000 0.000000 0.000000 0.000000 1.000000
36.896000 2.936790 -2.276425 0.000000 0.000000 0.000000 0.000000 1.000000
36.964000 2.936790 -2.276425 0.000000 0.000000 0.000000 0.000000 1.000000
37.028000 2.936790 -2.276425 0.000000 0.000000 0.000000 0.000000 1.000000
37.096000 2.936790 -2.276425 0.000000 0.000000 0.000000 0.000000 1.000000
37.160000 2.936790 -2.276425 0.000000 0.000000 0.000000 0.000000 1.000000
37.228000 3.514140 -2.853775 0.000000 0.000000 0.000000 0.000000 1.000000
37.292000 3.514140 -2.853775 0.000000 0.000000 0.000000 0.000000 1.000000
37.360000 4.091490 -3.431126 0.000000 0.000000 0.000000 0.000000 1.000000
37.424000 3.514140 -2.853775 0.000000 0.000000 0.000000 0.000000 1.000000
37.492000 4.091490 -3.431126 0.000000 0.000000 0.000000 0.000000 1.000000
37.556000 4.668840 -4.008476 0.000000 0.000000 0.000000 0.000000 1.000000
37.624000 3.720106 -3.889724 0.000000 0.000000 0.000000 0.000000 1.000000
37.688000 3.720106 -3.889724 0.000000 0.000000 0.000000 0.000000 1.000000
37.756000 4.297456 -4.467075 0.000000 0.000000 0.000000 0.000000 1.000000
37.820000 4.297456 -4.467075 0.000000 0.000000 0.000000 0.000000 1.000000
37.888000 4.297456 -4.467075 0.000000 0.000000 0.000000 0.000000 1.000000
37.952000 4.297456 -4.467075 0.000000 0.000000 0.000000 0.000000 1.000000
38.020000 3.720106 -3.889724 0.000000 0.000000 0.000000 0.000000 1.000000
38.084000 3.720106 -3.889724 0.000000 0.000000 0.000000 0.000000 1.000000
38.152000 3.720106 -3.889724 0.000000 0.000000 0.000000 0.000000 1.000000
38.216000 4.297456 -4.467075 0.000000 0.000000 0.000000 0.000000 1.000000
38.284000 4.297456 -4.467075 0.000000 0.000000 0.000000 0.000000 1.000000
38.348000 4.297456 -4.467075 0.000000 0.000000 0.000000 0.000000 1.000000
38.416000 4.297456 -4.467075 0.000000 0.000000 0.000000 0.000000 1.000000
38.480000 4.874806 -5.044425 0.000000 0.000000 0.000000 0.000000 1.000000
38.548000 4.874806 -5.044425 0.000000 0.000000 0.000000 0.000000 1.000000
38.612000 5.561530 -5.730831 0.000000 0.000000 0.000000 0.000000 1.000000
38.680000 6.138881 -6.308181 0.000000 0.000000 0.000000 0.000000 1.000000
38.744000 6.138881 -6.308181 0.000000 0.000000 0.000000 0.000000 1.000000
38.812000 5.561530 -5.730831 0.000000 0.000000 0.000000 0.000000 1.000000
38.876000 6.138881 -6.308181 0.000000 0.000000 0.000000 0.000000 1.000000
38.944000 6.716231 -6.885532 0.000000 0.000000 0.000000 0.000000 1.000000
39.008000 6.138881 -6.308181 0.000000 0.000000 0.000000 0.000000 1.000000
39.076000 6.138881 -6.308181 0.000000 0.000000 0.000000 0.000000 1.000000
39.140000 6.716231 -6.885532 0.000000 0.000000 0.000000 0.000000 1.000000
39.208000 6.716231 -6.885532 0.000000 0.000000 0.000000 0.000000 1.000000
39.272000 7.293581 -7.462882 0.000000 0.000000 0.000000 0.000000 1.000000
39.340000 7.870931 -8.040232 0.000000 0.000000 0.000000 0.000000 1.000000
39.404000 8.448282 -8.617583 0.000000 0.000000 0.000000 0.000000 1.000000
39.472000 7.870931 -8.040232 0.000000 0.000000 0.000000 0.000000 1.000000
39.536000 8.448282 -8.617583 0.000000 0.000000 0.000000 0.000000 1.000000
39.604000 8.448282 -8.617583 0.000000 0.000000 0.000000 0.000000 1.000000
39.668000 9.025632 -9.194933 0.000000 0.000000 0.000000 0.000000 1.000000
39.736000 9.602982 -9.772283 0.000000 0.000000 0.000000 0.000000 1.000000
39.800000 9.602982 -9.772283 0.000000 0.000000 0.000000 0.000000 1.000000
39.868000 10.180332 -10.349633 0.000000 0.000000 0.000000 0.000000 1.000000
39.932000 9.602982 -9.772283 0.000000 0.000000 0.000000 0.000000 1.000000
40.000000 9.602982 -9.772283 0.000000 0.000000 0.000000 0.000000 1.000000
40.064000 10.180332 -10.349633 0.000000 0.000000 0.000000 0.000000 1.000000
40.132000 10.180332 -10.349633 0.000000 0.000000 0.000000 0.000000 1.000000
40.196000 10.959247 -9.755634 0.000000 0.000000 0.000000 0.000000 1.000000
40.264000 10.381897 -9.178284 0.000000 0.000000 0.000000 0.000000 1.000000
40.328000 10.959247 -9.755634 0.000000 0.000000 0.000000 0.000000 1.000000
40.396000 10.959247 -9.755634 0.000000 0.000000 0.000000 0.000000 1.000000
40.460000 11.536598 -10.332985 0.000000 0.000000 0.000000 0.000000 1.000000
40.528000 12.290304 -10.358837 0.000000 0.000000 0.000000 0.000000 1.000000
40.592000 12.867655 -10.936187 0.000000 0.000000 0.000000 0.000000 1.000000
40.660000 12.290304 -10.358837 0.000000 0.000000 0.000000 0.000000 1.000000
40.724000 12.290304 -10.358837 0.000000 0.000000 0.000000 0.000000 1.000000
40.792000 11.712954 -9.781487 0.000000 0.000000 0.000000 0.000000 1.000000
40.856000 11.135604 -9.204137 0.000000 0.000000 0.000000 0.000000 1.000000
40.924000 10.388100 -9.478927 0.000000 0.000000 0.000000 0.000000 1.000000
40.988000 10.965450 -10.056278 0.000000 0.000000 0.000000 0.000000 1.000000
41.056000 10.965450 -10.056278 0.000000 0.000000 0.000000 0.000000 1.000000
41.120000 10.965450 -10.056278 0.000000 0.000000 0.000000 0.000000 1.000000
41.188000 10.965450 -10.056278 0.000000 0.000000 0.000000 0.000000 1.000000
41.252000 10.965450 -10.056278 0.000000 0.000000 0.000000 0.000000 1.000000
41.320000 10.682351 -9.934330 0.000000 0.000000 0.000000 0.000000 1.000000
41.384000 11.259701 -10.511680 0.000000 0.000000 0.000000 0.000000 1.000000
41.452000 11.259701 -10.511680 0.000000 0.000000 0.000000 0.000000 1.000000
41.516000 11.259701 -10.511680 0.000000 0.000000 0.000000 0.000000 1.000000
41.584000 11.259701 -10.511680 0.000000 0.000000 0.000000 0.000000 1.000000
41.648000 10.682351 -9.934330 0.000000 0.000000 0.000000 0.000000 1.000000
41.716000 10.105000 -9.356980 0.000000 0.000000 0.000000 0.000000 1.000000
41.780000 10.682351 -9.934330 0.000000 0.000000 0.000000 0.000000 1.000000
41.848000 10.682351 -9.934330 0.000000 0.000000 0.000000 0.000000 1.000000
41.912000 10.682351 -9.934330 0.000000 0.000000 0.000000 0.000000 1.000000
41.980000 10.105000 -9.356980 0.000000 0.000000 0.000000 0.000000 1.000000
42.044000 10.682351 -9.934330 0.000000 0.000000 0.000000 0.000000 1.000000
42.112000 11.259701 -10.511680 0.000000 0.000000 0.000000 0.000000 1.000000
42.176000 11.259701 -10.511680 0.000000 0.000000 0.000000 0.000000 1.000000
42.244000 11.259701 -10.511680 0.000000 0.000000 0.000000 0.000000 1.000000
42.308000 11.837051 -11.089031 0.000000 0.000000 0.000000 0.000000 1.000000
42.376000 11.837051 -11.089031 0.000000 0.000000 0.000000 0.000000 1.000000
42.440000 11.837051 -11.089031 0.000000 0.000000 0.000000 0.000000 1.000000
42.508000 11.837051 -11.089031 0.000000 0.000000 0.000000 0.000000 1.000000
42.572000 12.414402 -11.666381 0.000000 0.000000 0.000000 0.000000 1.000000
42.640000 12.414402 -11.666381 0.000000 0.000000 0.000000 0.000000 1.000000
42.704000 12.991752 -12.243731 0.000000 0.000000 0.000000 0.000000 1.000000
42.772000 13.569102 -12.821081 0.000000 0.000000 0.000000 0.000000 1.000000
42.836000 13.569102 -12.821081 0.000000 0.000000 0.000000 0.000000 1.000000
42.904000 14.146452 -13.398432 0.000000 0.000000 0.000000 0.000000 1.000000
42.968000 14.146452 -13.398432 0.000000 0.000000 0.000000 0.000000 1.000000
43.036000 14.146452 -13.398432 0.000000 0.000000 0.000000 0.000000 1.000000
43.100000 14.146452 -13.398432 0.000000 0.000000 0.000000 0.000000 1.000000
43.168000 14.146452 -13.398432 0.000000 0.000000 0.000000 0.000000 1.000000
43.232000 14.753800 -14.170883 0.000000 0.000000 0.000000 0.000000 1.000000
43.300000 14.753800 -14.170883 0.000000 0.000000 0.000000 0.000000 1.000000
43.364000 15.331151 -14.748233 0.000000 0.000000 0.000000 0.000000 1.000000
43.432000 15.331151 -14.748233 0.000000 0.000000 0.000000 0.000000 1.000000
43.496000 15.331151 -14.748233 0.000000 0.000000 0.000000 0.000000 1.000000
43.564000 15.908501 -15.325584 0.000000 0.000000 0.000000 0.000000 1.000000
43.628000 15.331151 -14.748233 0.000000 0.000000 0.000000 0.000000 1.000000
43.696000 15.331151 -14.748233 0.000000 0.000000 0.000000 0.000000 1.000000
43.760000 15.331151 -14.748233 0.000000 0.000000 0.000000 0.000000 1.000000
43.828000 15.331151 -14.748233 0.000000 0.000000 0.000000 0.000000 1.000000
43.892000 15.908501 -15.325584 0.000000 0.000000 0.000000 0.000000 1.000000
43.960000 15.908501 -15.325584 0.000000 0.000000 0.000000 0.000000 1.000000
44.024000 16.485851 -15.902934 0.000000 0.000000 0.000000 0.000000 1.000000
44.092000 17.063201 -16.480284 0.000000 0.000000 0.000000 0.000000 1.000000
44.156000 17.640552 -17.057634 0.000000 0.000000 0.000000 0.000000 1.000000
44.224000 17.640552 -17.057634 0.000000 0.000000 0.000000 0.000000 1.000000
44.288000 18.383502 -17.695537 0.000000 0.000000 0.000000 0.000000 1.000000
44.356000 18.383502 -17.695537 0.000000 0.000000 0.000000 0.000000 1.000000
44.420000 17.806152 -17.118187 0.000000 0.000000 0.000000 0.000000 1.000000
44.488000 17.806152 -17.118187 0.000000 0.000000 0.000000 0.000000 1.000000
44.552000 17.806152 -17.118187 0.000000 0.000000 0.000000 0.000000 1.000000
44.620000 17.806152 -17.118187 0.000000 0.000000 0.000000 0.000000 1.000000
44.684000 17.806152 -17.118187 0.000000 0.000000 0.000000 0.000000 1.000000
44.752000 18.383502 -17.695537 0.000000 0.000000 0.000000 0.000000 1.000000
44.816000 18.383502 -17.695537 0.000000 0.000000 0.000000 0.000000 1.000000
44.884000 18.960852 -18.272887 0.000000 0.000000 0.000000 0.000000 1.000000
44.948000 18.960852 -18.272887 0.000000 0.000000 0.000000 0.000000 1.000000
45.016000 18.960852 -18.272887 0.000000 0.000000 0.000000 0.000000 1.000000
45.080000 18.960852 -18.272887 0.000000 0.000000 0.000000 0.000000 1.000000
45.148000 18.383502 -17.695537 0.000000 0.000000 0.000000 0.000000 1.000000
45.212000 17.682649 -17.942646 0.000000 0.000000 0.000000 0.000000 1.000000
45.280000 18.509137 -17.638819 0.000000 0.000000 0.000000 0.000000 1.000000
45.344000 18.509137 -17.638819 0.000000 0.000000 0.000000 0.000000 1.000000
45.412000 18.509137 -17.638819 0.000000 0.000000 0.000000 0.000000 1.000000
45.476000 17.931787 -17.061469 0.000000 0.000000 0.000000 0.000000 1.000000
45.544000 17.354437 -16.484119 0.000000 0.000000 0.000000 0.000000 1.000000
45.608000 17.354437 -16.484119 0.000000 0.000000 0.000000 0.000000 1.000000
45.676000 17.354437 -16.484119 0.000000 0.000000 0.000000 0.000000 1.000000
45.740000 16.777087 -15.906769 0.000000 0.000000 0.000000 0.000000 1.000000
45.808000 17.387830 -15.682253 0.000000 0.000000 0.000000 0.000000 1.000000
45.872000 16.810479 -15.104902 0.000000 0.000000 0.000000 0.000000 1.000000
45.940000 16.233129 -14.527552 0.000000 0.000000 0.000000 0.000000 1.000000
46.004000 16.233129 -14.527552 0.000000 0.000000 0.000000 0.000000 1.000000
46.072000 16.233129 -14.527552 0.000000 0.000000 0.000000 0.000000 1.000000
46.136000 15.321554 -14.862658 0.000000 0.000000 0.000000 0.000000 1.000000
46.204000 15.321554 -14.862658 0.000000 0.000000 0.000000 0.000000 1.000000
46.268000 15.898904 -15.440008 0.000000 0.000000 0.000000 0.000000 1.000000
46.336000 16.526405 -16.087236 0.000000 0.000000 0.000000 0.000000 1.000000
46.400000 16.526405 -16.087236 0.000000 0.000000 0.000000 0.000000 1.000000
46.468000 15.949055 -15.509885 0.000000 0.000000 0.000000 0.000000 1.000000
46.532000 15.949055 -15.509885 0.000000 0.000000 0.000000 0.000000 1.000000
46.600000 15.949055 -15.509885 0.000000 0.000000 0.000000 0.000000 1.000000
46.664000 16.526405 -16.087236 0.000000 0.000000 0.000000 0.000000 1.000000
46.732000 16.526405 -16.087236 0.000000 0.000000 0.000000 0.000000 1.000000
46.796000 17.103755 -16.664586 0.000000 0.000000 0.000000 0.000000 1.000000
46.864000 16.526405 -16.087236 0.000000 0.000000 0.000000 0.000000 1.000000
46.928000 17.103755 -16.664586 0.000000 0.000000 0.000000 0.000000 1.000000
46.996000 17.681106 -17.241936 0.000000 0.000000 0.000000 0.000000 1.000000
47.060000 18.474287 -16.996864 0.000000 0.000000 0.000000 0.000000 1.000000
47.128000 19.051637 -17.574214 0.000000 0.000000 0.000000 0.000000 1.000000
47.192000 19.051637 -17.574214 0.000000 0.000000 0.000000 0.000000 1.000000
47.260000 19.628987 -18.151564 0.000000 0.000000 0.000000 0.000000 1.000000
47.324000 19.051637 -17.574214 0.000000 0.000000 0.000000 0.000000 1.000000
47.392000 19.628987 -18.151564 0.000000 0.000000 0.000000 0.000000 1.000000
47.456000 20.206338 -18.728915 0.000000 0.000000 0.000000 0.000000 1.000000
47.524000 19.628987 -18.151564 0.000000 0.000000 0.000000 0.000000 1.000000
47.588000 20.206338 -18.728915 0.000000 0.000000 0.000000 0.000000 1.000000
47.656000 20.783688 -19.306265 0.000000 0.000000 0.000000 0.000000 1.000000
47.720000 21.361038 -19.883615 0.000000 0.000000 0.000000 0.000000 1.000000
47.788000 20.783688 -19.306265 0.000000 0.000000 0.000000 0.000000 1.000000
47.852000 20.783688 -19.306265 0.000000 0.000000 0.000000 0.000000 1.000000
47.920000 21.361038 -19.883615 0.000000 0.000000 0.000000 0.000000 1.000000
47.984000 21.361038 -19.883615 0.000000 0.000000 0.000000 0.000000 1.000000
48.052000 21.938388 -20.460966 0.000000 0.000000 0.000000 0.000000 1.000000
48.116000 22.515739 -21.038316 0.000000 0.000000 0.000000 0.000000 1.000000
48.184000 23.093089 -21.615666 0.000000 0.000000 0.000000 0.000000 1.000000
48.248000 22.515739 -21.038316 0.000000 0.000000 0.000000 0.000000 1.000000
48.316000 23.397698 -21.435596 0.000000 0.000000 0.000000 0.000000 1.000000
48.380000 23.975048 -22.012947 0.000000 0.000000 0.000000 0.000000 1.000000
48.448000 23.975048 -22.012947 0.000000 0.000000 0.000000 0.000000 1.000000
48.512000 24.552398 -22.590297 0.000000 0.000000 0.000000 0.000000 1.000000
48.580000 23.975048 -22.012947 0.000000 0.000000 0.000000 0.000000 1.000000
48.644000 23.975048 -22.012947 0.000000 0.000000 0.000000 0.000000 1.000000
48.712000 23.975048 -22.012947 0.000000 0.000000 0.000000 0.000000 1.000000
48.776000 23.975048 -22.012947 0.000000 0.000000 0.000000 0.000000 1.000000
48.844000 23.975048 -22.012947 0.000000 0.000000 0.000000 0.000000 1.000000
48.908000 24.552398 -22.590297 0.000000 0.000000 0.000000 0.000000 1.000000
48.976000 24.552398 -22.590297 0.000000 0.000000 0.000000 0.000000 1.000000
49.040000 25.129749 -23.167647 0.000000 0.000000 0.000000 0.000000 1.000000
49.108000 25.129749 -23.167647 0.000000 0.000000 0.000000 0.000000 1.000000
49.172000 25.707099 -23.744998 0.000000 0.000000 0.000000 0.000000 1.000000
49.240000 26.472449 -23.151315 0.000000 0.000000 0.000000 0.000000 1.000000
49.304000 25.579188 -22.813877 0.000000 0.000000 0.000000 -0.000000 1.000000
49.372000 25.579188 -22.813877 0.000000 0.000000 0.000000 -0.000000 1.000000
49.436000 25.579188 -22.813877 0.000000 0.000000 0.000000 -0.000000 1.000000
49.504000 25.579188 -22.813877 0.000000 0.000000 0.000000 -0.000000 1.000000
49.568000 25.579188 -22.813877 0.000000 0.000000 0.000000 -0.000000 1.000000
49.636000 25.001837 -22.236526 0.000000 0.000000 0.000000 -0.000000 1.000000
49.700000 25.579188 -22.813877 0.000000 0.000000 0.000000 -0.000000 1.000000
49.768000 25.001837 -22.236526 0.000000 0.000000 0.000000 -0.000000 1.000000
49.832000 24.424487 -21.659176 0.000000 0.000000 0.000000 -0.000000 1.000000
49.900000 24.424487 -21.659176 0.000000 0.000000 0.000000 -0.000000 1.000000
49.964000 24.424487 -21.659176 0.000000 0.000000 0.000000 -0.000000 1.000000
50.032000 25.001837 -22.236526 0.000000 0.000000 0.000000 -0.000000 1.000000
50.096000 25.275434 -21.570897 0.000000 0.000000 0.000000 -0.000000 1.000000
50.164000 25.852784 -22.148247 0.000000 0.000000 0.000000 -0.000000 1.000000
50.228000 25.852784 -22.148247 0.000000 0.000000 0.000000 -0.000000 1.000000
50.296000 25.275434 -21.570897 0.000000 0.000000 0.000000 -0.000000 1.000000
50.360000 25.275434 -21.570897 0.000000 0.000000 0.000000 -0.000000 1.000000
50.428000 25.275434 -21.570897 0.000000 0.000000 0.000000 -0.000000 1.000000
50.492000 25.275434 -21.570897 0.000000 0.000000 0.000000 -0.000000 1.000000
50.560000 25.275434 -21.570897 0.000000 0.000000 0.000000 -0.000000 1.000000
50.624000 25.852784 -22.148247 0.000000 0.000000 0.000000 -0.000000 1.000000
50.692000 26.430134 -22.725598 0.000000 0.000000 0.000000 -0.000000 1.000000
50.756000 27.007484 -23.302948 0.000000 0.000000 0.000000 -0.000000 1.000000
50.824000 27.584835 -23.880298 0.000000 0.000000 0.000000 -0.000000 1.000000
50.888000 27.007484 -23.302948 0.000000 0.000000 0.000000 -0.000000 1.000000
50.956000 27.584835 -23.880298 0.000000 0.000000 0.000000 -0.000000 1.000000
51.020000 27.584835 -23.880298 0.000000 0.000000 0.000000 -0.000000 1.000000
51.088000 27.584835 -23.880298 0.000000 0.000000 0.000000 -0.000000 1.000000
51.152000 27.007484 -23.302948 0.000000 0.000000 0.000000 -0.000000 1.000000
51.220000 27.584835 -23.880298 0.000000 0.000000 0.000000 -0.000000 1.000000
51.284000 28.514473 -23.955985 0.000000 0.000000 0.000000 -0.000000 1.000000
51.352000 29.091824 -24.533335 0.000000 0.000000 0.000000 -0.000000 1.000000
51.416000 29.091824 -24.533335 0.000000 0.000000 0.000000 -0.000000 1.000000
51.484000 29.091824 -24.533335 0.000000 0.000000 0.000000 -0.000000 1.000000
51.548000 29.091824 -24.533335 0.000000 0.000000 0.000000 -0.000000 1.000000
51.616000 29.091824 -24.533335 0.000000 0.000000 0.000000 -0.000000 1.000000
51.680000 29.669174 -25.110686 0.000000 0.000000 0.000000 -0.000000 1.000000
51.748000 30.497900 -25.573323 0.000000 0.000000 0.000000 -0.000000 1.000000
51.812000 29.584494 -25.738859 0.000000 0.000000 0.000000 0.000038 1.000000
51.880000 29.584494 -25.738859 0.000000 0.000000 0.000000 0.000038 1.000000
51.944000 29.584494 -25.738859 0.000000 0.000000 0.000000 0.000038 1.000000
52.012000 29.584494 -25.738859 0.000000 0.000000 0.000000 0.000038 1.000000
52.076000 29.584494 -25.738859 0.000000 0.000000 0.000000 0.000038 1.000000
52.144000 29.584494 -25.738859 0.000000 0.000000 0.000000 0.000038 1.000000
52.208000 29.584494 -25.738859 0.000000 0.000000 0.000000 0.000038 1.000000
52.276000 29.007099 -25.161552 0.000000 0.000000 0.000000 0.000038 1.000000
52.340000 28.641615 -26.081632 0.000000 0.000000 0.000000 0.000038 1.000000
52.408000 28.641615 -26.081632 0.000000 0.000000 0.000000 0.000038 1.000000
52.472000 28.641615 -26.081632 0.000000 0.000000 0.000000 0.000038 1.000000
52.540000 28.641615 -26.081632 0.000000 0.000000 0.000000 0.000038 1.000000
52.604000 28.641615 -26.081632 0.000000 0.000000 0.000000 0.000038 1.000000
52.672000 29.219009 -26.658938 0.000000 0.000000 0.000000 0.000038 1.000000
52.736000 29.219009 -26.658938 0.000000 0.000000 0.000000 0.000038 1.000000
52.804000 29.796403 -27.236244 0.000000 0.000000 0.000000 0.000038 1.000000
52.868000 29.796403 -27.236244 0.000000 0.000000 0.000000 0.000038 1.000000
52.936000 29.796403 -27.236244 0.000000 0.000000 0.000000 0.000038 1.000000
53.000000 29.219009 -26.658938 0.000000 0.000000 0.000000 0.000038 1.000000
53.068000 29.796403 -27.236244 0.000000 0.000000 0.000000 0.000038 1.000000
53.132000 30.373797 -27.813551 0.000000 0.000000 0.000000 0.000038 1.000000
53.200000 30.373797 -27.813551 0.000000 0.000000 0.000000 0.000038 1.000000
53.264000 30.373797 -27.813551 0.000000 0.000000 0.000000 0.000038 1.000000
53.332000 30.373797 -27.813551 0.000000 0.000000 0.000000 0.000038 1.000000
53.396000 30.951192 -28.390857 0.000000 0.000000 0.000000 0.000038 1.000000
53.464000 31.528586 -28.968164 0.000000 0.000000 0.000000 0.000038 1.000000
53.528000 31.528586 -28.968164 0.000000 0.000000 0.000000 0.000038 1.000000
53.596000 32.105980 -29.545470 0.000000 0.000000 0.000000 0.000038 1.000000
53.660000 32.105980 -29.545470 0.000000 0.000000 0.000000 0.000038 1.000000
53.728000 32.105980 -29.545470 0.000000 0.000000 0.000000 0.000038 1.000000
53.792000 32.105980 -29.545470 0.000000 0.000000 0.000000 0.000038 1.000000
53.860000 32.683374 -30.122776 0.000000 0.000000 0.000000 0.000038 1.000000
53.924000 33.260768 -30.700083 0.000000 0.000000 0.000000 0.000038 1.000000
53.992000 33.260768 -30.700083 0.000000 0.000000 0.000000 0.000038 1.000000
54.056000 33.260768 -30.700083 0.000000 0.000000 0.000000 0.000038 1.000000
54.124000 33.260768 -30.700083 0.000000 0.000000 0.000000 0.000038 1.000000
54.188000 33.838162 -31.277389 0.000000 0.000000 0.000000 0.000038 1.000000
54.256000 34.415557 -31.854695 0.000000 0.000000 0.000000 0.000038 1.000000
54.320000 33.838162 -31.277389 0.000000 0.000000 0.000000 0.000038 1.000000
54.388000 33.838162 -31.277389 0.000000 0.000000 0.000000 0.000038 1.000000
54.452000 33.838162 -31.277389 0.000000 0.000000 0.000000 0.000038 1.000000
54.520000 34.415557 -31.854695 0.000000 0.000000 0.000000 0.000038 1.000000
54.584000 33.838162 -31.277389 0.000000 0.000000 0.000000 0.000038 1.000000
54.652000 33.838162 -31.277389 0.000000 0.000000 0.000000 0.000038 1.000000
54.716000 33.838162 -31.277389 0.000000 0.000000 0.000000 0.000038 1.000000
54.784000 33.838162 -31.277389 0.000000 0.000000 0.000000 0.000038 1.000000
54.848000 33.838162 -31.277389 0.000000 0.000000 0.000000 0.000038 1.000000
54.916000 34.415557 -31.854695 0.000000 0.000000 0.000000 0.000038 1.000000
54.980000 34.415557 -31.854695 0.000000 0.000000 0.000000 0.000038 1.000000
55.048000 34.415557 -31.854695 0.000000 0.000000 0.000000 0.000038 1.000000
55.112000 34.992951 -32.432002 0.000000 0.000000 0.000000 0.000038 1.000000
55.180000 34.992951 -32.432002 0.000000 0.000000 0.000000 0.000038 1.000000
55.244000 34.415557 -31.854695 0.000000 0.000000 0.000000 0.000038 1.000000
55.312000 33.838162 -31.277389 0.000000 0.000000 0.000000 0.000038 1.000000
55.376000 33.838162 -31.277389 0.000000 0.000000 0.000000 0.000038 1.000000
55.444000 33.260768 -30.700083 0.000000 0.000000 0.000000 0.000038 1.000000
55.508000 33.838162 -31.277389 0.000000 0.000000 0.000000 0.000038 1.000000
55.576000 33.260768 -30.700083 0.000000 0.000000 0.000000 0.000038 1.000000
55.640000 33.838162 -31.277389 0.000000 0.000000 0.000000 0.000038 1.000000
55.708000 33.838162 -31.277389 0.000000 0.000000 0.000000 0.000038 1.000000
55.772000 34.415557 -31.854695 0.000000 0.000000 0.000000 0.000038 1.000000
55.840000 34.992951 -32.432002 0.000000 0.000000 0.000000 0.000038 1.000000
55.904000 35.570345 -33.009308 0.000000 0.000000 0.000000 0.000038 1.000000
55.972000 34.992951 -32.432002 0.000000 0.000000 0.000000 0.000038 1.000000
56.036000 35.570345 -33.009308 0.000000 0.000000 0.000000 0.000038 1.000000
56.104000 36.147739 -33.586614 0.000000 0.000000 0.000000 0.000038 1.000000
56.168000 36.147739 -33.586614 0.000000 0.000000 0.000000 0.000038 1.000000
56.236000 36.725133 -34.163921 0.000000 0.000000 0.000000 0.000038 1.000000
56.300000 37.302527 -34.741227 0.000000 0.000000 0.000000 0.000038 1.000000
56.368000 37.879922 -35.318534 0.000000 0.000000 0.000000 0.000038 1.000000
56.432000 37.027309 -35.220532 0.000000 0.000000 0.000000 0.000038 1.000000
56.500000 37.027309 -35.220532 0.000000 0.000000 0.000000 0.000038 1.000000
56.564000 37.604703 -35.797838 0.000000 0.000000 0.000000 0.000038 1.000000
56.632000 38.182097 -36.375145 0.000000 0.000000 0.000000 0.000038 1.000000
56.696000 38.759491 -36.952451 0.000000 0.000000 0.000000 0.000038 1.000000
56.764000 38.759491 -36.952451 0.000000 0.000000 0.000000 0.000038 1.000000
56.828000 39.336886 -37.529758 0.000000 0.000000 0.000000 0.000038 1.000000
56.896000 39.336886 -37.529758 0.000000 0.000000 0.000000 0.000038 1.000000
56.960000 39.336886 -37.529758 0.000000 0.000000 0.000000 0.000038 1.000000
57.028000 40.314432 -37.389620 0.000000 0.000000 0.000000 0.000038 1.000000
57.092000 39.737038 -36.812313 0.000000 0.000000 0.000000 0.000038 1.000000
57.160000 40.314432 -37.389620 0.000000 0.000000 0.000000 0.000038 1.000000
57.224000 39.737038 -36.812313 0.000000 0.000000 0.000000 0.000038 1.000000
57.292000 40.314432 -37.389620 0.000000 0.000000 0.000000 0.000038 1.000000
57.356000 40.891826 -37.966926 0.000000 0.000000 0.000000 0.000038 1.000000
57.424000 40.891826 -37.966926 0.000000 0.000000 0.000000 0.000038 1.000000
57.488000 41.469220 -38.544232 0.000000 0.000000 0.000000 0.000038 1.000000
57.556000 41.469220 -38.544232 0.000000 0.000000 0.000000 0.000038 1.000000
57.620000 42.046615 -39.121539 0.000000 0.000000 0.000000 0.000038 1.000000
57.688000 42.046615 -39.121539 0.000000 0.000000 0.000000 0.000038 1.000000
57.752000 42.624009 -39.698845 0.000000 0.000000 0.000000 0.000038 1.000000
57.820000 42.624009 -39.698845 0.000000 0.000000 0.000000 0.000038 1.000000
57.884000 43.201403 -40.276152 0.000000 0.000000 0.000000 0.000038 1.000000
57.952000 42.624009 -39.698845 0.000000 0.000000 0.000000 0.000038 1.000000
58.016000 42.624009 -39.698845 0.000000 0.000000 0.000000 0.000038 1.000000
58.084000 42.046615 -39.121539 0.000000 0.000000 0.000000 0.000038 1.000000
58.148000 42.624009 -39.698845 0.000000 0.000000 0.000000 0.000038 1.000000
58.216000 42.624009 -39.698845 0.000000 0.000000 0.000000 0.000038 1.000000
58.280000 43.201403 -40.276152 0.000000 0.000000 0.000000 0.000038 1.000000
58.348000 43.778797 -40.853458 0.000000 0.000000 0.000000 0.000038 1.000000
58.412000 44.356191 -41.430764 0.000000 0.000000 0.000000 0.000038 1.000000
58.480000 44.933586 -42.008071 0.000000 0.000000 0.000000 0.000038 1.000000
58.544000 45.510980 -42.585377 0.000000 0.000000 0.000000 0.000038 1.000000
58.612000 45.510980 -42.585377 0.000000 0.000000 0.000000 0.000038 1.000000
58.676000 45.510980 -42.585377 0.000000 0.000000 0.000000 0.000038 1.000000
58.744000 44.933586 -42.008071 0.000000 0.000000 0.000000 0.000038 1.000000
58.808000 44.933586 -42.008071 0.000000 0.000000 0.000000 0.000038 1.000000
58.876000 45.510980 -42.585377 0.000000 0.000000 0.000000 0.000038 1.000000
58.940000 45.510980 -42.585377 0.000000 0.000000 0.000000 0.000038 1.000000
59.008000 44.933586 -42.008071 0.000000 0.000000 0.000000 0.000038 1.000000
59.072000 44.933586 -42.008071 0.000000 0.000000 0.000000 0.000038 1.000000
59.140000 45.510980 -42.585377 0.000000 0.000000 0.000000 0.000038 1.000000
59.204000 45.510980 -42.585377 0.000000 0.000000 0.000000 0.000038 1.000000
59.272000 45.510980 -42.585377 0.000000 0.000000 0.000000 0.000038 1.000000
59.336000 45.510980 -42.585377 0.000000 0.000000 0.000000 0.000038 1.000000
59.404000 44.990730 -42.043681 0.000000 0.000000 0.000000 0.000038 1.000000
59.468000 44.413335 -41.466374 0.000000 0.000000 0.000000 0.000038 1.000000
59.536000 44.413335 -41.466374 0.000000 0.000000 0.000000 0.000038 1.000000
59.600000 44.413335 -41.466374 0.000000 0.000000 0.000000 0.000038 1.000000
59.668000 44.413335 -41.466374 0.000000 0.000000 0.000000 0.000038 1.000000
59.732000 43.835941 -40.889068 0.000000 0.000000 0.000000 0.000038 1.000000
59.800000 43.835941 -40.889068 0.000000 0.000000 0.000000 0.000038 1.000000
59.864000 43.835941 -40.889068 0.000000 0.000000 0.000000 0.000038 1.000000
59.932000 43.258547 -40.311762 0.000000 0.000000 0.000000 0.000038 1.000000
59.996000 42.747099 -41.168094 0.000000 0.000000 0.000000 0.000038 1.000000
60.064000 43.324493 -41.745400 0.000000 0.000000 0.000000 0.000038 1.000000
60.128000 44.234560 -42.067559 0.000000 0.000000 0.000000 0.000038 1.000000
60.196000 44.234560 -42.067559 0.000000 0.000000 0.000000 0.000038 1.000000
60.260000 44.811955 -42.644865 0.000000 0.000000 0.000000 0.000038 1.000000
60.328000 44.226219 -42.184149 0.000000 0.000000 0.000000 0.000038 1.000000
60.392000 45.108633 -42.066439 0.000000 0.000000 0.000000 0.000038 1.000000
60.460000 44.531239 -41.489133 0.000000 0.000000 0.000000 0.000038 1.000000
60.524000 45.108633 -42.066439 0.000000 0.000000 0.000000 0.000038 1.000000
60.592000 44.531239 -41.489133 0.000000 0.000000 0.000000 0.000038 1.000000
60.656000 45.108633 -42.066439 0.000000 0.000000 0.000000 0.000038 1.000000
60.724000 45.817864 -42.132764 0.000000 0.000000 0.000000 0.000038 1.000000
60.788000 45.817864 -42.132764 0.000000 0.000000 0.000000 0.000038 1.000000
60.856000 46.395258 -42.710071 0.000000 0.000000 0.000000 0.000038 1.000000
60.920000 46.972652 -43.287377 0.000000 0.000000 0.000000 0.000038 1.000000
60.988000 46.972652 -43.287377 0.000000 0.000000 0.000000 0.000038 1.000000
61.052000 47.550046 -43.864683 0.000000 0.000000 0.000000 0.000038 1.000000
61.120000 47.550046 -43.864683 0.000000 0.000000 0.000000 0.000038 1.000000
61.184000 48.127440 -44.441990 0.000000 0.000000 0.000000 0.000038 1.000000
61.252000 48.704835 -45.019296 0.000000 0.000000 0.000000 0.000038 1.000000
61.316000 48.704835 -45.019296 0.000000 0.000000 0.000000 0.000038 1.000000
61.384000 49.282229 -45.596603 0.000000 0.000000 0.000000 0.000038 1.000000
61.448000 49.282229 -45.596603 0.000000 0.000000 0.000000 0.000038 1.000000
61.516000 49.859623 -46.173909 0.000000 0.000000 0.000000 0.000038 1.000000
61.580000 50.437017 -46.751215 0.000000 0.000000 0.000000 0.000038 1.000000
61.648000 51.014411 -47.328522 0.000000 0.000000 0.000000 0.000038 1.000000
61.712000 51.591805 -47.905828 0.000000 0.000000 0.000000 0.000038 1.000000
61.780000 51.591805 -47.905828 0.000000 0.000000 0.000000 0.000038 1.000000
61.844000 51.591805 -47.905828 0.000000 0.000000 0.000000 0.000038 1.000000
61.912000 51.591805 -47.905828 0.000000 0.000000 0.000000 0.000038 1.000000
61.976000 51.591805 -47.905828 0.000000 0.000000 0.000000 0.000038 1.000000
62.044000 51.591805 -47.905828 0.000000 0.000000 0.000000 0.000038 1.000000
62.108000 51.591805 -47.905828 0.000000 0.000000 0.000000 0.000038 1.000000
62.176000 52.169200 -48.483134 0.000000 0.000000 0.000000 0.000038 1.000000
62.240000 52.169200 -48.483134 0.000000 0.000000 0.000000 0.000038 1.000000
62.308000 52.169200 -48.483134 0.000000 0.000000 0.000000 0.000038 1.000000
62.372000 52.169200 -48.483134 0.000000 0.000000 0.000000 0.000038 1.000000
62.440000 51.591805 -47.905828 0.000000 0.000000 0.000000 0.000038 1.000000
62.504000 51.591805 -47.905828 0.000000 0.000000 0.000000 0.000038 1.000000
62.572000 51.591805 -47.905828 0.000000 0.000000 0.000000 0.000038 1.000000
62.636000 52.169200 -48.483134 0.000000 0.000000 0.000000 0.000038 1.000000
62.704000 52.169200 -48.483134 0.000000 0.000000 0.000000 0.000038 1.000000
62.768000 52.169200 -48.483134 0.000000 0.000000 0.000000 0.000038 1.000000
62.836000 52.169200 -48.483134 0.000000 0.000000 0.000000 0.000038 1.000000
62.900000 52.169200 -48.483134 0.000000 0.000000 0.000000 0.000038 1.000000
62.968000 52.169200 -48.483134 0.000000 0.000000 0.000000 0.000038 1.000000
63.032000 51.521963 -48.070157 0.000000 0.000000 0.000000 0.000038 1.000000
63.100000 51.521963 -48.070157 0.000000 0.000000 0.000000 0.000038 1.000000
63.164000 52.099357 -48.647463 0.000000 0.000000 0.000000 0.000038 1.000000
63.232000 52.099357 -48.647463 0.000000 0.000000 0.000000 0.000038 1.000000
63.296000 52.099357 -48.647463 0.000000 0.000000 0.000000 0.000038 1.000000
63.364000 52.099357 -48.647463 0.000000 0.000000 0.000000 0.000038 1.000000
63.428000 52.676751 -49.224769 0.000000 0.000000 0.000000 0.000038 1.000000
63.496000 52.099357 -48.647463 0.000000 0.000000 0.000000 0.000038 1.000000
63.560000 51.521963 -48.070157 0.000000 0.000000 0.000000 0.000038 1.000000
63.628000 52.099357 -48.647463 0.000000 0.000000 0.000000 0.000038 1.000000
63.692000 52.099357 -48.647463 0.000000 0.000000 0.000000 0.000038 1.000000
63.760000 52.099357 -48.647463 0.000000 0.000000 0.000000 0.000038 1.000000
63.824000 52.676751 -49.224769 0.000000 0.000000 0.000000 0.000038 1.000000
63.892000 53.254145 -49.802076 0.000000 0.000000 0.000000 0.000038 1.000000
63.956000 53.831540 -50.379382 0.000000 0.000000 0.000000 0.000038 1.000000
64.024000 54.408934 -50.956689 0.000000 0.000000 0.000000 0.000038 1.000000
64.088000 54.408934 -50.956689 0.000000 0.000000 0.000000 0.000038 1.000000
64.156000 54.408934 -50.956689 0.000000 0.000000 0.000000 0.000038 1.000000
64.220000 54.408934 -50.956689 0.000000 0.000000 0.000000 0.000038 1.000000
64.288000 54.986328 -51.533995 0.000000 0.000000 0.000000 0.000038 1.000000
64.352000 54.369337 -51.571612 0.000000 0.000000 0.000000 0.000038 1.000000
64.420000 54.946731 -52.148919 0.000000 0.000000 0.000000 0.000038 1.000000
64.484000 54.946731 -52.148919 0.000000 0.000000 0.000000 0.000038 1.000000
64.552000 55.524125 -52.726225 0.000000 0.000000 0.000000 0.000038 1.000000
64.616000 55.524125 -52.726225 0.000000 0.000000 0.000000 0.000038 1.000000
64.684000 55.524125 -52.726225 0.000000 0.000000 0.000000 0.000038 1.000000
64.748000 56.101520 -53.303531 0.000000 0.000000 0.000000 0.000038 1.000000
64.816000 55.524125 -52.726225 0.000000 0.000000 0.000000 0.000038 1.000000
64.880000 56.101520 -53.303531 0.000000 0.000000 0.000000 0.000038 1.000000
64.948000 55.524125 -52.726225 0.000000 0.000000 0.000000 0.000038 1.000000
65.012000 56.101520 -53.303531 0.000000 0.000000 0.000000 0.000038 1.000000
65.080000 55.467195 -54.073281 0.000000 0.000000 0.000000 0.000038 1.000000
65.144000 56.044589 -54.650588 0.000000 0.000000 0.000000 0.000038 1.000000
65.212000 56.044589 -54.650588 0.000000 0.000000 0.000000 0.000038 1.000000
65.276000 55.101924 -54.316890 0.000000 0.000000 0.000000 0.000038 1.000000
65.344000 55.679318 -54.894196 0.000000 0.000000 0.000000 0.000038 1.000000
65.408000 55.101924 -54.316890 0.000000 0.000000 0.000000 0.000038 1.000000
65.476000 55.679318 -54.894196 0.000000 0.000000 0.000000 0.000038 1.000000
65.540000 55.679318 -54.894196 0.000000 0.000000 0.000000 0.000038 1.000000
65.608000 56.256712 -55.471503 0.000000 0.000000 0.000000 0.000038 1.000000
65.672000 57.185017 -55.800117 0.000000 0.000000 0.000000 0.000038 1.000000
65.740000 57.185017 -55.800117 0.000000 0.000000 0.000000 0.000038 1.000000
65.804000 57.762411 -56.377423 0.000000 0.000000 0.000000 0.000038 1.000000
65.872000 57.762411 -56.377423 0.000000 0.000000 0.000000 0.000038 1.000000
65.936000 58.339805 -56.954729 0.000000 0.000000 0.000000 0.000038 1.000000
66.004000 58.339805 -56.954729 0.000000 0.000000 0.000000 0.000038 1.000000
66.068000 58.917199 -57.532036 0.000000 0.000000 0.000000 0.000038 1.000000
66.136000 58.917199 -57.532036 0.000000 0.000000 0.000000 0.000038 1.000000
66.200000 58.917199 -57.532036 0.000000 0.000000 0.000000 0.000038 1.000000
66.268000 58.614722 -58.479230 0.000000 0.000000 0.000000 0.000038 1.000000
66.332000 58.614722 -58.479230 0.000000 0.000000 0.000000 0.000038 1.000000
66.400000 59.192117 -59.056537 0.000000 0.000000 0.000000 0.000038 1.000000
66.464000 58.614722 -58.479230 0.000000 0.000000 0.000000 0.000038 1.000000
66.532000 59.192117 -59.056537 0.000000 0.000000 0.000000 0.000038 1.000000
66.596000 59.192117 -59.056537 0.000000 0.000000 0.000000 0.000038 1.000000
66.664000 59.769511 -59.633843 0.000000 0.000000 0.000000 0.000038 1.000000
66.728000 58.871580 -59.329474 0.000000 0.000000 0.000000 0.000038 1.000000
66.796000 59.448974 -59.906781 0.000000 0.000000 0.000000 0.000038 1.000000
66.860000 60.026368 -60.484087 0.000000 0.000000 0.000000 0.000038 1.000000
66.928000 60.603763 -61.061393 0.000000 0.000000 0.000000 0.000038 1.000000
66.992000 60.603763 -61.061393 0.000000 0.000000 0.000000 0.000038 1.000000
67.060000 60.603763 -61.061393 0.000000 0.000000 0.000000 0.000038 1.000000
67.124000 60.603763 -61.061393 0.000000 0.000000 0.000000 0.000038 1.000000
67.192000 60.603763 -61.061393 0.000000 0.000000 0.000000 0.000038 1.000000
67.256000 60.603763 -61.061393 0.000000 0.000000 0.000000 0.000038 1.000000
67.324000 61.181157 -61.638700 0.000000 0.000000 0.000000 0.000038 1.000000
67.388000 61.758551 -62.216006 0.000000 0.000000 0.000000 0.000038 1.000000
67.456000 61.758551 -62.216006 0.000000 0.000000 0.000000 0.000038 1.000000
67.520000 62.335945 -62.793312 0.000000 0.000000 0.000000 0.000038 1.000000
67.588000 62.335945 -62.793312 0.000000 0.000000 0.000000 0.000038 1.000000
67.652000 61.758551 -62.216006 0.000000 0.000000 0.000000 0.000038 1.000000
67.720000 61.758551 -62.216006 0.000000 0.000000 0.000000 0.000038 1.000000
67.784000 61.758551 -62.216006 0.000000 0.000000 0.000000 0.000038 1.000000
67.852000 61.758551 -62.216006 0.000000 0.000000 0.000000 0.000038 1.000000
67.916000 61.758551 -62.216006 0.000000 0.000000 0.000000 0.000038 1.000000
67.984000 61.758551 -62.216006 0.000000 0.000000 0.000000 0.000038 1.000000
68.048000 62.335945 -62.793312 0.000000 0.000000 0.000000 0.000038 1.000000
68.116000 62.913339 -63.370619 0.000000 0.000000 0.000000 0.000038 1.000000
68.180000 63.490733 -63.947925 0.000000 0.000000 0.000000 0.000038 1.000000
68.248000 63.490733 -63.947925 0.000000 0.000000 0.000000 0.000038 1.000000
68.312000 63.490733 -63.947925 0.000000 0.000000 0.000000 0.000038 1.000000
68.380000 63.490733 -63.947925 0.000000 0.000000 0.000000 0.000038 1.000000
68.444000 64.068128 -64.525232 0.000000 0.000000 0.000000 0.000038 1.000000
68.512000 64.645522 -65.102538 0.000000 0.000000 0.000000 0.000038 1.000000
68.576000 64.645522 -65.102538 0.000000 0.000000 0.000000 0.000038 1.000000
68.644000 65.222916 -65.679844 0.000000 0.000000 0.000000 0.000038 1.000000
68.708000 64.645522 -65.102538 0.000000 0.000000 0.000000 0.000038 1.000000
68.776000 64.645522 -65.102538 0.000000 0.000000 0.000000 0.000038 1.000000
68.840000 65.222916 -65.679844 0.000000 0.000000 0.000000 0.000038 1.000000
68.908000 65.222916 -65.679844 0.000000 0.000000 0.000000 0.000038 1.000000
68.972000 65.222916 -65.679844 0.000000 0.000000 0.000000 0.000038 1.000000
69.040000 66.167339 -65.814295 0.000000 0.000000 0.000000 0.000038 1.000000
69.104000 66.744733 -66.391601 0.000000 0.000000 0.000000 0.000038 1.000000
69.172000 66.744733 -66.391601 0.000000 0.000000 0.000000 0.000038 1.000000
69.236000 66.744733 -66.391601 0.000000 0.000000 0.000000 0.000038 1.000000
69.304000 67.322127 -66.968908 0.000000 0.000000 0.000000 0.000038 1.000000
69.368000 67.899521 -67.546214 0.000000 0.000000 0.000000 0.000038 1.000000
69.436000 68.476916 -68.123520 0.000000 0.000000 0.000000 0.000038 1.000000
69.500000 68.476916 -68.123520 0.000000 0.000000 0.000000 0.000038 1.000000
69.568000 69.054310 -68.700827 0.000000 0.000000 0.000000 0.000038 1.000000
69.632000 69.631704 -69.278133 0.000000 0.000000 0.000000 0.000038 1.000000
69.700000 70.209098 -69.855440 0.000000 0.000000 0.000000 0.000038 1.000000
69.764000 70.209098 -69.855440 0.000000 0.000000 0.000000 0.000038 1.000000
69.832000 70.209098 -69.855440 0.000000 0.000000 0.000000 0.000038 1.000000
69.896000 70.786492 -70.432746 0.000000 0.000000 0.000000 0.000038 1.000000
69.964000 70.786492 -70.432746 0.000000 0.000000 0.000000 0.000038 1.000000
70.028000 71.363886 -71.010052 0.000000 0.000000 0.000000 0.000038 1.000000
70.096000 70.711796 -71.721828 0.000000 0.000000 0.000000 0.000038 1.000000
70.160000 71.289190 -72.299135 0.000000 0.000000 0.000000 0.000038 1.000000
70.228000 71.289190 -72.299135 0.000000 0.000000 0.000000 0.000038 1.000000
70.292000 71.866584 -72.876441 0.000000 0.000000 0.000000 0.000038 1.000000
70.360000 72.443979 -73.453747 0.000000 0.000000 0.000000 0.000038 1.000000
70.424000 73.021373 -74.031054 0.000000 0.000000 0.000000 0.000038 1.000000
70.492000 73.021373 -74.031054 0.000000 0.000000 0.000000 0.000038 1.000000
70.556000 73.021373 -74.031054 0.000000 0.000000 0.000000 0.000038 1.000000
70.624000 73.021373 -74.031054 0.000000 0.000000 0.000000 0.000038 1.000000
70.688000 73.598767 -74.608360 0.000000 0.000000 0.000000 0.000038 1.000000
70.756000 73.598767 -74.608360 0.000000 0.000000 0.000000 0.000038 1.000000
70.820000 74.176161 -75.185666 0.000000 0.000000 0.000000 0.000038 1.000000
70.888000 74.753555 -75.762973 0.000000 0.000000 0.000000 0.000038 1.000000
70.952000 74.753555 -75.762973 0.000000 0.000000 0.000000 0.000038 1.000000
71.020000 74.176161 -75.185666 0.000000 0.000000 0.000000 0.000038 1.000000
71.084000 74.753555 -75.762973 0.000000 0.000000 0.000000 0.000038 1.000000
71.152000 74.753555 -75.762973 0.000000 0.000000 0.000000 0.000038 1.000000
71.216000 74.753555 -75.762973 0.000000 0.000000 0.000000 0.000038 1.000000
71.284000 74.753555 -75.762973 0.000000 0.000000 0.000000 0.000038 1.000000
71.348000 74.753555 -75.762973 0.000000 0.000000 0.000000 0.000038 1.000000
71.416000 74.753555 -75.762973 0.000000 0.000000 0.000000 0.000038 1.000000
71.480000 75.330949 -76.340279 0.000000 0.000000 0.000000 0.000038 1.000000
71.548000 75.330949 -76.340279 0.000000 0.000000 0.000000 0.000038 1.000000
71.612000 75.908344 -76.917585 0.000000 0.000000 0.000000 0.000038 1.000000
71.680000 75.908344 -76.917585 0.000000 0.000000 0.000000 0.000038 1.000000
71.744000 75.330949 -76.340279 0.000000 0.000000 0.000000 0.000038 1.000000
71.812000 75.908344 -76.917585 0.000000 0.000000 0.000000 0.000038 1.000000
71.876000 75.908344 -76.917585 0.000000 0.000000 0.000000 0.000038 1.000000
71.944000 76.485738 -77.494892 0.000000 0.000000 0.000000 0.000038 1.000000
72.008000 77.063132 -78.072198 0.000000 0.000000 0.000000 0.000038 1.000000
72.076000 77.063132 -78.072198 0.000000 0.000000 0.000000 0.000038 1.000000
72.140000 77.063132 -78.072198 0.000000 0.000000 0.000000 0.000038 1.000000
137.612000 77.640526 -78.649504 0.000000 0.000000 0.000000 0.000038 1.000000
137.680000 77.640526 -78.649504 0.000000 0.000000 0.000000 0.000038 1.000000
137.744000 77.640526 -78.649504 0.000000 0.000000 0.000000 0.000038 1.000000
137.812000 77.640526 -78.649504 0.000000 0.000000 0.000000 0.000038 1.000000
137.876000 77.063132 -78.072198 0.000000 0.000000 0.000000 0.000038 1.000000
137.944000 76.798518 -79.033591 0.000000 0.000000 0.000000 0.000038 1.000000
138.008000 76.798518 -79.033591 0.000000 0.000000 0.000000 0.000038 1.000000
138.076000 76.798518 -79.033591 0.000000 0.000000 0.000000 0.000038 1.000000
138.140000 76.221123 -78.456285 0.000000 0.000000 0.000000 0.000038 1.000000
138.208000 76.221123 -78.456285 0.000000 0.000000 0.000000 0.000038 1.000000
138.272000 76.221123 -78.456285 0.000000 0.000000 0.000000 0.000038 1.000000
138.340000 76.221123 -78.456285 0.000000 0.000000 0.000000 0.000038 1.000000
138.404000 76.798518 -79.033591 0.000000 0.000000 0.000000 0.000038 1.000000
138.472000 76.798518 -79.033591 0.000000 0.000000 0.000000 0.000038 1.000000
138.536000 76.798518 -79.033591 0.000000 0.000000 0.000000 0.000038 1.000000
138.604000 76.798518 -79.033591 0.000000 0.000000 0.000000 0.000038 1.000000
138.668000 77.375912 -79.610898 0.000000 0.000000 0.000000 0.000038 1.000000
138.736000 77.375912 -79.610898 0.000000 0.000000 0.000000 0.000038 1.000000
138.800000 77.953306 -80.188204 0.000000 0.000000 0.000000 0.000038 1.000000
138.868000 77.953306 -80.188204 0.000000 0.000000 0.000000 0.000038 1.000000
138.932000 78.530700 -80.765510 0.000000 0.000000 0.000000 0.000038 1.000000
139.000000 77.953306 -80.188204 0.000000 0.000000 0.000000 0.000038 1.000000
139.064000 77.375912 -79.610898 0.000000 0.000000 0.000000 0.000038 1.000000
139.132000 77.375912 -79.610898 0.000000 0.000000 0.000000 0.000038 1.000000
139.196000 77.375912 -79.610898 0.000000 0.000000 0.000000 0.000038 1.000000
139.264000 76.798518 -79.033591 0.000000 0.000000 0.000000 0.000038 1.000000
139.328000 77.375912 -79.610898 0.000000 0.000000 0.000000 0.000038 1.000000
139.396000 77.009349 -79.020668 0.000000 0.000000 0.000000 0.000038 1.000000
139.460000 77.009349 -79.020668 0.000000 0.000000 0.000000 0.000038 1.000000
139.528000 77.009349 -79.020668 0.000000 0.000000 0.000000 0.000038 1.000000
139.592000 77.009349 -79.020668 0.000000 0.000000 0.000000 0.000038 1.000000
139.660000 77.586743 -79.597974 0.000000 0.000000 0.000000 0.000038 1.000000
139.724000 77.586743 -79.597974 0.000000 0.000000 0.000000 0.000038 1.000000
139.792000 77.586743 -79.597974 0.000000 0.000000 0.000000 0.000038 1.000000
139.856000 77.009349 -79.020668 0.000000 0.000000 0.000000 0.000038 1.000000
139.924000 77.009349 -79.020668 0.000000 0.000000 0.000000 0.000038 1.000000
139.988000 76.125521 -78.884214 0.000000 0.000000 0.000000 0.000038 1.000000
140.056000 76.125521 -78.884214 0.000000 0.000000 0.000000 0.000038 1.000000
140.120000 76.125521 -78.884214 0.000000 0.000000 0.000000 0.000038 1.000000
140.188000 76.125521 -78.884214 0.000000 0.000000 0.000000 0.000038 1.000000
140.252000 76.125521 -78.884214 0.000000 0.000000 0.000000 0.000038 1.000000
140.320000 76.702915 -79.461521 0.000000 0.000000 0.000000 0.000038 1.000000
140.384000 76.702915 -79.461521 0.000000 0.000000 0.000000 0.000038 1.000000
140.452000 76.125521 -78.884214 0.000000 0.000000 0.000000 0.000038 1.000000
140.516000 76.125521 -78.884214 0.000000 0.000000 0.000000 0.000038 1.000000
140.584000 76.702915 -79.461521 0.000000 0.000000 0.000000 0.000038 1.000000
140.648000 76.125521 -78.884214 0.000000 0.000000 0.000000 0.000038 1.000000
140.716000 76.125521 -78.884214 0.000000 0.000000 0.000000 0.000038 1.000000
140.780000 76.702915 -79.461521 0.000000 0.000000 0.000000 0.000038 1.000000
140.848000 76.702915 -79.461521 0.000000 0.000000 0.000000 0.000038 1.000000
140.912000 77.280309 -80.038827 0.000000 0.000000 0.000000 0.000038 1.000000
140.980000 77.280309 -80.038827 0.000000 0.000000 0.000000 0.000038 1.000000
141.044000 76.702915 -79.461521 0.000000 0.000000 0.000000 0.000038 1.000000
141.112000 77.280309 -80.038827 0.000000 0.000000 0.000000 0.000038 1.000000
141.176000 77.857703 -80.616133 0.000000 0.000000 0.000000 0.000038 1.000000
141.244000 77.857703 -80.616133 0.000000 0.000000 0.000000 0.000038 1.000000
141.308000 77.280309 -80.038827 0.000000 0.000000 0.000000 0.000038 1.000000
141.376000 77.857703 -80.616133 0.000000 0.000000 0.000000 0.000038 1.000000
141.440000 77.857703 -80.616133 0.000000 0.000000 0.000000 0.000038 1.000000
141.508000 78.435097 -81.193440 0.000000 0.000000 0.000000 0.000038 1.000000
141.572000 79.012492 -81.770746 0.000000 0.000000 0.000000 0.000038 1.000000
141.640000 79.012492 -81.770746 0.000000 0.000000 0.000000 0.000038 1.000000
141.704000 79.012492 -81.770746 0.000000 0.000000 0.000000 0.000038 1.000000
141.772000 79.589886 -82.348052 0.000000 0.000000 0.000000 0.000038 1.000000
141.836000 79.012492 -81.770746 0.000000 0.000000 0.000000 0.000038 1.000000
141.904000 79.012492 -81.770746 0.000000 0.000000 0.000000 0.000038 1.000000
141.968000 79.589886 -82.348052 0.000000 0.000000 0.000000 0.000038 1.000000
142.036000 80.167280 -82.925359 0.000000 0.000000 0.000000 0.000038 1.000000
142.100000 80.744674 -83.502665 0.000000 0.000000 0.000000 0.000038 1.000000
142.168000 80.744674 -83.502665 0.000000 0.000000 0.000000 0.000038 1.000000
142.232000 80.744674 -83.502665 0.000000 0.000000 0.000000 0.000038 1.000000
142.300000 80.167280 -82.925359 0.000000 0.000000 0.000000 0.000038 1.000000
142.364000 80.744674 -83.502665 0.000000 0.000000 0.000000 0.000038 1.000000
142.432000 80.744674 -83.502665 0.000000 0.000000 0.000000 0.000038 1.000000
142.496000 80.744674 -83.502665 0.000000 0.000000 0.000000 0.000038 1.000000
142.564000 80.744674 -83.502665 0.000000 0.000000 0.000000 0.000038 1.000000
142.628000 80.744674 -83.502665 0.000000 0.000000 0.000000 0.000038 1.000000
142.696000 80.744674 -83.502665 0.000000 0.000000 0.000000 0.000038 1.000000
142.760000 80.167280 -82.925359 0.000000 0.000000 0.000000 0.000038 1.000000
142.828000 80.167280 -82.925359 0.000000 0.000000 0.000000 0.000038 1.000000
142.892000 80.744674 -83.502665 0.000000 0.000000 0.000000 0.000038 1.000000
142.960000 80.744674 -83.502665 0.000000 0.000000 0.000000 0.000038 1.000000
143.024000 80.744674 -83.502665 0.000000 0.000000 0.000000 0.000038 1.000000
143.092000 81.322068 -84.079972 0.000000 0.000000 0.000000 0.000038 1.000000
143.156000 81.899462 -84.657278 0.000000 0.000000 0.000000 0.000038 1.000000
143.224000 81.899462 -84.657278 0.000000 0.000000 0.000000 0.000038 1.000000
143.288000 81.322068 -84.079972 0.000000 0.000000 0.000000 0.000038 1.000000
143.356000 81.899462 -84.657278 0.000000 0.000000 0.000000 0.000038 1.000000
143.420000 81.899462 -84.657278 0.000000 0.000000 0.000000 0.000038 1.000000
143.488000 82.476857 -85.234584 0.000000 0.000000 0.000000 0.000038 1.000000
143.552000 83.054251 -85.811891 0.000000 0.000000 0.000000 0.000038 1.000000
143.620000 83.631645 -86.389197 0.000000 0.000000 0.000000 0.000038 1.000000
143.684000 83.631645 -86.389197 0.000000 0.000000 0.000000 0.000038 1.000000
143.752000 84.209039 -86.966503 0.000000 0.000000 0.000000 0.000038 1.000000
143.816000 84.209039 -86.966503 0.000000 0.000000 0.000000 0.000038 1.000000
143.884000 85.115254 -87.201464 0.000000 0.000000 0.000000 0.000038 1.000000
143.948000 85.115254 -87.201464 0.000000 0.000000 0.000000 0.000038 1.000000
144.016000 84.537860 -86.624158 0.000000 0.000000 0.000000 0.000038 1.000000
144.080000 85.115254 -87.201464 0.000000 0.000000 0.000000 0.000038 1.000000
144.148000 85.692648 -87.778770 0.000000 0.000000 0.000000 0.000038 1.000000
144.212000 85.692648 -87.778770 0.000000 0.000000 0.000000 0.000038 1.000000
144.280000 85.692648 -87.778770 0.000000 0.000000 0.000000 0.000038 1.000000
144.344000 86.270043 -88.356077 0.000000 0.000000 0.000000 0.000038 1.000000
144.412000 86.270043 -88.356077 0.000000 0.000000 0.000000 0.000038 1.000000
144.476000 86.847437 -88.933383 0.000000 0.000000 0.000000 0.000038 1.000000
144.544000 87.596552 -88.887710 0.000000 0.000000 0.000000 0.000038 1.000000
144.608000 87.596552 -88.887710 0.000000 0.000000 0.000000 0.000038 1.000000
144.676000 87.596552 -88.887710 0.000000 0.000000 0.000000 0.000038 1.000000
144.740000 88.173946 -89.465017 0.000000 0.000000 0.000000 0.000038 1.000000
144.808000 88.751340 -90.042323 0.000000 0.000000 0.000000 0.000038 1.000000
144.872000 89.328734 -90.619629 0.000000 0.000000 0.000000 0.000038 1.000000
144.940000 89.906128 -91.196936 0.000000 0.000000 0.000000 0.000038 1.000000
145.004000 90.483522 -91.774242 0.000000 0.000000 0.000000 0.000038 1.000000
145.072000 91.060917 -92.351549 0.000000 0.000000 0.000000 0.000038 1.000000
145.136000 91.638311 -92.928855 0.000000 0.000000 0.000000 0.000038 1.000000
145.204000 91.638311 -92.928855 0.000000 0.000000 0.000000 0.000038 1.000000
145.268000 91.638311 -92.928855 0.000000 0.000000 0.000000 0.000038 1.000000
145.336000 92.241157 -92.928129 0.000000 0.000000 0.000000 0.000038 1.000000
145.400000 92.241157 -92.928129 0.000000 0.000000 0.000000 0.000038 1.000000
145.468000 92.241157 -92.928129 0.000000 0.000000 0.000000 0.000038 1.000000
145.532000 92.241157 -92.928129 0.000000 0.000000 0.000000 0.000038 1.000000
145.600000 92.818552 -93.505436 0.000000 0.000000 0.000000 0.000038 1.000000
145.664000 92.818552 -93.505436 0.000000 0.000000 0.000000 0.000038 1.000000
145.732000 92.241157 -92.928129 0.000000 0.000000 0.000000 0.000038 1.000000
145.796000 91.663763 -92.350823 0.000000 0.000000 0.000000 0.000038 1.000000
145.864000 91.663763 -92.350823 0.000000 0.000000 0.000000 0.000038 1.000000
145.928000 91.086369 -91.773517 0.000000 0.000000 0.000000 0.000038 1.000000
145.996000 91.086369 -91.773517 0.000000 0.000000 0.000000 0.000038 1.000000
146.060000 91.663763 -92.350823 0.000000 0.000000 0.000000 0.000038 1.000000
146.128000 92.241157 -92.928129 0.000000 0.000000 0.000000 0.000038 1.000000
146.192000 92.241157 -92.928129 0.000000 0.000000 0.000000 0.000038 1.000000
146.260000 92.818552 -93.505436 0.000000 0.000000 0.000000 0.000038 1.000000
146.324000 92.818552 -93.505436 0.000000 0.000000 0.000000 0.000038 1.000000
146.392000 92.841632 -94.505164 0.000000 0.000000 0.000000 0.000038 1.000000
146.456000 92.841632 -94.505164 0.000000 0.000000 0.000000 0.000038 1.000000
146.524000 92.841632 -94.505164 0.000000 0.000000 0.000000 0.000038 1.000000
146.588000 92.841632 -94.505164 0.000000 0.000000 0.000000 0.000038 1.000000
146.656000 93.419027 -95.082470 0.000000 0.000000 0.000000 0.000038 1.000000
146.720000 93.996421 -95.659777 0.000000 0.000000 0.000000 0.000038 1.000000
146.788000 93.419027 -95.082470 0.000000 0.000000 0.000000 0.000038 1.000000
146.852000 92.841632 -94.505164 0.000000 0.000000 0.000000 0.000038 1.000000
146.920000 93.419027 -95.082470 0.000000 0.000000 0.000000 0.000038 1.000000
146.984000 93.419027 -95.082470 0.000000 0.000000 0.000000 0.000038 1.000000
147.052000 93.419027 -95.082470 0.000000 0.000000 0.000000 0.000038 1.000000
147.116000 93.419027 -95.082470 0.000000 0.000000 0.000000 0.000038 1.000000
147.184000 92.841632 -94.505164 0.000000 0.000000 0.000000 0.000038 1.000000
147.248000 92.841632 -94.505164 0.000000 0.000000 0.000000 0.000038 1.000000
147.316000 93.419027 -95.082470 0.000000 0.000000 0.000000 0.000038 1.000000
147.380000 93.996421 -95.659777 0.000000 0.000000 0.000000 0.000038 1.000000
147.448000 93.996421 -95.659777 0.000000 0.000000 0.000000 0.000038 1.000000
147.512000 94.573815 -96.237083 0.000000 0.000000 0.000000 0.000038 1.000000
147.580000 94.573815 -96.237083 0.000000 0.000000 0.000000 0.000038 1.000000
147.644000 95.151209 -96.814390 0.000000 0.000000 0.000000 0.000038 1.000000
147.712000 95.151209 -96.814390 0.000000 0.000000 0.000000 0.000038 1.000000
147.776000 95.728603 -97.391696 0.000000 0.000000 0.000000 0.000038 1.000000
147.844000 95.728603 -97.391696 0.000000 0.000000 0.000000 0.000038 1.000000
147.908000 95.728603 -97.391696 0.000000 0.000000 0.000000 0.000038 1.000000
147.976000 95.151209 -96.814390 0.000000 0.000000 0.000000 0.000038 1.000000
148.040000 94.573815 -96.237083 0.000000 0.000000 0.000000 0.000038 1.000000
148.108000 94.573815 -96.237083 0.000000 0.000000 0.000000 0.000038 1.000000
148.172000 95.523239 -96.059699 0.000000 0.000000 0.000000 0.000038 1.000000
148.240000 96.100633 -96.637005 0.000000 0.000000 0.000000 0.000038 1.000000
148.304000 96.678027 -97.214312 0.000000 0.000000 0.000000 0.000038 1.000000
148.372000 96.678027 -97.214312 0.000000 0.000000 0.000000 0.000038 1.000000
148.436000 96.678027 -97.214312 0.000000 0.000000 0.000000 0.000038 1.000000
148.504000 96.678027 -97.214312 0.000000 0.000000 0.000000 0.000038 1.000000
148.568000 96.678027 -97.214312 0.000000 0.000000 0.000000 0.000038 1.000000
148.636000 96.100633 -96.637005 0.000000 0.000000 0.000000 0.000038 1.000000
148.700000 96.100633 -96.637005 0.000000 0.000000 0.000000 0.000038 1.000000
148.768000 96.678027 -97.214312 0.000000 0.000000 0.000000 0.000038 1.000000
148.832000 96.100633 -96.637005 0.000000 0.000000 0.000000 0.000038 1.000000
148.900000 96.100633 -96.637005 0.000000 0.000000 0.000000 0.000038 1.000000
148.964000 96.678027 -97.214312 0.000000 0.000000 0.000000 0.000038 1.000000
149.032000 96.678027 -97.214312 0.000000 0.000000 0.000000 0.000038 1.000000
149.096000 96.642727 -97.213359 0.000000 0.000000 0.000000 0.000038 1.000000
149.164000 97.220122 -97.790665 0.000000 0.000000 0.000000 0.000038 1.000000
149.228000 97.220122 -97.790665 0.000000 0.000000 0.000000 0.000038 1.000000
149.296000 97.220122 -97.790665 0.000000 0.000000 0.000000 0.000038 1.000000
149.360000 97.797516 -98.367972 0.000000 0.000000 0.000000 0.000038 1.000000
149.428000 97.797516 -98.367972 0.000000 0.000000 0.000000 0.000038 1.000000
149.492000 97.797516 -98.367972 0.000000 0.000000 0.000000 0.000038 1.000000
149.560000 97.797516 -98.367972 0.000000 0.000000 0.000000 0.000038 1.000000
149.624000 97.797516 -98.367972 0.000000 0.000000 0.000000 0.000038 1.000000
149.692000 97.797516 -98.367972 0.000000 0.000000 0.000000 0.000038 1.000000
149.756000 98.374910 -98.945278 0.000000 0.000000 0.000000 0.000038 1.000000
149.824000 98.952304 -99.522584 0.000000 0.000000 0.000000 0.000038 1.000000
149.888000 98.952304 -99.522584 0.000000 0.000000 0.000000 0.000038 1.000000
149.956000 98.952304 -99.522584 0.000000 0.000000 0.000000 0.000038 1.000000
150.020000 98.374910 -98.945278 0.000000 0.000000 0.000000 0.000038 1.000000
150.088000 98.374910 -98.945278 0.000000 0.000000 0.000000 0.000038 1.000000
150.152000 98.374910 -98.945278 0.000000 0.000000 0.000000 0.000038 1.000000
150.220000 98.952304 -99.522584 0.000000 0.000000 0.000000 0.000038 1.000000
150.284000 98.952304 -99.522584 0.000000 0.000000 0.000000 0.000038 1.000000
150.352000 98.952304 -99.522584 0.000000 0.000000 0.000000 0.000038 1.000000
150.416000 98.374910 -98.945278 0.000000 0.000000 0.000000 0.000038 1.000000
150.484000 98.952304 -99.522584 0.000000 0.000000 0.000000 0.000038 1.000000
150.548000 99.529698 -100.099891 0.000000 0.000000 0.000000 0.000038 1.000000
150.616000 99.529698 -100.099891 0.000000 0.000000 0.000000 0.000038 1.000000
150.680000 99.529698 -100.099891 0.000000 0.000000 0.000000 0.000038 1.000000
150.748000 100.107092 -100.677197 0.000000 0.000000 0.000000 0.000038 1.000000
150.812000 100.684487 -101.254504 0.000000 0.000000 0.000000 0.000038 1.000000
150.880000 100.684487 -101.254504 0.000000 0.000000 0.000000 0.000038 1.000000
150.944000 100.684487 -101.254504 0.000000 0.000000 0.000000 0.000038 1.000000
151.012000 101.261881 -101.831810 0.000000 0.000000 0.000000 0.000038 1.000000
151.076000 101.261881 -101.831810 0.000000 0.000000 0.000000 0.000038 1.000000
151.144000 101.261881 -101.831810 0.000000 0.000000 0.000000 0.000038 1.000000
151.208000 101.261881 -101.831810 0.000000 0.000000 0.000000 0.000038 1.000000
151.276000 101.839275 -102.409116 0.000000 0.000000 0.000000 0.000038 1.000000
151.340000 101.839275 -102.409116 0.000000 0.000000 0.000000 0.000038 1.000000
151.408000 102.416669 -102.986423 0.000000 0.000000 0.000000 0.000038 1.000000
151.472000 101.839275 -102.409116 0.000000 0.000000 0.000000 0.000038 1.000000
151.540000 102.416669 -102.986423 0.000000 0.000000 0.000000 0.000038 1.000000
151.604000 101.839275 -102.409116 0.000000 0.000000 0.000000 0.000038 1.000000
151.672000 101.839275 -102.409116 0.000000 0.000000 0.000000 0.000038 1.000000
151.736000 102.416669 -102.986423 0.000000 0.000000 0.000000 0.000038 1.000000
151.804000 102.416669 -102.986423 0.000000 0.000000 0.000000 0.000038 1.000000
151.868000 102.416669 -102.986423 0.000000 0.000000 0.000000 0.000038 1.000000
151.936000 102.416669 -102.986423 0.000000 0.000000 0.000000 0.000038 1.000000
152.000000 102.416669 -102.986423 0.000000 0.000000 0.000000 0.000038 1.000000
152.068000 102.416669 -102.986423 0.000000 0.000000 0.000000 0.000038 1.000000
152.132000 102.994063 -103.563729 0.000000 0.000000 0.000000 0.000038 1.000000
152.200000 102.994063 -103.563729 0.000000 0.000000 0.000000 0.000038 1.000000
152.264000 103.863135 -103.725421 0.000000 0.000000 0.000000 0.000038 1.000000
152.332000 103.863135 -103.725421 0.000000 0.000000 0.000000 0.000038 1.000000
152.396000 104.440529 -104.302727 0.000000 0.000000 0.000000 0.000038 1.000000
152.464000 104.440529 -104.302727 0.000000 0.000000 0.000000 0.000038 1.000000
152.528000 104.440529 -104.302727 0.000000 0.000000 0.000000 0.000038 1.000000
152.596000 104.440529 -104.302727 0.000000 0.000000 0.000000 0.000038 1.000000
152.660000 104.440529 -104.302727 0.000000 0.000000 0.000000 0.000038 1.000000
152.728000 104.440529 -104.302727 0.000000 0.000000 0.000000 0.000038 1.000000
152.792000 104.440529 -104.302727 0.000000 0.000000 0.000000 0.000038 1.000000
152.860000 104.440529 -104.302727 0.000000 0.000000 0.000000 0.000038 1.000000
152.924000 104.440529 -104.302727 0.000000 0.000000 0.000000 0.000038 1.000000
152.992000 104.440529 -104.302727 0.000000 0.000000 0.000000 0.000038 1.000000
153.056000 104.440529 -104.302727 0.000000 0.000000 0.000000 0.000038 1.000000
153.124000 105.017924 -104.880034 0.000000 0.000000 0.000000 0.000038 1.000000
153.188000 105.595318 -105.457340 0.000000 0.000000 0.000000 0.000038 1.000000
153.256000 105.595318 -105.457340 0.000000 0.000000 0.000000 0.000038 1.000000
153.320000 105.595318 -105.457340 0.000000 0.000000 0.000000 0.000038 1.000000
153.388000 105.595318 -105.457340 0.000000 0.000000 0.000000 0.000038 1.000000
153.452000 106.172712 -106.034646 0.000000 0.000000 0.000000 0.000038 1.000000
153.520000 105.595318 -105.457340 0.000000 0.000000 0.000000 0.000038 1.000000
153.584000 106.172712 -106.034646 0.000000 0.000000 0.000000 0.000038 1.000000
153.652000 106.750106 -106.611953 0.000000 0.000000 0.000000 0.000038 1.000000
153.716000 106.962759 -107.588568 0.000000 0.000000 0.000000 0.000038 1.000000
153.784000 106.962759 -107.588568 0.000000 0.000000 0.000000 0.000038 1.000000
153.848000 106.962759 -107.588568 0.000000 0.000000 0.000000 0.000038 1.000000
153.916000 107.540153 -108.165875 0.000000 0.000000 0.000000 0.000038 1.000000
153.980000 107.540153 -108.165875 0.000000 0.000000 0.000000 0.000038 1.000000
154.048000 106.962759 -107.588568 0.000000 0.000000 0.000000 0.000038 1.000000
154.112000 107.880664 -107.816209 0.000000 0.000000 0.000000 0.000038 1.000000
154.180000 107.880664 -107.816209 0.000000 0.000000 0.000000 0.000038 1.000000
154.244000 106.915836 -108.043117 0.000000 0.000000 0.000000 0.000038 1.000000
154.312000 106.338442 -107.465811 0.000000 0.000000 0.000000 0.000038 1.000000
154.376000 105.761048 -106.888505 0.000000 0.000000 0.000000 0.000038 1.000000
154.444000 106.338442 -107.465811 0.000000 0.000000 0.000000 0.000038 1.000000
154.508000 106.338442 -107.465811 0.000000 0.000000 0.000000 0.000038 1.000000
154.576000 106.338442 -107.465811 0.000000 0.000000 0.000000 0.000038 1.000000
154.640000 106.338442 -107.465811 0.000000 0.000000 0.000000 0.000038 1.000000
154.708000 106.915836 -108.043117 0.000000 0.000000 0.000000 0.000038 1.000000
154.772000 106.915836 -108.043117 0.000000 0.000000 0.000000 0.000038 1.000000
154.840000 106.915836 -108.043117 0.000000 0.000000 0.000000 0.000038 1.000000
154.904000 106.915836 -108.043117 0.000000 0.000000 0.000000 0.000038 1.000000
154.972000 106.915836 -108.043117 0.000000 0.000000 0.000000 0.000038 1.000000
155.036000 107.493230 -108.620424 0.000000 0.000000 0.000000 0.000038 1.000000
155.104000 107.493230 -108.620424 0.000000 0.000000 0.000000 0.000038 1.000000
155.168000 107.493230 -108.620424 0.000000 0.000000 0.000000 0.000038 1.000000
155.236000 108.260912 -108.692216 0.000000 0.000000 0.000000 0.000038 1.000000
155.300000 108.838306 -109.269522 0.000000 0.000000 0.000000 0.000038 1.000000
155.368000 108.838306 -109.269522 0.000000 0.000000 0.000000 0.000038 1.000000
155.432000 108.260912 -108.692216 0.000000 0.000000 0.000000 0.000038 1.000000
155.500000 108.260912 -108.692216 0.000000 0.000000 0.000000 0.000038 1.000000
155.564000 108.260912 -108.692216 0.000000 0.000000 0.000000 0.000038 1.000000
155.632000 108.838306 -109.269522 0.000000 0.000000 0.000000 0.000038 1.000000
155.696000 108.838306 -109.269522 0.000000 0.000000 0.000000 0.000038 1.000000
155.764000 109.415701 -109.846828 0.000000 0.000000 0.000000 0.000038 1.000000
155.828000 109.993095 -110.424135 0.000000 0.000000 0.000000 0.000038 1.000000
155.896000 109.993095 -110.424135 0.000000 0.000000 0.000000 0.000038 1.000000
155.960000 109.993095 -110.424135 0.000000 0.000000 0.000000 0.000038 1.000000
156.028000 109.993095 -110.424135 0.000000 0.000000 0.000000 0.000038 1.000000
156.092000 109.993095 -110.424135 0.000000 0.000000 0.000000 0.000038 1.000000
156.160000 109.993095 -110.424135 0.000000 0.000000 0.000000 0.000038 1.000000
156.224000 109.993095 -110.424135 0.000000 0.000000 0.000000 0.000038 1.000000
156.292000 110.570489 -111.001441 0.000000 0.000000 0.000000 0.000038 1.000000
156.356000 110.570489 -111.001441 0.000000 0.000000 0.000000 0.000038 1.000000
156.424000 110.570489 -111.001441 0.000000 0.000000 0.000000 0.000038 1.000000
156.488000 109.993095 -110.424135 0.000000 0.000000 0.000000 0.000038 1.000000
156.556000 109.993095 -110.424135 0.000000 0.000000 0.000000 0.000038 1.000000
156.620000 109.415701 -109.846828 0.000000 0.000000 0.000000 0.000038 1.000000
156.688000 108.838306 -109.269522 0.000000 0.000000 0.000000 0.000038 1.000000
156.752000 108.838306 -109.269522 0.000000 0.000000 0.000000 0.000038 1.000000
156.820000 108.838306 -109.269522 0.000000 0.000000 0.000000 0.000038 1.000000
156.884000 109.415701 -109.846828 0.000000 0.000000 0.000000 0.000038 1.000000
156.952000 109.415701 -109.846828 0.000000 0.000000 0.000000 0.000038 1.000000
157.016000 109.415701 -109.846828 0.000000 0.000000 0.000000 0.000038 1.000000
157.084000 109.993095 -110.424135 0.000000 0.000000 0.000000 0.000038 1.000000
157.148000 110.570489 -111.001441 0.000000 0.000000 0.000000 0.000038 1.000000
157.216000 110.570489 -111.001441 0.000000 0.000000 0.000000 0.000038 1.000000
157.280000 109.993095 -110.424135 0.000000 0.000000 0.000000 0.000038 1.000000
157.348000 109.415701 -109.846828 0.000000 0.000000 0.000000 0.000038 1.000000
157.412000 109.993095 -110.424135 0.000000 0.000000 0.000000 0.000038 1.000000
157.480000 110.570489 -111.001441 0.000000 0.000000 0.000000 0.000038 1.000000
157.544000 110.570489 -111.001441 0.000000 0.000000 0.000000 0.000038 1.000000
157.612000 111.147883 -111.578747 0.000000 0.000000 0.000000 0.000038 1.000000
157.676000 111.147883 -111.578747 0.000000 0.000000 0.000000 0.000038 1.000000
157.744000 111.147883 -111.578747 0.000000 0.000000 0.000000 0.000038 1.000000
157.808000 111.147883 -111.578747 0.000000 0.000000 0.000000 0.000038 1.000000
157.876000 111.725277 -112.156054 0.000000 0.000000 0.000000 0.000038 1.000000
157.940000 111.725277 -112.156054 0.000000 0.000000 0.000000 0.000038 1.000000
158.008000 112.302671 -112.733360 0.000000 0.000000 0.000000 0.000038 1.000000
158.072000 112.302671 -112.733360 0.000000 0.000000 0.000000 0.000038 1.000000
158.140000 112.880066 -113.310666 0.000000 0.000000 0.000000 0.000038 1.000000
158.204000 113.457460 -113.887973 0.000000 0.000000 0.000000 0.000038 1.000000
158.272000 112.880066 -113.310666 0.000000 0.000000 0.000000 0.000038 1.000000
158.336000 112.302671 -112.733360 0.000000 0.000000 0.000000 0.000038 1.000000
158.404000 112.880066 -113.310666 0.000000 0.000000 0.000000 0.000038 1.000000
158.468000 112.880066 -113.310666 0.000000 0.000000 0.000000 0.000038 1.000000
158.536000 112.880066 -113.310666 0.000000 0.000000 0.000000 0.000038 1.000000
158.600000 112.302671 -112.733360 0.000000 0.000000 0.000000 0.000038 1.000000
158.668000 112.880066 -113.310666 0.000000 0.000000 0.000000 0.000038 1.000000
158.732000 112.302671 -112.733360 0.000000 0.000000 0.000000 0.000038 1.000000
158.800000 112.880066 -113.310666 0.000000 0.000000 0.000000 0.000038 1.000000
158.864000 112.880066 -113.310666 0.000000 0.000000 0.000000 0.000038 1.000000
158.932000 112.880066 -113.310666 0.000000 0.000000 0.000000 0.000038 1.000000
158.996000 112.880066 -113.310666 0.000000 0.000000 0.000000 0.000038 1.000000
159.064000 113.457460 -113.887973 0.000000 0.000000 0.000000 0.000038 1.000000
159.128000 113.457460 -113.887973 0.000000 0.000000 0.000000 0.000038 1.000000
159.196000 114.034854 -114.465279 0.000000 0.000000 0.000000 0.000038 1.000000
159.260000 114.612248 -115.042586 0.000000 0.000000 0.000000 0.000038 1.000000
159.328000 114.612248 -115.042586 0.000000 0.000000 0.000000 0.000038 1.000000
159.392000 115.189642 -115.619892 0.000000 0.000000 0.000000 0.000038 1.000000
159.460000 115.189642 -115.619892 0.000000 0.000000 0.000000 0.000038 1.000000
159.524000 115.189642 -115.619892 0.000000 0.000000 0.000000 0.000038 1.000000
159.592000 115.050352 -116.608684 0.000000 0.000000 0.000000 0.000038 1.000000
159.656000 115.050352 -116.608684 0.000000 0.000000 0.000000 0.000038 1.000000
159.724000 115.050352 -116.608684 0.000000 0.000000 0.000000 0.000038 1.000000
159.788000 115.050352 -116.608684 0.000000 0.000000 0.000000 0.000038 1.000000
159.856000 115.627747 -117.185990 0.000000 0.000000 0.000000 0.000038 1.000000
159.920000 115.627747 -117.185990 0.000000 0.000000 0.000000 0.000038 1.000000
159.988000 115.627747 -117.185990 0.000000 0.000000 0.000000 0.000038 1.000000
160.052000 116.205141 -117.763297 0.000000 0.000000 0.000000 0.000038 1.000000
160.120000 116.782535 -118.340603 0.000000 0.000000 0.000000 0.000038 1.000000
160.184000 117.359929 -118.917909 0.000000 0.000000 0.000000 0.000038 1.000000
160.252000 117.937323 -119.495216 0.000000 0.000000 0.000000 0.000038 1.000000
160.316000 117.359929 -118.917909 0.000000 0.000000 0.000000 0.000038 1.000000
160.384000 117.359929 -118.917909 0.000000 0.000000 0.000000 0.000038 1.000000
160.448000 117.937323 -119.495216 0.000000 0.000000 0.000000 0.000038 1.000000
160.516000 118.514717 -120.072522 0.000000 0.000000 0.000000 0.000038 1.000000
160.580000 117.937323 -119.495216 0.000000 0.000000 0.000000 0.000038 1.000000
160.648000 117.937323 -119.495216 0.000000 0.000000 0.000000 0.000038 1.000000
160.712000 117.937323 -119.495216 0.000000 0.000000 0.000000 0.000038 1.000000
160.780000 117.937323 -119.495216 0.000000 0.000000 0.000000 0.000038 1.000000
160.844000 118.514717 -120.072522 0.000000 0.000000 0.000000 0.000038 1.000000
160.912000 119.092112 -120.649829 0.000000 0.000000 0.000000 0.000038 1.000000
160.976000 119.092112 -120.649829 0.000000 0.000000 0.000000 0.000038 1.000000
161.044000 119.092112 -120.649829 0.000000 0.000000 0.000000 0.000038 1.000000
161.108000 119.669506 -121.227135 0.000000 0.000000 0.000000 0.000038 1.000000
161.176000 119.669506 -121.227135 0.000000 0.000000 0.000000 0.000038 1.000000
161.240000 119.092112 -120.649829 0.000000 0.000000 0.000000 0.000038 1.000000
161.308000 119.669506 -121.227135 0.000000 0.000000 0.000000 0.000038 1.000000
161.372000 119.669506 -121.227135 0.000000 0.000000 0.000000 0.000038 1.000000
161.440000 120.246900 -121.804441 0.000000 0.000000 0.000000 0.000038 1.000000
161.504000 120.246900 -121.804441 0.000000 0.000000 0.000000 0.000038 1.000000
161.572000 120.824294 -122.381748 0.000000 0.000000 0.000000 0.000038 1.000000
161.636000 120.246900 -121.804441 0.000000 0.000000 0.000000 0.000038 1.000000
161.704000 120.246900 -121.804441 0.000000 0.000000 0.000000 0.000038 1.000000
161.768000 119.669506 -121.227135 0.000000 0.000000 0.000000 0.000038 1.000000
161.836000 119.669506 -121.227135 0.000000 0.000000 0.000000 0.000038 1.000000
161.900000 119.669506 -121.227135 0.000000 0.000000 0.000000 0.000038 1.000000
161.968000 118.985346 -121.203271 0.000000 0.000000 0.000000 0.000038 1.000000
162.032000 118.985346 -121.203271 0.000000 0.000000 0.000000 0.000038 1.000000
162.100000 118.985346 -121.203271 0.000000 0.000000 0.000000 0.000038 1.000000
162.164000 118.985346 -121.203271 0.000000 0.000000 0.000000 0.000038 1.000000
162.232000 118.985346 -121.203271 0.000000 0.000000 0.000000 0.000038 1.000000
162.296000 118.985346 -121.203271 0.000000 0.000000 0.000000 0.000038 1.000000
162.364000 118.985346 -121.203271 0.000000 0.000000 0.000000 0.000038 1.000000
162.428000 119.562740 -121.780577 0.000000 0.000000 0.000000 0.000038 1.000000
162.496000 119.562740 -121.780577 0.000000 0.000000 0.000000 0.000038 1.000000
162.560000 119.562740 -121.780577 0.000000 0.000000 0.000000 0.000038 1.000000
162.628000 119.562740 -121.780577 0.000000 0.000000 0.000000 0.000038 1.000000
162.692000 119.562740 -121.780577 0.000000 0.000000 0.000000 0.000038 1.000000
162.760000 119.562740 -121.780577 0.000000 0.000000 0.000000 0.000038 1.000000
162.824000 118.985346 -121.203271 0.000000 0.000000 0.000000 0.000038 1.000000
162.892000 118.985346 -121.203271 0.000000 0.000000 0.000000 0.000038 1.000000
162.956000 118.985346 -121.203271 0.000000 0.000000 0.000000 0.000038 1.000000
163.024000 118.985346 -121.203271 0.000000 0.000000 0.000000 0.000038 1.000000
163.088000 118.985346 -121.203271 0.000000 0.000000 0.000000 0.000038 1.000000
163.156000 119.562740 -121.780577 0.000000 0.000000 0.000000 0.000038 1.000000
163.220000 119.714819 -122.767071 0.000000 0.000000 0.000000 0.000038 1.000000
163.288000 119.714819 -122.767071 0.000000 0.000000 0.000000 0.000038 1.000000
163.352000 119.714819 -122.767071 0.000000 0.000000 0.000000 0.000038 1.000000
163.420000 120.292213 -123.344377 0.000000 0.000000 0.000000 0.000038 1.000000
163.484000 120.869607 -123.921683 0.000000 0.000000 0.000000 0.000038 1.000000
163.552000 121.447002 -124.498990 0.000000 0.000000 0.000000 0.000038 1.000000
163.616000 122.024396 -125.076296 0.000000 0.000000 0.000000 0.000038 1.000000
163.684000 122.601790 -125.653602 0.000000 0.000000 0.000000 0.000038 1.000000
163.748000 123.179184 -126.230909 0.000000 0.000000 0.000000 0.000038 1.000000
163.816000 123.179184 -126.230909 0.000000 0.000000 0.000000 0.000038 1.000000
163.880000 123.179184 -126.230909 0.000000 0.000000 0.000000 0.000038 1.000000
163.948000 123.179184 -126.230909 0.000000 0.000000 0.000000 0.000038 1.000000
164.012000 123.179184 -126.230909 0.000000 0.000000 0.000000 0.000038 1.000000
164.080000 123.756578 -126.808215 0.000000 0.000000 0.000000 0.000038 1.000000
164.144000 123.756578 -126.808215 0.000000 0.000000 0.000000 0.000038 1.000000
164.212000 124.333972 -127.385522 0.000000 0.000000 0.000000 0.000038 1.000000
164.276000 124.333972 -127.385522 0.000000 0.000000 0.000000 0.000038 1.000000
164.344000 124.333972 -127.385522 0.000000 0.000000 0.000000 0.000038 1.000000
164.408000 124.333972 -127.385522 0.000000 0.000000 0.000000 0.000038 1.000000
164.476000 124.333972 -127.385522 0.000000 0.000000 0.000000 0.000038 1.000000
164.540000 124.333972 -127.385522 0.000000 0.000000 0.000000 0.000038 1.000000
164.608000 124.333972 -127.385522 0.000000 0.000000 0.000000 0.000038 1.000000
164.672000 124.911367 -127.962828 0.000000 0.000000 0.000000 0.000038 1.000000
164.740000 125.488761 -128.540134 0.000000 0.000000 0.000000 0.000038 1.000000
164.804000 126.066155 -129.117441 0.000000 0.000000 0.000000 0.000038 1.000000
164.872000 125.248920 -129.524945 0.000000 0.000000 0.000000 0.000038 1.000000
164.936000 125.826314 -130.102251 0.000000 0.000000 0.000000 0.000038 1.000000
165.004000 125.826314 -130.102251 0.000000 0.000000 0.000000 0.000038 1.000000
165.068000 126.403708 -130.679558 0.000000 0.000000 0.000000 0.000038 1.000000
165.136000 126.403708 -130.679558 0.000000 0.000000 0.000000 0.000038 1.000000
165.200000 126.403708 -130.679558 0.000000 0.000000 0.000000 0.000038 1.000000
165.268000 125.826314 -130.102251 0.000000 0.000000 0.000000 0.000038 1.000000
165.332000 125.826314 -130.102251 0.000000 0.000000 0.000000 0.000038 1.000000
165.400000 125.826314 -130.102251 0.000000 0.000000 0.000000 0.000038 1.000000
165.464000 125.267654 -130.927961 0.000000 0.000000 0.000000 0.000038 1.000000
165.532000 125.845048 -131.505267 0.000000 0.000000 0.000000 0.000038 1.000000
165.596000 125.845048 -131.505267 0.000000 0.000000 0.000000 0.000038 1.000000
165.664000 126.422442 -132.082573 0.000000 0.000000 0.000000 0.000038 1.000000
165.728000 126.999836 -132.659880 0.000000 0.000000 0.000000 0.000038 1.000000
165.796000 126.999836 -132.659880 0.000000 0.000000 0.000000 0.000038 1.000000
165.860000 126.422442 -132.082573 0.000000 0.000000 0.000000 0.000038 1.000000
165.928000 126.422442 -132.082573 0.000000 0.000000 0.000000 0.000038 1.000000
165.992000 125.845048 -131.505267 0.000000 0.000000 0.000000 0.000038 1.000000
166.060000 125.267654 -130.927961 0.000000 0.000000 0.000000 0.000038 1.000000
166.124000 126.112013 -130.935514 0.000000 0.000000 0.000000 0.000038 1.000000
166.192000 125.534618 -130.358207 0.000000 0.000000 0.000000 0.000038 1.000000
166.256000 124.957224 -129.780901 0.000000 0.000000 0.000000 0.000038 1.000000
166.324000 125.534618 -130.358207 0.000000 0.000000 0.000000 0.000038 1.000000
166.388000 125.534618 -130.358207 0.000000 0.000000 0.000000 0.000038 1.000000
166.456000 124.601612 -130.352601 0.000000 0.000000 0.000000 0.000038 1.000000
166.520000 125.179006 -130.929908 0.000000 0.000000 0.000000 0.000038 1.000000
166.588000 125.756401 -131.507214 0.000000 0.000000 0.000000 0.000038 1.000000
166.652000 125.756401 -131.507214 0.000000 0.000000 0.000000 0.000038 1.000000
166.720000 125.179006 -130.929908 0.000000 0.000000 0.000000 0.000038 1.000000
166.784000 124.601612 -130.352601 0.000000 0.000000 0.000000 0.000038 1.000000
166.852000 124.601612 -130.352601 0.000000 0.000000 0.000000 0.000038 1.000000
166.916000 124.601612 -130.352601 0.000000 0.000000 0.000000 0.000038 1.000000
166.984000 125.179006 -130.929908 0.000000 0.000000 0.000000 0.000038 1.000000
167.048000 125.179006 -130.929908 0.000000 0.000000 0.000000 0.000038 1.000000
167.116000 125.756401 -131.507214 0.000000 0.000000 0.000000 0.000038 1.000000
167.180000 125.179006 -130.929908 0.000000 0.000000 0.000000 0.000038 1.000000
167.248000 125.488608 -131.873251 0.000000 0.000000 0.000000 0.000038 1.000000
167.312000 125.488608 -131.873251 0.000000 0.000000 0.000000 0.000038 1.000000
167.380000 125.488608 -131.873251 0.000000 0.000000 0.000000 0.000038 1.000000
167.444000 124.911214 -131.295945 0.000000 0.000000 0.000000 0.000038 1.000000
167.512000 124.911214 -131.295945 0.000000 0.000000 0.000000 0.000038 1.000000
167.576000 124.911214 -131.295945 0.000000 0.000000 0.000000 0.000038 1.000000
167.644000 124.911214 -131.295945 0.000000 0.000000 0.000000 0.000038 1.000000
167.708000 124.911214 -131.295945 0.000000 0.000000 0.000000 0.000038 1.000000
167.776000 125.488608 -131.873251 0.000000 0.000000 0.000000 0.000038 1.000000
167.840000 125.488608 -131.873251 0.000000 0.000000 0.000000 0.000038 1.000000
167.908000 125.488608 -131.873251 0.000000 0.000000 0.000000 0.000038 1.000000
167.972000 125.488608 -131.873251 0.000000 0.000000 0.000000 0.000038 1.000000
168.040000 125.488608 -131.873251 0.000000 0.000000 0.000000 0.000038 1.000000
168.104000 125.488608 -131.873251 0.000000 0.000000 0.000000 0.000038 1.000000
168.172000 126.066002 -132.450558 0.000000 0.000000 0.000000 0.000038 1.000000
168.236000 126.066002 -132.450558 0.000000 0.000000 0.000000 0.000038 1.000000
168.304000 126.066002 -132.450558 0.000000 0.000000 0.000000 0.000038 1.000000
168.368000 126.066002 -132.450558 0.000000 0.000000 0.000000 0.000038 1.000000
168.436000 126.066002 -132.450558 0.000000 0.000000 0.000000 0.000038 1.000000
168.500000 125.488608 -131.873251 0.000000 0.000000 0.000000 0.000038 1.000000
168.568000 124.911214 -131.295945 0.000000 0.000000 0.000000 0.000038 1.000000
168.632000 124.966138 -131.323528 0.000000 0.000000 0.000000 0.000898 1.000000
168.700000 125.065056 -131.342995 0.000000 0.000000 0.000000 0.001897 0.999998
168.764000 124.106114 -131.531794 0.000000 0.000000 0.000000 0.002502 0.999997
168.832000 123.186419 -131.228951 0.000000 0.000000 0.000000 0.001695 0.999999
168.896000 122.202275 -131.331200 0.000000 0.000000 0.000000 0.001992 0.999998
168.964000 121.248114 -131.501929 0.000000 0.000000 0.000000 0.002787 0.999996
169.028000 120.289382 -131.716985 0.000000 0.000000 0.000000 0.003660 0.999993
169.096000 119.316043 -131.804458 0.000000 0.000000 0.000000 0.003632 0.999993
169.160000 118.339458 -131.715903 0.000000 0.000000 0.000000 0.003450 0.999994
169.228000 117.359393 -131.729384 0.000000 0.000000 0.000000 0.003587 0.999994
169.292000 116.382161 -131.841612 0.000000 0.000000 0.000000 0.004143 0.999991
169.360000 115.399466 -131.985695 0.000000 0.000000 0.000000 0.004410 0.999990
169.424000 114.417424 -131.867303 0.000000 0.000000 0.000000 0.004228 0.999991
169.492000 113.437132 -131.880559 0.000000 0.000000 0.000000 0.004327 0.999991
169.556000 112.455133 -131.862375 0.000000 0.000000 0.000000 0.004034 0.999992
169.624000 111.472746 -131.804465 0.000000 0.000000 0.000000 0.003855 0.999993
169.688000 110.505309 -131.979402 0.000000 0.000000 0.000000 0.004748 0.999989
169.756000 109.529069 -132.161922 0.000000 0.000000 0.000000 0.005457 0.999985
169.820000 110.499387 -131.959574 0.000000 0.000000 0.000000 0.006229 0.999981
169.888000 109.598861 -131.547178 0.000000 0.000000 0.000000 0.004367 0.999990
169.952000 108.619558 -131.477081 0.000000 0.000000 0.000000 0.004364 0.999990
170.020000 108.398868 -131.592637 0.000000 0.000000 0.000000 0.008346 0.999965
170.084000 108.517328 -131.901544 0.000000 0.000000 0.000000 0.055808 0.998441
170.152000 108.501492 -132.887524 0.000000 0.000000 0.000000 0.102561 0.994727
170.216000 108.751752 -133.855423 0.000000 0.000000 0.000000 0.153456 0.988156
170.284000 109.156767 -134.769590 0.000000 0.000000 0.000000 0.210136 0.977672
170.348000 109.598888 -135.666499 0.000000 0.000000 0.000000 0.264381 0.964418
170.416000 110.162048 -136.492515 0.000000 0.000000 0.000000 0.322361 0.946617
170.480000 110.849369 -137.218846 0.000000 0.000000 0.000000 0.372458 0.928049
170.548000 111.598828 -137.880779 0.000000 0.000000 0.000000 0.417585 0.908638
170.612000 112.419857 -138.451661 0.000000 0.000000 0.000000 0.468018 0.883719
170.680000 113.267766 -138.981780 0.000000 0.000000 0.000000 0.520871 0.853636
170.744000 113.707270 -139.154686 0.000000 0.000000 0.000000 0.552110 0.833771
170.812000 113.778276 -139.027240 0.000000 0.000000 0.000000 0.553155 0.833078
170.876000 113.167801 -139.819125 0.000000 0.000000 0.000000 0.552341 0.833618
170.944000 112.632804 -140.646460 0.000000 0.000000 0.000000 0.551992 0.833849
171.008000 112.243027 -141.544794 0.000000 0.000000 0.000000 0.551929 0.833891
171.076000 111.666507 -142.318034 0.000000 0.000000 0.000000 0.551024 0.834489
171.140000 111.275311 -143.211490 0.000000 0.000000 0.000000 0.550922 0.834557
171.208000 110.863826 -144.105643 0.000000 0.000000 0.000000 0.551154 0.834404
171.272000 110.641964 -145.062561 0.000000 0.000000 0.000000 0.551901 0.833910
171.340000 110.152799 -145.906969 0.000000 0.000000 0.000000 0.550870 0.834591
171.404000 109.964479 -146.864824 0.000000 0.000000 0.000000 0.551348 0.834275
171.472000 109.470940 -147.709461 0.000000 0.000000 0.000000 0.550455 0.834865
171.536000 108.995991 -148.562831 0.000000 0.000000 0.000000 0.549568 0.835449
171.604000 108.656512 -149.489438 0.000000 0.000000 0.000000 0.549980 0.835178
171.668000 109.240994 -148.706175 0.000000 0.000000 0.000000 0.549107 0.835752
171.736000 108.806744 -149.578785 0.000000 0.000000 0.000000 0.548813 0.835945
171.800000 108.330951 -150.431919 0.000000 0.000000 0.000000 0.548048 0.836447
171.868000 107.870072 -151.291017 0.000000 0.000000 0.000000 0.547457 0.836834
171.932000 107.416555 -152.165887 0.000000 0.000000 0.000000 0.547044 0.837104
172.000000 107.019009 -153.055366 0.000000 0.000000 0.000000 0.546775 0.837280
172.064000 106.666244 -153.967451 0.000000 0.000000 0.000000 0.546918 0.837186
172.132000 106.306288 -154.877340 0.000000 0.000000 0.000000 0.547502 0.836804
172.196000 105.924210 -155.782672 0.000000 0.000000 0.000000 0.547617 0.836729
172.264000 105.546367 -156.692576 0.000000 0.000000 0.000000 0.547947 0.836513
172.328000 105.268632 -157.624875 0.000000 0.000000 0.000000 0.548162 0.836372
172.396000 104.947409 -158.542663 0.000000 0.000000 0.000000 0.548258 0.836309
172.460000 104.229345 -159.212071 0.000000 0.000000 0.000000 0.547035 0.837110
172.528000 104.780176 -158.405179 0.000000 0.000000 0.000000 0.545839 0.837890
172.592000 103.940884 -158.918668 0.000000 0.000000 0.000000 0.543664 0.839303
172.660000 103.127935 -159.459182 0.000000 0.000000 0.000000 0.541895 0.840446
172.724000 103.794858 -158.746100 0.000000 0.000000 0.000000 0.541021 0.841009
172.792000 104.313035 -157.918787 0.000000 0.000000 0.000000 0.540103 0.841599
172.856000 103.598848 -158.587194 0.000000 0.000000 0.000000 0.538452 0.842656
172.924000 102.759828 -159.098470 0.000000 0.000000 0.000000 0.536457 0.843928
172.988000 101.767135 -159.156570 0.000000 0.000000 0.000000 0.528959 0.848647
173.056000 101.019437 -159.791949 0.000000 0.000000 0.000000 0.527590 0.849499
173.120000 101.685384 -159.070379 0.000000 0.000000 0.000000 0.526193 0.850365
173.188000 100.726380 -159.293574 0.000000 0.000000 0.000000 0.522999 0.852333
173.252000 101.394485 -158.581446 0.000000 0.000000 0.000000 0.521713 0.853121
173.320000 101.995150 -157.810889 0.000000 0.000000 0.000000 0.520815 0.853670
173.384000 102.639984 -157.075073 0.000000 0.000000 0.000000 0.519512 0.854463
173.452000 103.245513 -156.310745 0.000000 0.000000 0.000000 0.518730 0.854938
173.516000 103.900641 -155.581168 0.000000 0.000000 0.000000 0.517293 0.855808
173.584000 104.451911 -154.778267 0.000000 0.000000 0.000000 0.516659 0.856191
173.648000 103.683175 -155.382075 0.000000 0.000000 0.000000 0.515541 0.856865
173.716000 104.362712 -154.681479 0.000000 0.000000 0.000000 0.514782 0.857321
173.780000 103.484044 -155.121274 0.000000 0.000000 0.000000 0.512367 0.858767
173.848000 104.163683 -154.423812 0.000000 0.000000 0.000000 0.511380 0.859355
173.912000 103.405064 -155.041525 0.000000 0.000000 0.000000 0.510119 0.860104
173.980000 104.049919 -154.309444 0.000000 0.000000 0.000000 0.509334 0.860569
174.044000 103.265893 -154.897785 0.000000 0.000000 0.000000 0.507448 0.861682
174.112000 102.299797 -154.639709 0.000000 0.000000 0.000000 0.482357 0.875975
174.176000 101.387695 -154.232368 0.000000 0.000000 0.000000 0.442702 0.896669
174.244000 100.517311 -153.740158 0.000000 0.000000 0.000000 0.391337 0.920248
174.308000 99.687627 -153.181935 0.000000 0.000000 0.000000 0.344514 0.938781
174.376000 98.929176 -152.530504 0.000000 0.000000 0.000000 0.294868 0.955538
174.440000 98.114126 -153.109544 0.000000 0.000000 0.000000 0.273129 0.961977
174.508000 97.477196 -152.338623 0.000000 0.000000 0.000000 0.218472 0.975843
174.572000 98.230075 -151.680479 0.000000 0.000000 0.000000 0.194733 0.980856
174.640000 97.404024 -152.220912 0.000000 0.000000 0.000000 0.187833 0.982201
174.704000 96.475608 -152.543237 0.000000 0.000000 0.000000 0.187396 0.982285
174.772000 95.534172 -152.786112 0.000000 0.000000 0.000000 0.186327 0.982488
174.836000 95.277562 -152.874745 0.000000 0.000000 0.000000 0.186120 0.982527
174.904000 94.917346 -153.229835 0.000000 0.000000 0.000000 0.187483 0.982268
174.968000 93.997541 -153.535153 0.000000 0.000000 0.000000 0.187238 0.982315
175.036000 93.045837 -153.707360 0.000000 0.000000 0.000000 0.185387 0.982666
175.100000 92.103737 -153.904498 0.000000 0.000000 0.000000 0.183897 0.982946
175.168000 91.162326 -154.176444 0.000000 0.000000 0.000000 0.183076 0.983099
175.232000 90.239779 -154.465639 0.000000 0.000000 0.000000 0.182676 0.983173
175.300000 89.336551 -154.837486 0.000000 0.000000 0.000000 0.182706 0.983168
175.364000 88.634633 -154.157765 0.000000 0.000000 0.000000 0.164429 0.986389
175.432000 88.307720 -153.215371 0.000000 0.000000 0.000000 0.111252 0.993792
175.496000 87.384407 -153.574429 0.000000 0.000000 0.000000 0.087326 0.996180
175.564000 86.443553 -153.881278 0.000000 0.000000 0.000000 0.061657 0.998097
175.628000 85.492085 -154.109164 0.000000 0.000000 0.000000 0.052264 0.998633
175.696000 84.530047 -154.296057 0.000000 0.000000 0.000000 0.052362 0.998628
175.760000 83.569091 -154.487614 0.000000 0.000000 0.000000 0.052610 0.998615
175.828000 82.594346 -154.600189 0.000000 0.000000 0.000000 0.052558 0.998618
175.892000 81.624121 -154.744413 0.000000 0.000000 0.000000 0.052763 0.998607
175.960000 80.652938 -154.898964 0.000000 0.000000 0.000000 0.057981 0.998318
176.024000 79.711540 -154.631015 0.000000 0.000000 0.000000 0.080159 0.996782
176.092000 78.766349 -154.429316 0.000000 0.000000 0.000000 0.105993 0.994367
176.156000 77.797449 -154.675695 0.000000 0.000000 0.000000 0.129663 0.991558
176.224000 76.810858 -154.787189 0.000000 0.000000 0.000000 0.155202 0.987883
176.288000 76.967099 -155.768130 0.000000 0.000000 0.000000 0.200658 0.979661
176.356000 77.309074 -156.676069 0.000000 0.000000 0.000000 0.250547 0.968104
176.420000 76.419824 -157.113225 0.000000 0.000000 0.000000 0.273907 0.961756
176.488000 76.830173 -158.023769 0.000000 0.000000 0.000000 0.320248 0.947334
176.552000 76.046854 -158.613720 0.000000 0.000000 0.000000 0.323091 0.946368
176.620000 75.272350 -159.210378 0.000000 0.000000 0.000000 0.323317 0.946291
176.684000 74.484374 -159.796196 0.000000 0.000000 0.000000 0.322784 0.946473
176.752000 73.703989 -160.383044 0.000000 0.000000 0.000000 0.322603 0.946534
176.816000 72.899848 -160.959974 0.000000 0.000000 0.000000 0.321985 0.946745
176.884000 72.109987 -161.559033 0.000000 0.000000 0.000000 0.318700 0.947856
176.948000 71.413566 -160.844633 0.000000 0.000000 0.000000 0.266654 0.963792
177.016000 70.858586 -160.024009 0.000000 0.000000 0.000000 0.207799 0.978172
177.080000 70.358767 -159.163239 0.000000 0.000000 0.000000 0.154155 0.988047
177.148000 70.019835 -158.222733 0.000000 0.000000 0.000000 0.106349 0.994329
177.212000 69.788427 -157.249886 0.000000 0.000000 0.000000 0.060842 0.998147
177.280000 68.792710 -157.289626 0.000000 0.000000 0.000000 0.035749 0.999361
177.344000 68.551583 -156.319430 0.000000 0.000000 0.000000 -0.009467 0.999955
177.412000 67.584631 -156.467558 0.000000 0.000000 0.000000 -0.011116 0.999938
177.476000 66.623095 -156.603414 0.000000 0.000000 0.000000 -0.010657 0.999943
177.544000 67.593470 -156.582349 0.000000 0.000000 0.000000 -0.010743 0.999942
177.608000 66.618302 -156.551009 0.000000 0.000000 0.000000 -0.010824 0.999941
177.676000 65.685543 -156.843534 0.000000 0.000000 0.000000 -0.009630 0.999954
177.740000 64.754493 -157.136055 0.000000 0.000000 0.000000 -0.008578 0.999963
177.808000 63.782662 -157.208239 0.000000 0.000000 0.000000 -0.008443 0.999964
177.872000 62.809716 -157.166974 0.000000 0.000000 0.000000 -0.008707 0.999962
177.940000 61.877408 -157.466307 0.000000 0.000000 0.000000 -0.007316 0.999973
178.004000 62.849428 -157.369164 0.000000 0.000000 0.000000 -0.006906 0.999976
178.072000 61.869346 -157.334247 0.000000 0.000000 0.000000 -0.006919 0.999976
178.136000 60.923999 -157.543424 0.000000 0.000000 0.000000 -0.006182 0.999981
178.204000 59.961436 -157.707455 0.000000 0.000000 0.000000 -0.006049 0.999982
178.268000 59.018317 -157.938678 0.000000 0.000000 0.000000 -0.005445 0.999985
178.336000 58.082663 -158.222298 0.000000 0.000000 0.000000 -0.004453 0.999990
178.400000 57.106952 -158.227318 0.000000 0.000000 0.000000 -0.004455 0.999990
178.468000 58.044771 -158.003912 0.000000 0.000000 0.000000 -0.003726 0.999993
178.532000 57.140959 -158.349888 0.000000 0.000000 0.000000 -0.002322 0.999997
178.600000 56.170412 -158.347995 0.000000 0.000000 0.000000 -0.002163 0.999998
178.664000 55.194481 -158.321796 0.000000 0.000000 0.000000 -0.002078 0.999998
178.732000 54.202919 -158.379885 0.000000 0.000000 0.000000 -0.001905 0.999998
178.796000 53.254913 -158.608791 0.000000 0.000000 0.000000 -0.001500 0.999999
178.864000 54.216868 -158.494916 0.000000 0.000000 0.000000 -0.000982 1.000000
178.928000 53.256741 -158.316769 0.000000 0.000000 0.000000 -0.001270 0.999999
178.996000 54.230162 -158.334610 0.000000 0.000000 0.000000 -0.001270 0.999999
179.060000 53.265732 -158.430720 0.000000 0.000000 0.000000 -0.000820 1.000000
179.128000 52.613877 -159.158865 0.000000 0.000000 0.000000 0.002936 0.999996
179.192000 53.547557 -158.920807 0.000000 0.000000 0.000000 0.003789 0.999993
179.260000 54.516404 -158.956226 0.000000 0.000000 0.000000 0.004011 0.999992
179.324000 53.552189 -159.047417 0.000000 0.000000 0.000000 0.004064 0.999992
179.392000 52.579123 -159.024902 0.000000 0.000000 0.000000 0.004125 0.999991
179.456000 51.598062 -159.096782 0.000000 0.000000 0.000000 0.004288 0.999991
179.524000 52.571640 -159.095019 0.000000 0.000000 0.000000 0.004288 0.999991
179.588000 51.589871 -159.054273 0.000000 0.000000 0.000000 0.004294 0.999991
179.656000 52.559917 -159.101899 0.000000 0.000000 0.000000 0.004301 0.999991
179.720000 53.504197 -158.857716 0.000000 0.000000 0.000000 0.005190 0.999987
179.788000 52.603763 -159.183771 0.000000 0.000000 0.000000 0.006212 0.999981
179.852000 51.629530 -159.263485 0.000000 0.000000 0.000000 0.015360 0.999882
179.920000 51.515803 -160.249699 0.000000 0.000000 0.000000 0.066290 0.997800
179.984000 51.581640 -161.247341 0.000000 0.000000 0.000000 0.116272 0.993217
180.052000 51.737434 -162.234024 0.000000 0.000000 0.000000 0.178118 0.984009
180.116000 52.013417 -163.194739 0.000000 0.000000 0.000000 0.223039 0.974809
180.184000 52.310017 -164.149734 0.000000 0.000000 0.000000 0.273691 0.961818
180.248000 52.630512 -165.088095 0.000000 0.000000 0.000000 0.314781 0.949164
180.316000 53.016651 -166.007279 0.000000 0.000000 0.000000 0.356239 0.934395
180.380000 53.569234 -166.840737 0.000000 0.000000 0.000000 0.395161 0.918612
180.448000 52.585613 -166.782235 0.000000 0.000000 0.000000 0.391375 0.920231
180.512000 53.209849 -166.029494 0.000000 0.000000 0.000000 0.391414 0.920215
180.580000 53.835964 -165.280168 0.000000 0.000000 0.000000 0.391499 0.920179
180.644000 54.439609 -164.508718 0.000000 0.000000 0.000000 0.391796 0.920052
180.712000 55.173638 -163.861175 0.000000 0.000000 0.000000 0.391426 0.920210
180.776000 55.865668 -163.166977 0.000000 0.000000 0.000000 0.391439 0.920204
180.844000 56.478724 -162.409051 0.000000 0.000000 0.000000 0.391462 0.920194
180.908000 57.131030 -161.679089 0.000000 0.000000 0.000000 0.391578 0.920145
180.976000 56.692307 -162.551628 0.000000 0.000000 0.000000 0.392631 0.919696
181.040000 57.395783 -161.877317 0.000000 0.000000 0.000000 0.392506 0.919749
181.108000 57.988855 -161.102643 0.000000 0.000000 0.000000 0.393000 0.919538
181.172000 58.595836 -160.336532 0.000000 0.000000 0.000000 0.393739 0.919222
181.240000 57.629987 -160.480900 0.000000 0.000000 0.000000 0.390420 0.920637
181.304000 58.268694 -159.738809 0.000000 0.000000 0.000000 0.390508 0.920600
181.372000 57.406856 -160.205553 0.000000 0.000000 0.000000 0.389044 0.921219
181.436000 56.486782 -159.831536 0.000000 0.000000 0.000000 0.383023 0.923739
181.504000 55.512678 -159.713001 0.000000 0.000000 0.000000 0.378509 0.925598
181.568000 56.122897 -158.949453 0.000000 0.000000 0.000000 0.378689 0.925524
181.636000 55.207076 -158.573829 0.000000 0.000000 0.000000 0.371190 0.928557
181.700000 54.268976 -158.261282 0.000000 0.000000 0.000000 0.364840 0.931070
181.768000 54.892310 -157.509255 0.000000 0.000000 0.000000 0.365414 0.930845
181.832000 55.602378 -156.833706 0.000000 0.000000 0.000000 0.365434 0.930837
181.900000 55.651161 -155.862435 0.000000 0.000000 0.000000 0.368177 0.929756
181.964000 56.342742 -155.169832 0.000000 0.000000 0.000000 0.368170 0.929758
182.032000 55.361469 -155.045635 0.000000 0.000000 0.000000 0.363957 0.931416
182.096000 56.082381 -154.381297 0.000000 0.000000 0.000000 0.364160 0.931336
182.164000 56.755842 -153.677149 0.000000 0.000000 0.000000 0.364190 0.931325
182.228000 57.077582 -152.769419 0.000000 0.000000 0.000000 0.365815 0.930687
182.296000 56.136633 -152.501621 0.000000 0.000000 0.000000 0.357538 0.933899
182.360000 56.863245 -151.850112 0.000000 0.000000 0.000000 0.357535 0.933900
182.428000 56.452356 -152.731908 0.000000 0.000000 0.000000 0.359081 0.933306
182.492000 55.754467 -153.412873 0.000000 0.000000 0.000000 0.359364 0.933198
182.560000 55.371477 -154.302254 0.000000 0.000000 0.000000 0.361326 0.932440
182.624000 54.400994 -154.155647 0.000000 0.000000 0.000000 0.355714 0.934595
182.692000 55.130568 -153.503079 0.000000 0.000000 0.000000 0.355776 0.934571
182.756000 55.823427 -152.819460 0.000000 0.000000 0.000000 0.355664 0.934614
182.824000 55.097867 -153.477515 0.000000 0.000000 0.000000 0.355661 0.934615
182.888000 54.355296 -154.115909 0.000000 0.000000 0.000000 0.355770 0.934573
182.956000 55.035322 -153.410355 0.000000 0.000000 0.000000 0.356431 0.934321
183.020000 55.716400 -152.709878 0.000000 0.000000 0.000000 0.356717 0.934212
183.088000 55.027441 -153.406723 0.000000 0.000000 0.000000 0.357159 0.934044
183.152000 55.746326 -152.744029 0.000000 0.000000 0.000000 0.357028 0.934094
183.220000 56.428915 -152.048805 0.000000 0.000000 0.000000 0.357299 0.933990
183.284000 57.129273 -151.373017 0.000000 0.000000 0.000000 0.357341 0.933974
183.352000 57.869452 -150.733577 0.000000 0.000000 0.000000 0.357101 0.934066
183.416000 58.605269 -150.083400 0.000000 0.000000 0.000000 0.356678 0.934227
183.484000 58.138887 -150.942859 0.000000 0.000000 0.000000 0.357894 0.933762
183.548000 58.873702 -150.292071 0.000000 0.000000 0.000000 0.357858 0.933776
183.616000 59.594805 -150.984895 0.000000 0.000000 0.000000 0.368247 0.929728
183.680000 60.264626 -151.727277 0.000000 0.000000 0.000000 0.375076 0.926994
183.748000 60.694668 -152.628032 0.000000 0.000000 0.000000 0.378735 0.925505
183.812000 60.694668 -152.628032 0.000000 0.000000 0.000000 0.378735 0.925505
183.880000 60.914263 -153.597877 0.000000 0.000000 0.000000 0.383797 0.923418
183.944000 61.362705 -154.476760 0.000000 0.000000 0.000000 0.389136 0.921180
184.012000 61.782508 -155.360022 0.000000 0.000000 0.000000 0.395582 0.918431
184.076000 61.937310 -156.335994 0.000000 0.000000 0.000000 0.398984 0.916958
184.144000 61.699530 -157.271957 0.000000 0.000000 0.000000 0.400957 0.916097
184.208000 62.361480 -156.556926 0.000000 0.000000 0.000000 0.400935 0.916107
184.276000 62.209298 -157.521280 0.000000 0.000000 0.000000 0.403250 0.915090
184.340000 62.860457 -156.790555 0.000000 0.000000 0.000000 0.403252 0.915089
184.408000 62.824613 -157.774998 0.000000 0.000000 0.000000 0.406162 0.913801
184.472000 63.399632 -156.990278 0.000000 0.000000 0.000000 0.406418 0.913687
184.540000 63.991734 -157.792315 0.000000 0.000000 0.000000 0.411383 0.911463
184.604000 64.058428 -158.763984 0.000000 0.000000 0.000000 0.414450 0.910072
184.672000 63.096082 -158.974511 0.000000 0.000000 0.000000 0.409764 0.912192
184.736000 62.631436 -159.836423 0.000000 0.000000 0.000000 0.410850 0.911703
184.804000 61.702303 -160.150469 0.000000 0.000000 0.000000 0.407909 0.913023
184.868000 61.532911 -161.124083 0.000000 0.000000 0.000000 0.410506 0.911858
184.936000 61.824154 -160.210264 0.000000 0.000000 0.000000 0.412108 0.911135
185.000000 61.825087 -161.174679 0.000000 0.000000 0.000000 0.415444 0.909619
185.068000 61.154002 -161.885643 0.000000 0.000000 0.000000 0.415009 0.909817
185.132000 61.751450 -161.110137 0.000000 0.000000 0.000000 0.415268 0.909699
185.200000 61.499048 -162.056414 0.000000 0.000000 0.000000 0.417233 0.908800
185.264000 62.214960 -161.391286 0.000000 0.000000 0.000000 0.416852 0.908974
185.332000 62.841479 -160.640845 0.000000 0.000000 0.000000 0.416783 0.909006
185.396000 63.490149 -159.909461 0.000000 0.000000 0.000000 0.416711 0.909039
185.464000 63.053679 -160.775080 0.000000 0.000000 0.000000 0.417452 0.908699
185.528000 63.528579 -159.930082 0.000000 0.000000 0.000000 0.418138 0.908384
185.596000 62.911554 -160.688974 0.000000 0.000000 0.000000 0.418222 0.908345
185.660000 62.250173 -161.408733 0.000000 0.000000 0.000000 0.417667 0.908600
185.728000 61.648210 -162.179062 0.000000 0.000000 0.000000 0.417806 0.908536
185.792000 60.910654 -162.819693 0.000000 0.000000 0.000000 0.416929 0.908939
185.860000 60.437283 -163.668727 0.000000 0.000000 0.000000 0.417973 0.908459
185.924000 59.899173 -164.479966 0.000000 0.000000 0.000000 0.418457 0.908236
185.992000 59.193395 -165.155391 0.000000 0.000000 0.000000 0.417710 0.908581
186.056000 58.418429 -165.749058 0.000000 0.000000 0.000000 0.416039 0.909347
186.124000 57.789753 -166.501177 0.000000 0.000000 0.000000 0.416038 0.909347
186.188000 57.224830 -167.298228 0.000000 0.000000 0.000000 0.416512 0.909130
186.256000 56.600750 -168.050397 0.000000 0.000000 0.000000 0.416535 0.909120
186.320000 56.040762 -168.852888 0.000000 0.000000 0.000000 0.417073 0.908873
186.388000 55.471189 -169.647528 0.000000 0.000000 0.000000 0.417380 0.908732
186.452000 54.900699 -170.430556 0.000000 0.000000 0.000000 0.417842 0.908520
186.520000 54.254711 -171.163116 0.000000 0.000000 0.000000 0.417709 0.908581
186.584000 53.439271 -171.670621 0.000000 0.000000 0.000000 0.415490 0.909598
186.652000 52.877438 -172.469493 0.000000 0.000000 0.000000 0.416041 0.909346
186.716000 52.257736 -173.231067 0.000000 0.000000 0.000000 0.416059 0.909338
186.784000 51.609038 -173.966757 0.000000 0.000000 0.000000 0.415935 0.909394
186.848000 50.988191 -174.719828 0.000000 0.000000 0.000000 0.416011 0.909360
186.916000 50.360756 -175.473473 0.000000 0.000000 0.000000 0.416097 0.909320
186.980000 49.686828 -176.178898 0.000000 0.000000 0.000000 0.416066 0.909334
187.048000 49.066431 -176.931528 0.000000 0.000000 0.000000 0.416546 0.909115
187.112000 48.447350 -177.702020 0.000000 0.000000 0.000000 0.416803 0.908997
187.180000 47.863519 -178.513289 0.000000 0.000000 0.000000 0.399654 0.916666
187.244000 47.020987 -177.979784 0.000000 0.000000 0.000000 0.359735 0.933055
187.312000 46.205504 -177.414238 0.000000 0.000000 0.000000 0.314574 0.949233
187.376000 45.438484 -176.782511 0.000000 0.000000 0.000000 0.266226 0.963911
187.444000 44.758205 -176.051423 0.000000 0.000000 0.000000 0.220572 0.975371
187.508000 44.186879 -175.261604 0.000000 0.000000 0.000000 0.166164 0.986098
187.576000 43.714351 -174.410124 0.000000 0.000000 0.000000 0.110580 0.993867
187.640000 43.339009 -173.483269 0.000000 0.000000 0.000000 0.054982 0.998487
187.708000 43.108803 -172.517381 0.000000 0.000000 0.000000 -0.007887 0.999969
187.772000 43.016166 -171.536171 0.000000 0.000000 0.000000 -0.064120 0.997942
187.840000 42.878729 -170.580128 0.000000 0.000000 0.000000 -0.110197 0.993910
187.904000 42.906454 -169.622317 0.000000 0.000000 0.000000 -0.157379 0.987538
187.972000 42.946357 -168.624999 0.000000 0.000000 0.000000 -0.206038 0.978544
188.036000 43.005091 -167.634126 0.000000 0.000000 0.000000 -0.247537 0.968878
188.104000 42.111489 -167.186381 0.000000 0.000000 0.000000 -0.272112 0.962266
188.168000 41.266556 -166.657572 0.000000 0.000000 0.000000 -0.296016 0.955183
188.236000 40.457358 -166.075479 0.000000 0.000000 0.000000 -0.321514 0.946905
188.300000 39.628417 -165.516186 0.000000 0.000000 0.000000 -0.344213 0.938891
188.368000 38.812367 -164.944375 0.000000 0.000000 0.000000 -0.367948 0.929846
188.432000 38.018056 -164.343343 0.000000 0.000000 0.000000 -0.390796 0.920477
188.500000 37.265961 -163.684303 0.000000 0.000000 0.000000 -0.414415 0.910088
188.564000 36.500845 -163.041490 0.000000 0.000000 0.000000 -0.436300 0.899801
188.632000 35.821410 -162.308744 0.000000 0.000000 0.000000 -0.459559 0.888147
188.696000 35.178457 -161.543636 0.000000 0.000000 0.000000 -0.481079 0.876677
188.764000 35.950248 -160.908624 0.000000 0.000000 0.000000 -0.530119 0.847923
188.828000 36.772677 -160.360879 0.000000 0.000000 0.000000 -0.569249 0.822165
188.896000 37.656438 -159.902981 0.000000 0.000000 0.000000 -0.625084 0.780557
188.960000 38.570775 -159.498510 0.000000 0.000000 0.000000 -0.669333 0.742963
189.028000 39.554915 -159.321805 0.000000 0.000000 0.000000 -0.704028 0.710172
189.092000 40.542075 -159.183612 0.000000 0.000000 0.000000 0.726745 -0.686908
189.160000 41.350976 -158.606951 0.000000 0.000000 0.000000 0.731454 -0.681891
189.224000 40.495797 -158.136177 0.000000 0.000000 0.000000 0.727118 -0.686512
189.292000 41.284911 -157.530974 0.000000 0.000000 0.000000 0.730737 -0.682659
189.356000 41.008401 -156.594757 0.000000 0.000000 0.000000 0.729754 -0.683710
189.424000 40.304337 -155.909033 0.000000 0.000000 0.000000 0.727044 -0.686591
189.488000 40.991869 -155.185147 0.000000 0.000000 0.000000 0.730582 -0.682825
189.556000 40.406799 -155.984569 0.000000 0.000000 0.000000 0.732641 -0.680616
189.620000 40.563933 -155.030441 0.000000 0.000000 0.000000 0.733186 -0.680028
189.688000 41.364145 -154.430839 0.000000 0.000000 0.000000 0.738123 -0.674666
189.752000 42.205832 -153.932274 0.000000 0.000000 0.000000 0.743780 -0.668424
189.820000 42.790266 -153.135061 0.000000 0.000000 0.000000 0.745731 -0.666247
189.884000 41.893480 -152.711969 0.000000 0.000000 0.000000 0.741514 -0.670937
189.952000 41.874949 -151.740633 0.000000 0.000000 0.000000 0.741403 -0.671060
190.016000 41.562096 -152.665468 0.000000 0.000000 0.000000 0.742613 -0.669720
190.084000 42.163460 -151.871370 0.000000 0.000000 0.000000 0.744900 -0.667176
190.148000 42.541535 -150.945769 0.000000 0.000000 0.000000 0.745768 -0.666206
190.216000 42.864568 -150.008300 0.000000 0.000000 0.000000 0.746436 -0.665458
190.280000 42.612153 -149.081021 0.000000 0.000000 0.000000 0.745297 -0.666732
190.348000 43.343131 -148.411544 0.000000 0.000000 0.000000 0.749467 -0.662041
190.412000 43.363913 -147.448259 0.000000 0.000000 0.000000 0.749355 -0.662169
190.480000 43.083638 -146.533415 0.000000 0.000000 0.000000 0.748067 -0.663623
190.544000 43.488001 -145.619570 0.000000 0.000000 0.000000 0.749151 -0.662399
190.612000 44.051058 -144.831488 0.000000 0.000000 0.000000 0.751607 -0.659612
190.676000 44.653969 -144.054388 0.000000 0.000000 0.000000 0.754846 -0.655902
190.744000 45.429973 -143.449932 0.000000 0.000000 0.000000 0.759077 -0.651001
190.808000 46.217522 -142.852810 0.000000 0.000000 0.000000 0.762777 -0.646662
190.876000 46.248596 -141.862852 0.000000 0.000000 0.000000 0.762324 -0.647195
190.940000 47.001313 -141.293518 0.000000 0.000000 0.000000 0.766541 -0.642195
191.008000 46.925893 -140.343818 0.000000 0.000000 0.000000 0.765680 -0.643222
191.072000 47.767239 -139.803390 0.000000 0.000000 0.000000 0.770295 -0.637688
191.140000 48.418104 -139.101034 0.000000 0.000000 0.000000 0.773740 -0.633503
191.204000 48.629994 -138.137906 0.000000 0.000000 0.000000 0.773633 -0.633634
191.272000 49.429938 -137.537844 0.000000 0.000000 0.000000 0.776823 -0.629719
191.336000 49.653716 -136.572204 0.000000 0.000000 0.000000 0.776950 -0.629562
191.404000 49.634309 -135.572411 0.000000 0.000000 0.000000 0.787029 -0.616917
191.468000 50.631902 -135.641752 0.000000 0.000000 0.000000 0.816856 -0.576842
191.536000 50.830860 -134.677173 0.000000 0.000000 0.000000 0.831593 -0.555386
191.600000 51.733681 -135.007456 0.000000 0.000000 0.000000 0.864050 -0.503405
191.668000 52.638349 -135.420106 0.000000 0.000000 0.000000 0.894118 -0.447831
191.732000 53.510297 -135.903112 0.000000 0.000000 0.000000 0.917177 -0.398480
191.800000 54.360397 -136.428229 0.000000 0.000000 0.000000 0.934709 -0.355415
191.864000 54.940160 -135.668106 0.000000 0.000000 0.000000 0.936497 -0.350675
191.932000 55.524862 -134.909000 0.000000 0.000000 0.000000 0.936123 -0.351673
191.996000 54.911337 -135.697532 0.000000 0.000000 0.000000 0.935829 -0.352454
192.064000 55.561067 -134.980021 0.000000 0.000000 0.000000 0.935615 -0.353023
192.128000 56.295291 -134.347056 0.000000 0.000000 0.000000 0.935634 -0.352973
192.196000 56.127241 -133.367716 0.000000 0.000000 0.000000 0.932554 -0.361032
192.260000 56.746517 -132.614633 0.000000 0.000000 0.000000 0.932218 -0.361898
192.328000 57.514410 -132.012259 0.000000 0.000000 0.000000 0.932329 -0.361611
192.392000 57.513539 -131.014067 0.000000 0.000000 0.000000 0.930142 -0.367201
192.460000 57.246400 -131.953330 0.000000 0.000000 0.000000 0.929063 -0.369923
192.524000 57.785379 -131.147897 0.000000 0.000000 0.000000 0.928557 -0.371191
192.592000 58.347968 -130.364780 0.000000 0.000000 0.000000 0.928064 -0.372421
192.656000 59.047851 -129.673773 0.000000 0.000000 0.000000 0.928064 -0.372421
192.724000 59.151025 -128.687623 0.000000 0.000000 0.000000 0.926496 -0.376305
192.788000 59.270426 -127.712085 0.000000 0.000000 0.000000 0.925022 -0.379914
192.856000 58.737366 -126.866471 0.000000 0.000000 0.000000 0.920704 -0.390260
192.920000 58.368168 -125.941978 0.000000 0.000000 0.000000 0.916677 -0.399628
192.988000 58.472946 -124.953483 0.000000 0.000000 0.000000 0.915147 -0.403119
193.052000 58.478824 -123.959888 0.000000 0.000000 0.000000 0.913783 -0.406203
193.120000 58.671906 -122.982018 0.000000 0.000000 0.000000 0.912733 -0.408557
193.184000 58.558787 -122.007778 0.000000 0.000000 0.000000 0.910733 -0.412995
193.252000 58.354731 -121.041558 0.000000 0.000000 0.000000 0.906874 -0.421402
193.316000 58.256043 -120.049611 0.000000 0.000000 0.000000 0.904938 -0.425543
193.384000 57.929991 -119.120934 0.000000 0.000000 0.000000 0.900256 -0.435362
193.448000 57.952906 -118.140927 0.000000 0.000000 0.000000 0.898039 -0.439915
193.516000 57.814973 -117.150820 0.000000 0.000000 0.000000 0.895407 -0.445249
193.580000 57.318083 -116.299297 0.000000 0.000000 0.000000 0.891537 -0.452948
193.648000 56.982175 -115.369824 0.000000 0.000000 0.000000 0.888460 -0.458955
193.712000 56.447978 -114.548007 0.000000 0.000000 0.000000 0.885599 -0.464452
193.780000 56.728193 -113.616668 0.000000 0.000000 0.000000 0.884239 -0.467034
193.844000 56.860060 -114.592006 0.000000 0.000000 0.000000 0.883071 -0.469240
193.912000 56.452448 -113.680683 0.000000 0.000000 0.000000 0.878650 -0.477466
193.976000 56.732276 -112.757330 0.000000 0.000000 0.000000 0.877253 -0.480029
194.044000 57.390865 -112.039299 0.000000 0.000000 0.000000 0.877780 -0.479064
194.108000 57.032344 -111.115167 0.000000 0.000000 0.000000 0.874794 -0.484495
194.176000 56.530171 -110.255483 0.000000 0.000000 0.000000 0.869000 -0.494813
194.240000 56.873660 -109.345425 0.000000 0.000000 0.000000 0.868230 -0.496162
194.308000 56.320875 -108.520844 0.000000 0.000000 0.000000 0.862134 -0.506681
194.372000 56.936484 -107.765421 0.000000 0.000000 0.000000 0.862602 -0.505883
194.440000 57.168819 -106.810480 0.000000 0.000000 0.000000 0.861726 -0.507374
194.504000 57.054499 -105.835078 0.000000 0.000000 0.000000 0.859937 -0.510401
194.572000 57.810117 -105.203678 0.000000 0.000000 0.000000 0.860999 -0.508607
194.636000 58.297883 -104.355693 0.000000 0.000000 0.000000 0.860994 -0.508614
194.704000 58.410121 -103.386960 0.000000 0.000000 0.000000 0.859912 -0.510443
194.768000 57.818420 -102.582270 0.000000 0.000000 0.000000 0.853315 -0.521395
194.836000 57.417473 -101.683810 0.000000 0.000000 0.000000 0.848981 -0.528423
194.900000 57.091007 -100.742905 0.000000 0.000000 0.000000 0.846310 -0.532691
194.968000 57.493175 -99.852788 0.000000 0.000000 0.000000 0.846194 -0.532875
195.032000 57.899427 -98.973971 0.000000 0.000000 0.000000 0.846076 -0.533062
195.100000 58.314455 -98.088298 0.000000 0.000000 0.000000 0.846017 -0.533156
195.164000 58.848410 -97.274139 0.000000 0.000000 0.000000 0.846528 -0.532344
195.232000 59.279984 -96.401969 0.000000 0.000000 0.000000 0.846564 -0.532287
195.296000 59.662803 -95.497062 0.000000 0.000000 0.000000 0.846570 -0.532277
195.364000 59.782264 -94.520469 0.000000 0.000000 0.000000 0.845486 -0.533998
195.428000 60.185968 -93.609253 0.000000 0.000000 0.000000 0.845334 -0.534238
195.496000 60.678171 -92.769871 0.000000 0.000000 0.000000 0.845583 -0.533844
195.560000 61.042887 -91.856406 0.000000 0.000000 0.000000 0.845486 -0.533997
195.628000 61.402982 -90.942712 0.000000 0.000000 0.000000 0.845179 -0.534484
195.692000 61.164754 -89.994707 0.000000 0.000000 0.000000 0.841048 -0.540961
195.760000 61.728133 -89.169088 0.000000 0.000000 0.000000 0.827692 -0.561183
195.824000 60.853419 -88.688390 0.000000 0.000000 0.000000 0.795031 -0.606569
195.892000 59.923422 -88.330337 0.000000 0.000000 0.000000 0.755461 -0.655193
195.956000 58.966284 -88.043224 0.000000 0.000000 0.000000 0.723123 -0.690720
196.024000 57.986260 -87.868116 0.000000 0.000000 0.000000 -0.685574 0.728003
196.088000 56.993045 -87.759671 0.000000 0.000000 0.000000 -0.643447 0.765490
196.156000 55.994002 -87.787707 0.000000 0.000000 0.000000 -0.605356 0.795954
196.220000 55.016721 -87.975703 0.000000 0.000000 0.000000 -0.557838 0.829950
196.288000 54.447416 -87.190952 0.000000 0.000000 0.000000 -0.554253 0.832348
196.352000 54.108885 -86.275878 0.000000 0.000000 0.000000 -0.554179 0.832398
196.420000 53.606797 -85.445123 0.000000 0.000000 0.000000 -0.553309 0.832976
196.484000 53.192983 -84.558789 0.000000 0.000000 0.000000 -0.553120 0.833102
196.552000 52.809145 -83.663825 0.000000 0.000000 0.000000 -0.552949 0.833215
196.616000 52.333759 -82.816940 0.000000 0.000000 0.000000 -0.552440 0.833552
196.684000 51.337610 -82.813075 0.000000 0.000000 0.000000 -0.542509 0.840050
196.748000 50.780392 -82.019153 0.000000 0.000000 0.000000 -0.541240 0.840868
196.816000 50.216892 -81.228487 0.000000 0.000000 0.000000 -0.539792 0.841799
196.880000 49.615905 -80.482122 0.000000 0.000000 0.000000 -0.538593 0.842566
196.948000 49.024201 -79.721978 0.000000 0.000000 0.000000 -0.537464 0.843287
197.012000 48.460825 -78.932221 0.000000 0.000000 0.000000 -0.536420 0.843951
197.080000 48.121724 -78.016707 0.000000 0.000000 0.000000 -0.536992 0.843588
197.144000 47.661952 -77.161572 0.000000 0.000000 0.000000 -0.536405 0.843961
197.212000 47.210056 -76.305925 0.000000 0.000000 0.000000 -0.536267 0.844048
197.276000 46.235229 -76.083099 0.000000 0.000000 0.000000 -0.530619 0.847611
197.344000 45.287705 -76.363907 0.000000 0.000000 0.000000 -0.504720 0.863283
197.408000 44.344867 -76.692005 0.000000 0.000000 0.000000 -0.468104 0.883673
197.476000 43.819737 -75.844089 0.000000 0.000000 0.000000 -0.445198 0.895432
197.540000 42.919901 -76.202713 0.000000 0.000000 0.000000 -0.409951 0.912107
197.608000 42.104343 -76.780584 0.000000 0.000000 0.000000 -0.358557 0.933508
197.672000 41.288809 -77.316467 0.000000 0.000000 0.000000 -0.321714 0.946837
197.740000 40.576368 -77.925608 0.000000 0.000000 0.000000 -0.280447 0.959869
197.804000 39.980465 -78.658047 0.000000 0.000000 0.000000 -0.234490 0.972119
197.872000 39.123596 -78.197093 0.000000 0.000000 0.000000 -0.228045 0.973651
197.936000 38.272711 -77.723879 0.000000 0.000000 0.000000 -0.228299 0.973591
198.004000 37.344996 -77.425650 0.000000 0.000000 0.000000 -0.227335 0.973817
198.068000 36.417406 -77.126868 0.000000 0.000000 0.000000 -0.226667 0.973972
198.136000 35.521496 -76.742882 0.000000 0.000000 0.000000 -0.226017 0.974123
198.200000 34.650776 -76.309208 0.000000 0.000000 0.000000 -0.225887 0.974153
198.268000 33.769119 -75.898962 0.000000 0.000000 0.000000 -0.225961 0.974136
198.332000 32.883226 -75.492864 0.000000 0.000000 0.000000 -0.225949 0.974139
198.400000 31.954321 -75.200452 0.000000 0.000000 0.000000 -0.225321 0.974285
198.464000 31.021782 -74.925156 0.000000 0.000000 0.000000 -0.224593 0.974453
198.532000 30.287761 -74.287997 0.000000 0.000000 0.000000 -0.225536 0.974235
198.596000 29.352453 -74.024849 0.000000 0.000000 0.000000 -0.224393 0.974499
198.664000 28.408849 -73.778310 0.000000 0.000000 0.000000 -0.223189 0.974775
198.728000 27.839794 -72.990593 0.000000 0.000000 0.000000 -0.225673 0.974203
198.796000 28.775695 -73.259836 0.000000 0.000000 0.000000 -0.225196 0.974313
198.860000 29.708609 -73.545520 0.000000 0.000000 0.000000 -0.224183 0.974547
198.928000 30.641623 -73.824957 0.000000 0.000000 0.000000 -0.223468 0.974711
198.992000 31.573054 -74.111096 0.000000 0.000000 0.000000 -0.222436 0.974947
199.060000 32.502856 -74.392205 0.000000 0.000000 0.000000 -0.221392 0.975185
199.124000 33.440092 -74.651977 0.000000 0.000000 0.000000 -0.220889 0.975299
199.192000 32.498613 -74.410685 0.000000 0.000000 0.000000 -0.220258 0.975442
199.256000 33.439741 -74.666094 0.000000 0.000000 0.000000 -0.219598 0.975590
199.324000 34.380382 -74.912919 0.000000 0.000000 0.000000 -0.218855 0.975757
199.388000 35.312996 -75.187764 0.000000 0.000000 0.000000 -0.217982 0.975953
199.456000 36.253602 -75.438675 0.000000 0.000000 0.000000 -0.216817 0.976212
199.520000 37.188765 -75.707026 0.000000 0.000000 0.000000 -0.216198 0.976350
199.588000 38.128504 -75.957769 0.000000 0.000000 0.000000 -0.215721 0.976455
199.652000 39.066910 -76.214249 0.000000 0.000000 0.000000 -0.214649 0.976691
199.720000 38.102587 -75.955381 0.000000 0.000000 0.000000 -0.213539 0.976935
199.784000 39.051173 -76.164667 0.000000 0.000000 0.000000 -0.212396 0.977184
199.852000 38.081030 -76.097815 0.000000 0.000000 0.000000 -0.210790 0.977531
199.916000 39.032072 -76.296134 0.000000 0.000000 0.000000 -0.210007 0.977700
199.984000 38.055850 -76.286920 0.000000 0.000000 0.000000 -0.207641 0.978205
200.048000 37.106874 -76.088819 0.000000 0.000000 0.000000 -0.206698 0.978405
200.116000 38.030950 -76.385232 0.000000 0.000000 0.000000 -0.206157 0.978519
200.180000 37.071760 -76.220030 0.000000 0.000000 0.000000 -0.204994 0.978763
200.248000 36.119004 -76.036633 0.000000 0.000000 0.000000 -0.204050 0.978960
200.312000 35.163934 -75.854616 0.000000 0.000000 0.000000 -0.202970 0.979185
200.380000 34.208095 -75.669251 0.000000 0.000000 0.000000 -0.201653 0.979457
200.444000 33.246500 -75.507880 0.000000 0.000000 0.000000 -0.200466 0.979701
200.512000 32.294928 -75.319985 0.000000 0.000000 0.000000 -0.199226 0.979953
200.576000 31.346205 -75.119192 0.000000 0.000000 0.000000 -0.198497 0.980102
200.644000 30.394068 -74.978941 0.000000 0.000000 0.000000 -0.197216 0.980360
200.708000 29.436607 -74.805464 0.000000 0.000000 0.000000 -0.195950 0.980614
200.776000 28.480035 -74.644878 0.000000 0.000000 0.000000 -0.194270 0.980948
200.840000 27.516215 -74.512927 0.000000 0.000000 0.000000 -0.192605 0.981276
200.908000 26.555072 -74.321592 0.000000 0.000000 0.000000 -0.191095 0.981571
200.972000 25.579480 -74.174726 0.000000 0.000000 0.000000 -0.189759 0.981831
201.040000 24.724064 -73.698431 0.000000 0.000000 0.000000 -0.190050 0.981775
201.104000 24.369937 -72.785433 0.000000 0.000000 0.000000 -0.194555 0.980892
201.172000 25.325120 -72.952486 0.000000 0.000000 0.000000 -0.192997 0.981199
201.236000 24.362714 -72.822268 0.000000 0.000000 0.000000 -0.191641 0.981465
201.304000 23.392786 -72.722659 0.000000 0.000000 0.000000 -0.189692 0.981844
201.368000 22.416889 -72.629709 0.000000 0.000000 0.000000 -0.188028 0.982164
201.436000 21.435504 -72.506813 0.000000 0.000000 0.000000 -0.186406 0.982473
201.500000 20.458370 -72.504421 0.000000 0.000000 0.000000 -0.184565 0.982820
201.568000 20.143932 -71.577906 0.000000 0.000000 0.000000 -0.195962 0.980611
201.632000 21.112826 -71.782898 0.000000 0.000000 0.000000 -0.218235 0.975896
201.700000 22.065080 -72.082054 0.000000 0.000000 0.000000 -0.242152 0.970238
201.764000 21.148007 -71.690093 0.000000 0.000000 0.000000 -0.264768 0.964312
201.832000 20.261455 -71.227682 0.000000 0.000000 0.000000 -0.288741 0.957407
201.896000 20.658414 -70.326219 0.000000 0.000000 0.000000 -0.334686 0.942330
201.964000 21.145274 -69.458197 0.000000 0.000000 0.000000 -0.381744 0.924268
202.028000 21.735100 -68.670415 0.000000 0.000000 0.000000 -0.433252 0.901273
202.096000 21.135678 -67.876964 0.000000 0.000000 0.000000 -0.456829 0.889555
202.160000 21.823794 -67.162199 0.000000 0.000000 0.000000 -0.499567 0.866275
202.228000 22.553655 -66.481944 0.000000 0.000000 0.000000 -0.540875 0.841103
202.292000 23.347182 -65.931151 0.000000 0.000000 0.000000 -0.583572 0.812061
202.360000 24.216221 -65.438547 0.000000 0.000000 0.000000 -0.621434 0.783467
202.424000 24.936715 -64.747960 0.000000 0.000000 0.000000 -0.635813 0.771843
202.492000 25.507966 -63.944492 0.000000 0.000000 0.000000 -0.640645 0.767837
202.556000 25.568304 -62.950000 0.000000 0.000000 0.000000 -0.642111 0.766612
202.624000 25.346114 -61.977301 0.000000 0.000000 0.000000 -0.642112 0.766611
202.688000 25.692564 -61.054189 0.000000 0.000000 0.000000 -0.644339 0.764740
202.756000 24.806834 -60.608434 0.000000 0.000000 0.000000 -0.638175 0.769892
202.820000 24.638289 -59.643337 0.000000 0.000000 0.000000 -0.638248 0.769831
202.888000 24.478668 -58.661469 0.000000 0.000000 0.000000 -0.638466 0.769650
202.952000 24.306109 -57.683346 0.000000 0.000000 0.000000 -0.638492 0.769628
203.020000 24.134729 -56.740519 0.000000 0.000000 0.000000 -0.638701 0.769455
203.084000 24.409322 -55.788362 0.000000 0.000000 0.000000 -0.641660 0.766990
203.152000 24.262869 -54.808702 0.000000 0.000000 0.000000 -0.642089 0.766630
203.216000 24.192732 -53.836838 0.000000 0.000000 0.000000 -0.642701 0.766117
203.284000 24.018232 -52.879750 0.000000 0.000000 0.000000 -0.642771 0.766058
203.348000 23.993971 -51.892472 0.000000 0.000000 0.000000 -0.643706 0.765272
203.416000 23.920660 -50.907449 0.000000 0.000000 0.000000 -0.644444 0.764651
203.480000 23.844188 -49.926608 0.000000 0.000000 0.000000 -0.644866 0.764296
203.548000 23.699871 -48.959633 0.000000 0.000000 0.000000 -0.645007 0.764177
203.612000 23.525182 -48.028220 0.000000 0.000000 0.000000 -0.644800 0.764351
203.680000 23.400684 -47.061835 0.000000 0.000000 0.000000 -0.645157 0.764050
203.744000 23.310563 -46.089331 0.000000 0.000000 0.000000 -0.646052 0.763294
203.812000 23.238717 -45.092030 0.000000 0.000000 0.000000 -0.646779 0.762678
203.876000 23.048113 -44.154225 0.000000 0.000000 0.000000 -0.646208 0.763161
203.944000 22.950613 -43.176178 0.000000 0.000000 0.000000 -0.646732 0.762717
204.008000 22.908196 -42.204242 0.000000 0.000000 0.000000 -0.647884 0.761739
204.076000 22.806453 -41.263357 0.000000 0.000000 0.000000 -0.654010 0.756486
204.140000 22.718044 -40.268783 0.000000 0.000000 0.000000 -0.673480 0.739205
204.208000 23.652825 -39.950392 0.000000 0.000000 0.000000 0.724209 -0.689580
204.272000 24.515606 -39.560261 0.000000 0.000000 0.000000 0.760591 -0.649231
204.340000 24.610569 -38.565149 0.000000 0.000000 0.000000 0.778076 -0.628170
204.404000 24.686283 -37.570191 0.000000 0.000000 0.000000 0.793385 -0.608720
204.472000 24.780395 -36.575118 0.000000 0.000000 0.000000 0.808514 -0.588478
204.536000 25.750941 -36.619714 0.000000 0.000000 0.000000 0.846280 -0.532738
204.604000 26.656011 -36.868650 0.000000 0.000000 0.000000 0.879550 -0.475807
204.668000 26.188000 -37.703194 0.000000 0.000000 0.000000 0.890457 -0.455068
204.736000 27.096812 -38.115694 0.000000 0.000000 0.000000 0.922972 -0.384868
204.800000 26.447330 -38.875976 0.000000 0.000000 0.000000 0.932049 -0.362332
204.868000 27.118976 -39.576581 0.000000 0.000000 0.000000 0.949025 -0.315202
204.932000 26.404806 -40.275876 0.000000 0.000000 0.000000 0.956388 -0.292099
205.000000 25.639982 -40.915191 0.000000 0.000000 0.000000 0.963673 -0.267086
205.064000 26.451270 -40.330594 0.000000 0.000000 0.000000 0.969891 -0.243541
205.132000 27.288681 -39.784467 0.000000 0.000000 0.000000 0.973331 -0.229404
205.196000 28.130298 -39.261336 0.000000 0.000000 0.000000 0.973188 -0.230013
205.264000 28.986023 -38.796478 0.000000 0.000000 0.000000 0.973084 -0.230450
205.328000 29.732126 -38.149612 0.000000 0.000000 0.000000 0.972790 -0.231690
205.396000 30.596358 -37.675383 0.000000 0.000000 0.000000 0.972714 -0.232009
205.460000 31.438086 -37.147251 0.000000 0.000000 0.000000 0.972650 -0.232275
205.528000 32.253851 -36.588903 0.000000 0.000000 0.000000 0.972464 -0.233052
205.592000 33.083439 -36.057844 0.000000 0.000000 0.000000 0.972337 -0.233583
205.660000 33.966064 -35.623017 0.000000 0.000000 0.000000 0.972374 -0.233427
205.724000 34.836571 -35.161068 0.000000 0.000000 0.000000 0.972371 -0.233440
205.792000 35.742666 -34.768852 0.000000 0.000000 0.000000 0.972555 -0.232672
205.856000 36.660489 -34.398672 0.000000 0.000000 0.000000 0.972656 -0.232250
205.924000 37.515466 -33.899944 0.000000 0.000000 0.000000 0.972465 -0.233048
205.988000 38.327353 -33.351826 0.000000 0.000000 0.000000 0.972337 -0.233581
206.056000 39.186694 -32.875077 0.000000 0.000000 0.000000 0.972272 -0.233851
206.120000 40.077434 -32.439196 0.000000 0.000000 0.000000 0.972312 -0.233688
206.188000 40.923598 -31.934909 0.000000 0.000000 0.000000 0.972171 -0.234271
206.252000 41.820119 -31.520375 0.000000 0.000000 0.000000 0.972226 -0.234044
206.320000 42.661783 -30.983215 0.000000 0.000000 0.000000 0.976626 -0.214945
206.384000 43.536964 -30.505142 0.000000 0.000000 0.000000 0.981443 -0.191752
206.452000 44.090306 -31.338016 0.000000 0.000000 0.000000 0.988697 -0.149929
206.516000 44.663168 -32.157283 0.000000 0.000000 0.000000 0.992760 -0.120113
206.584000 45.619608 -31.919062 0.000000 0.000000 0.000000 0.992799 -0.119794
206.648000 46.357512 -32.593965 0.000000 0.000000 0.000000 0.993629 -0.112701
206.716000 47.323662 -32.393312 0.000000 0.000000 0.000000 0.993619 -0.112790
206.780000 48.263607 -32.128713 0.000000 0.000000 0.000000 0.993625 -0.112733
206.848000 49.242802 -31.995178 0.000000 0.000000 0.000000 0.993692 -0.112144
206.912000 50.033514 -32.606471 0.000000 0.000000 0.000000 0.994394 -0.105738
206.980000 51.011561 -32.471876 0.000000 0.000000 0.000000 0.994450 -0.105206
207.044000 51.809363 -33.074750 0.000000 0.000000 0.000000 0.995354 -0.096279
207.112000 52.761109 -32.832384 0.000000 0.000000 0.000000 0.995315 -0.096685
207.176000 53.713486 -32.618640 0.000000 0.000000 0.000000 0.995292 -0.096926
207.244000 54.649240 -32.363158 0.000000 0.000000 0.000000 0.995229 -0.097567
207.308000 55.622719 -32.228607 0.000000 0.000000 0.000000 0.995242 -0.097435
207.376000 56.583255 -32.045182 0.000000 0.000000 0.000000 0.995264 -0.097214
207.440000 57.558586 -31.875646 0.000000 0.000000 0.000000 0.995280 -0.097050
207.508000 58.512885 -31.654302 0.000000 0.000000 0.000000 0.995257 -0.097276
207.572000 59.472552 -31.450370 0.000000 0.000000 0.000000 0.995246 -0.097392
207.640000 60.420296 -31.204001 0.000000 0.000000 0.000000 0.995190 -0.097964
207.704000 61.396082 -31.081371 0.000000 0.000000 0.000000 0.995213 -0.097726
207.772000 62.342586 -30.837592 0.000000 0.000000 0.000000 0.995154 -0.098327
207.836000 63.317593 -30.717146 0.000000 0.000000 0.000000 0.995198 -0.097878
207.904000 64.280995 -30.534985 0.000000 0.000000 0.000000 0.995227 -0.097590
207.968000 65.246194 -30.360571 0.000000 0.000000 0.000000 0.995218 -0.097683
208.036000 66.216989 -30.211470 0.000000 0.000000 0.000000 0.995227 -0.097591
208.100000 67.182366 -30.014386 0.000000 0.000000 0.000000 0.995208 -0.097777
208.168000 68.121046 -29.747538 0.000000 0.000000 0.000000 0.995152 -0.098344
208.232000 69.079667 -29.538210 0.000000 0.000000 0.000000 0.995147 -0.098397
208.300000 70.023092 -29.278439 0.000000 0.000000 0.000000 0.995052 -0.099351
208.364000 70.976380 -29.060465 0.000000 0.000000 0.000000 0.995044 -0.099437
208.432000 71.933417 -28.847715 0.000000 0.000000 0.000000 0.995026 -0.099615
208.496000 72.902224 -28.685845 0.000000 0.000000 0.000000 0.995062 -0.099259
208.564000 73.861295 -28.484430 0.000000 0.000000 0.000000 0.995046 -0.099413
208.628000 74.825013 -28.279770 0.000000 0.000000 0.000000 0.995029 -0.099586
208.696000 75.785253 -28.070220 0.000000 0.000000 0.000000 0.995003 -0.099845
208.760000 76.765707 -27.953965 0.000000 0.000000 0.000000 0.995065 -0.099227
208.828000 77.711671 -27.722028 0.000000 0.000000 0.000000 0.995006 -0.099813
208.892000 78.668639 -27.525603 0.000000 0.000000 0.000000 0.995021 -0.099664
208.960000 79.641647 -27.378284 0.000000 0.000000 0.000000 0.995055 -0.099322
209.024000 80.573442 -27.118298 0.000000 0.000000 0.000000 0.994974 -0.100138
209.092000 81.542925 -26.929558 0.000000 0.000000 0.000000 0.994956 -0.100311
209.156000 82.509132 -26.776842 0.000000 0.000000 0.000000 0.995011 -0.099765
209.224000 83.460307 -26.532424 0.000000 0.000000 0.000000 0.994939 -0.100485
209.288000 84.415033 -26.285174 0.000000 0.000000 0.000000 0.994894 -0.100928
209.356000 85.384916 -26.089177 0.000000 0.000000 0.000000 0.994921 -0.100658
209.420000 86.360786 -25.934956 0.000000 0.000000 0.000000 0.994996 -0.099918
209.488000 87.316589 -25.781370 0.000000 0.000000 0.000000 0.995013 -0.099749
209.552000 88.276411 -25.566978 0.000000 0.000000 0.000000 0.994967 -0.100201
209.620000 89.254037 -25.438123 0.000000 0.000000 0.000000 0.995059 -0.099281
209.684000 90.200656 -25.183231 0.000000 0.000000 0.000000 0.994976 -0.100114
209.752000 91.166011 -24.965299 0.000000 0.000000 0.000000 0.995011 -0.099762
209.816000 92.131614 -24.768787 0.000000 0.000000 0.000000 0.995055 -0.099323
209.884000 93.076113 -24.553816 0.000000 0.000000 0.000000 0.994981 -0.100068
209.948000 94.029018 -24.335252 0.000000 0.000000 0.000000 0.994964 -0.100230
210.016000 94.991479 -24.112308 0.000000 0.000000 0.000000 0.995858 -0.090918
210.080000 95.959873 -23.884605 0.000000 0.000000 0.000000 0.997716 -0.067553
210.148000 96.287416 -24.826814 0.000000 0.000000 0.000000 0.999870 -0.016145
210.212000 97.281123 -24.825643 0.000000 0.000000 0.000000 0.999973 0.007374
210.280000 97.397839 -25.809220 0.000000 0.000000 0.000000 0.997893 0.064878
210.344000 97.395513 -26.807111 0.000000 0.000000 0.000000 0.992430 0.122811
210.412000 97.324839 -27.801868 0.000000 0.000000 0.000000 0.984297 0.176518
210.476000 97.126836 -28.777719 0.000000 0.000000 0.000000 0.974829 0.222954
210.544000 96.824762 -29.730699 0.000000 0.000000 0.000000 0.961057 0.276351
210.608000 96.445640 -30.655133 0.000000 0.000000 0.000000 0.952595 0.304242
210.676000 96.042861 -31.567882 0.000000 0.000000 0.000000 0.945630 0.325245
210.740000 96.812340 -32.167720 0.000000 0.000000 0.000000 0.945620 0.325273
210.808000 96.610158 -33.145065 0.000000 0.000000 0.000000 0.942491 0.334232
210.872000 96.368914 -34.114913 0.000000 0.000000 0.000000 0.938252 0.345953
210.940000 96.784001 -34.989956 0.000000 0.000000 0.000000 0.937528 0.347909
211.004000 97.545794 -35.588963 0.000000 0.000000 0.000000 0.937464 0.348081
211.072000 98.332211 -36.155635 0.000000 0.000000 0.000000 0.937615 0.347675
211.136000 97.902580 -37.047997 0.000000 0.000000 0.000000 0.930125 0.367243
211.204000 98.596454 -37.732039 0.000000 0.000000 0.000000 0.930056 0.367417
211.268000 99.101117 -38.561562 0.000000 0.000000 0.000000 0.929542 0.368716
211.336000 99.778653 -39.258193 0.000000 0.000000 0.000000 0.929373 0.369141
211.400000 100.495771 -39.917143 0.000000 0.000000 0.000000 0.929314 0.369289
211.468000 100.170908 -40.862250 0.000000 0.000000 0.000000 0.923139 0.384466
211.532000 100.984607 -41.436404 0.000000 0.000000 0.000000 0.923319 0.384034
211.600000 100.825031 -42.418232 0.000000 0.000000 0.000000 0.918504 0.395411
211.664000 101.453385 -43.162658 0.000000 0.000000 0.000000 0.918125 0.396292
211.732000 102.334472 -42.717438 0.000000 0.000000 0.000000 0.921841 0.387568
211.796000 102.283824 -43.716140 0.000000 0.000000 0.000000 0.918588 0.395216
211.864000 103.145915 -43.234504 0.000000 0.000000 0.000000 0.921692 0.387923
211.928000 103.882170 -43.873187 0.000000 0.000000 0.000000 0.921840 0.387570
211.996000 104.618239 -44.519210 0.000000 0.000000 0.000000 0.921857 0.387530
212.060000 104.516704 -43.542635 0.000000 0.000000 0.000000 0.920052 0.391796
212.128000 105.294649 -42.915437 0.000000 0.000000 0.000000 0.924598 0.380945
212.192000 106.192153 -42.518309 0.000000 0.000000 0.000000 0.927994 0.372596
212.260000 106.600280 -43.394581 0.000000 0.000000 0.000000 0.927025 0.375000
212.324000 106.788125 -44.332368 0.000000 0.000000 0.000000 0.925455 0.378857
212.392000 107.585396 -44.904467 0.000000 0.000000 0.000000 0.925896 0.377779
212.456000 108.236413 -45.636246 0.000000 0.000000 0.000000 0.925621 0.378453
212.524000 108.671449 -46.492967 0.000000 0.000000 0.000000 0.924429 0.381355
212.588000 109.360068 -47.192046 0.000000 0.000000 0.000000 0.922253 0.386586
212.656000 108.796866 -48.007743 0.000000 0.000000 0.000000 0.901974 0.431790
212.720000 108.084249 -48.708703 0.000000 0.000000 0.000000 0.869092 0.494651
212.788000 108.648381 -49.523763 0.000000 0.000000 0.000000 0.856345 0.516404
212.852000 109.131872 -50.389233 0.000000 0.000000 0.000000 0.843784 0.536683
212.920000 109.720806 -51.192502 0.000000 0.000000 0.000000 0.829709 0.558197
212.984000 108.910822 -51.769987 0.000000 0.000000 0.000000 0.803496 0.595310
213.052000 108.074106 -52.271965 0.000000 0.000000 0.000000 0.781315 0.624137
213.116000 108.365987 -53.202204 0.000000 0.000000 0.000000 0.776337 0.630318
213.184000 108.637261 -54.135830 0.000000 0.000000 0.000000 0.776815 0.629728
213.248000 108.838614 -55.091864 0.000000 0.000000 0.000000 0.776837 0.629702
213.316000 109.060192 -56.044144 0.000000 0.000000 0.000000 0.776928 0.629590
213.380000 109.285114 -56.987683 0.000000 0.000000 0.000000 0.777143 0.629324
213.448000 109.473011 -57.960077 0.000000 0.000000 0.000000 0.776998 0.629503
213.512000 109.694808 -58.906931 0.000000 0.000000 0.000000 0.777061 0.629426
213.580000 109.893564 -59.863276 0.000000 0.000000 0.000000 0.777042 0.629449
213.644000 110.141536 -60.812246 0.000000 0.000000 0.000000 0.777158 0.629305
213.712000 110.340386 -61.769253 0.000000 0.000000 0.000000 0.777232 0.629214
213.776000 110.623305 -62.700501 0.000000 0.000000 0.000000 0.777479 0.628909
213.844000 110.811236 -63.652964 0.000000 0.000000 0.000000 0.777577 0.628787
213.908000 110.385865 -64.552703 0.000000 0.000000 0.000000 0.768766 0.639530
213.976000 110.475299 -65.545946 0.000000 0.000000 0.000000 0.752000 0.659163
214.040000 109.540426 -65.899766 0.000000 0.000000 0.000000 0.723497 0.690327
214.108000 108.605228 -66.245044 0.000000 0.000000 0.000000 0.692133 0.721770
214.172000 107.612788 -66.366822 0.000000 0.000000 0.000000 0.655972 0.754785
214.240000 106.613208 -66.385812 0.000000 0.000000 0.000000 0.616318 0.787498
214.304000 105.618599 -66.418492 0.000000 0.000000 0.000000 0.580063 0.814571
214.372000 104.744419 -66.321378 0.000000 0.000000 0.000000 0.534725 0.845026
214.436000 103.824850 -65.946907 0.000000 0.000000 0.000000 0.450991 0.892529
214.504000 103.378174 -66.832317 0.000000 0.000000 0.000000 0.427612 0.903962
214.568000 102.828474 -67.470438 0.000000 0.000000 0.000000 0.404442 0.914564
214.636000 102.377137 -67.955946 0.000000 0.000000 0.000000 0.389938 0.920841
214.700000 101.796320 -67.146076 0.000000 0.000000 0.000000 0.399654 0.916666
214.768000 102.280793 -68.008429 0.000000 0.000000 0.000000 0.444528 0.895765
214.832000 102.938448 -68.760897 0.000000 0.000000 0.000000 0.487969 0.872861
214.900000 103.433138 -69.554918 0.000000 0.000000 0.000000 0.526474 0.850191
214.964000 102.857598 -70.356914 0.000000 0.000000 0.000000 0.546858 0.837225
215.032000 103.463675 -70.804769 0.000000 0.000000 0.000000 0.592399 0.805645
215.096000 103.463675 -70.804769 0.000000 0.000000 0.000000 0.592399 0.805645
215.164000 104.292280 -71.260303 0.000000 0.000000 0.000000 0.645882 0.763438
215.228000 104.529425 -70.289115 0.000000 0.000000 0.000000 0.664338 0.747432
215.296000 104.833623 -69.345348 0.000000 0.000000 0.000000 0.683532 0.729921
215.360000 105.040016 -68.375386 0.000000 0.000000 0.000000 0.701344 0.712823
215.428000 104.956849 -69.371868 0.000000 0.000000 0.000000 0.719969 0.694007
215.492000 105.082288 -68.380656 0.000000 0.000000 0.000000 0.736428 0.676516
215.560000 105.118924 -67.381723 0.000000 0.000000 0.000000 0.753485 0.657465
215.624000 106.105393 -67.409814 0.000000 0.000000 0.000000 0.776946 0.629567
215.692000 107.081211 -67.283756 0.000000 0.000000 0.000000 0.813633 0.581378
215.756000 108.045449 -67.064114 0.000000 0.000000 0.000000 0.847797 0.530321
215.824000 108.948916 -66.642366 0.000000 0.000000 0.000000 0.874590 0.484863
215.888000 109.838791 -66.190356 0.000000 0.000000 0.000000 0.899986 0.435919
215.956000 110.626344 -65.574957 0.000000 0.000000 0.000000 0.922271 0.386544
216.020000 110.369300 -66.536063 0.000000 0.000000 0.000000 0.921048 0.389450
216.088000 109.393669 -66.342557 0.000000 0.000000 0.000000 0.921900 0.387427
216.152000 110.060842 -67.066258 0.000000 0.000000 0.000000 0.921909 0.387405
216.220000 110.752333 -67.760919 0.000000 0.000000 0.000000 0.921932 0.387352
216.284000 111.395484 -68.503883 0.000000 0.000000 0.000000 0.921810 0.387641
216.352000 112.068674 -69.219362 0.000000 0.000000 0.000000 0.921818 0.387622
216.416000 112.605011 -70.053379 0.000000 0.000000 0.000000 0.921644 0.388037
216.484000 113.434132 -70.611345 0.000000 0.000000 0.000000 0.921857 0.387529
216.548000 113.989926 -71.418226 0.000000 0.000000 0.000000 0.921648 0.388027
216.616000 113.033326 -71.135008 0.000000 0.000000 0.000000 0.922222 0.386662
216.680000 113.004003 -72.127631 0.000000 0.000000 0.000000 0.921602 0.388137
216.748000 113.963345 -72.391150 0.000000 0.000000 0.000000 0.922642 0.385658
216.812000 114.677787 -73.052346 0.000000 0.000000 0.000000 0.922644 0.385652
216.880000 113.712355 -72.828722 0.000000 0.000000 0.000000 0.923315 0.384044
216.944000 114.662567 -72.553439 0.000000 0.000000 0.000000 0.929860 0.367913
217.012000 115.439079 -71.923825 0.000000 0.000000 0.000000 0.947147 0.320800
217.076000 116.069906 -71.150799 0.000000 0.000000 0.000000 0.962318 0.271926
217.144000 116.675784 -70.356145 0.000000 0.000000 0.000000 0.974155 0.225879
217.208000 117.157519 -69.480248 0.000000 0.000000 0.000000 0.984932 0.172942
217.276000 117.487140 -68.536351 0.000000 0.000000 0.000000 0.991946 0.126662
217.340000 117.826459 -67.601960 0.000000 0.000000 0.000000 0.997040 0.076884
217.408000 118.028405 -66.683314 0.000000 0.000000 0.000000 0.999544 0.030184
217.472000 117.071801 -66.507502 0.000000 0.000000 0.000000 0.999540 0.030336
217.540000 117.980082 -66.925445 0.000000 0.000000 0.000000 0.999492 0.031874
217.604000 117.080754 -66.488257 0.000000 0.000000 0.000000 0.999451 0.033134
217.672000 118.013636 -66.224279 0.000000 0.000000 0.000000 0.999475 0.032386
217.736000 118.956220 -65.925826 0.000000 0.000000 0.000000 0.999516 0.031110
217.804000 118.010826 -66.170894 0.000000 0.000000 0.000000 0.999532 0.030593
217.868000 118.995766 -66.083542 0.000000 0.000000 0.000000 0.999543 0.030238
217.936000 119.994507 -66.062017 0.000000 0.000000 0.000000 0.999878 0.015637
218.000000 120.064307 -65.072562 0.000000 0.000000 0.000000 0.999420 -0.034048
218.068000 120.048288 -64.077085 0.000000 0.000000 0.000000 0.996056 -0.088722
218.132000 121.041471 -63.961096 0.000000 0.000000 0.000000 0.993626 -0.112730
218.200000 120.864250 -62.982093 0.000000 0.000000 0.000000 0.985875 -0.167483
218.264000 120.611105 -62.023266 0.000000 0.000000 0.000000 0.976288 -0.216476
218.332000 120.429983 -61.051633 0.000000 0.000000 0.000000 0.970057 -0.242877
218.396000 119.519456 -61.402455 0.000000 0.000000 0.000000 0.970185 -0.242367
218.464000 120.438997 -61.752096 0.000000 0.000000 0.000000 0.971255 -0.238040
218.528000 121.301269 -62.226161 0.000000 0.000000 0.000000 0.972290 -0.233778
218.596000 120.845795 -63.089739 0.000000 0.000000 0.000000 0.971840 -0.235641
218.660000 121.688119 -62.591393 0.000000 0.000000 0.000000 0.971794 -0.235832
218.728000 122.480802 -63.182761 0.000000 0.000000 0.000000 0.973167 -0.230099
218.792000 123.327423 -63.689525 0.000000 0.000000 0.000000 0.974296 -0.225270
218.860000 124.200962 -63.253282 0.000000 0.000000 0.000000 0.974258 -0.225435
218.924000 123.277139 -63.593874 0.000000 0.000000 0.000000 0.974328 -0.225134
218.992000 124.156599 -64.044785 0.000000 0.000000 0.000000 0.975088 -0.221817
219.056000 124.512067 -63.146541 0.000000 0.000000 0.000000 0.974440 -0.224650
219.124000 125.163284 -62.426017 0.000000 0.000000 0.000000 0.974152 -0.225891
219.188000 125.874631 -61.730591 0.000000 0.000000 0.000000 0.973887 -0.227034
219.256000 126.480752 -60.970456 0.000000 0.000000 0.000000 0.973583 -0.228335
219.320000 127.335165 -60.480963 0.000000 0.000000 0.000000 0.972543 -0.232725
219.388000 127.015296 -59.533590 0.000000 0.000000 0.000000 0.959028 -0.283312
219.452000 126.621787 -58.614270 0.000000 0.000000 0.000000 0.944635 -0.328123
219.520000 126.115857 -57.751712 0.000000 0.000000 0.000000 0.929453 -0.368942
219.584000 125.522524 -56.962613 0.000000 0.000000 0.000000 0.914493 -0.404603
219.652000 124.862019 -56.211798 0.000000 0.000000 0.000000 0.895168 -0.445729
219.716000 124.167577 -55.494110 0.000000 0.000000 0.000000 0.874936 -0.484238
219.784000 123.528425 -54.736593 0.000000 0.000000 0.000000 0.861495 -0.507766
219.848000 123.332014 -55.692374 0.000000 0.000000 0.000000 0.860962 -0.508669
219.916000 124.315604 -55.559629 0.000000 0.000000 0.000000 0.863615 -0.504151
219.980000 125.150082 -55.059529 0.000000 0.000000 0.000000 0.865223 -0.501388
220.048000 125.865663 -54.392979 0.000000 0.000000 0.000000 0.866067 -0.499927
220.112000 126.680371 -53.858635 0.000000 0.000000 0.000000 0.867391 -0.497627
220.180000 127.611613 -53.539831 0.000000 0.000000 0.000000 0.869742 -0.493506
220.244000 128.449398 -53.025525 0.000000 0.000000 0.000000 0.871124 -0.491063
220.312000 129.418654 -52.851324 0.000000 0.000000 0.000000 0.873649 -0.486557
220.376000 129.117707 -53.779730 0.000000 0.000000 0.000000 0.873262 -0.487251
220.444000 129.751282 -53.034425 0.000000 0.000000 0.000000 0.873597 -0.486650
220.508000 130.308960 -52.230773 0.000000 0.000000 0.000000 0.873714 -0.486440
220.576000 131.060974 -51.606170 0.000000 0.000000 0.000000 0.874532 -0.484968
220.640000 131.466838 -50.716324 0.000000 0.000000 0.000000 0.874189 -0.485586
220.708000 132.458137 -50.681294 0.000000 0.000000 0.000000 0.877715 -0.479184
220.772000 132.914277 -49.815826 0.000000 0.000000 0.000000 0.877622 -0.479353
220.840000 133.435030 -48.995525 0.000000 0.000000 0.000000 0.877493 -0.479589
220.904000 134.008239 -48.212276 0.000000 0.000000 0.000000 0.877566 -0.479457
220.972000 134.499308 -47.367107 0.000000 0.000000 0.000000 0.877512 -0.479554
221.036000 135.022018 -46.540999 0.000000 0.000000 0.000000 0.877315 -0.479914
221.104000 135.235581 -45.584072 0.000000 0.000000 0.000000 0.876348 -0.481679
221.168000 136.192747 -45.390499 0.000000 0.000000 0.000000 0.879493 -0.475911
221.236000 136.818399 -44.639331 0.000000 0.000000 0.000000 0.879805 -0.475335
221.300000 137.420583 -43.869834 0.000000 0.000000 0.000000 0.880031 -0.474916
221.368000 138.090247 -43.157650 0.000000 0.000000 0.000000 0.880623 -0.473818
221.432000 138.594512 -42.319307 0.000000 0.000000 0.000000 0.880499 -0.474049
221.500000 139.154450 -41.518668 0.000000 0.000000 0.000000 0.880495 -0.474055
221.564000 139.684628 -40.698432 0.000000 0.000000 0.000000 0.880475 -0.474093
221.632000 140.234978 -39.891101 0.000000 0.000000 0.000000 0.880509 -0.474030
221.696000 140.687482 -39.024273 0.000000 0.000000 0.000000 0.880203 -0.474597
221.764000 141.274955 -38.243599 0.000000 0.000000 0.000000 0.880370 -0.474288
221.828000 141.714026 -37.369816 0.000000 0.000000 0.000000 0.879794 -0.475355
221.896000 142.169926 -36.505000 0.000000 0.000000 0.000000 0.879486 -0.475924
221.960000 142.715113 -35.694514 0.000000 0.000000 0.000000 0.879835 -0.475279
222.028000 143.249168 -34.876539 0.000000 0.000000 0.000000 0.879911 -0.475138
222.092000 143.735966 -34.028707 0.000000 0.000000 0.000000 0.879719 -0.475494
222.160000 144.203059 -33.179869 0.000000 0.000000 0.000000 0.879296 -0.476276
222.224000 144.668599 -32.320289 0.000000 0.000000 0.000000 0.878846 -0.477105
222.292000 145.142070 -31.465698 0.000000 0.000000 0.000000 0.878591 -0.477576
222.356000 145.672791 -30.645780 0.000000 0.000000 0.000000 0.878585 -0.477586
222.424000 146.196369 -29.821534 0.000000 0.000000 0.000000 0.878331 -0.478054
222.488000 146.735755 -29.007475 0.000000 0.000000 0.000000 0.878355 -0.478009
222.556000 147.252221 -28.178802 0.000000 0.000000 0.000000 0.878364 -0.477993
222.620000 147.771522 -27.352018 0.000000 0.000000 0.000000 0.878369 -0.477984
222.688000 148.248266 -26.499823 0.000000 0.000000 0.000000 0.878110 -0.478459
222.752000 148.801095 -25.695524 0.000000 0.000000 0.000000 0.878372 -0.477977
222.820000 149.250530 -24.828354 0.000000 0.000000 0.000000 0.878005 -0.478651
222.884000 148.922427 -25.750561 0.000000 0.000000 0.000000 0.877216 -0.480096
222.952000 148.427145 -24.885235 0.000000 0.000000 0.000000 0.872525 -0.488569
223.016000 147.749852 -24.152356 0.000000 0.000000 0.000000 0.866911 -0.498463
223.084000 148.194025 -23.283383 0.000000 0.000000 0.000000 0.866622 -0.498965
223.148000 148.843303 -22.555069 0.000000 0.000000 0.000000 0.867133 -0.498077
223.216000 148.272520 -21.734292 0.000000 0.000000 0.000000 0.861994 -0.506919
223.280000 148.656524 -20.836365 0.000000 0.000000 0.000000 0.861755 -0.507324
223.348000 149.560350 -20.452479 0.000000 0.000000 0.000000 0.870829 -0.491586
223.412000 150.554285 -20.462924 0.000000 0.000000 0.000000 0.885993 -0.463698
223.480000 151.490444 -20.805179 0.000000 0.000000 0.000000 0.908423 -0.418051
223.544000 152.468063 -20.678276 0.000000 0.000000 0.000000 0.919527 -0.393026
223.612000 151.840197 -21.455948 0.000000 0.000000 0.000000 0.928774 -0.370645
223.676000 152.655814 -22.028627 0.000000 0.000000 0.000000 0.946497 -0.322713
223.744000 153.437682 -21.410684 0.000000 0.000000 0.000000 0.954100 -0.299490
223.808000 154.319210 -20.938967 0.000000 0.000000 0.000000 0.961100 -0.276200
223.876000 155.029158 -21.635588 0.000000 0.000000 0.000000 0.974577 -0.224053
223.940000 155.892594 -21.132218 0.000000 0.000000 0.000000 0.979448 -0.201698
224.008000 156.779050 -20.670759 0.000000 0.000000 0.000000 0.984097 -0.177631
224.072000 157.683791 -20.244805 0.000000 0.000000 0.000000 0.987981 -0.154573
224.140000 158.633660 -19.933588 0.000000 0.000000 0.000000 0.991693 -0.128627
224.204000 159.582390 -19.641375 0.000000 0.000000 0.000000 0.994544 -0.104321
224.272000 160.538709 -19.356969 0.000000 0.000000 0.000000 0.996869 -0.079076
224.336000 160.838965 -20.303804 0.000000 0.000000 0.000000 0.999819 -0.019010
224.404000 161.819768 -20.211875 0.000000 0.000000 0.000000 0.999965 -0.008402
224.468000 162.811424 -20.303749 0.000000 0.000000 0.000000 0.999970 -0.007787
224.536000 163.787834 -20.279993 0.000000 0.000000 0.000000 0.999969 -0.007934
224.600000 164.763916 -20.291346 0.000000 0.000000 0.000000 0.999968 -0.008008
224.668000 165.749113 -20.226185 0.000000 0.000000 0.000000 0.999967 -0.008081
224.732000 166.705446 -20.253859 0.000000 0.000000 0.000000 0.999969 -0.007928
224.800000 167.689821 -20.238864 0.000000 0.000000 0.000000 0.999970 -0.007720
224.864000 167.974706 -21.192494 0.000000 0.000000 0.000000 0.999951 0.009877
224.932000 168.933565 -21.211581 0.000000 0.000000 0.000000 0.999951 0.009902
224.996000 169.887344 -21.265385 0.000000 0.000000 0.000000 0.999948 0.010205
225.064000 170.866886 -21.288742 0.000000 0.000000 0.000000 0.999947 0.010294
225.128000 171.458644 -20.487012 0.000000 0.000000 0.000000 0.999976 0.006956
225.196000 171.983285 -21.302842 0.000000 0.000000 0.000000 0.999927 0.012093
225.260000 172.435531 -20.414498 0.000000 0.000000 0.000000 0.999976 0.006990
225.328000 173.019044 -21.222005 0.000000 0.000000 0.000000 0.999929 0.011881
225.392000 173.351364 -20.278866 0.000000 0.000000 0.000000 0.999982 0.006013
225.460000 174.231312 -20.752927 0.000000 0.000000 0.000000 0.999967 0.008130
225.524000 174.721389 -21.624308 0.000000 0.000000 0.000000 0.999913 0.013218
225.592000 175.441772 -22.316866 0.000000 0.000000 0.000000 0.999850 0.017293
225.656000 176.417755 -22.336041 0.000000 0.000000 0.000000 0.999849 0.017369
225.724000 177.397519 -22.383768 0.000000 0.000000 0.000000 0.999848 0.017451
225.788000 177.816816 -23.287040 0.000000 0.000000 0.000000 0.999724 0.023509
225.856000 178.770819 -23.246817 0.000000 0.000000 0.000000 0.999750 0.022374
225.920000 179.164935 -24.158161 0.000000 0.000000 0.000000 0.999713 0.023966
225.988000 180.143543 -24.193935 0.000000 0.000000 0.000000 0.999715 0.023882
226.052000 181.122686 -24.151199 0.000000 0.000000 0.000000 0.999735 0.023027
226.120000 182.105433 -24.128943 0.000000 0.000000 0.000000 0.999751 0.022305
226.184000 183.084449 -24.166246 0.000000 0.000000 0.000000 0.999751 0.022313
226.252000 184.065292 -24.236622 0.000000 0.000000 0.000000 0.999744 0.022636
226.316000 185.041914 -24.258815 0.000000 0.000000 0.000000 0.999755 0.022122
226.384000 186.017330 -24.317544 0.000000 0.000000 0.000000 0.999747 0.022472
226.448000 186.997485 -24.350100 0.000000 0.000000 0.000000 0.999750 0.022373
226.516000 187.968783 -24.450335 0.000000 0.000000 0.000000 0.999731 0.023186
226.580000 188.947732 -24.488303 0.000000 0.000000 0.000000 0.999728 0.023342
226.648000 189.926636 -24.565708 0.000000 0.000000 0.000000 0.999719 0.023686
226.712000 190.902389 -24.510720 0.000000 0.000000 0.000000 0.999471 0.032509
226.780000 191.882409 -24.354911 0.000000 0.000000 0.000000 0.998421 0.056177
226.844000 191.873205 -25.354670 0.000000 0.000000 0.000000 0.994336 0.106282
226.912000 191.814113 -26.337004 0.000000 0.000000 0.000000 0.987631 0.156796
226.976000 192.776313 -26.609190 0.000000 0.000000 0.000000 0.983554 0.180613
227.044000 191.811802 -26.378984 0.000000 0.000000 0.000000 0.978617 0.205691
227.108000 192.773665 -26.640762 0.000000 0.000000 0.000000 0.973215 0.229897
227.176000 191.816536 -26.355642 0.000000 0.000000 0.000000 0.966871 0.255265
227.240000 190.895097 -25.971792 0.000000 0.000000 0.000000 0.960412 0.278585
227.308000 190.451080 -26.867541 0.000000 0.000000 0.000000 0.943813 0.330481
227.372000 189.909870 -27.707645 0.000000 0.000000 0.000000 0.924249 0.381789
227.440000 189.289558 -28.491935 0.000000 0.000000 0.000000 0.901137 0.433534
227.504000 188.605479 -29.220946 0.000000 0.000000 0.000000 0.879670 0.475584
227.572000 187.797757 -29.809147 0.000000 0.000000 0.000000 0.853118 0.521717
227.636000 186.985702 -30.391621 0.000000 0.000000 0.000000 0.831560 0.555435
227.704000 187.701342 -29.708877 0.000000 0.000000 0.000000 0.827336 0.561708
227.768000 188.404027 -28.999703 0.000000 0.000000 0.000000 0.823985 0.566611
227.836000 189.371767 -28.751847 0.000000 0.000000 0.000000 0.824882 0.565305
227.900000 189.838174 -29.606786 0.000000 0.000000 0.000000 0.825120 0.564958
227.968000 188.980855 -30.121308 0.000000 0.000000 0.000000 0.823732 0.566979
228.032000 188.679274 -29.196070 0.000000 0.000000 0.000000 0.823676 0.567060
228.100000 189.592216 -28.793686 0.000000 0.000000 0.000000 0.822706 0.568466
228.164000 189.975142 -27.888592 0.000000 0.000000 0.000000 0.822278 0.569086
228.232000 190.947882 -28.109671 0.000000 0.000000 0.000000 0.824673 0.565610
228.296000 190.374501 -28.919962 0.000000 0.000000 0.000000 0.822595 0.568628
228.364000 191.368744 -28.929048 0.000000 0.000000 0.000000 0.825646 0.564189
228.428000 192.303367 -28.573719 0.000000 0.000000 0.000000 0.828192 0.560444
228.496000 191.748935 -27.798616 0.000000 0.000000 0.000000 0.828538 0.559934
228.560000 192.743920 -27.704815 0.000000 0.000000 0.000000 0.832310 0.554311
228.628000 193.548859 -28.250699 0.000000 0.000000 0.000000 0.833891 0.551929
228.692000 192.750096 -28.846025 0.000000 0.000000 0.000000 0.831963 0.554832
228.760000 192.236958 -29.697009 0.000000 0.000000 0.000000 0.829247 0.558883
228.824000 191.414553 -30.250487 0.000000 0.000000 0.000000 0.825810 0.563948
228.892000 190.518882 -30.690864 0.000000 0.000000 0.000000 0.822357 0.568971
228.956000 190.739686 -31.657509 0.000000 0.000000 0.000000 0.822209 0.569185
229.024000 191.058369 -32.582763 0.000000 0.000000 0.000000 0.822110 0.569329
229.088000 190.249178 -33.161729 0.000000 0.000000 0.000000 0.821296 0.570503
229.156000 189.851833 -34.072883 0.000000 0.000000 0.000000 0.819428 0.573182
229.220000 189.582331 -33.127661 0.000000 0.000000 0.000000 0.819311 0.573349
229.288000 189.915005 -34.060083 0.000000 0.000000 0.000000 0.826892 0.562361
229.352000 190.903849 -33.921982 0.000000 0.000000 0.000000 0.850324 0.526259
229.420000 191.216384 -34.846147 0.000000 0.000000 0.000000 0.862723 0.505677
229.484000 192.128571 -34.464325 0.000000 0.000000 0.000000 0.882938 0.469490
229.552000 192.994935 -34.089505 0.000000 0.000000 0.000000 0.901275 0.433248
229.616000 193.816902 -33.592097 0.000000 0.000000 0.000000 0.918249 0.396004
229.684000 194.610043 -33.039490 0.000000 0.000000 0.000000 0.933453 0.358700
229.748000 195.360350 -32.428826 0.000000 0.000000 0.000000 0.947747 0.319022
229.816000 196.111597 -31.770101 0.000000 0.000000 0.000000 0.960981 0.276614
229.880000 196.792715 -31.078719 0.000000 0.000000 0.000000 0.972960 0.230975
229.948000 197.391617 -30.288031 0.000000 0.000000 0.000000 0.983532 0.180733
230.012000 198.227216 -29.764987 0.000000 0.000000 0.000000 0.987768 0.155928
230.080000 199.203429 -29.618359 0.000000 0.000000 0.000000 0.988090 0.153876
230.144000 200.186181 -29.591119 0.000000 0.000000 0.000000 0.988354 0.152171
230.212000 200.860573 -30.294860 0.000000 0.000000 0.000000 0.987812 0.155649
230.276000 201.832012 -30.102575 0.000000 0.000000 0.000000 0.988511 0.151147
230.344000 202.232538 -30.987870 0.000000 0.000000 0.000000 0.987561 0.157238
230.408000 203.216773 -30.906228 0.000000 0.000000 0.000000 0.987851 0.155406
230.476000 204.193180 -31.015910 0.000000 0.000000 0.000000 0.988100 0.153812
230.540000 204.657731 -31.901456 0.000000 0.000000 0.000000 0.987350 0.158559
230.608000 205.333513 -32.635245 0.000000 0.000000 0.000000 0.986732 0.162360
230.672000 205.727016 -33.552333 0.000000 0.000000 0.000000 0.985787 0.168002
230.740000 206.225528 -34.403364 0.000000 0.000000 0.000000 0.984862 0.173342
230.804000 206.458008 -35.368521 0.000000 0.000000 0.000000 0.983417 0.181360
230.872000 207.395017 -35.635905 0.000000 0.000000 0.000000 0.983573 0.180512
230.936000 207.826404 -36.522050 0.000000 0.000000 0.000000 0.982508 0.186223
231.004000 208.189884 -37.406094 0.000000 0.000000 0.000000 0.980667 0.195686
231.068000 209.104475 -37.786317 0.000000 0.000000 0.000000 0.980572 0.196160
231.136000 210.050487 -38.009046 0.000000 0.000000 0.000000 0.980837 0.194829
231.200000 211.031181 -38.067644 0.000000 0.000000 0.000000 0.981469 0.191622
231.268000 211.975645 -38.328546 0.000000 0.000000 0.000000 0.981667 0.190606
231.332000 212.234504 -39.293787 0.000000 0.000000 0.000000 0.979265 0.202582
231.400000 213.107333 -39.726511 0.000000 0.000000 0.000000 0.979128 0.203245
231.464000 213.463444 -40.634528 0.000000 0.000000 0.000000 0.976907 0.213666
231.532000 214.162602 -41.345418 0.000000 0.000000 0.000000 0.975720 0.219021
231.596000 215.155705 -41.352840 0.000000 0.000000 0.000000 0.976935 0.213537
231.664000 215.644994 -42.219476 0.000000 0.000000 0.000000 0.974819 0.222999
231.728000 216.429050 -41.610830 0.000000 0.000000 0.000000 0.977222 0.212218
231.796000 217.360844 -41.899010 0.000000 0.000000 0.000000 0.977488 0.210993
231.860000 218.340813 -42.095605 0.000000 0.000000 0.000000 0.978103 0.208123
231.928000 219.321064 -42.291160 0.000000 0.000000 0.000000 0.978945 0.204123
231.992000 220.087772 -42.842306 0.000000 0.000000 0.000000 0.978548 0.206021
232.060000 220.270332 -43.822468 0.000000 0.000000 0.000000 0.974346 0.225056
232.124000 220.511790 -44.778793 0.000000 0.000000 0.000000 0.970596 0.240713
232.192000 220.372277 -45.767775 0.000000 0.000000 0.000000 0.952786 0.303641
232.256000 220.116784 -46.731370 0.000000 0.000000 0.000000 0.930892 0.365295
232.324000 219.759881 -47.655207 0.000000 0.000000 0.000000 0.904138 0.427241
232.388000 220.482231 -48.346583 0.000000 0.000000 0.000000 0.892971 0.450115
232.456000 219.920913 -49.157595 0.000000 0.000000 0.000000 0.863765 0.503895
232.520000 219.556192 -48.244779 0.000000 0.000000 0.000000 0.851738 0.523967
232.588000 220.100927 -49.080833 0.000000 0.000000 0.000000 0.837961 0.545729
232.652000 219.255976 -49.601644 0.000000 0.000000 0.000000 0.807086 0.590434
232.720000 219.683154 -50.502380 0.000000 0.000000 0.000000 0.792011 0.610506
232.784000 220.032247 -51.437296 0.000000 0.000000 0.000000 0.777610 0.628748
232.852000 220.266005 -52.401228 0.000000 0.000000 0.000000 0.770199 0.637803
232.916000 220.484476 -53.354789 0.000000 0.000000 0.000000 0.770427 0.637529
232.984000 220.649743 -54.310021 0.000000 0.000000 0.000000 0.770107 0.637914
233.048000 220.939177 -55.228652 0.000000 0.000000 0.000000 0.770461 0.637488
233.116000 221.342403 -56.106382 0.000000 0.000000 0.000000 0.771346 0.636416
233.180000 221.498854 -57.078788 0.000000 0.000000 0.000000 0.771472 0.636263
233.248000 221.725474 -58.017914 0.000000 0.000000 0.000000 0.771536 0.636186
233.312000 221.821558 -58.998219 0.000000 0.000000 0.000000 0.771072 0.636748
233.380000 222.017845 -59.951482 0.000000 0.000000 0.000000 0.770965 0.636877
233.444000 222.362046 -60.868317 0.000000 0.000000 0.000000 0.771798 0.635867
233.512000 222.719244 -61.789370 0.000000 0.000000 0.000000 0.772701 0.634770
233.576000 222.905695 -62.746689 0.000000 0.000000 0.000000 0.772414 0.635120
233.644000 223.270388 -63.666902 0.000000 0.000000 0.000000 0.773373 0.633951
233.708000 223.625418 -64.572075 0.000000 0.000000 0.000000 0.774111 0.633049
233.776000 223.975260 -65.487741 0.000000 0.000000 0.000000 0.775182 0.631738
233.840000 224.266865 -66.429803 0.000000 0.000000 0.000000 0.775814 0.630962
233.908000 224.550820 -67.363023 0.000000 0.000000 0.000000 0.776316 0.630344
233.972000 224.942332 -68.263397 0.000000 0.000000 0.000000 0.777414 0.628989
234.040000 225.304184 -69.191707 0.000000 0.000000 0.000000 0.768392 0.639979
234.104000 224.357311 -69.473801 0.000000 0.000000 0.000000 0.724140 0.689653
234.172000 224.476027 -70.463734 0.000000 0.000000 0.000000 0.707050 0.707164
234.236000 223.502083 -70.583070 0.000000 0.000000 0.000000 0.664573 0.747223
234.304000 223.446404 -71.572557 0.000000 0.000000 0.000000 0.645506 0.763755
234.368000 223.365629 -72.566039 0.000000 0.000000 0.000000 0.626997 0.779022
234.436000 222.454093 -72.520006 0.000000 0.000000 0.000000 0.583492 0.812119
234.500000 222.228132 -73.482629 0.000000 0.000000 0.000000 0.571891 0.820330
234.568000 221.825025 -74.364891 0.000000 0.000000 0.000000 0.571729 0.820443
234.632000 221.437547 -75.272420 0.000000 0.000000 0.000000 0.571590 0.820539
234.700000 221.183592 -76.226342 0.000000 0.000000 0.000000 0.572037 0.820228
234.764000 220.801231 -77.140870 0.000000 0.000000 0.000000 0.571932 0.820301
234.832000 220.411755 -78.046432 0.000000 0.000000 0.000000 0.571586 0.820542
234.896000 220.047566 -78.950866 0.000000 0.000000 0.000000 0.571561 0.820559
234.964000 219.730992 -79.879457 0.000000 0.000000 0.000000 0.571709 0.820457
235.028000 219.573848 -80.847718 0.000000 0.000000 0.000000 0.572506 0.819901
235.096000 219.250233 -81.780579 0.000000 0.000000 0.000000 0.572588 0.819843
235.160000 218.839090 -82.672660 0.000000 0.000000 0.000000 0.572596 0.819838
235.228000 218.522737 -83.592742 0.000000 0.000000 0.000000 0.572799 0.819696
235.292000 218.163441 -84.503384 0.000000 0.000000 0.000000 0.572739 0.819738
235.360000 217.817258 -85.422264 0.000000 0.000000 0.000000 0.572571 0.819855
235.424000 217.345848 -86.287233 0.000000 0.000000 0.000000 0.571845 0.820362
235.492000 217.039146 -87.229416 0.000000 0.000000 0.000000 0.571959 0.820282
235.556000 216.722504 -88.162438 0.000000 0.000000 0.000000 0.572283 0.820056
235.624000 216.315141 -89.042032 0.000000 0.000000 0.000000 0.571714 0.820453
235.688000 215.982066 -89.964728 0.000000 0.000000 0.000000 0.571869 0.820345
235.756000 215.620518 -90.872111 0.000000 0.000000 0.000000 0.571802 0.820392
235.820000 215.287523 -91.801894 0.000000 0.000000 0.000000 0.571891 0.820329
235.888000 214.816786 -92.657663 0.000000 0.000000 0.000000 0.571187 0.820820
235.952000 214.435886 -93.557523 0.000000 0.000000 0.000000 0.570732 0.821137
236.020000 214.076524 -94.466947 0.000000 0.000000 0.000000 0.571026 0.820932
236.084000 213.606518 -95.312260 0.000000 0.000000 0.000000 0.570192 0.821511
236.152000 213.118988 -96.142772 0.000000 0.000000 0.000000 0.569155 0.822231
236.216000 212.812681 -97.080070 0.000000 0.000000 0.000000 0.569384 0.822072
236.284000 212.493036 -98.003484 0.000000 0.000000 0.000000 0.569289 0.822138
236.348000 211.968201 -98.812163 0.000000 0.000000 0.000000 0.568095 0.822963
236.416000 211.563291 -99.704376 0.000000 0.000000 0.000000 0.567568 0.823327
236.480000 211.243981 -100.632531 0.000000 0.000000 0.000000 0.567667 0.823258
236.548000 210.878081 -101.546609 0.000000 0.000000 0.000000 0.567413 0.823433
236.612000 210.373301 -102.389179 0.000000 0.000000 0.000000 0.566061 0.824363
236.680000 209.999182 -103.291479 0.000000 0.000000 0.000000 0.566185 0.824278
236.744000 209.592322 -104.167723 0.000000 0.000000 0.000000 0.565872 0.824493
236.812000 209.085203 -104.988549 0.000000 0.000000 0.000000 0.564541 0.825405
236.876000 208.772718 -105.922776 0.000000 0.000000 0.000000 0.564630 0.825344
236.944000 208.389807 -106.812556 0.000000 0.000000 0.000000 0.564457 0.825462
237.008000 207.834836 -107.590445 0.000000 0.000000 0.000000 0.562670 0.826682
237.076000 207.388627 -108.450876 0.000000 0.000000 0.000000 0.562099 0.827070
237.140000 206.968012 -109.338838 0.000000 0.000000 0.000000 0.561599 0.827409
237.208000 206.417683 -110.115619 0.000000 0.000000 0.000000 0.559743 0.828666
237.272000 205.998647 -110.989144 0.000000 0.000000 0.000000 0.559626 0.828746
237.340000 205.536955 -111.852960 0.000000 0.000000 0.000000 0.558866 0.829258
237.404000 205.042273 -112.682615 0.000000 0.000000 0.000000 0.557791 0.829981
237.472000 204.625779 -113.579402 0.000000 0.000000 0.000000 0.557411 0.830237
237.536000 204.218527 -114.469573 0.000000 0.000000 0.000000 0.556948 0.830548
237.604000 203.853711 -115.372983 0.000000 0.000000 0.000000 0.557142 0.830417
237.668000 203.618110 -116.327743 0.000000 0.000000 0.000000 0.558766 0.829326
237.736000 203.244846 -117.242820 0.000000 0.000000 0.000000 0.558879 0.829249
237.800000 202.854898 -118.140542 0.000000 0.000000 0.000000 0.558740 0.829343
237.868000 202.610007 -119.107094 0.000000 0.000000 0.000000 0.560240 0.828330
237.932000 202.236186 -120.002274 0.000000 0.000000 0.000000 0.560298 0.828291
238.000000 201.828874 -120.899791 0.000000 0.000000 0.000000 0.559985 0.828503
238.064000 201.599583 -121.862826 0.000000 0.000000 0.000000 0.561469 0.827498
238.132000 201.211231 -122.769033 0.000000 0.000000 0.000000 0.561185 0.827690
238.196000 200.876303 -123.692447 0.000000 0.000000 0.000000 0.557282 0.830323
238.264000 200.621754 -124.655081 0.000000 0.000000 0.000000 0.536622 0.843823
238.328000 200.249129 -125.580486 0.000000 0.000000 0.000000 0.514558 0.857455
238.396000 199.263854 -125.537889 0.000000 0.000000 0.000000 0.465892 0.884841
238.460000 198.293101 -125.307110 0.000000 0.000000 0.000000 0.412678 0.910877
238.528000 197.806658 -126.167469 0.000000 0.000000 0.000000 0.390079 0.920781
238.592000 197.254884 -126.988667 0.000000 0.000000 0.000000 0.367440 0.930047
238.660000 196.424249 -126.441999 0.000000 0.000000 0.000000 0.298960 0.954266
238.724000 195.727606 -125.793472 0.000000 0.000000 0.000000 0.237482 0.971392
238.792000 195.089612 -125.027543 0.000000 0.000000 0.000000 0.165675 0.986180
238.856000 194.164386 -125.369840 0.000000 0.000000 0.000000 0.140443 0.990089
238.924000 193.760354 -124.522948 0.000000 0.000000 0.000000 0.060176 0.998188
238.988000 192.787792 -124.745756 0.000000 0.000000 0.000000 0.036209 0.999344
239.056000 191.801817 -124.887578 0.000000 0.000000 0.000000 0.010875 0.999941
239.120000 192.252312 -124.005243 0.000000 0.000000 0.000000 -0.013001 0.999915
239.188000 192.219550 -123.009806 0.000000 0.000000 0.000000 -0.050585 0.998720
239.252000 191.223655 -122.970864 0.000000 0.000000 0.000000 -0.072853 0.997343
239.320000 190.532385 -122.299022 0.000000 0.000000 0.000000 -0.075806 0.997123
239.384000 190.301003 -123.270988 0.000000 0.000000 0.000000 -0.068526 0.997649
239.452000 190.089403 -124.247392 0.000000 0.000000 0.000000 -0.064942 0.997889
239.516000 189.685612 -125.153817 0.000000 0.000000 0.000000 -0.061340 0.998117
239.584000 189.037927 -125.903586 0.000000 0.000000 0.000000 -0.057634 0.998338
239.648000 188.730209 -124.955912 0.000000 0.000000 0.000000 -0.061614 0.998100
239.716000 188.697067 -123.962293 0.000000 0.000000 0.000000 -0.071504 0.997440
239.780000 188.282510 -124.863258 0.000000 0.000000 0.000000 -0.069443 0.997586
239.848000 187.694929 -125.653857 0.000000 0.000000 0.000000 -0.067677 0.997707
239.912000 187.425579 -126.612869 0.000000 0.000000 0.000000 -0.061942 0.998080
239.980000 186.864402 -127.419961 0.000000 0.000000 0.000000 -0.060172 0.998188
240.044000 186.335945 -128.242280 0.000000 0.000000 0.000000 -0.057245 0.998360
240.112000 186.133144 -129.220702 0.000000 0.000000 0.000000 -0.061477 0.998108
240.176000 186.131600 -128.221959 0.000000 0.000000 0.000000 -0.111444 0.993771
240.244000 186.280524 -127.252061 0.000000 0.000000 0.000000 -0.164761 0.986334
240.308000 185.323171 -126.970593 0.000000 0.000000 0.000000 -0.188170 0.982136
240.376000 185.571558 -126.001947 0.000000 0.000000 0.000000 -0.245250 0.969460
240.440000 186.003286 -125.099955 0.000000 0.000000 0.000000 -0.292099 0.956388
240.508000 186.521215 -124.254805 0.000000 0.000000 0.000000 -0.333180 0.942863
240.572000 187.083198 -123.431037 0.000000 0.000000 0.000000 -0.382814 0.923826
240.640000 187.760228 -122.695125 0.000000 0.000000 0.000000 -0.433581 0.901115
240.704000 186.785317 -122.870731 0.000000 0.000000 0.000000 -0.428900 0.903352
240.772000 185.915369 -123.359708 0.000000 0.000000 0.000000 -0.424698 0.905335
240.836000 184.930185 -123.512593 0.000000 0.000000 0.000000 -0.421396 0.906877
240.904000 184.293319 -122.779183 0.000000 0.000000 0.000000 -0.421201 0.906967
240.968000 185.071437 -123.369400 0.000000 0.000000 0.000000 -0.420818 0.907145
241.036000 184.428159 -122.641839 0.000000 0.000000 0.000000 -0.420872 0.907120
241.100000 184.020198 -121.763301 0.000000 0.000000 0.000000 -0.421355 0.906896
241.168000 183.376236 -121.014501 0.000000 0.000000 0.000000 -0.421123 0.907003
241.232000 182.382188 -120.911377 0.000000 0.000000 0.000000 -0.418912 0.908027
241.300000 181.743050 -120.165450 0.000000 0.000000 0.000000 -0.418594 0.908173
241.364000 181.099293 -119.429708 0.000000 0.000000 0.000000 -0.418358 0.908282
241.432000 180.785350 -118.515442 0.000000 0.000000 0.000000 -0.419755 0.907637
241.496000 180.120592 -117.807522 0.000000 0.000000 0.000000 -0.419480 0.907764
241.564000 180.913175 -118.395504 0.000000 0.000000 0.000000 -0.418994 0.907989
241.628000 181.497544 -119.167457 0.000000 0.000000 0.000000 -0.419157 0.907914
241.696000 181.497544 -119.167457 0.000000 0.000000 0.000000 -0.419157 0.907914
241.760000 180.893464 -118.384046 0.000000 0.000000 0.000000 -0.419056 0.907961
241.828000 180.206332 -117.690454 0.000000 0.000000 0.000000 -0.419029 0.907973
241.892000 179.612134 -116.915020 0.000000 0.000000 0.000000 -0.418995 0.907988
241.960000 179.157323 -116.064599 0.000000 0.000000 0.000000 -0.419381 0.907810
242.024000 178.652424 -115.225135 0.000000 0.000000 0.000000 -0.419665 0.907679
242.092000 177.910856 -114.569449 0.000000 0.000000 0.000000 -0.419411 0.907796
242.156000 178.814040 -114.964723 0.000000 0.000000 0.000000 -0.410971 0.911649
242.224000 177.970120 -115.495156 0.000000 0.000000 0.000000 -0.368376 0.929677
242.288000 177.214665 -116.149917 0.000000 0.000000 0.000000 -0.327478 0.944859
242.356000 176.609091 -116.833608 0.000000 0.000000 0.000000 -0.276968 0.960879
242.420000 175.903911 -117.540003 0.000000 0.000000 0.000000 -0.237787 0.971317
242.488000 175.272933 -118.315102 0.000000 0.000000 0.000000 -0.192461 0.981305
242.552000 174.718577 -119.147329 0.000000 0.000000 0.000000 -0.149365 0.988782
242.620000 173.930065 -119.732652 0.000000 0.000000 0.000000 -0.135403 0.990791
242.684000 172.981216 -119.480096 0.000000 0.000000 0.000000 -0.135368 0.990795
242.752000 172.637752 -118.541765 0.000000 0.000000 0.000000 -0.142320 0.989821
242.816000 171.662232 -118.370984 0.000000 0.000000 0.000000 -0.142012 0.989865
242.884000 170.714789 -118.107549 0.000000 0.000000 0.000000 -0.141941 0.989875
242.948000 169.778874 -117.844593 0.000000 0.000000 0.000000 -0.141735 0.989905
243.016000 168.851578 -117.535823 0.000000 0.000000 0.000000 -0.141625 0.989920
243.080000 167.901938 -117.278235 0.000000 0.000000 0.000000 -0.141769 0.989900
243.148000 166.962797 -117.007834 0.000000 0.000000 0.000000 -0.141742 0.989904
243.212000 166.061211 -116.638996 0.000000 0.000000 0.000000 -0.142696 0.989767
243.280000 165.124462 -116.364221 0.000000 0.000000 0.000000 -0.142520 0.989792
243.344000 164.181806 -116.088186 0.000000 0.000000 0.000000 -0.142491 0.989796
243.412000 163.227460 -115.852391 0.000000 0.000000 0.000000 -0.141923 0.989878
243.476000 162.274533 -115.597646 0.000000 0.000000 0.000000 -0.141586 0.989926
243.544000 161.326581 -115.326058 0.000000 0.000000 0.000000 -0.141534 0.989933
243.608000 160.389308 -115.049587 0.000000 0.000000 0.000000 -0.141720 0.989907
243.676000 159.451855 -114.766671 0.000000 0.000000 0.000000 -0.141633 0.989919
243.740000 158.517846 -114.491216 0.000000 0.000000 0.000000 -0.141842 0.989889
243.808000 157.539025 -114.376145 0.000000 0.000000 0.000000 -0.140895 0.990025
243.872000 156.596706 -114.092047 0.000000 0.000000 0.000000 -0.140544 0.990074
243.940000 155.656671 -113.824244 0.000000 0.000000 0.000000 -0.140588 0.990068
244.004000 154.715682 -113.579357 0.000000 0.000000 0.000000 -0.140593 0.990067
244.072000 153.785519 -113.282414 0.000000 0.000000 0.000000 -0.140780 0.990041
244.136000 152.866764 -112.964134 0.000000 0.000000 0.000000 -0.140932 0.990019
244.204000 151.906758 -112.802160 0.000000 0.000000 0.000000 -0.140861 0.990029
244.268000 150.927331 -112.805455 0.000000 0.000000 0.000000 -0.140078 0.990140
244.336000 149.964242 -112.670785 0.000000 0.000000 0.000000 -0.139776 0.990183
244.400000 148.993677 -112.577960 0.000000 0.000000 0.000000 -0.139330 0.990246
244.468000 148.023907 -112.487347 0.000000 0.000000 0.000000 -0.139044 0.990286
244.532000 147.579148 -111.597688 0.000000 0.000000 0.000000 -0.145340 0.989382
244.600000 148.326009 -112.227598 0.000000 0.000000 0.000000 -0.147621 0.989044
244.664000 147.376598 -111.992211 0.000000 0.000000 0.000000 -0.147629 0.989043
244.732000 146.426526 -111.787156 0.000000 0.000000 0.000000 -0.147689 0.989034
244.796000 145.429313 -111.744301 0.000000 0.000000 0.000000 -0.147217 0.989104
244.864000 144.469521 -111.545266 0.000000 0.000000 0.000000 -0.146867 0.989156
244.928000 143.599860 -111.110205 0.000000 0.000000 0.000000 -0.147218 0.989104
244.996000 142.640943 -110.950081 0.000000 0.000000 0.000000 -0.146623 0.989192
245.060000 141.695200 -110.718394 0.000000 0.000000 0.000000 -0.146604 0.989195
245.128000 141.447373 -109.753102 0.000000 0.000000 0.000000 -0.166243 0.986085
245.192000 141.633190 -108.771190 0.000000 0.000000 0.000000 -0.212653 0.977128
245.260000 141.976904 -107.932921 0.000000 0.000000 0.000000 -0.257805 0.966197
245.324000 142.878358 -108.293505 0.000000 0.000000 0.000000 -0.281485 0.959566
245.392000 143.776381 -108.732878 0.000000 0.000000 0.000000 -0.305480 0.952199
245.456000 144.270392 -107.892986 0.000000 0.000000 0.000000 -0.352966 0.935636
245.524000 143.501229 -107.288343 0.000000 0.000000 0.000000 -0.359932 0.932979
245.588000 142.717373 -106.678525 0.000000 0.000000 0.000000 -0.359616 0.933100
245.656000 141.967161 -106.036760 0.000000 0.000000 0.000000 -0.359476 0.933154
245.720000 141.194507 -105.432069 0.000000 0.000000 0.000000 -0.358991 0.933341
245.788000 140.447942 -104.807212 0.000000 0.000000 0.000000 -0.358973 0.933348
245.852000 139.684155 -104.187044 0.000000 0.000000 0.000000 -0.358953 0.933356
245.920000 138.934038 -103.559130 0.000000 0.000000 0.000000 -0.358637 0.933477
245.984000 138.181406 -102.923305 0.000000 0.000000 0.000000 -0.358518 0.933523
246.052000 137.409504 -102.331365 0.000000 0.000000 0.000000 -0.358138 0.933669
246.116000 136.670971 -101.686641 0.000000 0.000000 0.000000 -0.358135 0.933670
246.184000 135.923352 -101.082347 0.000000 0.000000 0.000000 -0.358101 0.933683
246.248000 135.146300 -100.498137 0.000000 0.000000 0.000000 -0.357727 0.933826
246.316000 134.407248 -99.852487 0.000000 0.000000 0.000000 -0.357723 0.933828
246.380000 133.625818 -99.250923 0.000000 0.000000 0.000000 -0.357283 0.933996
246.448000 132.964041 -98.531220 0.000000 0.000000 0.000000 -0.357638 0.933860
246.512000 132.209257 -97.911856 0.000000 0.000000 0.000000 -0.357302 0.933989
246.580000 131.457088 -97.285801 0.000000 0.000000 0.000000 -0.357223 0.934019
246.644000 130.723389 -96.651512 0.000000 0.000000 0.000000 -0.357077 0.934075
246.712000 130.043935 -95.953096 0.000000 0.000000 0.000000 -0.357077 0.934075
246.776000 129.349414 -95.259577 0.000000 0.000000 0.000000 -0.357079 0.934074
246.844000 128.750221 -94.477012 0.000000 0.000000 0.000000 -0.357574 0.933885
246.908000 127.966133 -93.900103 0.000000 0.000000 0.000000 -0.357221 0.934020
246.976000 127.356072 -93.138955 0.000000 0.000000 0.000000 -0.357539 0.933898
247.040000 126.573660 -92.552016 0.000000 0.000000 0.000000 -0.357005 0.934102
247.108000 125.851302 -91.889295 0.000000 0.000000 0.000000 -0.357086 0.934072
247.172000 125.060402 -91.337424 0.000000 0.000000 0.000000 -0.356416 0.934327
247.240000 124.286315 -90.730278 0.000000 0.000000 0.000000 -0.356276 0.934381
247.304000 123.505824 -90.107600 0.000000 0.000000 0.000000 -0.356083 0.934454
247.372000 122.627891 -90.584470 0.000000 0.000000 0.000000 -0.346855 0.937919
247.436000 121.842045 -89.966075 0.000000 0.000000 0.000000 -0.346678 0.937984
247.504000 121.054056 -89.371532 0.000000 0.000000 0.000000 -0.346633 0.938001
247.568000 120.327724 -88.723275 0.000000 0.000000 0.000000 -0.346489 0.938054
247.636000 119.608365 -88.049450 0.000000 0.000000 0.000000 -0.346489 0.938054
247.700000 118.947605 -87.309482 0.000000 0.000000 0.000000 -0.346818 0.937933
247.768000 118.169699 -86.719238 0.000000 0.000000 0.000000 -0.346835 0.937926
247.832000 117.426509 -86.087914 0.000000 0.000000 0.000000 -0.346927 0.937892
247.900000 116.966352 -86.624808 0.000000 0.000000 0.000000 -0.346927 0.937892
247.964000 116.243798 -85.958761 0.000000 0.000000 0.000000 -0.346826 0.937929
248.032000 115.490870 -85.344241 0.000000 0.000000 0.000000 -0.346913 0.937897
248.096000 114.776841 -84.663722 0.000000 0.000000 0.000000 -0.347244 0.937775
248.164000 114.000204 -84.068874 0.000000 0.000000 0.000000 -0.347346 0.937737
248.228000 113.279562 -83.395292 0.000000 0.000000 0.000000 -0.347117 0.937822
248.296000 112.537451 -82.753530 0.000000 0.000000 0.000000 -0.347245 0.937775
248.360000 111.848970 -82.039476 0.000000 0.000000 0.000000 -0.347378 0.937725
248.428000 110.916277 -81.719061 0.000000 0.000000 0.000000 -0.346355 0.938103
248.492000 110.301828 -80.930749 0.000000 0.000000 0.000000 -0.346917 0.937896
248.560000 110.864204 -81.727598 0.000000 0.000000 0.000000 -0.347413 0.937712
248.624000 110.125385 -81.099902 0.000000 0.000000 0.000000 -0.347589 0.937647
248.692000 109.363878 -80.476841 0.000000 0.000000 0.000000 -0.347706 0.937604
248.756000 108.586026 -79.894862 0.000000 0.000000 0.000000 -0.347663 0.937620
248.824000 107.769853 -79.318527 0.000000 0.000000 0.000000 -0.336129 0.941816
248.888000 107.087465 -80.048003 0.000000 0.000000 0.000000 -0.281341 0.959608
248.956000 106.227134 -79.539054 0.000000 0.000000 0.000000 -0.256638 0.966507
249.020000 105.352088 -79.079580 0.000000 0.000000 0.000000 -0.233455 0.972368
249.088000 104.449352 -78.679440 0.000000 0.000000 0.000000 -0.208646 0.977991
249.152000 103.592381 -78.201963 0.000000 0.000000 0.000000 -0.189144 0.981949
249.220000 102.669080 -77.895136 0.000000 0.000000 0.000000 -0.189041 0.981969
249.284000 101.697264 -77.787736 0.000000 0.000000 0.000000 -0.188120 0.982146
249.352000 100.724548 -77.784500 0.000000 0.000000 0.000000 -0.187001 0.982360
249.416000 99.765036 -77.585174 0.000000 0.000000 0.000000 -0.186336 0.982486
249.484000 98.801353 -77.450104 0.000000 0.000000 0.000000 -0.185307 0.982681
249.548000 97.844374 -77.274630 0.000000 0.000000 0.000000 -0.184208 0.982887
249.616000 96.877711 -77.121157 0.000000 0.000000 0.000000 -0.183913 0.982943
249.680000 95.897371 -77.159782 0.000000 0.000000 0.000000 -0.182537 0.983199
249.748000 94.947590 -76.952693 0.000000 0.000000 0.000000 -0.182353 0.983233
249.812000 94.002034 -76.698466 0.000000 0.000000 0.000000 -0.181819 0.983332
249.880000 93.040924 -76.792713 0.000000 0.000000 0.000000 -0.180499 0.983575
249.944000 92.084508 -76.530554 0.000000 0.000000 0.000000 -0.180087 0.983651
250.012000 91.103775 -76.535450 0.000000 0.000000 0.000000 -0.178823 0.983881
250.076000 90.200926 -76.168580 0.000000 0.000000 0.000000 -0.178820 0.983882
250.144000 89.237530 -76.024223 0.000000 0.000000 0.000000 -0.177987 0.984033
250.208000 88.262306 -76.012616 0.000000 0.000000 0.000000 -0.176973 0.984216
250.276000 87.368935 -75.588630 0.000000 0.000000 0.000000 -0.177352 0.984147
250.340000 86.426746 -75.348487 0.000000 0.000000 0.000000 -0.177122 0.984189
250.408000 85.481829 -75.122415 0.000000 0.000000 0.000000 -0.176620 0.984279
250.472000 84.509245 -75.086975 0.000000 0.000000 0.000000 -0.175840 0.984419
250.540000 83.530035 -75.164078 0.000000 0.000000 0.000000 -0.174319 0.984689
250.604000 82.588945 -74.907776 0.000000 0.000000 0.000000 -0.174095 0.984729
250.672000 81.623193 -74.727149 0.000000 0.000000 0.000000 -0.173670 0.984804
250.736000 82.530982 -74.366644 0.000000 0.000000 0.000000 -0.171397 0.985202
250.804000 81.550981 -74.434584 0.000000 0.000000 0.000000 -0.169687 0.985498
250.868000 80.589000 -74.363211 0.000000 0.000000 0.000000 -0.168939 0.985627
250.936000 79.637340 -74.177997 0.000000 0.000000 0.000000 -0.168279 0.985739
251.000000 78.659498 -74.154668 0.000000 0.000000 0.000000 -0.167601 0.985855
251.068000 77.701779 -74.010002 0.000000 0.000000 0.000000 -0.166915 0.985971
251.132000 78.696756 -73.919040 0.000000 0.000000 0.000000 -0.165191 0.986262
251.200000 78.312320 -74.835164 0.000000 0.000000 0.000000 -0.127479 0.991841
251.264000 77.338205 -74.636274 0.000000 0.000000 0.000000 -0.104175 0.994559
251.332000 77.014494 -75.581645 0.000000 0.000000 0.000000 -0.053592 0.998563
251.396000 76.823973 -76.562937 0.000000 0.000000 0.000000 -0.005830 0.999983
251.464000 76.733170 -77.553482 0.000000 0.000000 0.000000 0.052219 0.998636
251.528000 76.777289 -78.551603 0.000000 0.000000 0.000000 0.096411 0.995342
251.596000 76.882891 -79.544349 0.000000 0.000000 0.000000 0.147888 0.989004
251.660000 75.942494 -79.843151 0.000000 0.000000 0.000000 0.171396 0.985202
251.728000 76.210386 -80.789252 0.000000 0.000000 0.000000 0.214745 0.976670
251.792000 76.508316 -81.743817 0.000000 0.000000 0.000000 0.265217 0.964189
251.860000 76.885625 -82.669513 0.000000 0.000000 0.000000 0.309438 0.950920
251.924000 77.287706 -83.578741 0.000000 0.000000 0.000000 0.336190 0.941794
251.992000 76.568977 -84.242923 0.000000 0.000000 0.000000 0.336228 0.941780
252.056000 75.730542 -84.745840 0.000000 0.000000 0.000000 0.335664 0.941982
252.124000 74.744805 -84.747085 0.000000 0.000000 0.000000 0.333001 0.942926
252.188000 73.952675 -85.322015 0.000000 0.000000 0.000000 0.332838 0.942984
252.256000 72.972085 -85.409511 0.000000 0.000000 0.000000 0.329901 0.944015
252.320000 72.175257 -85.962801 0.000000 0.000000 0.000000 0.329584 0.944126
252.388000 71.308720 -86.416936 0.000000 0.000000 0.000000 0.329003 0.944329
252.452000 70.577089 -87.067307 0.000000 0.000000 0.000000 0.329463 0.944169
252.520000 69.654796 -87.398580 0.000000 0.000000 0.000000 0.328083 0.944649
252.584000 68.804843 -87.881378 0.000000 0.000000 0.000000 0.327460 0.944865
252.652000 67.828071 -87.720416 0.000000 0.000000 0.000000 0.322924 0.946425
252.716000 66.844608 -87.648411 0.000000 0.000000 0.000000 0.319494 0.947588
252.784000 67.510978 -86.933832 0.000000 0.000000 0.000000 0.320260 0.947330
252.848000 66.564606 -86.636385 0.000000 0.000000 0.000000 0.315392 0.948961
252.916000 65.806047 -87.254761 0.000000 0.000000 0.000000 0.315394 0.948961
252.980000 64.821767 -87.244941 0.000000 0.000000 0.000000 0.312321 0.949977
253.048000 64.006951 -87.788366 0.000000 0.000000 0.000000 0.312184 0.950022
253.112000 63.217842 -88.356243 0.000000 0.000000 0.000000 0.311939 0.950102
253.180000 63.230867 -87.374409 0.000000 0.000000 0.000000 0.315321 0.948985
253.244000 62.246504 -87.333700 0.000000 0.000000 0.000000 0.311514 0.950242
253.312000 61.268905 -87.434736 0.000000 0.000000 0.000000 0.308183 0.951327
253.376000 60.469864 -88.000691 0.000000 0.000000 0.000000 0.308186 0.951326
253.444000 59.701371 -88.609810 0.000000 0.000000 0.000000 0.308573 0.951201
253.508000 58.953978 -89.232862 0.000000 0.000000 0.000000 0.308867 0.951105
253.576000 58.117772 -89.740911 0.000000 0.000000 0.000000 0.308699 0.951160
253.640000 57.330790 -90.322677 0.000000 0.000000 0.000000 0.308742 0.951146
253.708000 56.518590 -90.860185 0.000000 0.000000 0.000000 0.308708 0.951157
253.772000 55.686199 -91.376069 0.000000 0.000000 0.000000 0.308534 0.951213
253.840000 54.901502 -91.961998 0.000000 0.000000 0.000000 0.308606 0.951190
253.904000 54.142903 -92.579457 0.000000 0.000000 0.000000 0.308728 0.951150
253.972000 53.397285 -93.212576 0.000000 0.000000 0.000000 0.309031 0.951052
254.036000 52.578825 -93.740007 0.000000 0.000000 0.000000 0.308749 0.951143
254.104000 51.753848 -94.264195 0.000000 0.000000 0.000000 0.308430 0.951247
254.168000 50.933493 -94.792824 0.000000 0.000000 0.000000 0.307842 0.951438
254.236000 50.122366 -95.339775 0.000000 0.000000 0.000000 0.307835 0.951440
254.300000 49.338017 -95.924361 0.000000 0.000000 0.000000 0.307710 0.951480
254.368000 48.517450 -96.441407 0.000000 0.000000 0.000000 0.307305 0.951611
254.432000 47.731803 -97.023329 0.000000 0.000000 0.000000 0.307427 0.951572
254.500000 46.958703 -97.621745 0.000000 0.000000 0.000000 0.307576 0.951523
254.564000 46.174856 -98.207306 0.000000 0.000000 0.000000 0.307689 0.951487
254.632000 45.407183 -98.800328 0.000000 0.000000 0.000000 0.307972 0.951396
254.696000 44.617697 -99.376068 0.000000 0.000000 0.000000 0.307884 0.951424
254.764000 43.783885 -99.886461 0.000000 0.000000 0.000000 0.307601 0.951515
254.828000 42.843127 -99.623425 0.000000 0.000000 0.000000 0.299407 0.954126
254.896000 42.061875 -100.210077 0.000000 0.000000 0.000000 0.299814 0.953998
254.960000 41.290001 -100.809663 0.000000 0.000000 0.000000 0.300417 0.953808
255.028000 40.452685 -101.314190 0.000000 0.000000 0.000000 0.299780 0.954008
255.092000 39.638823 -101.855236 0.000000 0.000000 0.000000 0.299281 0.954165
255.160000 38.806581 -102.363152 0.000000 0.000000 0.000000 0.298678 0.954354
255.224000 37.989569 -102.897683 0.000000 0.000000 0.000000 0.298727 0.954339
255.292000 37.191739 -103.461249 0.000000 0.000000 0.000000 0.298703 0.954346
255.356000 36.424752 -104.066405 0.000000 0.000000 0.000000 0.299193 0.954193
255.424000 35.639460 -104.647268 0.000000 0.000000 0.000000 0.299798 0.954003
255.488000 34.842661 -105.211264 0.000000 0.000000 0.000000 0.300256 0.953859
255.556000 34.002854 -105.709248 0.000000 0.000000 0.000000 0.299457 0.954110
255.620000 33.205775 -106.273800 0.000000 0.000000 0.000000 0.299716 0.954029
255.688000 32.433618 -106.873039 0.000000 0.000000 0.000000 0.299957 0.953953
255.752000 31.641056 -107.442586 0.000000 0.000000 0.000000 0.298193 0.954505
255.820000 30.948116 -106.727372 0.000000 0.000000 0.000000 0.234453 0.972128
255.884000 30.361832 -105.929724 0.000000 0.000000 0.000000 0.173993 0.984747
255.952000 29.888399 -105.056075 0.000000 0.000000 0.000000 0.112960 0.993599
256.016000 29.530340 -104.136419 0.000000 0.000000 0.000000 0.051956 0.998649
256.084000 29.304644 -103.167907 0.000000 0.000000 0.000000 -0.012525 0.999922
256.148000 29.245421 -102.173228 0.000000 0.000000 0.000000 -0.076090 0.997101
256.216000 29.224870 -101.184145 0.000000 0.000000 0.000000 -0.137141 0.990551
256.280000 29.021571 -100.213146 0.000000 0.000000 0.000000 -0.150947 0.988542
256.348000 28.075608 -100.360352 0.000000 0.000000 0.000000 -0.149203 0.988807
256.412000 27.160110 -100.017156 0.000000 0.000000 0.000000 -0.149861 0.988707
256.480000 26.217936 -99.754983 0.000000 0.000000 0.000000 -0.149450 0.988769
256.544000 25.286176 -99.458807 0.000000 0.000000 0.000000 -0.149327 0.988788
256.612000 25.093830 -98.492127 0.000000 0.000000 0.000000 -0.162250 0.986750
256.676000 24.976623 -97.549079 0.000000 0.000000 0.000000 -0.176961 0.984218
256.744000 24.049600 -97.240777 0.000000 0.000000 0.000000 -0.176375 0.984323
256.808000 23.095078 -97.044768 0.000000 0.000000 0.000000 -0.175637 0.984455
256.876000 22.926887 -96.071461 0.000000 0.000000 0.000000 -0.188953 0.981986
256.940000 22.554494 -95.155530 0.000000 0.000000 0.000000 -0.195172 0.980769
257.008000 23.456459 -95.532043 0.000000 0.000000 0.000000 -0.195249 0.980754
257.072000 23.051117 -94.632245 0.000000 0.000000 0.000000 -0.201509 0.979487
257.140000 23.991894 -94.873794 0.000000 0.000000 0.000000 -0.200855 0.979621
257.204000 23.529893 -94.010216 0.000000 0.000000 0.000000 -0.204047 0.978961
257.272000 23.368936 -93.040449 0.000000 0.000000 0.000000 -0.213632 0.976914
257.336000 23.322698 -92.062902 0.000000 0.000000 0.000000 -0.228573 0.973527
257.404000 22.834279 -91.211789 0.000000 0.000000 0.000000 -0.234385 0.972144
257.468000 22.761217 -90.231899 0.000000 0.000000 0.000000 -0.247269 0.968947
257.536000 22.746595 -89.254258 0.000000 0.000000 0.000000 -0.257716 0.966221
257.600000 22.592495 -88.277996 0.000000 0.000000 0.000000 -0.266882 0.963729
257.668000 23.505532 -88.631307 0.000000 0.000000 0.000000 -0.265994 0.963975
257.732000 24.405185 -89.016757 0.000000 0.000000 0.000000 -0.265362 0.964149
257.800000 25.307679 -89.382961 0.000000 0.000000 0.000000 -0.264725 0.964324
257.864000 26.228587 -89.725023 0.000000 0.000000 0.000000 -0.264135 0.964486
257.932000 27.134104 -90.092908 0.000000 0.000000 0.000000 -0.263561 0.964643
257.996000 26.429672 -89.419413 0.000000 0.000000 0.000000 -0.265293 0.964168
258.064000 27.320646 -89.820527 0.000000 0.000000 0.000000 -0.264671 0.964339
258.128000 27.152577 -88.852238 0.000000 0.000000 0.000000 -0.272617 0.962123
258.196000 26.754770 -87.962985 0.000000 0.000000 0.000000 -0.276056 0.961142
258.260000 25.855992 -87.576131 0.000000 0.000000 0.000000 -0.275382 0.961335
258.328000 25.648759 -86.623400 0.000000 0.000000 0.000000 -0.283324 0.959024
258.392000 24.852442 -86.045433 0.000000 0.000000 0.000000 -0.283410 0.958999
258.460000 24.014447 -85.539389 0.000000 0.000000 0.000000 -0.283236 0.959050
258.524000 23.130824 -85.120602 0.000000 0.000000 0.000000 -0.282549 0.959253
258.592000 22.302736 -84.604789 0.000000 0.000000 0.000000 -0.282200 0.959356
258.656000 21.437179 -84.157085 0.000000 0.000000 0.000000 -0.281601 0.959532
258.724000 20.543855 -83.708931 0.000000 0.000000 0.000000 -0.280869 0.959746
258.788000 19.680437 -83.252030 0.000000 0.000000 0.000000 -0.280258 0.959925
258.856000 19.962334 -82.307450 0.000000 0.000000 0.000000 -0.304963 0.952364
258.920000 20.829748 -82.804718 0.000000 0.000000 0.000000 -0.326720 0.945121
258.988000 21.352022 -81.954618 0.000000 0.000000 0.000000 -0.380435 0.924808
259.052000 20.577443 -81.327664 0.000000 0.000000 0.000000 -0.402372 0.915476
259.120000 19.888709 -80.603369 0.000000 0.000000 0.000000 -0.425932 0.904755
259.184000 20.593519 -79.894049 0.000000 0.000000 0.000000 -0.476344 0.879259
259.252000 21.411097 -79.331688 0.000000 0.000000 0.000000 -0.514901 0.857250
259.316000 22.230639 -78.762450 0.000000 0.000000 0.000000 -0.560623 0.828071
259.384000 23.099883 -78.268073 0.000000 0.000000 0.000000 -0.601844 0.798614
259.448000 24.013112 -77.865964 0.000000 0.000000 0.000000 -0.640591 0.767882
259.516000 24.883776 -77.375630 0.000000 0.000000 0.000000 -0.675848 0.737041
259.580000 25.858369 -77.160489 0.000000 0.000000 0.000000 0.713323 -0.700836
259.648000 26.830099 -77.095497 0.000000 0.000000 0.000000 0.750504 -0.660866
259.712000 27.820518 -77.131384 0.000000 0.000000 0.000000 0.781492 -0.623916
259.780000 28.004099 -76.148381 0.000000 0.000000 0.000000 0.797381 -0.603477
259.844000 28.978410 -76.251302 0.000000 0.000000 0.000000 0.825002 -0.565130
259.912000 29.301815 -75.305918 0.000000 0.000000 0.000000 0.839515 -0.543336
259.976000 29.675801 -74.379683 0.000000 0.000000 0.000000 0.852483 -0.522755
260.044000 30.608119 -74.718369 0.000000 0.000000 0.000000 0.881314 -0.472532
260.108000 31.500599 -75.169418 0.000000 0.000000 0.000000 0.903452 -0.428689
260.176000 32.043081 -74.338202 0.000000 0.000000 0.000000 0.909539 -0.415619
260.240000 32.751382 -73.661680 0.000000 0.000000 0.000000 0.909735 -0.415190
260.308000 33.479403 -73.008759 0.000000 0.000000 0.000000 0.910052 -0.414495
260.372000 34.171465 -72.323283 0.000000 0.000000 0.000000 0.910266 -0.414023
260.440000 34.853542 -71.625643 0.000000 0.000000 0.000000 0.910467 -0.413581
260.504000 35.540479 -70.928916 0.000000 0.000000 0.000000 0.910585 -0.413321
260.572000 36.121892 -70.126505 0.000000 0.000000 0.000000 0.910423 -0.413679
260.636000 36.761975 -69.381277 0.000000 0.000000 0.000000 0.910595 -0.413301
260.704000 37.406056 -68.649650 0.000000 0.000000 0.000000 0.910553 -0.413393
260.768000 38.057993 -67.922239 0.000000 0.000000 0.000000 0.910635 -0.413212
260.836000 38.699845 -67.187761 0.000000 0.000000 0.000000 0.910711 -0.413044
260.900000 39.318657 -66.429918 0.000000 0.000000 0.000000 0.910640 -0.413201
260.968000 39.925509 -65.665483 0.000000 0.000000 0.000000 0.910453 -0.413612
261.032000 40.547470 -64.914218 0.000000 0.000000 0.000000 0.910539 -0.413423
261.100000 41.154818 -64.151466 0.000000 0.000000 0.000000 0.910459 -0.413599
261.164000 41.819577 -63.428281 0.000000 0.000000 0.000000 0.910571 -0.413352
261.232000 42.812609 -63.473798 0.000000 0.000000 0.000000 0.913181 -0.407555
261.296000 43.465980 -62.749667 0.000000 0.000000 0.000000 0.913146 -0.407634
261.364000 44.112686 -62.020738 0.000000 0.000000 0.000000 0.913160 -0.407602
261.428000 44.656770 -61.212481 0.000000 0.000000 0.000000 0.913140 -0.407646
261.496000 45.279228 -60.430987 0.000000 0.000000 0.000000 0.921653 -0.388015
261.560000 46.105773 -60.993750 0.000000 0.000000 0.000000 0.942979 -0.332852
261.628000 46.854181 -60.341580 0.000000 0.000000 0.000000 0.950785 -0.309851
261.692000 47.553333 -61.056458 0.000000 0.000000 0.000000 0.965083 -0.261943
261.760000 48.392787 -60.521656 0.000000 0.000000 0.000000 0.971231 -0.238139
261.824000 48.961357 -61.339506 0.000000 0.000000 0.000000 0.982160 -0.188048
261.892000 49.278454 -62.287876 0.000000 0.000000 0.000000 0.988799 -0.149251
261.956000 49.687584 -63.197111 0.000000 0.000000 0.000000 0.994627 -0.103521
262.024000 50.421766 -63.861032 0.000000 0.000000 0.000000 0.995707 -0.092559
262.088000 51.129006 -64.567418 0.000000 0.000000 0.000000 0.996255 -0.086469
262.156000 51.866037 -65.232124 0.000000 0.000000 0.000000 0.996726 -0.080854
262.220000 50.900568 -65.071759 0.000000 0.000000 0.000000 0.996892 -0.078786
262.288000 51.608523 -65.766548 0.000000 0.000000 0.000000 0.997470 -0.071094
262.352000 52.561662 -65.635465 0.000000 0.000000 0.000000 0.997470 -0.071094
262.420000 53.495009 -65.371565 0.000000 0.000000 0.000000 0.997428 -0.071674
262.484000 54.208025 -66.059269 0.000000 0.000000 0.000000 0.997902 -0.064742
262.552000 54.739126 -65.228348 0.000000 0.000000 0.000000 0.997589 -0.069393
262.616000 55.633135 -64.866712 0.000000 0.000000 0.000000 0.997518 -0.070408
262.684000 56.463411 -65.422831 0.000000 0.000000 0.000000 0.997856 -0.065450
262.748000 57.444461 -65.539463 0.000000 0.000000 0.000000 0.997883 -0.065040
262.816000 58.047936 -64.789695 0.000000 0.000000 0.000000 0.997609 -0.069107
262.880000 57.163409 -65.163690 0.000000 0.000000 0.000000 0.997520 -0.070386
262.948000 56.216621 -65.308011 0.000000 0.000000 0.000000 0.997512 -0.070491
263.012000 56.796484 -64.514410 0.000000 0.000000 0.000000 0.997167 -0.075225
263.080000 57.170038 -65.393226 0.000000 0.000000 0.000000 0.998978 -0.045193
263.144000 57.372914 -66.351180 0.000000 0.000000 0.000000 0.999989 0.004596
263.212000 58.357275 -66.182103 0.000000 0.000000 0.000000 0.999537 0.030434
263.276000 58.418673 -67.178086 0.000000 0.000000 0.000000 0.996459 0.084079
263.344000 58.430735 -68.177250 0.000000 0.000000 0.000000 0.991751 0.128176
263.408000 58.855751 -69.077049 0.000000 0.000000 0.000000 0.990529 0.137306
263.476000 59.806809 -69.255353 0.000000 0.000000 0.000000 0.990603 0.136769
263.540000 60.754055 -69.466778 0.000000 0.000000 0.000000 0.990694 0.136110
263.608000 61.733214 -69.667498 0.000000 0.000000 0.000000 0.990772 0.135538
263.672000 62.682439 -69.847095 0.000000 0.000000 0.000000 0.990840 0.135042
263.740000 63.530514 -69.336141 0.000000 0.000000 0.000000 0.991400 0.130867
263.804000 63.530514 -69.336141 0.000000 0.000000 0.000000 0.991400 0.130867
263.872000 64.508731 -69.383229 0.000000 0.000000 0.000000 0.991514 0.129996
263.936000 65.290449 -68.782471 0.000000 0.000000 0.000000 0.992157 0.124994
264.004000 66.034340 -68.132147 0.000000 0.000000 0.000000 0.992851 0.119364
264.068000 66.603221 -67.313593 0.000000 0.000000 0.000000 0.994198 0.107563
264.136000 66.964271 -66.394201 0.000000 0.000000 0.000000 0.996767 0.080351
264.200000 67.643995 -65.668230 0.000000 0.000000 0.000000 0.997348 0.072781
264.268000 68.401952 -65.030397 0.000000 0.000000 0.000000 0.997793 0.066398
264.332000 69.325224 -64.658821 0.000000 0.000000 0.000000 0.998029 0.062762
264.400000 70.159006 -64.159818 0.000000 0.000000 0.000000 0.998168 0.060510
264.464000 71.121127 -64.232930 0.000000 0.000000 0.000000 0.998197 0.060029
264.532000 71.121127 -64.232930 0.000000 0.000000 0.000000 0.998197 0.060029
264.596000 71.564068 -63.350413 0.000000 0.000000 0.000000 0.998975 0.045267
264.664000 72.404424 -62.833003 0.000000 0.000000 0.000000 0.999151 0.041188
264.728000 73.298633 -62.405265 0.000000 0.000000 0.000000 0.999245 0.038859
264.796000 74.192210 -61.974252 0.000000 0.000000 0.000000 0.999363 0.035692
264.860000 75.021585 -61.441925 0.000000 0.000000 0.000000 0.999518 0.031033
264.928000 75.643254 -60.668452 0.000000 0.000000 0.000000 0.999784 0.020762
264.992000 76.348163 -59.972102 0.000000 0.000000 0.000000 0.999845 0.017625
265.060000 76.899411 -59.142149 0.000000 0.000000 0.000000 0.999945 0.010443
265.124000 77.694249 -58.544854 0.000000 0.000000 0.000000 0.999982 0.006005
265.192000 78.677554 -58.473540 0.000000 0.000000 0.000000 0.999987 0.005193
265.256000 78.625889 -59.467498 0.000000 0.000000 0.000000 0.999610 0.027943
265.324000 79.234908 -58.686519 0.000000 0.000000 0.000000 0.999788 0.020599
265.388000 80.205457 -58.610442 0.000000 0.000000 0.000000 0.999798 0.020120
265.456000 80.895844 -57.898491 0.000000 0.000000 0.000000 0.999883 0.015283
265.520000 81.868183 -57.724489 0.000000 0.000000 0.000000 0.999894 0.014540
265.588000 81.868183 -57.724489 0.000000 0.000000 0.000000 0.999894 0.014540
265.652000 82.422302 -56.901364 0.000000 0.000000 0.000000 0.999980 0.006352
265.720000 82.979020 -56.099186 0.000000 0.000000 0.000000 0.999999 -0.001050
265.784000 83.392636 -55.201790 0.000000 0.000000 0.000000 0.999947 -0.010286
265.852000 82.623577 -55.821754 0.000000 0.000000 0.000000 0.999929 -0.011957
265.916000 82.959493 -54.886952 0.000000 0.000000 0.000000 0.999630 -0.027218
265.984000 83.483834 -54.041563 0.000000 0.000000 0.000000 0.999366 -0.035611
266.048000 83.897146 -53.135306 0.000000 0.000000 0.000000 0.998988 -0.044972
266.116000 82.981003 -53.509406 0.000000 0.000000 0.000000 0.998917 -0.046529
266.180000 83.580392 -52.725893 0.000000 0.000000 0.000000 0.998617 -0.052569
266.248000 83.948822 -51.807265 0.000000 0.000000 0.000000 0.997814 -0.066085
266.312000 84.360549 -50.924245 0.000000 0.000000 0.000000 0.997131 -0.075691
266.380000 85.254160 -50.498824 0.000000 0.000000 0.000000 0.997029 -0.077032
266.444000 86.059603 -49.927553 0.000000 0.000000 0.000000 0.996797 -0.079972
266.512000 86.452740 -49.017338 0.000000 0.000000 0.000000 0.995993 -0.089430
266.576000 87.330403 -48.567788 0.000000 0.000000 0.000000 0.995851 -0.090999
266.644000 87.908425 -47.767356 0.000000 0.000000 0.000000 0.995409 -0.095711
266.708000 88.337200 -46.870285 0.000000 0.000000 0.000000 0.994344 -0.106211
266.776000 88.562577 -45.898711 0.000000 0.000000 0.000000 0.992442 -0.122713
266.840000 89.017088 -45.014982 0.000000 0.000000 0.000000 0.992004 -0.126209
266.908000 88.961046 -44.017635 0.000000 0.000000 0.000000 0.983674 -0.179958
266.972000 88.718915 -43.052211 0.000000 0.000000 0.000000 0.971327 -0.237747
267.040000 88.354253 -42.128099 0.000000 0.000000 0.000000 0.956679 -0.291145
267.104000 87.877101 -41.252769 0.000000 0.000000 0.000000 0.941149 -0.337991
267.172000 88.757298 -40.778343 0.000000 0.000000 0.000000 0.931914 -0.362680
267.236000 88.224132 -39.932335 0.000000 0.000000 0.000000 0.918678 -0.395008
267.304000 88.928775 -39.252385 0.000000 0.000000 0.000000 0.918820 -0.394676
267.368000 88.566263 -38.324292 0.000000 0.000000 0.000000 0.915754 -0.401738
267.436000 89.281867 -37.637967 0.000000 0.000000 0.000000 0.916006 -0.401164
267.500000 88.642670 -38.368935 0.000000 0.000000 0.000000 0.916007 -0.401163
267.568000 88.642670 -38.368935 0.000000 0.000000 0.000000 0.916007 -0.401163
267.632000 88.183149 -37.486630 0.000000 0.000000 0.000000 0.911861 -0.410500
267.700000 88.960512 -36.897902 0.000000 0.000000 0.000000 0.912028 -0.410129
267.764000 89.711667 -36.284077 0.000000 0.000000 0.000000 0.912347 -0.409418
267.832000 90.388941 -35.568852 0.000000 0.000000 0.000000 0.912354 -0.409402
267.896000 91.138253 -34.947301 0.000000 0.000000 0.000000 0.912577 -0.408904
267.964000 91.942737 -34.400951 0.000000 0.000000 0.000000 0.913004 -0.407951
268.028000 92.599526 -33.669392 0.000000 0.000000 0.000000 0.912999 -0.407962
268.096000 93.271514 -32.960551 0.000000 0.000000 0.000000 0.912962 -0.408044
268.160000 94.051187 -32.386869 0.000000 0.000000 0.000000 0.913240 -0.407422
268.228000 94.688742 -31.639627 0.000000 0.000000 0.000000 0.913343 -0.407191
268.292000 95.297545 -30.846306 0.000000 0.000000 0.000000 0.913053 -0.407842
268.360000 95.946730 -30.120170 0.000000 0.000000 0.000000 0.912902 -0.408180
268.424000 96.610191 -29.394913 0.000000 0.000000 0.000000 0.912805 -0.408396
268.492000 97.354472 -28.776808 0.000000 0.000000 0.000000 0.913040 -0.407870
268.556000 97.981976 -28.020080 0.000000 0.000000 0.000000 0.912995 -0.407971
268.624000 98.590670 -27.261676 0.000000 0.000000 0.000000 0.912716 -0.408594
268.688000 99.014069 -26.384548 0.000000 0.000000 0.000000 0.912130 -0.409902
268.756000 99.658480 -25.659143 0.000000 0.000000 0.000000 0.912096 -0.409978
268.820000 100.024895 -24.754456 0.000000 0.000000 0.000000 0.911310 -0.411720
268.888000 100.583862 -23.958497 0.000000 0.000000 0.000000 0.911071 -0.412248
268.952000 101.100220 -23.129079 0.000000 0.000000 0.000000 0.910634 -0.413214
269.020000 101.997491 -23.495473 0.000000 0.000000 0.000000 0.913112 -0.407709
269.084000 101.546956 -22.603072 0.000000 0.000000 0.000000 0.906954 -0.421230
269.152000 100.995201 -23.398234 0.000000 0.000000 0.000000 0.902274 -0.431164
269.216000 100.268232 -22.713103 0.000000 0.000000 0.000000 0.877771 -0.479080
269.284000 99.499352 -22.094973 0.000000 0.000000 0.000000 0.853786 -0.520624
269.348000 98.658484 -21.555091 0.000000 0.000000 0.000000 0.823081 -0.567924
269.416000 97.766097 -21.149675 0.000000 0.000000 0.000000 0.785344 -0.619060
269.480000 98.047099 -20.191247 0.000000 0.000000 0.000000 0.770172 -0.637836
269.548000 97.085965 -19.928256 0.000000 0.000000 0.000000 0.732641 -0.680616
269.612000 97.119215 -18.928929 0.000000 0.000000 0.000000 0.716008 -0.698092
269.680000 96.166402 -18.722803 0.000000 0.000000 0.000000 -0.684731 0.728796
269.744000 95.183527 -18.655376 0.000000 0.000000 0.000000 -0.649149 0.760661
269.812000 94.296058 -18.761904 0.000000 0.000000 0.000000 -0.613251 0.789888
269.876000 93.325675 -18.770241 0.000000 0.000000 0.000000 -0.579569 0.814923
269.944000 92.360211 -18.932057 0.000000 0.000000 0.000000 -0.541995 0.840382
270.008000 91.442425 -19.177965 0.000000 0.000000 0.000000 -0.506673 0.862138
270.076000 91.009839 -18.308970 0.000000 0.000000 0.000000 -0.507121 0.861875
270.140000 90.531821 -17.454615 0.000000 0.000000 0.000000 -0.507114 0.861879
270.208000 90.100548 -16.570066 0.000000 0.000000 0.000000 -0.507175 0.861843
270.272000 89.551555 -15.768311 0.000000 0.000000 0.000000 -0.506618 0.862171
270.340000 88.983750 -14.977187 0.000000 0.000000 0.000000 -0.505329 0.862927
270.404000 88.472227 -14.140181 0.000000 0.000000 0.000000 -0.504980 0.863131
270.472000 87.974725 -13.295294 0.000000 0.000000 0.000000 -0.505137 0.863039
270.536000 87.518533 -12.439016 0.000000 0.000000 0.000000 -0.505034 0.863099
270.604000 87.012152 -11.609803 0.000000 0.000000 0.000000 -0.504353 0.863497
270.668000 86.565982 -10.729253 0.000000 0.000000 0.000000 -0.504637 0.863332
270.736000 86.108374 -9.873929 0.000000 0.000000 0.000000 -0.504653 0.863322
270.800000 85.808523 -8.953189 0.000000 0.000000 0.000000 -0.505562 0.862791
270.868000 85.277457 -8.137983 0.000000 0.000000 0.000000 -0.504810 0.863231
270.932000 85.058195 -7.194366 0.000000 0.000000 0.000000 -0.506431 0.862281
271.000000 84.594868 -6.344972 0.000000 0.000000 0.000000 -0.506271 0.862374
271.064000 84.239091 -5.443559 0.000000 0.000000 0.000000 -0.506711 0.862116
271.132000 83.855988 -4.555078 0.000000 0.000000 0.000000 -0.507712 0.861527
271.196000 83.885308 -3.583862 0.000000 0.000000 0.000000 -0.510309 0.859991
271.264000 83.617022 -2.651279 0.000000 0.000000 0.000000 -0.511472 0.859300
271.328000 83.349815 -1.720740 0.000000 0.000000 0.000000 -0.512843 0.858482
271.396000 83.368682 -0.749380 0.000000 0.000000 0.000000 -0.515775 0.856724
271.460000 83.237448 0.220074 0.000000 0.000000 0.000000 -0.517931 0.855423
271.528000 82.969128 1.146567 0.000000 0.000000 0.000000 -0.518933 0.854815
271.592000 82.670851 2.065536 0.000000 0.000000 0.000000 -0.520152 0.854074
271.660000 82.538553 3.019277 0.000000 0.000000 0.000000 -0.522075 0.852900
271.724000 82.505546 3.986441 0.000000 0.000000 0.000000 -0.524873 0.851181
271.792000 82.512464 4.957221 0.000000 0.000000 0.000000 -0.527603 0.849491
271.856000 82.700569 5.912944 0.000000 0.000000 0.000000 -0.531982 0.846756
271.924000 82.502285 6.853188 0.000000 0.000000 0.000000 -0.533599 0.845738
271.988000 82.239905 7.780627 0.000000 0.000000 0.000000 -0.534247 0.845329
272.056000 81.936390 8.694754 0.000000 0.000000 0.000000 -0.534685 0.845051
272.120000 82.159879 9.643053 0.000000 0.000000 0.000000 -0.539265 0.842136
272.188000 81.892972 10.566597 0.000000 0.000000 0.000000 -0.539360 0.842075
272.252000 81.625786 11.509038 0.000000 0.000000 0.000000 -0.540377 0.841423
272.320000 81.406543 12.452401 0.000000 0.000000 0.000000 -0.541659 0.840599
272.384000 81.158782 13.381575 0.000000 0.000000 0.000000 -0.542421 0.840107
272.452000 80.830352 14.286737 0.000000 0.000000 0.000000 -0.542412 0.840113
272.516000 80.544948 15.233332 0.000000 0.000000 0.000000 -0.543315 0.839529
272.584000 80.330831 16.199091 0.000000 0.000000 0.000000 -0.544687 0.838640
272.648000 80.039914 17.118697 0.000000 0.000000 0.000000 -0.545515 0.838101
272.716000 79.764092 18.055965 0.000000 0.000000 0.000000 -0.546451 0.837491
272.780000 79.412614 18.956236 0.000000 0.000000 0.000000 -0.546746 0.837299
272.848000 79.053721 19.865312 0.000000 0.000000 0.000000 -0.546718 0.837317
272.912000 78.670201 20.788803 0.000000 0.000000 0.000000 -0.547088 0.837075
272.980000 78.280308 21.679314 0.000000 0.000000 0.000000 -0.554478 0.832198
273.044000 79.217749 21.724167 0.000000 0.000000 0.000000 -0.586881 0.809673
273.112000 80.101898 22.190972 0.000000 0.000000 0.000000 -0.629989 0.776604
273.176000 81.006869 22.616014 0.000000 0.000000 0.000000 -0.673845 0.738872
273.244000 81.970042 22.876897 0.000000 0.000000 0.000000 0.711269 -0.702920
273.308000 82.954893 22.976818 0.000000 0.000000 0.000000 0.745216 -0.666824
273.376000 83.952441 23.029320 0.000000 0.000000 0.000000 0.781043 -0.624477
273.440000 84.045332 24.024679 0.000000 0.000000 0.000000 0.796082 -0.605189
273.508000 85.030100 23.914918 0.000000 0.000000 0.000000 0.825148 -0.564916
273.572000 85.999713 23.670715 0.000000 0.000000 0.000000 0.854917 -0.518764
273.640000 86.938880 23.375758 0.000000 0.000000 0.000000 0.872343 -0.488894
273.704000 87.770385 23.924330 0.000000 0.000000 0.000000 0.873422 -0.486963
273.772000 88.411055 24.682305 0.000000 0.000000 0.000000 0.873674 -0.486511
273.836000 88.819011 25.562211 0.000000 0.000000 0.000000 0.873295 -0.487192
273.904000 89.619150 26.160038 0.000000 0.000000 0.000000 0.873988 -0.485947
273.968000 90.118630 26.997541 0.000000 0.000000 0.000000 0.873859 -0.486179
274.036000 90.524196 27.895234 0.000000 0.000000 0.000000 0.873552 -0.486730
274.100000 91.459646 28.197345 0.000000 0.000000 0.000000 0.876583 -0.481250
274.168000 91.160451 28.749401 0.000000 0.000000 0.000000 0.872421 -0.488754
274.232000 91.634775 29.628769 0.000000 0.000000 0.000000 0.879084 -0.476667
274.300000 92.142282 30.490114 0.000000 0.000000 0.000000 0.890647 -0.454696
274.364000 93.021281 30.048727 0.000000 0.000000 0.000000 0.910479 -0.413555
274.432000 93.881988 29.543191 0.000000 0.000000 0.000000 0.927798 -0.373084
274.496000 94.673337 28.937585 0.000000 0.000000 0.000000 0.945076 -0.326851
274.564000 95.417262 28.269792 0.000000 0.000000 0.000000 0.961469 -0.274913
274.628000 96.045587 27.493278 0.000000 0.000000 0.000000 0.974501 -0.224382
274.696000 96.619838 26.688853 0.000000 0.000000 0.000000 0.983417 -0.181360
274.760000 97.357584 26.033170 0.000000 0.000000 0.000000 0.984998 -0.172565
274.828000 98.329584 25.885013 0.000000 0.000000 0.000000 0.985678 -0.168636
274.892000 99.170870 25.363253 0.000000 0.000000 0.000000 0.986746 -0.162275
274.960000 100.000511 24.841325 0.000000 0.000000 0.000000 0.987432 -0.158047
275.024000 100.954149 24.826918 0.000000 0.000000 0.000000 0.987678 -0.156500
275.092000 101.652844 25.506493 0.000000 0.000000 0.000000 0.987126 -0.159942
275.156000 102.139916 26.369667 0.000000 0.000000 0.000000 0.986519 -0.163648
275.224000 102.269087 27.361187 0.000000 0.000000 0.000000 0.985399 -0.170264
275.288000 102.476185 28.333873 0.000000 0.000000 0.000000 0.984256 -0.176748
275.356000 103.329257 27.847196 0.000000 0.000000 0.000000 0.984868 -0.173307
275.420000 103.527127 28.827304 0.000000 0.000000 0.000000 0.983395 -0.181478
275.488000 103.789065 29.643324 0.000000 0.000000 0.000000 0.982036 -0.188694
275.552000 104.778097 29.664515 0.000000 0.000000 0.000000 0.982329 -0.187161
275.620000 105.649583 29.200844 0.000000 0.000000 0.000000 0.983833 -0.179090
275.684000 106.450793 28.696432 0.000000 0.000000 0.000000 0.984401 -0.175942
275.752000 107.263766 29.229284 0.000000 0.000000 0.000000 0.984085 -0.177698
275.816000 108.221006 29.360613 0.000000 0.000000 0.000000 0.984411 -0.175881
275.884000 109.141642 29.636168 0.000000 0.000000 0.000000 0.984484 -0.175473
275.948000 109.751264 30.368675 0.000000 0.000000 0.000000 0.983790 -0.179322
276.016000 110.701397 30.595969 0.000000 0.000000 0.000000 0.984016 -0.178078
276.080000 111.647514 30.826800 0.000000 0.000000 0.000000 0.984200 -0.177062
276.148000 112.600177 31.104618 0.000000 0.000000 0.000000 0.984373 -0.176095
276.212000 113.026768 31.966026 0.000000 0.000000 0.000000 0.982927 -0.183996
276.280000 113.942364 32.326409 0.000000 0.000000 0.000000 0.982877 -0.184262
276.344000 114.892451 32.593241 0.000000 0.000000 0.000000 0.983009 -0.183556
276.412000 115.839170 32.767954 0.000000 0.000000 0.000000 0.983438 -0.181245
276.476000 116.725084 33.141128 0.000000 0.000000 0.000000 0.983395 -0.181478
276.544000 116.951799 34.048148 0.000000 0.000000 0.000000 0.980761 -0.195212
276.608000 117.850413 34.468849 0.000000 0.000000 0.000000 0.985220 -0.171297
276.676000 118.382766 33.666112 0.000000 0.000000 0.000000 0.994096 -0.108500
276.740000 118.797790 32.777088 0.000000 0.000000 0.000000 0.998869 -0.047538
276.808000 119.062052 31.841033 0.000000 0.000000 0.000000 0.999779 0.021045
276.872000 119.308626 30.886185 0.000000 0.000000 0.000000 0.996895 0.078736
276.940000 119.337220 29.935835 0.000000 0.000000 0.000000 0.989288 0.145980
277.004000 119.240088 28.967829 0.000000 0.000000 0.000000 0.979004 0.203841
277.072000 119.017182 27.997372 0.000000 0.000000 0.000000 0.965278 0.261226
277.136000 118.634727 27.083599 0.000000 0.000000 0.000000 0.946128 0.323791
277.204000 118.079161 26.254537 0.000000 0.000000 0.000000 0.925712 0.378228
277.268000 117.282536 26.856105 0.000000 0.000000 0.000000 0.916376 0.400318
277.336000 116.530219 27.508369 0.000000 0.000000 0.000000 0.905815 0.423673
277.400000 115.831734 28.223468 0.000000 0.000000 0.000000 0.895256 0.445553
277.468000 116.500556 27.481032 0.000000 0.000000 0.000000 0.883463 0.468501
277.532000 115.767074 26.801581 0.000000 0.000000 0.000000 0.862833 0.505490
277.600000 116.667312 26.405224 0.000000 0.000000 0.000000 0.861419 0.507896
277.664000 117.377525 25.746574 0.000000 0.000000 0.000000 0.862211 0.506550
277.732000 117.858622 24.870473 0.000000 0.000000 0.000000 0.862113 0.506716
277.796000 118.404036 24.068125 0.000000 0.000000 0.000000 0.862553 0.505967
277.864000 119.005522 23.286273 0.000000 0.000000 0.000000 0.862846 0.505466
277.928000 119.534478 22.447022 0.000000 0.000000 0.000000 0.863108 0.505020
277.996000 120.063319 21.618093 0.000000 0.000000 0.000000 0.863444 0.504444
278.060000 120.489636 20.726465 0.000000 0.000000 0.000000 0.863252 0.504772
278.128000 121.051799 19.918535 0.000000 0.000000 0.000000 0.863500 0.504349
278.192000 121.678700 19.159621 0.000000 0.000000 0.000000 0.863980 0.503527
278.260000 122.138250 18.293062 0.000000 0.000000 0.000000 0.864013 0.503469
278.324000 122.647846 17.457656 0.000000 0.000000 0.000000 0.864166 0.503206
278.392000 123.098952 16.581135 0.000000 0.000000 0.000000 0.864039 0.503425
278.456000 123.680494 15.801645 0.000000 0.000000 0.000000 0.864663 0.502353
278.524000 124.130595 14.918300 0.000000 0.000000 0.000000 0.864554 0.502540
278.588000 124.621200 14.064283 0.000000 0.000000 0.000000 0.864508 0.502618
278.656000 125.100726 13.188863 0.000000 0.000000 0.000000 0.864552 0.502543
278.720000 125.610706 12.343873 0.000000 0.000000 0.000000 0.864681 0.502322
278.788000 126.155511 11.525753 0.000000 0.000000 0.000000 0.865137 0.501536
278.852000 126.670045 10.696384 0.000000 0.000000 0.000000 0.865308 0.501241
278.920000 127.172739 9.847331 0.000000 0.000000 0.000000 0.865405 0.501074
278.984000 127.628482 8.966633 0.000000 0.000000 0.000000 0.865330 0.501203
279.052000 128.195913 8.171521 0.000000 0.000000 0.000000 0.865475 0.500953
279.116000 128.731216 7.346525 0.000000 0.000000 0.000000 0.865597 0.500741
279.184000 129.267309 6.523656 0.000000 0.000000 0.000000 0.865803 0.500385
279.248000 129.815519 5.705402 0.000000 0.000000 0.000000 0.866065 0.499931
279.316000 130.372540 4.893394 0.000000 0.000000 0.000000 0.866363 0.499415
279.380000 130.833701 4.027718 0.000000 0.000000 0.000000 0.866252 0.499608
279.448000 131.431374 3.251246 0.000000 0.000000 0.000000 0.866772 0.498704
279.512000 131.874444 2.367437 0.000000 0.000000 0.000000 0.866607 0.498991
279.580000 132.377389 1.519045 0.000000 0.000000 0.000000 0.866621 0.498966
279.644000 132.867511 0.666740 0.000000 0.000000 0.000000 0.866623 0.498963
279.712000 133.413220 -0.151678 0.000000 0.000000 0.000000 0.866776 0.498698
279.776000 133.831757 -1.041753 0.000000 0.000000 0.000000 0.866547 0.499096
279.844000 134.315284 -1.901098 0.000000 0.000000 0.000000 0.866475 0.499221
279.908000 134.819492 -2.747839 0.000000 0.000000 0.000000 0.866508 0.499164
279.976000 135.289915 -3.615121 0.000000 0.000000 0.000000 0.866425 0.499307
280.040000 135.835443 -4.429320 0.000000 0.000000 0.000000 0.866426 0.499306
280.108000 136.352107 -5.280803 0.000000 0.000000 0.000000 0.854234 0.519889
280.172000 136.822698 -6.161101 0.000000 0.000000 0.000000 0.841266 0.540622
280.240000 137.170583 -7.054207 0.000000 0.000000 0.000000 0.826651 0.562715
280.304000 137.554214 -7.959626 0.000000 0.000000 0.000000 0.822143 0.569281
280.372000 137.848305 -8.896138 0.000000 0.000000 0.000000 0.821653 0.569987
280.436000 138.198093 -9.813188 0.000000 0.000000 0.000000 0.821623 0.570032
280.504000 138.548270 -10.730697 0.000000 0.000000 0.000000 0.821765 0.569827
280.568000 138.918133 -11.636939 0.000000 0.000000 0.000000 0.821924 0.569598
280.636000 139.222225 -12.570860 0.000000 0.000000 0.000000 0.821508 0.570197
280.700000 139.616460 -13.460608 0.000000 0.000000 0.000000 0.821783 0.569801
280.768000 139.965974 -14.378451 0.000000 0.000000 0.000000 0.821931 0.569587
280.832000 140.365825 -15.267137 0.000000 0.000000 0.000000 0.822336 0.569003
280.900000 140.751934 -16.156385 0.000000 0.000000 0.000000 0.822876 0.568221
280.964000 141.115638 -17.075181 0.000000 0.000000 0.000000 0.822922 0.568154
281.032000 141.487298 -17.997752 0.000000 0.000000 0.000000 0.823011 0.568025
281.096000 141.874313 -18.895042 0.000000 0.000000 0.000000 0.823432 0.567415
281.164000 142.271388 -19.784609 0.000000 0.000000 0.000000 0.823814 0.566860
281.228000 142.676367 -20.670826 0.000000 0.000000 0.000000 0.824272 0.566194
281.296000 143.060507 -21.572022 0.000000 0.000000 0.000000 0.824592 0.565728
281.360000 143.381530 -22.496528 0.000000 0.000000 0.000000 0.824575 0.565752
281.428000 143.792592 -23.386310 0.000000 0.000000 0.000000 0.824980 0.565162
281.492000 144.154933 -24.305009 0.000000 0.000000 0.000000 0.824943 0.565216
281.560000 144.533217 -25.217031 0.000000 0.000000 0.000000 0.824948 0.565208
281.624000 144.880668 -26.142974 0.000000 0.000000 0.000000 0.824851 0.565351
281.692000 145.269603 -27.044518 0.000000 0.000000 0.000000 0.825132 0.564941
281.756000 145.669485 -27.942292 0.000000 0.000000 0.000000 0.825589 0.564273
281.824000 146.032072 -28.861607 0.000000 0.000000 0.000000 0.825630 0.564211
281.888000 146.423529 -29.762892 0.000000 0.000000 0.000000 0.825689 0.564125
281.956000 146.829133 -30.667120 0.000000 0.000000 0.000000 0.825993 0.563680
282.020000 147.196291 -31.584661 0.000000 0.000000 0.000000 0.825842 0.563902
282.088000 147.537864 -32.505516 0.000000 0.000000 0.000000 0.825609 0.564243
282.152000 147.976596 -33.386731 0.000000 0.000000 0.000000 0.826078 0.563556
282.220000 148.295330 -34.323973 0.000000 0.000000 0.000000 0.825451 0.564474
282.284000 148.595495 -35.268142 0.000000 0.000000 0.000000 0.825114 0.564966
282.352000 148.929132 -36.194573 0.000000 0.000000 0.000000 0.825121 0.564956
282.416000 149.230581 -37.144361 0.000000 0.000000 0.000000 0.824515 0.565840
282.484000 149.444666 -38.109698 0.000000 0.000000 0.000000 0.823891 0.566748
282.548000 149.638481 -39.076644 0.000000 0.000000 0.000000 0.822966 0.568090
282.616000 150.035825 -39.967188 0.000000 0.000000 0.000000 0.822909 0.568173
282.680000 150.331800 -40.910487 0.000000 0.000000 0.000000 0.823470 0.567359
282.748000 150.647035 -41.853299 0.000000 0.000000 0.000000 0.823586 0.567192
282.812000 150.961737 -42.790734 0.000000 0.000000 0.000000 0.823454 0.567383
282.880000 151.393190 -43.667264 0.000000 0.000000 0.000000 0.823839 0.566824
282.944000 151.571689 -44.618238 0.000000 0.000000 0.000000 0.823102 0.567894
283.012000 151.762590 -45.595055 0.000000 0.000000 0.000000 0.822500 0.568766
283.076000 151.061565 -46.307602 0.000000 0.000000 0.000000 0.808853 0.588010
283.144000 151.323828 -47.268319 0.000000 0.000000 0.000000 0.809143 0.587611
283.208000 151.464030 -48.254719 0.000000 0.000000 0.000000 0.808370 0.588675
283.276000 151.587446 -49.218410 0.000000 0.000000 0.000000 0.807414 0.589985
283.340000 151.710026 -50.204210 0.000000 0.000000 0.000000 0.806564 0.591146
283.408000 150.805971 -50.631500 0.000000 0.000000 0.000000 0.799929 0.600094
283.472000 150.967649 -51.615792 0.000000 0.000000 0.000000 0.799181 0.601091
283.540000 151.178151 -52.586964 0.000000 0.000000 0.000000 0.799249 0.600999
283.604000 151.370937 -53.546059 0.000000 0.000000 0.000000 0.798147 0.602463
283.672000 151.689817 -54.461105 0.000000 0.000000 0.000000 0.798664 0.601777
283.736000 151.748676 -55.448099 0.000000 0.000000 0.000000 0.797509 0.603308
283.804000 151.681206 -56.402436 0.000000 0.000000 0.000000 0.795618 0.605799
283.868000 150.987418 -55.721591 0.000000 0.000000 0.000000 0.797150 0.603782
283.936000 151.042141 -56.680994 0.000000 0.000000 0.000000 0.795962 0.605346
284.000000 151.009050 -57.643157 0.000000 0.000000 0.000000 0.781041 0.624480
284.068000 151.023308 -58.622069 0.000000 0.000000 0.000000 0.761778 0.647838
284.132000 150.699936 -59.538439 0.000000 0.000000 0.000000 0.739751 0.672881
284.200000 149.882022 -60.107807 0.000000 0.000000 0.000000 0.703217 0.710976
284.264000 148.931468 -60.405163 0.000000 0.000000 0.000000 0.642366 0.766398
284.332000 147.947462 -60.424803 0.000000 0.000000 0.000000 0.579170 0.815207
284.396000 146.953088 -60.324762 0.000000 0.000000 0.000000 0.521784 0.853078
284.464000 146.016114 -60.031854 0.000000 0.000000 0.000000 0.472703 0.881222
284.528000 146.336665 -59.621733 0.000000 0.000000 0.000000 0.455059 0.890461
284.596000 146.673315 -58.762892 0.000000 0.000000 0.000000 0.431149 0.902281
284.660000 145.805281 -58.267498 0.000000 0.000000 0.000000 0.375958 0.926637
284.728000 145.144659 -57.536290 0.000000 0.000000 0.000000 0.338378 0.941010
284.792000 144.389440 -56.892791 0.000000 0.000000 0.000000 0.290564 0.956856
284.860000 145.377501 -56.908439 0.000000 0.000000 0.000000 0.266294 0.963892
284.924000 144.730184 -56.147034 0.000000 0.000000 0.000000 0.219931 0.975515
284.992000 145.648678 -56.457207 0.000000 0.000000 0.000000 0.195373 0.980729
285.056000 144.745462 -56.048478 0.000000 0.000000 0.000000 0.187200 0.982322
285.124000 143.816602 -56.352130 0.000000 0.000000 0.000000 0.186896 0.982380
285.188000 142.950756 -56.790314 0.000000 0.000000 0.000000 0.186987 0.982362
285.256000 142.156367 -56.207133 0.000000 0.000000 0.000000 0.179108 0.983829
285.320000 141.258487 -56.587793 0.000000 0.000000 0.000000 0.179271 0.983800
285.388000 140.355686 -56.939701 0.000000 0.000000 0.000000 0.179080 0.983835
285.452000 139.439591 -57.280557 0.000000 0.000000 0.000000 0.179095 0.983832
285.520000 140.327752 -57.688300 0.000000 0.000000 0.000000 0.175339 0.984508
285.584000 139.415780 -58.042846 0.000000 0.000000 0.000000 0.175454 0.984488
285.652000 138.536764 -58.458905 0.000000 0.000000 0.000000 0.175952 0.984399
285.716000 137.623649 -58.831326 0.000000 0.000000 0.000000 0.176059 0.984380
285.784000 136.719389 -59.183868 0.000000 0.000000 0.000000 0.176196 0.984355
285.848000 135.770604 -59.457151 0.000000 0.000000 0.000000 0.176012 0.984388
285.916000 134.860632 -59.821779 0.000000 0.000000 0.000000 0.176016 0.984387
285.980000 134.137832 -59.150782 0.000000 0.000000 0.000000 0.167758 0.985828
286.048000 133.246053 -59.536279 0.000000 0.000000 0.000000 0.168323 0.985732
286.112000 132.336551 -59.873757 0.000000 0.000000 0.000000 0.168227 0.985748
286.180000 131.418620 -60.210079 0.000000 0.000000 0.000000 0.168297 0.985736
286.244000 130.535551 -60.608741 0.000000 0.000000 0.000000 0.168715 0.985665
286.312000 129.585139 -60.885945 0.000000 0.000000 0.000000 0.168392 0.985720
286.376000 128.678752 -61.244310 0.000000 0.000000 0.000000 0.168504 0.985701
286.444000 127.775482 -61.603257 0.000000 0.000000 0.000000 0.168886 0.985636
286.508000 126.848635 -61.933585 0.000000 0.000000 0.000000 0.169097 0.985599
286.576000 125.925630 -62.252784 0.000000 0.000000 0.000000 0.169152 0.985590
286.640000 125.001959 -62.559739 0.000000 0.000000 0.000000 0.169011 0.985614
286.708000 124.127387 -63.018991 0.000000 0.000000 0.000000 0.169865 0.985467
286.772000 123.224441 -63.376603 0.000000 0.000000 0.000000 0.170128 0.985422
286.840000 122.259643 -63.603353 0.000000 0.000000 0.000000 0.169543 0.985523
286.904000 121.345586 -63.964533 0.000000 0.000000 0.000000 0.169810 0.985477
286.972000 120.417179 -64.284874 0.000000 0.000000 0.000000 0.169810 0.985477
287.036000 119.475999 -64.592002 0.000000 0.000000 0.000000 0.169596 0.985514
287.104000 118.563828 -64.930843 0.000000 0.000000 0.000000 0.169726 0.985491
287.168000 117.702746 -65.377301 0.000000 0.000000 0.000000 0.170598 0.985341
287.236000 116.776803 -65.689860 0.000000 0.000000 0.000000 0.170617 0.985338
287.300000 115.887944 -66.076173 0.000000 0.000000 0.000000 0.171411 0.985200
287.368000 114.965990 -66.442130 0.000000 0.000000 0.000000 0.171497 0.985185
287.432000 114.114673 -66.917758 0.000000 0.000000 0.000000 0.172485 0.985012
287.500000 113.220616 -67.300724 0.000000 0.000000 0.000000 0.172662 0.984981
287.564000 112.271692 -67.582244 0.000000 0.000000 0.000000 0.172187 0.985064
287.632000 111.379241 -67.966893 0.000000 0.000000 0.000000 0.172485 0.985012
287.696000 110.525690 -68.424604 0.000000 0.000000 0.000000 0.173721 0.984795
287.764000 109.606365 -68.739244 0.000000 0.000000 0.000000 0.173681 0.984802
287.828000 108.709886 -69.124329 0.000000 0.000000 0.000000 0.174031 0.984740
287.896000 107.792118 -69.444014 0.000000 0.000000 0.000000 0.174031 0.984740
287.960000 106.860185 -69.767663 0.000000 0.000000 0.000000 0.174132 0.984722
288.028000 105.950125 -70.142525 0.000000 0.000000 0.000000 0.174566 0.984645
288.092000 105.039734 -70.494646 0.000000 0.000000 0.000000 0.174995 0.984569
288.160000 104.138193 -70.828745 0.000000 0.000000 0.000000 0.175317 0.984512
288.224000 103.270406 -71.314485 0.000000 0.000000 0.000000 0.176356 0.984326
288.292000 102.352847 -71.641947 0.000000 0.000000 0.000000 0.176438 0.984312
288.356000 101.414074 -71.955007 0.000000 0.000000 0.000000 0.176185 0.984357
288.424000 100.482675 -72.296509 0.000000 0.000000 0.000000 0.176129 0.984367
288.488000 100.429923 -73.294428 0.000000 0.000000 0.000000 0.192592 0.981279
288.556000 99.529160 -73.686938 0.000000 0.000000 0.000000 0.192376 0.981321
288.620000 98.653684 -74.097009 0.000000 0.000000 0.000000 0.193029 0.981193
288.688000 97.744299 -74.502036 0.000000 0.000000 0.000000 0.193145 0.981170
288.752000 96.824488 -74.866113 0.000000 0.000000 0.000000 0.192840 0.981230
288.820000 95.928197 -75.245253 0.000000 0.000000 0.000000 0.193283 0.981143
288.884000 95.006129 -75.574904 0.000000 0.000000 0.000000 0.192681 0.981262
288.952000 94.061071 -75.828302 0.000000 0.000000 0.000000 0.213832 0.976870
289.016000 93.119247 -76.088606 0.000000 0.000000 0.000000 0.237672 0.971345
289.084000 93.601249 -76.938550 0.000000 0.000000 0.000000 0.291188 0.956666
289.148000 94.079982 -77.805553 0.000000 0.000000 0.000000 0.355321 0.934744
289.216000 94.763510 -78.519765 0.000000 0.000000 0.000000 0.400093 0.916475
289.280000 94.041302 -79.184000 0.000000 0.000000 0.000000 0.422266 0.906472
289.348000 94.749861 -79.881798 0.000000 0.000000 0.000000 0.473001 0.881062
289.412000 95.523410 -80.506903 0.000000 0.000000 0.000000 0.514972 0.857207
289.480000 96.384949 -81.014591 0.000000 0.000000 0.000000 0.564433 0.825479
289.544000 97.291276 -81.434300 0.000000 0.000000 0.000000 0.601706 0.798718
289.612000 98.223324 -81.796502 0.000000 0.000000 0.000000 0.647491 0.762073
289.676000 98.081006 -82.779462 0.000000 0.000000 0.000000 0.665545 0.746358
289.744000 99.056426 -82.982666 0.000000 0.000000 0.000000 0.699816 0.714323
289.808000 100.041100 -83.014389 0.000000 0.000000 0.000000 0.734311 0.678813
289.876000 101.039284 -82.960332 0.000000 0.000000 0.000000 0.765176 0.643822
289.940000 101.186837 -83.949250 0.000000 0.000000 0.000000 0.780156 0.625585
290.008000 102.129238 -83.823225 0.000000 0.000000 0.000000 0.811466 0.584400
290.072000 103.093942 -83.562641 0.000000 0.000000 0.000000 0.838404 0.545049
290.140000 104.007139 -83.202641 0.000000 0.000000 0.000000 0.865742 0.500490
290.204000 104.905640 -82.764104 0.000000 0.000000 0.000000 0.891241 0.453530
290.272000 105.502194 -83.566647 0.000000 0.000000 0.000000 0.902522 0.430645
290.336000 106.132692 -84.342789 0.000000 0.000000 0.000000 0.912557 0.408949
290.404000 106.930642 -83.740537 0.000000 0.000000 0.000000 0.931201 0.364507
290.468000 107.659748 -83.070232 0.000000 0.000000 0.000000 0.948280 0.317435
290.536000 108.387545 -82.384680 0.000000 0.000000 0.000000 0.960418 0.278562
290.600000 108.150131 -83.353608 0.000000 0.000000 0.000000 0.958732 0.284311
290.668000 109.040181 -83.771369 0.000000 0.000000 0.000000 0.958948 0.283583
290.732000 108.208284 -83.255149 0.000000 0.000000 0.000000 0.958935 0.283626
290.800000 107.392022 -82.713753 0.000000 0.000000 0.000000 0.958909 0.283712
290.864000 107.755232 -83.633498 0.000000 0.000000 0.000000 0.958055 0.286584
290.932000 108.658883 -84.057911 0.000000 0.000000 0.000000 0.958279 0.285835
290.996000 108.567986 -85.046228 0.000000 0.000000 0.000000 0.956588 0.291443
291.064000 108.742728 -86.015032 0.000000 0.000000 0.000000 0.955447 0.295163
291.128000 109.577800 -86.526414 0.000000 0.000000 0.000000 0.955550 0.294830
291.196000 108.803633 -85.927576 0.000000 0.000000 0.000000 0.955481 0.295054
291.260000 108.052906 -85.304988 0.000000 0.000000 0.000000 0.955365 0.295428
291.328000 107.253798 -84.739848 0.000000 0.000000 0.000000 0.955355 0.295462
291.392000 107.591039 -85.658960 0.000000 0.000000 0.000000 0.954607 0.297868
291.460000 106.820391 -85.059239 0.000000 0.000000 0.000000 0.954524 0.298134
291.524000 105.868894 -84.832868 0.000000 0.000000 0.000000 0.954817 0.297194
291.592000 105.740527 -85.811767 0.000000 0.000000 0.000000 0.952733 0.303810
291.656000 105.808540 -86.798437 0.000000 0.000000 0.000000 0.951206 0.308555
291.724000 104.908548 -86.406061 0.000000 0.000000 0.000000 0.951513 0.307609
291.788000 104.048116 -85.949749 0.000000 0.000000 0.000000 0.951584 0.307390
291.856000 103.149873 -85.554776 0.000000 0.000000 0.000000 0.951830 0.306628
291.920000 102.342603 -85.001352 0.000000 0.000000 0.000000 0.951845 0.306578
291.988000 103.228264 -85.415438 0.000000 0.000000 0.000000 0.952077 0.305859
292.052000 104.197119 -85.384959 0.000000 0.000000 0.000000 0.952845 0.303458
292.120000 105.094071 -85.759441 0.000000 0.000000 0.000000 0.953105 0.302640
292.184000 104.294984 -85.201380 0.000000 0.000000 0.000000 0.953059 0.302784
292.252000 105.129545 -85.703144 0.000000 0.000000 0.000000 0.953212 0.302304
292.316000 104.261882 -85.253225 0.000000 0.000000 0.000000 0.953374 0.301792
292.384000 105.160510 -85.638114 0.000000 0.000000 0.000000 0.953589 0.301110
292.448000 106.103031 -85.867145 0.000000 0.000000 0.000000 0.953949 0.299970
292.516000 107.021268 -86.175899 0.000000 0.000000 0.000000 0.954169 0.299267
292.580000 106.243648 -85.591752 0.000000 0.000000 0.000000 0.954172 0.299257
292.648000 107.134684 -86.001923 0.000000 0.000000 0.000000 0.954494 0.298232
292.712000 106.319782 -85.459601 0.000000 0.000000 0.000000 0.954447 0.298382
292.780000 107.169321 -85.937813 0.000000 0.000000 0.000000 0.954600 0.297890
292.844000 106.335407 -85.430076 0.000000 0.000000 0.000000 0.954590 0.297922
292.912000 105.489964 -84.938277 0.000000 0.000000 0.000000 0.954665 0.297683
292.976000 106.309889 -85.473441 0.000000 0.000000 0.000000 0.954715 0.297521
293.044000 107.171613 -85.934038 0.000000 0.000000 0.000000 0.954965 0.296718
293.108000 108.024559 -86.412680 0.000000 0.000000 0.000000 0.955136 0.296167
293.176000 108.975475 -86.322982 0.000000 0.000000 0.000000 0.955742 0.294207
293.240000 109.940183 -86.388035 0.000000 0.000000 0.000000 0.956331 0.292287
293.308000 109.124053 -85.852454 0.000000 0.000000 0.000000 0.956267 0.292495
293.372000 109.986137 -86.301806 0.000000 0.000000 0.000000 0.956444 0.291916
293.440000 109.164621 -85.766877 0.000000 0.000000 0.000000 0.956473 0.291820
293.504000 110.110870 -85.631528 0.000000 0.000000 0.000000 0.957171 0.289523
293.572000 109.312574 -85.059478 0.000000 0.000000 0.000000 0.957150 0.289593
293.636000 108.452648 -84.593386 0.000000 0.000000 0.000000 0.957266 0.289209
293.704000 109.259156 -85.147258 0.000000 0.000000 0.000000 0.957154 0.289580
293.768000 110.098214 -85.649503 0.000000 0.000000 0.000000 0.957235 0.289310
293.836000 109.249410 -85.166718 0.000000 0.000000 0.000000 0.957377 0.288842
293.900000 110.000898 -85.793230 0.000000 0.000000 0.000000 0.957123 0.289681
293.968000 110.829309 -86.310092 0.000000 0.000000 0.000000 0.957214 0.289382
294.032000 111.683413 -86.786780 0.000000 0.000000 0.000000 0.957395 0.288783
294.100000 112.532594 -87.256802 0.000000 0.000000 0.000000 0.957433 0.288655
294.164000 113.401482 -87.704551 0.000000 0.000000 0.000000 0.957613 0.288056
294.232000 114.272207 -88.159908 0.000000 0.000000 0.000000 0.957810 0.287402
294.296000 113.434219 -87.669224 0.000000 0.000000 0.000000 0.957873 0.287192
294.364000 114.209474 -88.264478 0.000000 0.000000 0.000000 0.957718 0.287709
294.428000 115.053548 -88.759318 0.000000 0.000000 0.000000 0.957836 0.287317
294.496000 115.906764 -89.235121 0.000000 0.000000 0.000000 0.958004 0.286756
294.560000 116.684792 -89.828042 0.000000 0.000000 0.000000 0.957937 0.286979
294.628000 117.521081 -90.325429 0.000000 0.000000 0.000000 0.958023 0.286690
294.692000 118.391527 -90.788467 0.000000 0.000000 0.000000 0.958240 0.285965
294.760000 119.237298 -91.277443 0.000000 0.000000 0.000000 0.958379 0.285499
294.824000 120.063332 -91.803537 0.000000 0.000000 0.000000 0.958397 0.285440
294.892000 120.911747 -92.283044 0.000000 0.000000 0.000000 0.958525 0.285007
294.956000 121.829663 -92.635698 0.000000 0.000000 0.000000 0.959024 0.283326
295.024000 122.626569 -93.203921 0.000000 0.000000 0.000000 0.958951 0.283571
295.088000 123.270588 -93.939876 0.000000 0.000000 0.000000 0.958414 0.285383
295.156000 124.083192 -94.488274 0.000000 0.000000 0.000000 0.958472 0.285187
295.220000 123.192719 -94.096193 0.000000 0.000000 0.000000 0.958782 0.284142
295.288000 124.003674 -94.629072 0.000000 0.000000 0.000000 0.958823 0.284005
295.352000 124.889420 -95.042093 0.000000 0.000000 0.000000 0.959071 0.283166
295.420000 125.663258 -95.636523 0.000000 0.000000 0.000000 0.958922 0.283670
295.484000 126.469465 -96.195348 0.000000 0.000000 0.000000 0.958885 0.283793
295.552000 127.339587 -96.640381 0.000000 0.000000 0.000000 0.959125 0.282982
295.616000 128.146769 -97.191289 0.000000 0.000000 0.000000 0.959019 0.283342
295.684000 129.052341 -97.613943 0.000000 0.000000 0.000000 0.956474 0.291818
295.748000 129.940940 -98.071682 0.000000 0.000000 0.000000 0.949573 0.313547
295.816000 130.749801 -98.653975 0.000000 0.000000 0.000000 0.941713 0.336416
295.880000 131.581766 -99.208530 0.000000 0.000000 0.000000 0.933789 0.357824
295.948000 132.339728 -99.859576 0.000000 0.000000 0.000000 0.924898 0.380216
296.012000 133.098867 -100.510458 0.000000 0.000000 0.000000 0.915819 0.401592
296.080000 133.814584 -101.207335 0.000000 0.000000 0.000000 0.905817 0.423670
296.144000 134.461095 -101.961179 0.000000 0.000000 0.000000 0.895535 0.444991
296.212000 133.736285 -102.647225 0.000000 0.000000 0.000000 0.863663 0.504071
296.276000 132.930056 -103.227837 0.000000 0.000000 0.000000 0.836895 0.547364
296.344000 132.144778 -103.846268 0.000000 0.000000 0.000000 0.823624 0.567136
296.408000 132.473860 -104.777441 0.000000 0.000000 0.000000 0.823630 0.567128
296.476000 131.720475 -105.419487 0.000000 0.000000 0.000000 0.820674 0.571397
296.540000 132.696118 -105.585576 0.000000 0.000000 0.000000 0.822553 0.568689
296.608000 131.936165 -106.223351 0.000000 0.000000 0.000000 0.819575 0.572972
296.672000 131.059604 -106.703825 0.000000 0.000000 0.000000 0.814978 0.579492
296.740000 131.382839 -107.638874 0.000000 0.000000 0.000000 0.814898 0.579604
296.804000 131.663858 -108.581441 0.000000 0.000000 0.000000 0.814770 0.579784
296.872000 131.962576 -109.512860 0.000000 0.000000 0.000000 0.814672 0.579922
296.936000 132.282396 -110.451802 0.000000 0.000000 0.000000 0.814619 0.579997
297.004000 132.665889 -111.345726 0.000000 0.000000 0.000000 0.814804 0.579736
297.068000 133.016297 -112.254378 0.000000 0.000000 0.000000 0.814817 0.579718
297.136000 133.386983 -113.162598 0.000000 0.000000 0.000000 0.815019 0.579435
297.200000 133.726682 -114.087075 0.000000 0.000000 0.000000 0.815219 0.579152
297.268000 134.060955 -115.009982 0.000000 0.000000 0.000000 0.815226 0.579143
297.332000 134.347123 -115.946646 0.000000 0.000000 0.000000 0.815275 0.579074
297.400000 134.695570 -116.869185 0.000000 0.000000 0.000000 0.815412 0.578880
297.464000 135.041970 -117.787381 0.000000 0.000000 0.000000 0.815324 0.579005
297.532000 135.332146 -118.726076 0.000000 0.000000 0.000000 0.815250 0.579109
297.596000 135.626288 -119.656666 0.000000 0.000000 0.000000 0.815161 0.579234
297.664000 135.940823 -120.593360 0.000000 0.000000 0.000000 0.815108 0.579309
297.728000 136.260477 -121.516124 0.000000 0.000000 0.000000 0.814943 0.579541
297.796000 136.556919 -122.454780 0.000000 0.000000 0.000000 0.814822 0.579711
297.860000 136.926187 -123.358227 0.000000 0.000000 0.000000 0.815151 0.579248
297.928000 137.208194 -124.300029 0.000000 0.000000 0.000000 0.814778 0.579773
297.992000 137.557030 -125.213500 0.000000 0.000000 0.000000 0.814895 0.579609
298.060000 137.892611 -126.128039 0.000000 0.000000 0.000000 0.814941 0.579543
298.124000 138.195222 -127.065956 0.000000 0.000000 0.000000 0.814899 0.579603
298.192000 138.516856 -127.988453 0.000000 0.000000 0.000000 0.814813 0.579724
298.256000 138.842566 -128.920232 0.000000 0.000000 0.000000 0.814654 0.579947
298.324000 139.135240 -129.864147 0.000000 0.000000 0.000000 0.814474 0.580200
298.388000 139.457337 -130.797245 0.000000 0.000000 0.000000 0.812973 0.582302
298.456000 139.904483 -131.674741 0.000000 0.000000 0.000000 0.799684 0.600421
298.520000 139.015278 -132.130574 0.000000 0.000000 0.000000 0.769677 0.638433
298.588000 138.025334 -132.265998 0.000000 0.000000 0.000000 0.741586 0.670858
298.652000 137.046077 -132.389549 0.000000 0.000000 0.000000 0.709749 0.704454
298.720000 137.173095 -133.369453 0.000000 0.000000 0.000000 0.691960 0.721936
298.784000 136.204467 -133.377803 0.000000 0.000000 0.000000 0.652283 0.757975
298.852000 135.211359 -133.395428 0.000000 0.000000 0.000000 0.604319 0.796742
298.916000 134.287473 -133.236995 0.000000 0.000000 0.000000 0.572404 0.819972
298.984000 133.312132 -133.028572 0.000000 0.000000 0.000000 0.518696 0.854958
299.048000 132.429883 -132.570471 0.000000 0.000000 0.000000 0.484660 0.874703
299.116000 131.540480 -132.115333 0.000000 0.000000 0.000000 0.438357 0.898801
299.180000 130.713722 -131.552849 0.000000 0.000000 0.000000 0.394263 0.918998
299.248000 129.844448 -131.071655 0.000000 0.000000 0.000000 0.366855 0.930278
299.312000 128.897911 -130.768905 0.000000 0.000000 0.000000 0.332830 0.942987
299.380000 128.291051 -129.988313 0.000000 0.000000 0.000000 0.286143 0.958187
299.444000 127.951118 -129.047947 0.000000 0.000000 0.000000 0.253888 0.967234
299.512000 127.455106 -128.181086 0.000000 0.000000 0.000000 0.234461 0.972125
299.576000 126.856257 -127.382066 0.000000 0.000000 0.000000 0.230983 0.972958
299.644000 127.477735 -126.656488 0.000000 0.000000 0.000000 0.232523 0.972591
299.708000 126.826751 -127.368223 0.000000 0.000000 0.000000 0.233745 0.972298
299.776000 127.411058 -126.612095 0.000000 0.000000 0.000000 0.234944 0.972009
299.840000 127.703647 -127.568021 0.000000 0.000000 0.000000 0.247189 0.968967
299.908000 128.383538 -126.896910 0.000000 0.000000 0.000000 0.247932 0.968777
299.972000 128.111226 -127.844104 0.000000 0.000000 0.000000 0.251549 0.967845
300.040000 127.638545 -128.693418 0.000000 0.000000 0.000000 0.254529 0.967065
300.104000 127.083627 -127.865649 0.000000 0.000000 0.000000 0.241217 0.970471
300.172000 127.391402 -128.816561 0.000000 0.000000 0.000000 0.248253 0.968695
300.236000 127.488519 -129.807837 0.000000 0.000000 0.000000 0.252699 0.967545
300.304000 126.625227 -130.298256 0.000000 0.000000 0.000000 0.252813 0.967515
300.368000 125.745030 -130.756292 0.000000 0.000000 0.000000 0.252793 0.967520
300.436000 124.897037 -131.269902 0.000000 0.000000 0.000000 0.252886 0.967496
300.500000 123.966736 -131.566368 0.000000 0.000000 0.000000 0.251913 0.967750
300.568000 123.151194 -132.129037 0.000000 0.000000 0.000000 0.252267 0.967658
300.632000 122.555731 -132.900138 0.000000 0.000000 0.000000 0.253550 0.967322
300.700000 121.706266 -133.409538 0.000000 0.000000 0.000000 0.253641 0.967299
300.764000 120.781008 -133.758561 0.000000 0.000000 0.000000 0.253361 0.967372
300.832000 119.895377 -134.200916 0.000000 0.000000 0.000000 0.253119 0.967435
300.896000 119.061155 -134.739635 0.000000 0.000000 0.000000 0.253144 0.967429
300.964000 118.119588 -134.435106 0.000000 0.000000 0.000000 0.248152 0.968721
301.028000 117.392421 -135.110174 0.000000 0.000000 0.000000 0.256553 0.966530
301.096000 116.562298 -135.660368 0.000000 0.000000 0.000000 0.280195 0.959943
301.160000 115.767480 -136.259430 0.000000 0.000000 0.000000 0.303295 0.952897
301.228000 116.232777 -137.078431 0.000000 0.000000 0.000000 0.346087 0.938202
301.292000 116.784102 -137.898106 0.000000 0.000000 0.000000 0.391509 0.920174
301.360000 117.346282 -138.586558 0.000000 0.000000 0.000000 0.437092 0.899417
301.424000 117.992748 -139.336728 0.000000 0.000000 0.000000 0.478753 0.877950
301.492000 118.632584 -140.104761 0.000000 0.000000 0.000000 0.517351 0.855773
301.556000 119.369586 -140.712529 0.000000 0.000000 0.000000 0.552214 0.833702
301.624000 120.201812 -141.247378 0.000000 0.000000 0.000000 0.590869 0.806768
301.688000 121.048339 -141.770605 0.000000 0.000000 0.000000 0.623671 0.781687
301.756000 121.170875 -142.740340 0.000000 0.000000 0.000000 0.625088 0.780554
301.820000 121.393931 -143.685423 0.000000 0.000000 0.000000 0.626612 0.779332
301.888000 121.659968 -144.631730 0.000000 0.000000 0.000000 0.628461 0.777841
301.952000 121.875662 -145.569813 0.000000 0.000000 0.000000 0.630234 0.776406
302.020000 121.973909 -146.540802 0.000000 0.000000 0.000000 0.631602 0.775293
302.084000 122.266426 -147.475861 0.000000 0.000000 0.000000 0.633570 0.773686
302.152000 122.037331 -148.408954 0.000000 0.000000 0.000000 0.632921 0.774216
302.216000 122.247943 -149.360874 0.000000 0.000000 0.000000 0.634461 0.772955
302.284000 122.587633 -150.283708 0.000000 0.000000 0.000000 0.636694 0.771117
302.348000 122.855569 -151.236298 0.000000 0.000000 0.000000 0.638760 0.769406
302.416000 123.128143 -152.176196 0.000000 0.000000 0.000000 0.640872 0.767648
302.480000 123.260043 -153.137831 0.000000 0.000000 0.000000 0.642122 0.766602
302.548000 123.540985 -154.068413 0.000000 0.000000 0.000000 0.644291 0.764781
302.612000 122.601924 -154.406170 0.000000 0.000000 0.000000 0.632845 0.774278
302.680000 121.658428 -154.737186 0.000000 0.000000 0.000000 0.622066 0.782965
302.744000 120.711905 -155.011331 0.000000 0.000000 0.000000 0.612916 0.790148
302.812000 119.878938 -155.548712 0.000000 0.000000 0.000000 0.604912 0.796292
302.876000 119.804323 -156.518549 0.000000 0.000000 0.000000 0.606434 0.795134
302.944000 118.818621 -156.685029 0.000000 0.000000 0.000000 0.588153 0.808750
303.008000 118.699345 -157.640474 0.000000 0.000000 0.000000 0.589326 0.807895
303.076000 117.786992 -158.049570 0.000000 0.000000 0.000000 0.578719 0.815527
303.140000 116.807133 -158.236913 0.000000 0.000000 0.000000 0.556956 0.830542
303.208000 116.370992 -159.097592 0.000000 0.000000 0.000000 0.556515 0.830837
303.272000 115.406466 -159.351772 0.000000 0.000000 0.000000 0.545004 0.838434
303.340000 115.206470 -160.305725 0.000000 0.000000 0.000000 0.546440 0.837498
303.404000 114.285747 -160.661614 0.000000 0.000000 0.000000 0.534576 0.845121
303.472000 113.291234 -160.755809 0.000000 0.000000 0.000000 0.519345 0.854564
303.536000 112.295159 -160.840020 0.000000 0.000000 0.000000 0.503196 0.864172
303.604000 111.308253 -160.924473 0.000000 0.000000 0.000000 0.485182 0.874413
303.668000 110.386405 -161.198616 0.000000 0.000000 0.000000 0.474746 0.880123
303.736000 110.016785 -162.109832 0.000000 0.000000 0.000000 0.477184 0.878804
303.800000 109.054276 -162.186763 0.000000 0.000000 0.000000 0.461058 0.887370
303.868000 108.549401 -163.010266 0.000000 0.000000 0.000000 0.462181 0.886786
303.932000 107.552988 -162.995529 0.000000 0.000000 0.000000 0.444145 0.895955
304.000000 107.011774 -163.810744 0.000000 0.000000 0.000000 0.445123 0.895469
304.064000 106.063233 -163.660533 0.000000 0.000000 0.000000 0.407599 0.913161
304.132000 105.121853 -163.357215 0.000000 0.000000 0.000000 0.356901 0.934142
304.196000 104.281420 -162.815326 0.000000 0.000000 0.000000 0.287761 0.957702
304.264000 103.550558 -162.132977 0.000000 0.000000 0.000000 0.203544 0.979066
304.328000 102.873042 -161.397940 0.000000 0.000000 0.000000 0.136990 0.990572
304.396000 101.978954 -161.825350 0.000000 0.000000 0.000000 0.112119 0.993695
304.460000 101.579639 -160.920320 0.000000 0.000000 0.000000 0.053223 0.998583
304.528000 100.604762 -161.125615 0.000000 0.000000 0.000000 0.028219 0.999602
304.592000 100.343229 -160.160588 0.000000 0.000000 0.000000 -0.049579 0.998770
304.660000 99.346157 -160.145062 0.000000 0.000000 0.000000 -0.074394 0.997229
304.724000 98.350423 -160.112137 0.000000 0.000000 0.000000 -0.097573 0.995228
304.792000 97.359115 -160.034203 0.000000 0.000000 0.000000 -0.122098 0.992518
304.856000 96.376414 -159.854858 0.000000 0.000000 0.000000 -0.145537 0.989353
304.924000 95.407570 -159.624926 0.000000 0.000000 0.000000 -0.170135 0.985421
304.988000 95.658215 -158.661326 0.000000 0.000000 0.000000 -0.232953 0.972488
305.056000 94.743105 -158.259633 0.000000 0.000000 0.000000 -0.257999 0.966145
305.120000 93.876166 -157.763675 0.000000 0.000000 0.000000 -0.281379 0.959597
305.188000 94.322013 -156.875904 0.000000 0.000000 0.000000 -0.340460 0.940259
305.252000 94.847586 -156.032523 0.000000 0.000000 0.000000 -0.391007 0.920388
305.320000 95.498483 -155.282669 0.000000 0.000000 0.000000 -0.449239 0.893412
305.384000 96.250778 -154.641621 0.000000 0.000000 0.000000 -0.501307 0.865269
305.452000 97.028587 -154.049154 0.000000 0.000000 0.000000 -0.553277 0.832997
305.516000 97.914984 -153.589144 0.000000 0.000000 0.000000 -0.603443 0.797406
305.584000 98.861211 -153.265686 0.000000 0.000000 0.000000 -0.645370 0.763870
305.648000 99.804614 -152.937528 0.000000 0.000000 0.000000 -0.682636 0.730759
305.716000 100.789942 -152.771439 0.000000 0.000000 0.000000 0.717149 -0.696920
305.780000 101.787672 -152.713170 0.000000 0.000000 0.000000 0.749301 -0.662230
305.848000 102.780373 -152.833261 0.000000 0.000000 0.000000 0.787951 -0.615738
305.912000 103.744727 -153.097877 0.000000 0.000000 0.000000 0.812620 -0.582794
305.980000 104.368765 -153.868396 0.000000 0.000000 0.000000 0.827414 -0.561593
306.044000 105.328182 -154.148804 0.000000 0.000000 0.000000 0.854716 -0.519095
306.112000 106.256521 -154.520015 0.000000 0.000000 0.000000 0.880973 -0.473167
306.176000 107.131641 -155.003824 0.000000 0.000000 0.000000 0.904105 -0.427309
306.244000 107.957712 -155.558061 0.000000 0.000000 0.000000 0.926327 -0.376721
306.308000 108.751230 -156.165320 0.000000 0.000000 0.000000 0.943421 -0.331599
306.376000 109.378508 -156.921047 0.000000 0.000000 0.000000 0.959505 -0.281692
306.440000 109.946948 -157.741890 0.000000 0.000000 0.000000 0.972504 -0.232886
306.508000 110.455994 -158.601877 0.000000 0.000000 0.000000 0.982838 -0.184472
306.572000 110.858398 -159.515597 0.000000 0.000000 0.000000 0.990293 -0.138999
306.640000 111.129221 -160.475156 0.000000 0.000000 0.000000 0.996730 -0.080805
306.704000 112.114792 -160.594412 0.000000 0.000000 0.000000 0.997201 -0.074773
306.772000 112.925725 -160.010269 0.000000 0.000000 0.000000 0.997086 -0.076285
306.836000 113.891763 -160.266289 0.000000 0.000000 0.000000 0.997172 -0.075154
306.904000 114.853052 -160.504343 0.000000 0.000000 0.000000 0.997252 -0.074080
306.968000 115.821097 -160.406087 0.000000 0.000000 0.000000 0.997271 -0.073832
307.036000 115.821097 -160.406087 0.000000 0.000000 0.000000 0.997271 -0.073832
307.100000 116.811458 -160.271225 0.000000 0.000000 0.000000 0.995277 -0.097075
307.168000 117.776704 -160.030093 0.000000 0.000000 0.000000 0.992604 -0.121400
307.232000 117.597043 -159.051879 0.000000 0.000000 0.000000 0.985101 -0.171976
307.300000 117.332326 -158.104286 0.000000 0.000000 0.000000 0.974426 -0.224710
307.364000 116.946751 -157.198505 0.000000 0.000000 0.000000 0.961159 -0.275994
307.432000 116.473432 -156.341091 0.000000 0.000000 0.000000 0.945049 -0.326930
307.496000 115.926344 -155.504800 0.000000 0.000000 0.000000 0.931037 -0.364926
307.564000 115.300189 -154.726958 0.000000 0.000000 0.000000 0.917238 -0.398340
307.628000 115.859918 -153.931738 0.000000 0.000000 0.000000 0.917129 -0.398590
307.696000 116.488883 -153.162831 0.000000 0.000000 0.000000 0.917089 -0.398682
307.760000 117.155274 -152.437024 0.000000 0.000000 0.000000 0.917038 -0.398799
307.828000 117.745513 -151.660440 0.000000 0.000000 0.000000 0.916962 -0.398974
307.892000 118.413285 -150.938745 0.000000 0.000000 0.000000 0.916956 -0.398987
307.960000 118.664945 -149.991778 0.000000 0.000000 0.000000 0.916237 -0.400638
308.024000 119.297693 -149.241305 0.000000 0.000000 0.000000 0.916213 -0.400692
308.092000 120.036197 -148.588566 0.000000 0.000000 0.000000 0.916424 -0.400209
308.156000 120.724708 -147.894134 0.000000 0.000000 0.000000 0.916462 -0.400122
308.224000 121.437342 -147.221335 0.000000 0.000000 0.000000 0.918247 -0.396008
308.288000 122.238941 -147.812095 0.000000 0.000000 0.000000 0.936227 -0.351397
308.356000 122.948519 -148.507979 0.000000 0.000000 0.000000 0.952428 -0.304762
308.420000 123.618485 -149.247437 0.000000 0.000000 0.000000 0.965503 -0.260393
308.488000 124.165536 -150.083495 0.000000 0.000000 0.000000 0.977134 -0.212626
308.552000 124.636856 -150.953672 0.000000 0.000000 0.000000 0.986326 -0.164805
308.620000 125.015486 -151.844254 0.000000 0.000000 0.000000 0.993516 -0.113695
308.684000 125.326778 -152.790451 0.000000 0.000000 0.000000 0.997763 -0.066854
308.752000 126.038732 -152.092124 0.000000 0.000000 0.000000 0.997571 -0.069661
308.816000 125.127501 -152.423191 0.000000 0.000000 0.000000 0.997530 -0.070235
308.884000 126.020595 -152.129665 0.000000 0.000000 0.000000 0.997495 -0.070737
308.948000 126.990110 -152.033795 0.000000 0.000000 0.000000 0.997499 -0.070685
309.016000 127.909817 -152.374049 0.000000 0.000000 0.000000 0.997605 -0.069166
309.080000 128.798190 -152.055112 0.000000 0.000000 0.000000 0.997551 -0.069936
309.148000 129.327981 -152.893260 0.000000 0.000000 0.000000 0.998119 -0.061299
309.212000 128.403485 -153.185136 0.000000 0.000000 0.000000 0.998086 -0.061844
309.280000 127.496484 -153.527007 0.000000 0.000000 0.000000 0.998036 -0.062645
309.344000 128.405262 -153.877318 0.000000 0.000000 0.000000 0.998112 -0.061421
309.412000 127.469219 -154.135388 0.000000 0.000000 0.000000 0.998085 -0.061858
309.476000 127.469219 -154.135388 0.000000 0.000000 0.000000 0.998085 -0.061858
309.544000 128.433588 -153.962698 0.000000 0.000000 0.000000 0.998070 -0.062094
309.608000 129.357268 -153.646302 0.000000 0.000000 0.000000 0.998035 -0.062657
309.676000 130.298519 -153.406458 0.000000 0.000000 0.000000 0.998015 -0.062981
309.740000 131.262315 -153.166448 0.000000 0.000000 0.000000 0.997979 -0.063540
309.808000 132.247537 -153.160234 0.000000 0.000000 0.000000 0.998005 -0.063142
309.872000 133.200262 -153.411082 0.000000 0.000000 0.000000 0.998094 -0.061710
309.940000 134.164185 -153.659082 0.000000 0.000000 0.000000 0.998175 -0.060382
310.004000 135.093133 -153.377731 0.000000 0.000000 0.000000 0.998121 -0.061269
310.072000 135.504759 -152.467002 0.000000 0.000000 0.000000 0.997747 -0.067094
310.136000 136.344457 -151.940977 0.000000 0.000000 0.000000 0.997650 -0.068511
310.204000 137.293899 -152.198927 0.000000 0.000000 0.000000 0.997752 -0.067015
310.268000 138.233727 -151.905009 0.000000 0.000000 0.000000 0.997711 -0.067616
310.336000 139.178442 -152.177740 0.000000 0.000000 0.000000 0.997828 -0.065876
310.400000 140.131828 -151.949886 0.000000 0.000000 0.000000 0.997811 -0.066126
310.468000 141.104158 -151.799130 0.000000 0.000000 0.000000 0.997812 -0.066112
310.532000 142.080646 -151.858695 0.000000 0.000000 0.000000 0.997874 -0.065179
310.600000 143.049614 -151.734964 0.000000 0.000000 0.000000 0.997903 -0.064733
310.664000 143.969263 -152.102785 0.000000 0.000000 0.000000 0.998038 -0.062613
310.732000 144.810891 -151.602534 0.000000 0.000000 0.000000 0.997938 -0.064186
310.796000 145.780134 -151.499636 0.000000 0.000000 0.000000 0.997930 -0.064303
310.864000 146.706620 -151.827306 0.000000 0.000000 0.000000 0.998059 -0.062275
310.928000 147.658561 -152.071408 0.000000 0.000000 0.000000 0.998160 -0.060639
310.996000 148.389022 -152.745081 0.000000 0.000000 0.000000 0.998384 -0.056835
311.060000 149.334141 -152.490218 0.000000 0.000000 0.000000 0.998323 -0.057891
311.128000 150.201984 -151.993860 0.000000 0.000000 0.000000 0.998219 -0.059655
311.192000 151.172693 -151.894722 0.000000 0.000000 0.000000 0.998230 -0.059475
311.260000 152.141701 -151.804304 0.000000 0.000000 0.000000 0.998245 -0.059226
311.324000 153.097773 -151.590087 0.000000 0.000000 0.000000 0.998215 -0.059721
311.392000 154.040667 -151.311546 0.000000 0.000000 0.000000 0.998161 -0.060621
311.456000 155.006643 -151.176704 0.000000 0.000000 0.000000 0.998132 -0.061102
311.524000 155.973742 -151.041578 0.000000 0.000000 0.000000 0.998105 -0.061528
311.588000 156.920839 -150.824775 0.000000 0.000000 0.000000 0.998082 -0.061902
311.656000 157.876014 -150.618685 0.000000 0.000000 0.000000 0.998064 -0.062198
311.720000 158.846349 -150.504230 0.000000 0.000000 0.000000 0.998055 -0.062345
311.788000 159.814324 -150.333972 0.000000 0.000000 0.000000 0.998045 -0.062505
311.852000 159.795322 -150.368874 0.000000 0.000000 0.000000 0.998134 -0.061067
311.920000 159.803509 -150.309449 0.000000 0.000000 0.000000 0.998037 -0.062629
311.984000 158.830734 -150.093404 0.000000 0.000000 0.000000 0.998019 -0.062914
312.052000 158.705156 -149.101320 0.000000 0.000000 0.000000 0.998019 -0.062914
312.116000 158.765885 -148.104241 0.000000 0.000000 0.000000 0.998039 -0.062592
312.184000 159.692972 -148.463784 0.000000 0.000000 0.000000 0.998044 -0.062519
312.248000 159.349883 -147.525145 0.000000 0.000000 0.000000 0.998080 -0.061930
312.316000 159.380698 -146.526770 0.000000 0.000000 0.000000 0.998080 -0.061930
312.380000 159.380698 -146.526770 0.000000 0.000000 0.000000 0.998080 -0.061930
312.448000 158.421155 -146.300868 0.000000 0.000000 0.000000 0.998067 -0.062150
312.512000 158.421155 -146.300868 0.000000 0.000000 0.000000 0.998067 -0.062150
312.580000 157.642039 -145.674177 0.000000 0.000000 0.000000 0.998069 -0.062122
312.644000 157.928869 -144.716395 0.000000 0.000000 0.000000 0.998069 -0.062122
312.712000 157.383931 -143.878043 0.000000 0.000000 0.000000 0.998100 -0.061618
312.776000 157.383931 -143.878043 0.000000 0.000000 0.000000 0.998100 -0.061618
312.844000 157.026425 -142.944141 0.000000 0.000000 0.000000 0.998164 -0.060570
312.908000 157.271482 -141.974633 0.000000 0.000000 0.000000 0.998164 -0.060570
312.976000 157.015110 -141.008520 0.000000 0.000000 0.000000 0.998327 -0.057814
313.040000 157.015110 -141.008520 0.000000 0.000000 0.000000 0.998327 -0.057814
313.108000 157.015110 -141.008520 0.000000 0.000000 0.000000 0.998327 -0.057814
313.172000 157.442514 -140.106611 0.000000 0.000000 0.000000 0.998309 -0.058124
313.240000 157.442514 -140.106611 0.000000 0.000000 0.000000 0.998309 -0.058124
313.304000 157.442514 -140.106611 0.000000 0.000000 0.000000 0.998309 -0.058124
313.372000 157.623506 -139.125314 0.000000 0.000000 0.000000 0.998309 -0.058124
313.436000 157.623506 -139.125314 0.000000 0.000000 0.000000 0.998309 -0.058124
313.504000 157.589828 -138.127758 0.000000 0.000000 0.000000 0.998435 -0.055923
313.568000 157.589828 -138.127758 0.000000 0.000000 0.000000 0.998435 -0.055923
313.636000 157.589828 -138.127758 0.000000 0.000000 0.000000 0.998435 -0.055923
313.700000 157.298552 -137.172900 0.000000 0.000000 0.000000 0.998424 -0.056128
313.768000 156.389814 -136.756123 0.000000 0.000000 0.000000 0.998424 -0.056128
313.832000 156.389814 -136.756123 0.000000 0.000000 0.000000 0.998424 -0.056128
313.900000 156.725512 -135.815188 0.000000 0.000000 0.000000 0.998447 -0.055715
313.964000 156.356091 -134.886094 0.000000 0.000000 0.000000 0.998489 -0.054958
314.032000 156.356091 -134.886094 0.000000 0.000000 0.000000 0.998489 -0.054958
314.096000 156.498445 -133.897041 0.000000 0.000000 0.000000 0.998517 -0.054435
314.164000 156.879723 -132.972583 0.000000 0.000000 0.000000 0.998517 -0.054435
314.228000 155.890915 -132.831199 0.000000 0.000000 0.000000 0.998517 -0.054435
314.296000 155.143983 -132.171719 0.000000 0.000000 0.000000 0.998517 -0.054435
314.360000 155.035267 -131.177646 0.000000 0.000000 0.000000 0.998517 -0.054435
314.428000 154.478782 -130.346921 0.000000 0.000000 0.000000 0.998553 -0.053781
314.492000 153.777972 -129.657706 0.000000 0.000000 0.000000 0.998553 -0.053781
314.560000 154.413994 -130.169705 0.000000 0.000000 0.000000 0.998553 -0.053781
314.624000 153.783746 -130.941992 0.000000 0.000000 0.000000 0.998553 -0.053781
314.692000 153.783746 -130.941992 0.000000 0.000000 0.000000 0.998553 -0.053781
314.756000 153.746970 -130.230262 0.000000 0.000000 0.000000 0.998553 -0.053781
314.824000 153.746970 -130.230262 0.000000 0.000000 0.000000 0.998553 -0.053781
314.888000 154.210217 -129.344055 0.000000 0.000000 0.000000 0.998553 -0.053781
314.956000 154.846239 -129.856054 0.000000 0.000000 0.000000 0.998553 -0.053781
315.020000 153.911106 -129.586212 0.000000 0.000000 0.000000 0.998551 -0.053817
315.088000 153.275048 -129.074258 0.000000 0.000000 0.000000 0.998551 -0.053817
315.152000 153.275048 -129.074258 0.000000 0.000000 0.000000 0.998551 -0.053817
315.220000 153.275048 -129.074258 0.000000 0.000000 0.000000 0.998551 -0.053817
315.284000 152.539647 -128.396627 0.000000 0.000000 0.000000 0.998551 -0.053817
315.352000 152.539647 -128.396627 0.000000 0.000000 0.000000 0.998551 -0.053817
315.416000 153.175706 -128.908581 0.000000 0.000000 0.000000 0.998551 -0.053817
315.484000 153.175706 -128.908581 0.000000 0.000000 0.000000 0.998551 -0.053817
315.548000 153.175706 -128.908581 0.000000 0.000000 0.000000 0.998551 -0.053817
315.616000 153.175706 -128.908581 0.000000 0.000000 0.000000 0.998551 -0.053817
315.680000 152.539647 -128.396627 0.000000 0.000000 0.000000 0.998551 -0.053817
315.748000 152.539647 -128.396627 0.000000 0.000000 0.000000 0.998551 -0.053817
315.812000 152.539647 -128.396627 0.000000 0.000000 0.000000 0.998551 -0.053817
315.880000 152.539647 -128.396627 0.000000 0.000000 0.000000 0.998551 -0.053817
315.944000 153.175706 -128.908581 0.000000 0.000000 0.000000 0.998551 -0.053817
316.012000 153.175706 -128.908581 0.000000 0.000000 0.000000 0.998551 -0.053817
316.076000 152.539647 -128.396627 0.000000 0.000000 0.000000 0.998551 -0.053817
316.144000 153.175706 -128.908581 0.000000 0.000000 0.000000 0.998551 -0.053817
316.208000 152.198021 -128.778930 0.000000 0.000000 0.000000 0.998551 -0.053817
316.276000 151.561963 -128.266976 0.000000 0.000000 0.000000 0.998551 -0.053817
316.340000 151.561963 -128.266976 0.000000 0.000000 0.000000 0.998551 -0.053817
316.408000 151.561963 -128.266976 0.000000 0.000000 0.000000 0.998551 -0.053817
316.472000 151.561963 -128.266976 0.000000 0.000000 0.000000 0.998551 -0.053817
316.540000 151.561963 -128.266976 0.000000 0.000000 0.000000 0.998551 -0.053817
316.604000 151.561963 -128.266976 0.000000 0.000000 0.000000 0.998551 -0.053817
316.672000 151.561963 -128.266976 0.000000 0.000000 0.000000 0.998551 -0.053817
316.736000 151.561963 -128.266976 0.000000 0.000000 0.000000 0.998551 -0.053817
316.804000 151.561963 -128.266976 0.000000 0.000000 0.000000 0.998551 -0.053817
316.868000 152.198021 -128.778930 0.000000 0.000000 0.000000 0.998551 -0.053817
316.936000 152.834079 -129.290884 0.000000 0.000000 0.000000 0.998551 -0.053817
317.000000 152.834079 -129.290884 0.000000 0.000000 0.000000 0.998551 -0.053817
317.068000 152.763106 -128.586891 0.000000 0.000000 0.000000 0.998551 -0.053817
317.132000 152.763106 -128.586891 0.000000 0.000000 0.000000 0.998551 -0.053817
317.200000 152.127048 -128.074937 0.000000 0.000000 0.000000 0.998551 -0.053817
317.264000 152.127048 -128.074937 0.000000 0.000000 0.000000 0.998551 -0.053817
317.332000 152.127048 -128.074937 0.000000 0.000000 0.000000 0.998551 -0.053817
317.396000 152.763106 -128.586891 0.000000 0.000000 0.000000 0.998551 -0.053817
317.464000 152.763106 -128.586891 0.000000 0.000000 0.000000 0.998551 -0.053817
317.528000 153.399164 -129.098844 0.000000 0.000000 0.000000 0.998551 -0.053817
317.596000 154.016157 -128.327702 0.000000 0.000000 0.000000 0.998551 -0.053817
317.660000 154.016157 -128.327702 0.000000 0.000000 0.000000 0.998551 -0.053817
317.728000 154.016157 -128.327702 0.000000 0.000000 0.000000 0.998551 -0.053817
317.792000 154.652215 -128.839656 0.000000 0.000000 0.000000 0.998551 -0.053817
317.860000 154.652215 -128.839656 0.000000 0.000000 0.000000 0.998551 -0.053817
317.924000 154.016157 -128.327702 0.000000 0.000000 0.000000 0.998551 -0.053817
317.992000 153.380098 -127.815748 0.000000 0.000000 0.000000 0.998551 -0.053817
318.056000 154.016157 -128.327702 0.000000 0.000000 0.000000 0.998551 -0.053817
318.124000 153.380098 -127.815748 0.000000 0.000000 0.000000 0.998551 -0.053817
318.188000 153.380098 -127.815748 0.000000 0.000000 0.000000 0.998551 -0.053817
318.256000 152.744040 -127.303795 0.000000 0.000000 0.000000 0.998551 -0.053817
318.320000 152.744040 -127.303795 0.000000 0.000000 0.000000 0.998551 -0.053817
318.388000 152.744040 -127.303795 0.000000 0.000000 0.000000 0.998551 -0.053817
318.452000 152.744040 -127.303795 0.000000 0.000000 0.000000 0.998551 -0.053817
318.520000 152.744040 -127.303795 0.000000 0.000000 0.000000 0.998551 -0.053817
318.584000 152.744040 -127.303795 0.000000 0.000000 0.000000 0.998551 -0.053817
318.652000 152.744040 -127.303795 0.000000 0.000000 0.000000 0.998551 -0.053817
318.716000 153.380098 -127.815748 0.000000 0.000000 0.000000 0.998551 -0.053817
318.784000 153.380098 -127.815748 0.000000 0.000000 0.000000 0.998551 -0.053817
318.848000 154.016157 -128.327702 0.000000 0.000000 0.000000 0.998551 -0.053817
318.916000 154.016157 -128.327702 0.000000 0.000000 0.000000 0.998551 -0.053817
318.980000 153.380098 -127.815748 0.000000 0.000000 0.000000 0.998551 -0.053817
319.048000 153.380098 -127.815748 0.000000 0.000000 0.000000 0.998551 -0.053817
319.112000 154.016157 -128.327702 0.000000 0.000000 0.000000 0.998551 -0.053817
319.180000 153.380098 -127.815748 0.000000 0.000000 0.000000 0.998551 -0.053817
319.244000 152.744040 -127.303795 0.000000 0.000000 0.000000 0.998551 -0.053817
319.312000 152.107982 -126.791841 0.000000 0.000000 0.000000 0.998551 -0.053817
319.376000 152.107982 -126.791841 0.000000 0.000000 0.000000 0.998551 -0.053817
319.444000 151.471924 -126.279887 0.000000 0.000000 0.000000 0.998551 -0.053817
319.508000 151.471924 -126.279887 0.000000 0.000000 0.000000 0.998551 -0.053817
319.576000 151.471924 -126.279887 0.000000 0.000000 0.000000 0.998551 -0.053817
319.640000 151.471924 -126.279887 0.000000 0.000000 0.000000 0.998551 -0.053817
319.708000 150.835865 -125.767934 0.000000 0.000000 0.000000 0.998551 -0.053817
319.772000 151.471924 -126.279887 0.000000 0.000000 0.000000 0.998551 -0.053817
319.840000 151.471924 -126.279887 0.000000 0.000000 0.000000 0.998551 -0.053817
319.904000 151.471924 -126.279887 0.000000 0.000000 0.000000 0.998551 -0.053817
319.972000 151.471924 -126.279887 0.000000 0.000000 0.000000 0.998551 -0.053817
320.036000 152.107982 -126.791841 0.000000 0.000000 0.000000 0.998551 -0.053817
320.104000 152.107982 -126.791841 0.000000 0.000000 0.000000 0.998551 -0.053817
320.168000 152.107982 -126.791841 0.000000 0.000000 0.000000 0.998551 -0.053817
320.236000 152.107982 -126.791841 0.000000 0.000000 0.000000 0.998551 -0.053817
320.300000 151.471924 -126.279887 0.000000 0.000000 0.000000 0.998551 -0.053817
320.368000 151.471924 -126.279887 0.000000 0.000000 0.000000 0.998551 -0.053817
320.432000 150.835865 -125.767934 0.000000 0.000000 0.000000 0.998551 -0.053817
320.500000 151.471924 -126.279887 0.000000 0.000000 0.000000 0.998551 -0.053817
320.564000 150.835865 -125.767934 0.000000 0.000000 0.000000 0.998551 -0.053817
320.632000 150.835865 -125.767934 0.000000 0.000000 0.000000 0.998551 -0.053817
320.696000 150.835865 -125.767934 0.000000 0.000000 0.000000 0.998551 -0.053817
320.764000 151.471924 -126.279887 0.000000 0.000000 0.000000 0.998551 -0.053817
320.828000 150.835865 -125.767934 0.000000 0.000000 0.000000 0.998551 -0.053817
320.896000 150.199807 -125.255980 0.000000 0.000000 0.000000 0.998551 -0.053817
320.960000 149.563749 -124.744026 0.000000 0.000000 0.000000 0.998551 -0.053817
321.028000 149.563749 -124.744026 0.000000 0.000000 0.000000 0.998551 -0.053817
321.092000 149.563749 -124.744026 0.000000 0.000000 0.000000 0.998551 -0.053817
321.160000 148.927691 -124.232073 0.000000 0.000000 0.000000 0.998551 -0.053817
321.224000 148.927691 -124.232073 0.000000 0.000000 0.000000 0.998551 -0.053817
321.292000 148.927691 -124.232073 0.000000 0.000000 0.000000 0.998551 -0.053817
321.356000 148.927691 -124.232073 0.000000 0.000000 0.000000 0.998551 -0.053817
321.424000 148.927691 -124.232073 0.000000 0.000000 0.000000 0.998551 -0.053817
321.488000 149.405796 -125.024955 0.000000 0.000000 0.000000 0.998551 -0.053817
321.556000 148.769738 -124.513001 0.000000 0.000000 0.000000 0.998551 -0.053817
321.620000 148.133680 -124.001048 0.000000 0.000000 0.000000 0.998551 -0.053817
321.688000 148.133680 -124.001048 0.000000 0.000000 0.000000 0.998551 -0.053817
321.752000 147.497622 -123.489094 0.000000 0.000000 0.000000 0.998551 -0.053817
321.820000 146.861563 -122.977140 0.000000 0.000000 0.000000 0.998551 -0.053817
321.884000 146.861563 -122.977140 0.000000 0.000000 0.000000 0.998551 -0.053817
321.952000 147.497622 -123.489094 0.000000 0.000000 0.000000 0.998551 -0.053817
322.016000 146.861563 -122.977140 0.000000 0.000000 0.000000 0.998551 -0.053817
322.084000 146.861563 -122.977140 0.000000 0.000000 0.000000 0.998551 -0.053817
322.148000 146.861563 -122.977140 0.000000 0.000000 0.000000 0.998551 -0.053817
322.216000 146.861563 -122.977140 0.000000 0.000000 0.000000 0.998551 -0.053817
322.280000 146.225505 -122.465187 0.000000 0.000000 0.000000 0.998551 -0.053817
322.348000 146.225505 -122.465187 0.000000 0.000000 0.000000 0.998551 -0.053817
322.412000 146.225505 -122.465187 0.000000 0.000000 0.000000 0.998551 -0.053817
322.480000 146.225505 -122.465187 0.000000 0.000000 0.000000 0.998551 -0.053817
322.544000 145.589447 -121.953233 0.000000 0.000000 0.000000 0.998551 -0.053817
322.612000 144.953389 -121.441279 0.000000 0.000000 0.000000 0.998551 -0.053817
322.676000 144.953389 -121.441279 0.000000 0.000000 0.000000 0.998551 -0.053817
322.744000 144.953389 -121.441279 0.000000 0.000000 0.000000 0.998551 -0.053817
322.808000 144.953389 -121.441279 0.000000 0.000000 0.000000 0.998551 -0.053817
322.876000 144.953389 -121.441279 0.000000 0.000000 0.000000 0.998551 -0.053817
322.940000 144.953389 -121.441279 0.000000 0.000000 0.000000 0.998551 -0.053817
323.008000 144.317330 -120.929325 0.000000 0.000000 0.000000 0.998551 -0.053817
323.072000 144.317330 -120.929325 0.000000 0.000000 0.000000 0.998551 -0.053817
323.140000 144.317330 -120.929325 0.000000 0.000000 0.000000 0.998551 -0.053817
323.204000 144.317330 -120.929325 0.000000 0.000000 0.000000 0.998551 -0.053817
323.272000 144.317330 -120.929325 0.000000 0.000000 0.000000 0.998551 -0.053817
323.336000 144.317330 -120.929325 0.000000 0.000000 0.000000 0.998551 -0.053817
323.404000 144.317330 -120.929325 0.000000 0.000000 0.000000 0.998551 -0.053817
323.468000 144.953389 -121.441279 0.000000 0.000000 0.000000 0.998551 -0.053817
323.536000 145.435598 -120.625238 0.000000 0.000000 0.000000 0.998551 -0.053817
323.600000 145.435598 -120.625238 0.000000 0.000000 0.000000 0.998551 -0.053817
323.668000 145.435598 -120.625238 0.000000 0.000000 0.000000 0.998551 -0.053817
323.732000 146.071656 -121.137192 0.000000 0.000000 0.000000 0.998551 -0.053817
323.800000 146.071656 -121.137192 0.000000 0.000000 0.000000 0.998551 -0.053817
323.864000 145.435598 -120.625238 0.000000 0.000000 0.000000 0.998551 -0.053817
323.932000 145.435598 -120.625238 0.000000 0.000000 0.000000 0.998551 -0.053817
323.996000 145.435598 -120.625238 0.000000 0.000000 0.000000 0.998551 -0.053817
324.064000 145.435598 -120.625238 0.000000 0.000000 0.000000 0.998551 -0.053817
324.128000 145.435598 -120.625238 0.000000 0.000000 0.000000 0.998551 -0.053817
324.196000 146.071656 -121.137192 0.000000 0.000000 0.000000 0.998551 -0.053817
324.260000 146.071656 -121.137192 0.000000 0.000000 0.000000 0.998551 -0.053817
324.328000 146.071656 -121.137192 0.000000 0.000000 0.000000 0.998551 -0.053817
324.392000 145.435598 -120.625238 0.000000 0.000000 0.000000 0.998551 -0.053817
324.460000 145.435598 -120.625238 0.000000 0.000000 0.000000 0.998551 -0.053817
324.524000 145.435598 -120.625238 0.000000 0.000000 0.000000 0.998551 -0.053817
324.592000 145.435598 -120.625238 0.000000 0.000000 0.000000 0.998551 -0.053817
324.656000 144.799540 -120.113284 0.000000 0.000000 0.000000 0.998551 -0.053817
324.724000 144.163481 -119.601330 0.000000 0.000000 0.000000 0.998551 -0.053817
324.788000 144.163481 -119.601330 0.000000 0.000000 0.000000 0.998551 -0.053817
324.856000 143.527423 -119.089377 0.000000 0.000000 0.000000 0.998551 -0.053817
324.920000 143.527423 -119.089377 0.000000 0.000000 0.000000 0.998551 -0.053817
324.988000 143.527423 -119.089377 0.000000 0.000000 0.000000 0.998551 -0.053817
325.052000 142.891365 -118.577423 0.000000 0.000000 0.000000 0.998551 -0.053817
325.120000 142.891365 -118.577423 0.000000 0.000000 0.000000 0.998551 -0.053817
325.184000 142.891365 -118.577423 0.000000 0.000000 0.000000 0.998551 -0.053817
325.252000 142.891365 -118.577423 0.000000 0.000000 0.000000 0.998551 -0.053817
325.316000 143.527423 -119.089377 0.000000 0.000000 0.000000 0.998551 -0.053817
325.384000 142.891365 -118.577423 0.000000 0.000000 0.000000 0.998551 -0.053817
325.448000 142.891365 -118.577423 0.000000 0.000000 0.000000 0.998551 -0.053817
325.516000 142.255307 -118.065469 0.000000 0.000000 0.000000 0.998551 -0.053817
325.580000 142.255307 -118.065469 0.000000 0.000000 0.000000 0.998551 -0.053817
325.648000 142.255307 -118.065469 0.000000 0.000000 0.000000 0.998551 -0.053817
